BlockId,EventSequence,Label,SequenceLength
blk_4266406262272378011,"['3d91fa85', 'bbb51b95']",Anomaly,2
blk_-3396120152506017213,"['bbb51b95', 'bbb51b95', '3d91fa85', 'bbb51b95', 'd38aa58d', '46003790', 'd38aa58d', '46003790', 'd38aa58d', '46003790', '5d5de21c', '5d5de21c', '5d5de21c', 'd63ef163', 'd63ef163', 'd63ef163', 'dba996ef', 'dba996ef', '2e68ccc3', 'dba996ef']",Anomaly,20
blk_1873255094910695255,"['3d91fa85', 'bbb51b95', 'bbb51b95', 'bbb51b95', '5d5de21c', 'd38aa58d', '46003790', 'd38aa58d', '46003790', '728076ac', '5d5de21c', '5d5de21c', 'd38aa58d', '46003790', '40651754', 'bbb51b95', '9c784e29', '5d5de21c', '44614d71', 'dba996ef', '4dec0816']",Anomaly,21
blk_-9037964383978278196,"['3d91fa85', 'bbb51b95', 'bbb51b95', 'bbb51b95', '0567184d', 'd38aa58d', '46003790', '0567184d', 'd38aa58d', '46003790', '0567184d', 'd38aa58d', '46003790', '5d5de21c', '5d5de21c', '5d5de21c', '4dec0816']",Anomaly,17
blk_-5387048357551508444,"['bbb51b95', 'bbb51b95', '3d91fa85', 'bbb51b95', 'd38aa58d', '46003790', '5d5de21c', 'd38aa58d', '46003790', 'd38aa58d', '46003790', '5d5de21c', '5d5de21c']",Normal,13
blk_8079189052508409660,"['bbb51b95', '3d91fa85', 'bbb51b95', 'bcc910df']",Anomaly,4
blk_-6782542465226327576,"['bbb51b95', '3d91fa85', 'bbb51b95', 'bbb51b95', 'd38aa58d', '46003790', 'd38aa58d', '46003790', 'd38aa58d', '46003790', '5d5de21c', '5d5de21c', '5d5de21c']",Anomaly,13
blk_1481900455537141945,"['bbb51b95', 'bbb51b95', '3d91fa85', 'bbb51b95', 'd38aa58d', '46003790', 'd38aa58d', '46003790', 'd38aa58d', '46003790', '40651754', '728076ac', '5d5de21c', '5d5de21c', '5d5de21c', 'bbb51b95', '9c784e29', '44614d71', '5d5de21c', 'dba996ef', '4dec0816']",Anomaly,21
blk_3998993122839067443,"['3d91fa85', 'bbb51b95']",Anomaly,2
blk_-5536556277989005819,"['bbb51b95', 'bbb51b95', '3d91fa85', 'bbb51b95', 'd38aa58d', '46003790', 'd38aa58d', '46003790', 'd38aa58d', '46003790', '5d5de21c', '5d5de21c', '5d5de21c']",Normal,13
blk_8665477760806353877,"['bbb51b95', '3d91fa85']",Anomaly,2
blk_-2422951949694601997,"['3d91fa85', 'bbb51b95', 'bbb51b95', 'bbb51b95', '5d5de21c', '5d5de21c', '5d5de21c', 'd38aa58d', '46003790', 'd38aa58d', '46003790', 'd38aa58d', '46003790']",Normal,13
blk_-4742677645483436110,"['3d91fa85', 'bbb51b95']",Anomaly,2
blk_8212905379547777192,"['bbb51b95', '3d91fa85']",Anomaly,2
blk_9154494052593036691,"['bbb51b95', 'bbb51b95', 'bbb51b95', '3d91fa85', 'd38aa58d', '46003790', 'd38aa58d', '46003790', 'd38aa58d', '46003790', '5d5de21c', '5d5de21c', '5d5de21c']",Anomaly,13
blk_1116457585304273874,"['bbb51b95', '3d91fa85']",Anomaly,2
blk_4208297186764355598,"['3d91fa85', 'bbb51b95', 'bbb51b95', 'bbb51b95', '5d5de21c', '5d5de21c', '5d5de21c', 'd38aa58d', '46003790', 'd38aa58d', '46003790', 'd38aa58d', '46003790']",Normal,13
blk_7917860261241434874,"['3d91fa85', 'bbb51b95', 'bbb51b95', 'bcc910df']",Anomaly,4
blk_8142283193114313085,"['bbb51b95', 'bbb51b95', 'bbb51b95', '3d91fa85', 'd38aa58d', '46003790', 'd38aa58d', '46003790', 'd38aa58d', '46003790', '5d5de21c', '5d5de21c', '5d5de21c']",Anomaly,13
blk_3035535936009896720,"['3d91fa85', 'bbb51b95', 'bbb51b95', 'bbb51b95', '46003790', 'd38aa58d', '46003790', '5d5de21c', '5d5de21c', '5d5de21c', 'd38aa58d', 'd38aa58d', '46003790']",Normal,13
blk_93737232069426335,"['bbb51b95', '3d91fa85', 'bbb51b95', 'bbb51b95', 'd38aa58d', '46003790', 'd38aa58d', '46003790', 'd38aa58d', '46003790', '5d5de21c', '5d5de21c', '728076ac', '5d5de21c', '40651754', 'bbb51b95', '9c784e29', '5d5de21c', '44614d71', 'dba996ef', '4dec0816']",Anomaly,21
blk_642569383131631102,"['3d91fa85', 'bbb51b95', 'bbb51b95', 'bbb51b95', '5d5de21c', '5d5de21c', 'd38aa58d', '46003790', 'd38aa58d', '46003790', '5d5de21c', 'd38aa58d', '46003790']",Normal,13
blk_5788669408472750946,"['bbb51b95', 'bbb51b95', '3d91fa85', 'bbb51b95', 'd38aa58d', '46003790', 'd38aa58d', '46003790', 'd38aa58d', '46003790', '5d5de21c', '5d5de21c', '5d5de21c']",Normal,13
blk_2271144854580363063,"['bbb51b95', 'bbb51b95', '3d91fa85', 'bbb51b95', '0567184d', '0567184d', 'd38aa58d', '46003790', '0567184d', 'd38aa58d', '46003790', 'd38aa58d', '46003790', '5d5de21c', '5d5de21c', '5d5de21c', '4dec0816']",Anomaly,17
blk_3105465393953878815,"['bbb51b95', '3d91fa85', 'bbb51b95', 'bbb51b95', 'd38aa58d', '46003790', 'd38aa58d', '46003790', '5d5de21c', '5d5de21c', 'd38aa58d', '46003790', '5d5de21c']",Normal,13
blk_3734167989970851843,"['3d91fa85', 'bbb51b95', 'bbb51b95', 'bbb51b95', '5d5de21c', 'd38aa58d', '46003790', 'd38aa58d', '46003790', '5d5de21c', '5d5de21c', 'd38aa58d', '46003790', 'a333d363', 'a333d363', '4dec0816']",Normal,16
blk_8020046769589634050,"['bbb51b95', '3d91fa85', 'bbb51b95', 'bbb51b95', 'd38aa58d', '46003790', 'd38aa58d', '46003790', 'd38aa58d', '46003790', '5d5de21c', '5d5de21c', '5d5de21c']",Normal,13
blk_6020581958434707871,"['3d91fa85', 'bbb51b95']",Anomaly,2
blk_340854666767346657,"['bbb51b95', 'bbb51b95', '3d91fa85', 'bbb51b95', 'd38aa58d', '46003790', 'd38aa58d', '46003790', 'd38aa58d', '46003790', '5d5de21c', '5d5de21c', '728076ac', '40651754', 'bbb51b95', '5d5de21c', '9c784e29', '44614d71', '5d5de21c', 'dba996ef', '4dec0816']",Anomaly,21
blk_5041202061128915005,"['bbb51b95', '3d91fa85']",Anomaly,2
blk_-7525880567117049372,"['bbb51b95', 'bbb51b95', '3d91fa85', 'bbb51b95', 'd38aa58d', '46003790', 'd38aa58d', '46003790', 'd38aa58d', '46003790', '5d5de21c', '5d5de21c', '5d5de21c']",Normal,13
blk_-7668774178123560146,"['3d91fa85', 'bbb51b95', 'bbb51b95', 'bbb51b95', '5d5de21c', '5d5de21c', '5d5de21c', 'd38aa58d', '46003790', 'd38aa58d', '46003790', 'd38aa58d', '46003790']",Normal,13
blk_-3911166476566899551,"['bbb51b95', 'bbb51b95', '3d91fa85', 'bbb51b95', '0567184d', '0567184d', '0567184d', 'd38aa58d', '46003790', 'd38aa58d', '46003790', 'd38aa58d', '46003790', '5d5de21c', '5d5de21c', '728076ac', '5d5de21c', '40651754', 'bbb51b95', '44614d71', '9c784e29', '5d5de21c', 'dba996ef', '4dec0816']",Anomaly,24
blk_-1999301527305082358,"['3d91fa85', 'bbb51b95', 'bbb51b95', 'bbb51b95', '5d5de21c', '5d5de21c', '5d5de21c', 'd38aa58d', '46003790', 'd38aa58d', '46003790', 'd38aa58d', '46003790', 'a333d363', '4dec0816', 'a333d363']",Normal,16
blk_-5737525800544546511,"['bbb51b95', '3d91fa85', 'bbb51b95', 'bbb51b95', 'd38aa58d', '46003790', 'd38aa58d', '46003790', 'd38aa58d', '46003790', '5d5de21c', '5d5de21c', '5d5de21c', '4dec0816']",Normal,14
blk_-4318702706588002404,"['bbb51b95', 'bbb51b95', '3d91fa85', 'bbb51b95', 'd38aa58d', '46003790', 'd38aa58d', '46003790', 'd38aa58d', '46003790', '5d5de21c', '5d5de21c', '5d5de21c', '4dec0816']",Normal,14
blk_-157357857026929660,"['3d91fa85', 'bbb51b95', 'bbb51b95', 'bbb51b95', 'd38aa58d', '46003790', '5d5de21c', '5d5de21c', 'd38aa58d', '46003790', 'd38aa58d', '46003790', 'c294d20f', '5d5de21c', '32777b38']",Anomaly,15
blk_-2662417398193586275,"['3d91fa85', 'bbb51b95', 'bbb51b95', 'bbb51b95', '5d5de21c', '5d5de21c', '5d5de21c', '0567184d', 'd38aa58d', '46003790', '0567184d', 'd38aa58d', '46003790', '0567184d', 'd38aa58d', '46003790', '4dec0816']",Anomaly,17
blk_846799110102141742,"['bbb51b95', '3d91fa85', 'bbb51b95', 'bbb51b95', 'd38aa58d', '46003790', 'd38aa58d', '46003790', 'd38aa58d', '46003790', '5d5de21c', '5d5de21c', '5d5de21c']",Anomaly,13
blk_7107340026250458253,"['bbb51b95', '3d91fa85', 'bbb51b95', 'bbb51b95', 'd38aa58d', '46003790', 'd38aa58d', '46003790', 'd38aa58d', '46003790', '5d5de21c', '5d5de21c', '5d5de21c']",Normal,13
blk_-2134795351658315281,"['3d91fa85', 'bbb51b95', 'bbb51b95', 'bbb51b95', '5d5de21c', '5d5de21c', '5d5de21c', 'd38aa58d', '46003790', 'd38aa58d', '46003790', 'd38aa58d', '46003790']",Normal,13
blk_7818924753936381970,"['bbb51b95', 'bbb51b95', 'bbb51b95', '3d91fa85', 'd38aa58d', '46003790', 'd38aa58d', '46003790', 'd38aa58d', '46003790', '5d5de21c', '5d5de21c', '5d5de21c', '32777b38']",Normal,14
blk_-785179847675167436,"['bbb51b95', '3d91fa85', 'bbb51b95', 'bbb51b95', 'd38aa58d', '46003790', 'd38aa58d', '46003790', '5d5de21c', '5d5de21c', 'd38aa58d', '46003790', '5d5de21c']",Normal,13
blk_8892637456908782715,"['bbb51b95', '3d91fa85', 'bbb51b95', 'bbb51b95', 'd38aa58d', '46003790', 'd38aa58d', '46003790', 'd38aa58d', '46003790', '5d5de21c', '5d5de21c', '5d5de21c']",Anomaly,13
blk_-722564071268939500,"['3d91fa85', 'bbb51b95', 'bbb51b95', 'bbb51b95', '5d5de21c', '5d5de21c', '5d5de21c', 'd38aa58d', '46003790', 'd38aa58d', '46003790', 'd38aa58d', '46003790', 'a333d363']",Normal,14
blk_8064332498933431409,"['bbb51b95', 'bbb51b95', 'bbb51b95', '3d91fa85', 'd38aa58d', '46003790', 'd38aa58d', '46003790', 'd38aa58d', '46003790', '5d5de21c', '5d5de21c', '5d5de21c']",Normal,13
blk_-5337994755640289830,"['bbb51b95', 'bbb51b95', 'bbb51b95', '3d91fa85', 'd38aa58d', '46003790', 'd38aa58d', '46003790', 'd38aa58d', '46003790', '5d5de21c', '5d5de21c', '5d5de21c', '32777b38', '32777b38', 'a333d363', 'a333d363', '4dec0816']",Anomaly,18
blk_-8022522760077409920,"['3d91fa85', 'bbb51b95', 'bbb51b95', 'bbb51b95', '5d5de21c', '5d5de21c', '5d5de21c', 'd38aa58d', '46003790', 'd38aa58d', '46003790', 'd38aa58d', '46003790']",Anomaly,13
blk_5831190136360816963,"['bbb51b95', 'bbb51b95', '3d91fa85', 'bbb51b95', 'd38aa58d', '46003790', 'd38aa58d', '46003790', 'd38aa58d', '46003790', '5d5de21c', '5d5de21c', '5d5de21c']",Normal,13
blk_-3941153900006219579,"['3d91fa85', 'bbb51b95', 'bbb51b95', 'bbb51b95', 'd38aa58d', '46003790', 'd38aa58d', '46003790', 'd38aa58d', '46003790', '5d5de21c', '5d5de21c', '5d5de21c']",Anomaly,13
blk_8199550931573381828,"['bbb51b95', '3d91fa85', 'bbb51b95', 'bbb51b95', 'd38aa58d', '46003790', 'd38aa58d', '46003790', '5d5de21c', '5d5de21c', 'd38aa58d', '46003790', '5d5de21c', '32777b38']",Anomaly,14
blk_8014635294688388136,"['bbb51b95', 'bbb51b95', 'bbb51b95', '3d91fa85', 'd38aa58d', '46003790', 'd38aa58d', '46003790', 'd38aa58d', '46003790', '5d5de21c', '5d5de21c', '5d5de21c']",Anomaly,13
blk_-8799897790928022485,"['bbb51b95', 'bbb51b95', 'bbb51b95', '3d91fa85', 'd38aa58d', '46003790', 'd38aa58d', '46003790', 'd38aa58d', '46003790', '5d5de21c', '5d5de21c', '5d5de21c']",Normal,13
blk_-6515916707854344269,"['bbb51b95', 'bbb51b95', '3d91fa85', 'bcc910df']",Anomaly,4
blk_1835336280903617668,"['3d91fa85', 'bbb51b95', 'bbb51b95', 'bbb51b95', 'd38aa58d', '46003790', '5d5de21c', 'd38aa58d', '46003790', '5d5de21c', '5d5de21c', 'd38aa58d', '46003790', 'a333d363', '4dec0816']",Normal,15
blk_-5557707602117316807,"['bbb51b95', '3d91fa85', 'bbb51b95', 'bbb51b95', 'd38aa58d', '46003790', 'd38aa58d', '46003790', 'd38aa58d', '46003790', '5d5de21c', '5d5de21c', '5d5de21c']",Normal,13
blk_4378307922128301229,"['bbb51b95', 'bbb51b95', '3d91fa85', 'bcc910df']",Anomaly,4
blk_-354186518463347064,"['bbb51b95', '3d91fa85', 'bbb51b95', 'bbb51b95', 'd38aa58d', '46003790', 'd38aa58d', '46003790', '5d5de21c', 'd38aa58d', '46003790', '5d5de21c', '5d5de21c']",Normal,13
blk_8466437472343045122,"['bbb51b95', '3d91fa85', 'bbb51b95', 'bbb51b95', 'd38aa58d', '46003790', 'd38aa58d', '46003790', 'd38aa58d', '46003790', '5d5de21c', '5d5de21c', '5d5de21c']",Normal,13
blk_4639125578448119006,"['3d91fa85', 'bbb51b95']",Anomaly,2
blk_4817801824554095274,"['3d91fa85', 'bbb51b95', 'bbb51b95', 'bbb51b95', '5d5de21c', '5d5de21c', '5d5de21c', 'd38aa58d', '46003790', 'd38aa58d', '46003790', 'd38aa58d', '46003790']",Normal,13
blk_-6958826407448569161,"['bbb51b95', 'bbb51b95', 'bbb51b95', '3d91fa85', 'd38aa58d', '46003790', 'd38aa58d', '46003790', 'd38aa58d', '46003790', '5d5de21c', '5d5de21c', '5d5de21c']",Normal,13
blk_8695369165312104323,"['bbb51b95', '3d91fa85', 'bbb51b95', 'bbb51b95', 'd38aa58d', '46003790', 'd38aa58d', '46003790', 'd38aa58d', '46003790', '5d5de21c', '5d5de21c', '5d5de21c']",Anomaly,13
blk_-2276466771376002171,"['3d91fa85', 'bbb51b95', 'bbb51b95', 'bbb51b95', '5d5de21c', 'd38aa58d', '46003790', '5d5de21c', '5d5de21c', 'd38aa58d', '46003790', 'd38aa58d', '46003790']",Normal,13
blk_9085967344169486025,"['bbb51b95', '3d91fa85', 'bbb51b95', 'bbb51b95', 'd38aa58d', '46003790', 'd38aa58d', '46003790', 'd38aa58d', '46003790', '5d5de21c', '5d5de21c', '5d5de21c']",Anomaly,13
blk_-5476544405411015862,"['bbb51b95', '0567184d', 'bbb51b95', 'd38aa58d', '46003790', '0567184d', 'bbb51b95', 'd38aa58d', '46003790', '0567184d', 'd38aa58d', '46003790', '5d5de21c', '5d5de21c', '5d5de21c', '3d91fa85', '4dec0816']",Anomaly,17
blk_8225451996519902271,"['3d91fa85', 'bbb51b95', 'bbb51b95', 'bbb51b95', '5d5de21c', '5d5de21c', 'd38aa58d', '46003790', 'd38aa58d', '46003790', '5d5de21c', 'd38aa58d', '46003790', '32777b38']",Anomaly,14
blk_-234108381077576240,"['bbb51b95', 'bbb51b95', '3d91fa85', 'bbb51b95', 'd38aa58d', '46003790', 'd38aa58d', '46003790', 'd38aa58d', '46003790', '5d5de21c', '5d5de21c', 'c294d20f', '5d5de21c']",Anomaly,14
blk_3374227455545153867,"['bbb51b95', 'bbb51b95', '3d91fa85', 'bbb51b95', 'd38aa58d', '46003790', 'd38aa58d', '46003790', 'd38aa58d', '46003790', '5d5de21c', '5d5de21c', '5d5de21c', '32777b38', '32777b38']",Normal,15
blk_-186449692016201490,"['bbb51b95', '3d91fa85', 'bbb51b95', 'bbb51b95', 'd38aa58d', '46003790', 'd38aa58d', '46003790', 'd38aa58d', '46003790', '5d5de21c', '5d5de21c', '728076ac', '5d5de21c', '40651754', 'bbb51b95', '44614d71', '9c784e29', '5d5de21c', 'dba996ef', 'a333d363', '4dec0816']",Anomaly,22
blk_-8827241248659820651,"['bbb51b95', 'bbb51b95', '3d91fa85', 'bbb51b95', 'd38aa58d', '46003790', 'd38aa58d', '46003790', 'd38aa58d', '46003790', '5d5de21c', '5d5de21c', '5d5de21c']",Normal,13
blk_1184937207769229950,"['bbb51b95', '3d91fa85', 'bbb51b95', 'bbb51b95', 'd38aa58d', '46003790', 'd38aa58d', '46003790', 'd38aa58d', '46003790', '5d5de21c', '5d5de21c', '5d5de21c']",Normal,13
blk_-6586629928697801209,"['bbb51b95', '3d91fa85']",Anomaly,2
blk_7790375293275694565,"['bbb51b95', '3d91fa85', 'bbb51b95', 'bbb51b95', 'd38aa58d', '46003790', 'd38aa58d', '46003790', 'd38aa58d', '46003790', '5d5de21c', '5d5de21c', '5d5de21c']",Anomaly,13
blk_-2161661704397256256,"['3d91fa85', 'bbb51b95', 'bbb51b95', 'bbb51b95', '5d5de21c', '5d5de21c', '5d5de21c', 'd38aa58d', '46003790', 'd38aa58d', '46003790', 'd38aa58d', '46003790', 'a333d363', '4dec0816']",Normal,15
blk_7312277463356495568,"['bbb51b95', '3d91fa85', 'bbb51b95', 'bbb51b95', 'd38aa58d', '46003790', 'd38aa58d', '46003790', 'd38aa58d', '46003790', '5d5de21c', '5d5de21c', '5d5de21c']",Normal,13
blk_7263944332659641248,"['bbb51b95', '3d91fa85', 'bbb51b95', 'bbb51b95', 'd38aa58d', '46003790', 'd38aa58d', '46003790', 'd38aa58d', '46003790', '54e5f6b4', '5d5de21c', '5d5de21c', '5d5de21c', '75627efd', 'bbb51b95', 'bbb51b95', '9c784e29', '44614d71', '44614d71', '5d5de21c', '5d5de21c', 'dba996ef', 'dba996ef', '4dec0816']",Anomaly,25
blk_-505554325408704436,"['bbb51b95', '3d91fa85', 'bbb51b95', 'bbb51b95', 'd38aa58d', '46003790', 'd38aa58d', '46003790', '5d5de21c', '5d5de21c', 'd38aa58d', '46003790', '5d5de21c']",Normal,13
blk_5821344169343581408,"['3d91fa85', 'bbb51b95']",Anomaly,2
blk_-3311125003506245365,"['3d91fa85', 'bbb51b95', 'bbb51b95', 'bbb51b95', '5d5de21c', '5d5de21c', 'd38aa58d', '46003790', 'd38aa58d', '46003790', 'd38aa58d', '46003790', '5d5de21c', '4dec0816']",Normal,14
blk_-7930787044788345216,"['bbb51b95', '3d91fa85']",Anomaly,2
blk_1172699347545111308,"['bbb51b95', '3d91fa85', 'bbb51b95', 'bbb51b95', 'd38aa58d', '46003790', '5d5de21c', 'd38aa58d', '46003790', 'd38aa58d', '46003790', '5d5de21c', '5d5de21c', 'a333d363', '4dec0816']",Normal,15
blk_-4912278485820109826,"['3d91fa85', 'bbb51b95', 'bbb51b95', 'bbb51b95', '5d5de21c', '5d5de21c', 'd38aa58d', '46003790', 'd38aa58d', '46003790', 'd38aa58d', '46003790', '5d5de21c', '32777b38']",Normal,14
blk_-5083514250434443399,"['bbb51b95', 'bbb51b95', 'bbb51b95', '3d91fa85', 'd38aa58d', '46003790', 'd38aa58d', '46003790', '5d5de21c', '5d5de21c', 'd38aa58d', '46003790', '5d5de21c']",Normal,13
blk_-4512603236966427599,"['bbb51b95', 'bbb51b95', 'bbb51b95', '3d91fa85', 'd38aa58d', '46003790', 'd38aa58d', '46003790', 'd38aa58d', '46003790', '5d5de21c', '5d5de21c', '5d5de21c']",Normal,13
blk_2749026664373761648,"['bbb51b95', 'bbb51b95', 'bbb51b95', '3d91fa85', '46003790', 'd38aa58d', '46003790', 'd38aa58d', '46003790', 'd38aa58d', '728076ac', '5d5de21c', '5d5de21c', '5d5de21c', '40651754', '9c784e29', '44614d71', 'bbb51b95', '5d5de21c', 'dba996ef', '4dec0816']",Anomaly,21
blk_-67897746448958425,"['3d91fa85', 'bbb51b95', 'bbb51b95', 'bcc910df']",Anomaly,4
blk_8147760841047876333,"['bbb51b95', '3d91fa85', 'bbb51b95', 'bbb51b95', 'd38aa58d', '46003790', '5d5de21c', '5d5de21c', '5d5de21c', 'd38aa58d', '46003790', 'd38aa58d', '46003790', 'a333d363']",Anomaly,14
blk_-796016549069405026,"['bbb51b95', '3d91fa85', 'bbb51b95', 'bbb51b95', 'd38aa58d', '46003790', 'd38aa58d', '46003790', 'd38aa58d', '46003790', '728076ac', '5d5de21c', '5d5de21c', '5d5de21c', 'bbb51b95', '40651754', '9c784e29', '44614d71', '5d5de21c', 'dba996ef', '4dec0816']",Anomaly,21
blk_-5310726469277804405,"['bbb51b95', 'bbb51b95', '3d91fa85', 'bbb51b95', '5d5de21c', '5d5de21c', '5d5de21c', 'd38aa58d', '46003790', 'd38aa58d', '46003790', 'd38aa58d', '46003790']",Normal,13
blk_-1813727135930452167,"['3d91fa85', 'bbb51b95', 'bbb51b95', 'bbb51b95', '5d5de21c', '5d5de21c', 'd38aa58d', '46003790', 'd38aa58d', '46003790', 'd38aa58d', '46003790', '5d5de21c', '32777b38']",Normal,14
blk_-508643847748147883,"['bbb51b95', 'bbb51b95', 'bbb51b95', '3d91fa85', 'd38aa58d', '46003790', 'd38aa58d', '46003790', 'd38aa58d', '46003790', '5d5de21c', '5d5de21c', '5d5de21c', '32777b38', '32777b38', '32777b38', 'a333d363', 'a333d363', '4dec0816']",Normal,19
blk_7813615865800609642,"['3d91fa85', 'bbb51b95']",Anomaly,2
blk_7348442279129552341,"['bbb51b95', '3d91fa85', 'bbb51b95', 'bbb51b95', 'd38aa58d', '46003790', '5d5de21c', '5d5de21c', '5d5de21c', 'd38aa58d', '46003790', 'd38aa58d', '46003790']",Normal,13
blk_944177728727281939,"['bbb51b95', 'bbb51b95', 'bbb51b95', '3d91fa85', 'd38aa58d', '46003790', 'd38aa58d', '46003790', 'd38aa58d', '46003790', '5d5de21c', '5d5de21c', '5d5de21c']",Anomaly,13
blk_8980387200170994345,"['bbb51b95', 'd38aa58d', '46003790', 'bbb51b95', 'd38aa58d', '46003790', 'bbb51b95', 'd38aa58d', '46003790', '5d5de21c', '5d5de21c', '3d91fa85', '5d5de21c', '4dec0816']",Normal,14
blk_9197371713182649170,"['3d91fa85', 'bbb51b95', 'bbb51b95', 'bbb51b95', '5d5de21c', 'd38aa58d', '46003790', '5d5de21c', '5d5de21c', 'd38aa58d', '46003790', 'd38aa58d', '46003790']",Anomaly,13
blk_4390216778664230147,"['bbb51b95', 'bbb51b95', 'bbb51b95', '3d91fa85', 'd38aa58d', '46003790', 'd38aa58d', '46003790', 'd38aa58d', '46003790', '5d5de21c', '5d5de21c', '5d5de21c']",Normal,13
blk_-1307987978004975275,"['bbb51b95', '3d91fa85', 'bbb51b95', 'bbb51b95', 'd38aa58d', '46003790', '5d5de21c', 'd38aa58d', '46003790', 'd38aa58d', '46003790', '5d5de21c', '5d5de21c']",Normal,13
blk_-5945101305206459809,"['bbb51b95', '3d91fa85']",Anomaly,2
blk_348548634648842426,"['3d91fa85', 'bbb51b95', 'bbb51b95', 'bbb51b95', '5d5de21c', '5d5de21c', '0567184d', 'd38aa58d', '46003790', '0567184d', '0567184d', 'd38aa58d', 'd38aa58d', '46003790', '46003790', '5d5de21c', '4dec0816']",Anomaly,17
blk_1117528169624680467,"['bbb51b95', 'bbb51b95', 'bbb51b95', '3d91fa85', 'd38aa58d', '46003790', 'd38aa58d', '46003790', 'd38aa58d', '46003790', '5d5de21c', '5d5de21c', '5d5de21c']",Normal,13
blk_8236385701919745468,"['bbb51b95', 'bbb51b95', 'bbb51b95', '3d91fa85', 'd38aa58d', '46003790', 'd38aa58d', '46003790', 'd38aa58d', '46003790', '5d5de21c', '5d5de21c', '5d5de21c', 'a333d363']",Anomaly,14
blk_7427307448707327249,"['bbb51b95', 'bbb51b95', 'bbb51b95', '3d91fa85', 'd38aa58d', '46003790', 'd38aa58d', '46003790', 'd38aa58d', '46003790', '5d5de21c', '5d5de21c', '5d5de21c', '32777b38', '32777b38', '32777b38', 'a333d363']",Normal,17
blk_-8271180788744548110,"['bbb51b95', '3d91fa85', 'bbb51b95', 'bbb51b95', 'd38aa58d', '46003790', 'd38aa58d', '46003790', 'd38aa58d', '46003790', '5d5de21c', '5d5de21c', '5d5de21c', 'd63ef163', 'd63ef163', 'd63ef163', 'dba996ef', 'dba996ef', '2e68ccc3', 'dba996ef']",Anomaly,20
blk_8817374089832812292,"['3d91fa85', 'bbb51b95', 'bbb51b95', 'bbb51b95', 'd38aa58d', '46003790', 'd38aa58d', '46003790', 'd38aa58d', '46003790', '5d5de21c', '5d5de21c', '5d5de21c']",Anomaly,13
blk_7936423389955810426,"['3d91fa85', 'bbb51b95', 'bbb51b95', 'bbb51b95', '5d5de21c', '5d5de21c', 'd38aa58d', '46003790', 'd38aa58d', '46003790', 'd38aa58d', '46003790', '5d5de21c', 'a333d363', '4dec0816', 'a333d363']",Anomaly,16
blk_636425395498108574,"['bbb51b95', 'bbb51b95', '3d91fa85', 'bbb51b95', 'd38aa58d', '46003790', 'd38aa58d', '46003790', '5d5de21c', '5d5de21c', 'd38aa58d', '46003790', '5d5de21c']",Anomaly,13
blk_3525346450481787118,"['bbb51b95', '3d91fa85', 'bbb51b95', 'bbb51b95', 'd38aa58d', '46003790', 'd38aa58d', '46003790', 'd38aa58d', '46003790', '5d5de21c', '5d5de21c', '5d5de21c']",Normal,13
blk_7175945677757046854,"['bbb51b95', '3d91fa85', 'bbb51b95', 'bbb51b95', 'd38aa58d', '46003790', '5d5de21c', '5d5de21c', '728076ac', 'd38aa58d', '46003790', 'd38aa58d', '46003790', '40651754', '5d5de21c', 'bbb51b95', '44614d71', '9c784e29', '5d5de21c', 'dba996ef', 'd63ef163', 'd63ef163', 'd63ef163', 'd63ef163', 'dba996ef', 'dba996ef', 'dba996ef', '2e68ccc3']",Anomaly,28
blk_-5854299953783556310,"['bbb51b95', 'bbb51b95', 'bbb51b95', '3d91fa85', 'd38aa58d', '46003790', 'd38aa58d', '46003790', 'd38aa58d', '46003790', '5d5de21c', '5d5de21c', '5d5de21c']",Anomaly,13
blk_5365186434949144118,"['bbb51b95', 'bbb51b95', 'bbb51b95', '3d91fa85', 'd38aa58d', '46003790', 'd38aa58d', '46003790', 'd38aa58d', '46003790', '5d5de21c', '5d5de21c', '5d5de21c']",Anomaly,13
blk_-401303441822095974,"['bbb51b95', 'bbb51b95', '3d91fa85', 'bbb51b95', '728076ac', 'd38aa58d', '46003790', 'd38aa58d', '46003790', 'd38aa58d', '46003790', '5d5de21c', '5d5de21c', '5d5de21c', '40651754', 'bbb51b95', '9c784e29', '44614d71', '5d5de21c', 'dba996ef', '4dec0816']",Anomaly,21
blk_-5215485930247594201,"['bbb51b95', '3d91fa85']",Anomaly,2
blk_-960128166330264164,"['3d91fa85', 'bbb51b95', 'bbb51b95', 'bbb51b95', '5d5de21c', 'd38aa58d', '46003790', '5d5de21c', '5d5de21c', 'd38aa58d', '46003790', 'd38aa58d', '46003790', '32777b38']",Normal,14
blk_-6939842183623404569,"['bbb51b95', 'bbb51b95', 'bbb51b95', '3d91fa85', 'd38aa58d', '46003790', 'd38aa58d', '46003790', 'd38aa58d', '46003790', '5d5de21c', '5d5de21c', '5d5de21c']",Normal,13
blk_-649011853715397570,"['bbb51b95', 'bbb51b95', '3d91fa85', 'bbb51b95', 'd38aa58d', '46003790', '5d5de21c', 'd38aa58d', '46003790', '46003790', '5d5de21c', 'd38aa58d', '5d5de21c']",Normal,13
blk_8226794226769235122,"['bbb51b95', '3d91fa85', 'bbb51b95', 'bbb51b95', 'd38aa58d', '46003790', 'd38aa58d', '46003790', '5d5de21c', '5d5de21c', 'd38aa58d', '46003790', '5d5de21c']",Anomaly,13
blk_4541000363587104455,"['3d91fa85', 'bbb51b95']",Anomaly,2
blk_-1536788553717510705,"['bbb51b95', '3d91fa85', 'bbb51b95', 'bbb51b95', 'd38aa58d', '46003790', 'd38aa58d', '46003790', 'd38aa58d', '46003790', '5d5de21c', '5d5de21c', '5d5de21c', '4dec0816']",Normal,14
blk_-9089757207635946003,"['bbb51b95', 'bbb51b95', 'bbb51b95', '3d91fa85', 'd38aa58d', '46003790', 'd38aa58d', '46003790', 'd38aa58d', '46003790', '5d5de21c', '5d5de21c', '5d5de21c', 'd63ef163', 'd63ef163', 'd63ef163', 'dba996ef', 'dba996ef', 'dba996ef', '2e68ccc3']",Anomaly,20
blk_2054074571723400761,"['3d91fa85', 'bbb51b95', 'bbb51b95', 'bbb51b95', '5d5de21c', '5d5de21c', '5d5de21c', 'd38aa58d', '46003790', 'd38aa58d', '46003790', 'd38aa58d', '46003790', 'a333d363', 'a333d363', '4dec0816']",Normal,16
blk_9211607823870317301,"['3d91fa85', 'bbb51b95', 'bbb51b95', 'bbb51b95', '5d5de21c', '5d5de21c', '5d5de21c', 'd38aa58d', '46003790', 'd38aa58d', '46003790', 'd38aa58d', '46003790', '32777b38', 'a333d363', '4dec0816', 'a333d363']",Anomaly,17
blk_-4750386933827377397,"['3d91fa85', 'bbb51b95', 'bbb51b95', 'bbb51b95', 'd38aa58d', '46003790', 'd38aa58d', '46003790', 'd38aa58d', '46003790', '5d5de21c', '5d5de21c', '5d5de21c', '32777b38', '32777b38', 'a333d363', 'a333d363', '4dec0816']",Normal,18
blk_-5234764853633593829,"['bbb51b95', 'bbb51b95', '3d91fa85', 'bbb51b95', 'd38aa58d', '46003790', 'd38aa58d', '46003790', '5d5de21c', '5d5de21c', 'd38aa58d', '46003790', '5d5de21c', 'a333d363', '4dec0816']",Normal,15
blk_-6273678851461170110,"['bbb51b95', 'bbb51b95', '3d91fa85', 'bcc910df']",Anomaly,4
blk_-7981936966289431785,"['3d91fa85', 'bbb51b95']",Anomaly,2
blk_-7561302429672456729,"['bbb51b95', 'bbb51b95', 'bbb51b95', '3d91fa85', 'd38aa58d', '46003790', 'd38aa58d', '46003790', 'd38aa58d', '46003790', '5d5de21c', '5d5de21c', '5d5de21c']",Normal,13
blk_-4939479232470679690,"['bbb51b95', '3d91fa85']",Anomaly,2
blk_-4616554126720527136,"['bbb51b95', '3d91fa85', 'bbb51b95', 'bcc910df']",Anomaly,4
blk_4221629338059545013,"['bbb51b95', '3d91fa85', 'bbb51b95', 'bbb51b95', 'd38aa58d', '46003790', 'd38aa58d', '46003790', 'd38aa58d', '46003790', '5d5de21c', '5d5de21c', '5d5de21c', 'd63ef163', 'd63ef163', 'd63ef163', 'dba996ef', 'dba996ef', '2e68ccc3', 'dba996ef']",Anomaly,20
blk_1625440862298448841,"['bbb51b95', 'bbb51b95', '3d91fa85', 'bbb51b95', 'd38aa58d', '46003790', 'd38aa58d', '46003790', 'd38aa58d', '46003790', '5d5de21c', '5d5de21c', '5d5de21c']",Anomaly,13
blk_8595954612153362607,"['bbb51b95', '3d91fa85', 'bbb51b95', 'bbb51b95', 'd38aa58d', '46003790', 'd38aa58d', '46003790', 'd38aa58d', '46003790', '5d5de21c', '5d5de21c', '5d5de21c', '32777b38', '32777b38', '32777b38', 'a333d363', 'a333d363', 'a333d363', 'a333d363', 'a333d363', 'a333d363', 'a333d363', '4dec0816', 'a333d363', 'a333d363', 'a333d363', 'a333d363', 'a333d363', 'a333d363', 'a333d363', 'a333d363']",Normal,32
blk_-6120634070609301891,"['3d91fa85', 'bbb51b95']",Anomaly,2
blk_43482893556276394,"['3d91fa85', 'bbb51b95']",Anomaly,2
blk_1546150043031755728,"['bbb51b95', '3d91fa85', 'bbb51b95', 'bbb51b95', 'd38aa58d', '46003790', 'd38aa58d', '46003790', 'd38aa58d', '46003790', '5d5de21c', '5d5de21c', '5d5de21c']",Normal,13
blk_-3003476208072950675,"['bbb51b95', 'bbb51b95', 'bbb51b95', '3d91fa85', 'd38aa58d', '46003790', 'd38aa58d', '46003790', 'd38aa58d', '46003790', '5d5de21c', '5d5de21c', '5d5de21c']",Normal,13
blk_2922564850562893595,"['3d91fa85', 'bbb51b95', 'bbb51b95', 'bbb51b95', 'd38aa58d', '46003790', 'd38aa58d', '46003790', '5d5de21c', '5d5de21c', 'd38aa58d', '46003790', '5d5de21c']",Normal,13
blk_-283179121260992987,"['bbb51b95', '3d91fa85', 'bbb51b95', 'bbb51b95', '46003790', 'd38aa58d', '46003790', 'd38aa58d', 'd38aa58d', '46003790', '5d5de21c', '5d5de21c', '5d5de21c', '32777b38']",Normal,14
blk_1854831952357743697,"['bbb51b95', 'bbb51b95', 'bbb51b95', '3d91fa85', 'd38aa58d', '46003790', 'd38aa58d', '46003790', 'd38aa58d', '46003790', '5d5de21c', '5d5de21c', '5d5de21c']",Normal,13
blk_1267669394645094651,"['bbb51b95', 'bbb51b95', 'bbb51b95', '3d91fa85', 'd38aa58d', '46003790', 'd38aa58d', '46003790', 'd38aa58d', '46003790', '5d5de21c', '5d5de21c', '5d5de21c']",Normal,13
blk_8228882817557494865,"['bbb51b95', 'bbb51b95', 'bbb51b95', '3d91fa85', 'd38aa58d', '46003790', 'd38aa58d', 'd38aa58d', '46003790', '46003790', '5d5de21c', '5d5de21c', '5d5de21c']",Normal,13
blk_-6153281532981284660,"['bbb51b95', '3d91fa85']",Anomaly,2
blk_-7071526073017506197,"['bbb51b95', '3d91fa85', 'bbb51b95', 'bbb51b95', '46003790', '5d5de21c', 'd38aa58d', '46003790', 'd38aa58d', '46003790', 'd38aa58d', '5d5de21c', '5d5de21c']",Normal,13
blk_6291404884140655419,"['3d91fa85', 'bbb51b95', 'bbb51b95', 'bbb51b95', '5d5de21c', 'd38aa58d', '46003790', '5d5de21c', '5d5de21c', 'd38aa58d', '46003790', 'd38aa58d', '46003790', '4dec0816']",Anomaly,14
blk_-487160497666132,"['3d91fa85', 'bbb51b95', 'bbb51b95', 'bcc910df']",Anomaly,4
blk_3204685320797844679,"['bbb51b95', '3d91fa85']",Anomaly,2
blk_6587079960375079074,"['3d91fa85', 'bbb51b95', 'bbb51b95', 'bbb51b95', '5d5de21c', '5d5de21c', '5d5de21c', 'd38aa58d', '46003790', 'd38aa58d', '46003790', 'd38aa58d', '46003790']",Normal,13
blk_3584224065406961324,"['3d91fa85', 'bbb51b95', 'bbb51b95', 'bbb51b95', '728076ac', '5d5de21c', '5d5de21c', '5d5de21c', 'd38aa58d', '46003790', 'd38aa58d', '46003790', 'd38aa58d', '46003790', '40651754', '5d5de21c', '44614d71', 'bbb51b95', '9c784e29', 'dba996ef', '4dec0816']",Anomaly,21
blk_-9022255598744211124,"['bbb51b95', 'bbb51b95', '3d91fa85', 'bbb51b95', 'd38aa58d', '46003790', 'd38aa58d', '46003790', '5d5de21c', '5d5de21c', 'd38aa58d', '46003790', '5d5de21c']",Normal,13
blk_-7628397054451158354,"['bbb51b95', 'bbb51b95', 'bbb51b95', '3d91fa85', 'd38aa58d', '46003790', 'd38aa58d', '46003790', 'd38aa58d', '46003790', '5d5de21c', '5d5de21c', '5d5de21c', '4dec0816']",Anomaly,14
blk_-3640097181836389349,"['bbb51b95', 'bbb51b95', '3d91fa85', 'bbb51b95', 'd38aa58d', '46003790', 'd38aa58d', '46003790', 'd38aa58d', '46003790', '5d5de21c', '5d5de21c', '5d5de21c']",Normal,13
blk_-4509092526264320136,"['bbb51b95', '3d91fa85', 'bbb51b95', 'bbb51b95', 'd38aa58d', '46003790', 'd38aa58d', '46003790', 'd38aa58d', '46003790', '5d5de21c', '5d5de21c', '728076ac', '5d5de21c', '40651754', 'bbb51b95', '44614d71', '9c784e29', '5d5de21c', 'dba996ef', 'd63ef163', 'd63ef163', 'd63ef163', 'd63ef163', 'dba996ef', 'dba996ef', '2e68ccc3', 'dba996ef']",Anomaly,28
blk_8724117161509081836,"['bbb51b95', '3d91fa85', 'bbb51b95', 'bbb51b95', 'd38aa58d', '46003790', 'd38aa58d', '46003790', 'd38aa58d', '46003790', '5d5de21c', '5d5de21c', '5d5de21c']",Normal,13
blk_-5018309246022118597,"['bbb51b95', '3d91fa85', 'bbb51b95', 'bbb51b95', 'd38aa58d', '46003790', 'd38aa58d', '46003790', 'd38aa58d', '46003790', '5d5de21c', '5d5de21c', '5d5de21c', 'c294d20f']",Anomaly,14
blk_-6159907182063122989,"['3d91fa85', 'bbb51b95', 'bbb51b95', 'bbb51b95', '5d5de21c', '5d5de21c', '5d5de21c', 'd38aa58d', '46003790', 'd38aa58d', '46003790', 'd38aa58d', '46003790', 'a333d363', '4dec0816', 'a333d363']",Normal,16
blk_7359151143589140769,"['bbb51b95', 'bbb51b95', '3d91fa85', 'bbb51b95', 'd38aa58d', '46003790', 'd38aa58d', '46003790', 'd38aa58d', '46003790', '5d5de21c', '5d5de21c', '5d5de21c']",Normal,13
blk_7749559198947480006,"['bbb51b95', 'bbb51b95', 'bbb51b95', '3d91fa85', 'd38aa58d', '46003790', 'd38aa58d', '46003790', 'd38aa58d', '46003790', '5d5de21c', '5d5de21c', '5d5de21c']",Anomaly,13
blk_6058978151591093452,"['bbb51b95', '3d91fa85', 'bbb51b95', 'bbb51b95', 'd38aa58d', '46003790', 'd38aa58d', '46003790', 'd38aa58d', '46003790', '5d5de21c', '5d5de21c', '5d5de21c']",Normal,13
blk_-6669848110381513005,"['bbb51b95', '3d91fa85', 'bbb51b95', 'bbb51b95', 'd38aa58d', '46003790', '46003790', '5d5de21c', '728076ac', 'd38aa58d', '46003790', 'd38aa58d', '5d5de21c', '5d5de21c', '40651754', 'bbb51b95', '44614d71', '9c784e29', '5d5de21c', 'dba996ef', 'd63ef163', 'd63ef163', 'd63ef163', 'd63ef163', 'dba996ef', 'dba996ef', '2e68ccc3', 'dba996ef']",Anomaly,28
blk_8878283326128389578,"['bbb51b95', 'bbb51b95', '3d91fa85', 'bbb51b95', 'd38aa58d', '46003790', 'd38aa58d', '46003790', 'd38aa58d', '46003790', '5d5de21c', '5d5de21c', '5d5de21c']",Anomaly,13
blk_8427895476353593708,"['bbb51b95', 'bbb51b95', '3d91fa85', 'bbb51b95', 'd38aa58d', '46003790', 'd38aa58d', '46003790', 'd38aa58d', '46003790', '5d5de21c', '5d5de21c', '5d5de21c', 'a333d363']",Anomaly,14
blk_-202615617634445955,"['3d91fa85', 'bbb51b95', 'bbb51b95', 'bcc910df']",Anomaly,4
blk_8491036849355010669,"['bbb51b95', '3d91fa85', 'bbb51b95', 'bbb51b95', 'd38aa58d', '46003790', 'd38aa58d', '46003790', '5d5de21c', 'd38aa58d', '46003790', '5d5de21c', '5d5de21c']",Anomaly,13
blk_-1552272238828007233,"['3d91fa85', 'bbb51b95', 'bbb51b95', 'bbb51b95', '40651754', '728076ac', '5d5de21c', '5d5de21c', '5d5de21c', 'd38aa58d', '46003790', 'd38aa58d', '46003790', 'd38aa58d', '46003790', '5d5de21c', '9c784e29', '44614d71', 'bbb51b95', 'dba996ef', '4dec0816']",Anomaly,21
blk_4207153147078127808,"['bbb51b95', '3d91fa85', 'bbb51b95', 'bbb51b95', 'd38aa58d', '46003790', 'd38aa58d', '46003790', 'd38aa58d', '46003790', '5d5de21c', '5d5de21c', '728076ac', '5d5de21c', '40651754', 'bbb51b95', '9c784e29', '44614d71', '5d5de21c', 'dba996ef', 'd63ef163', 'd63ef163', 'd63ef163', 'd63ef163', 'dba996ef', '2e68ccc3', 'dba996ef', 'dba996ef']",Anomaly,28
blk_8373686693407287374,"['3d91fa85', 'bbb51b95', 'bbb51b95', 'bbb51b95', '5d5de21c', '5d5de21c', 'd38aa58d', '46003790', 'd38aa58d', '46003790', 'd38aa58d', '46003790', '5d5de21c', 'a333d363', '4dec0816', 'a333d363']",Normal,16
blk_-8215012042175069829,"['bbb51b95', '3d91fa85', 'bbb51b95', 'bcc910df']",Anomaly,4
blk_-7408783958340060144,"['bbb51b95', 'bbb51b95', 'bbb51b95', '3d91fa85', 'd38aa58d', '46003790', 'd38aa58d', '46003790', 'd38aa58d', '46003790', '5d5de21c', '5d5de21c', '5d5de21c']",Normal,13
blk_-4148817116891782933,"['3d91fa85', 'bbb51b95', 'bbb51b95', 'bbb51b95', '5d5de21c', '5d5de21c', '5d5de21c', 'd38aa58d', '46003790', 'd38aa58d', '46003790', 'd38aa58d', '46003790', '32777b38']",Normal,14
blk_-3340354839384079370,"['bbb51b95', 'bbb51b95', 'bbb51b95', '3d91fa85', 'd38aa58d', '46003790', 'd38aa58d', '46003790', 'd38aa58d', '46003790', '5d5de21c', '5d5de21c', '5d5de21c']",Normal,13
blk_8615396709354813922,"['bbb51b95', '3d91fa85', 'bbb51b95', 'bbb51b95', 'd38aa58d', '46003790', 'd38aa58d', '46003790', 'd38aa58d', '46003790', '5d5de21c', '5d5de21c', '5d5de21c']",Normal,13
blk_-2240457646305542675,"['bbb51b95', 'bbb51b95', 'bbb51b95', '3d91fa85', 'd38aa58d', '46003790', 'd38aa58d', '46003790', '5d5de21c', '5d5de21c', 'd38aa58d', '46003790', '5d5de21c']",Normal,13
blk_-1748869645497411855,"['bbb51b95', '3d91fa85', 'bbb51b95', 'bbb51b95', 'd38aa58d', 'd38aa58d', '46003790', '46003790', 'd38aa58d', '46003790', '5d5de21c', '5d5de21c', '5d5de21c']",Anomaly,13
blk_-3375256906059386326,"['3d91fa85', 'bbb51b95', 'bbb51b95', 'bbb51b95', '5d5de21c', 'd38aa58d', '46003790', '5d5de21c', '5d5de21c', 'd38aa58d', '46003790', 'd38aa58d', '46003790']",Normal,13
blk_-239834655469676319,"['bbb51b95', 'bbb51b95', 'bbb51b95', '3d91fa85', 'd38aa58d', 'd38aa58d', '46003790', '46003790', 'd38aa58d', '46003790', '5d5de21c', '5d5de21c', '5d5de21c', '32777b38', '32777b38', 'a333d363', 'a333d363', '4dec0816']",Normal,18
blk_-9117722966128866403,"['3d91fa85', 'bbb51b95', 'bbb51b95', 'bbb51b95', '5d5de21c', '5d5de21c', '5d5de21c', 'd38aa58d', '46003790', 'd38aa58d', '46003790', 'd38aa58d', '46003790', '4dec0816']",Normal,14
blk_8962840878930769501,"['bbb51b95', '3d91fa85', 'bbb51b95', 'bbb51b95', 'd38aa58d', '46003790', 'd38aa58d', '46003790', '5d5de21c', '5d5de21c', '5d5de21c', 'd38aa58d', '46003790', 'a333d363', '4dec0816']",Normal,15
blk_701002159220026110,"['3d91fa85', 'bbb51b95']",Anomaly,2
blk_-1452527758108990578,"['3d91fa85', 'bbb51b95']",Anomaly,2
blk_-6099121738423095134,"['3d91fa85', 'bbb51b95', 'bbb51b95', 'bbb51b95', '5d5de21c', '5d5de21c', 'd38aa58d', 'd38aa58d', '46003790', '46003790', 'd38aa58d', '46003790', '5d5de21c']",Normal,13
blk_7305641089115984602,"['bbb51b95', 'bbb51b95', 'bbb51b95', '3d91fa85', '728076ac', 'd38aa58d', '46003790', 'd38aa58d', '46003790', 'd38aa58d', '46003790', '5d5de21c', '5d5de21c', '5d5de21c', '40651754', '44614d71', 'bbb51b95', '9c784e29', '5d5de21c', 'dba996ef', '4dec0816']",Anomaly,21
blk_7417519737093814412,"['bbb51b95', '3d91fa85', 'bbb51b95', 'bbb51b95', 'd38aa58d', '46003790', 'd38aa58d', '46003790', '5d5de21c', 'd38aa58d', '46003790', '5d5de21c', '5d5de21c']",Normal,13
blk_7819129300327159896,"['3d91fa85', 'bbb51b95', 'bbb51b95', 'bcc910df']",Anomaly,4
blk_8338984135278551128,"['bbb51b95', '3d91fa85']",Anomaly,2
blk_6729363457175429136,"['bbb51b95', '3d91fa85', 'bbb51b95', 'bbb51b95', 'd38aa58d', '46003790', 'd38aa58d', '46003790', '5d5de21c', '5d5de21c', 'd38aa58d', '46003790', '5d5de21c']",Normal,13
blk_3453675140932240805,"['3d91fa85', 'bbb51b95', 'bbb51b95', 'bbb51b95', '5d5de21c', 'd38aa58d', '46003790', '5d5de21c', '5d5de21c', 'd38aa58d', '46003790', 'd38aa58d', '46003790', '32777b38']",Normal,14
blk_4485532616028283371,"['3d91fa85', 'bbb51b95', 'bbb51b95', 'bbb51b95', 'd38aa58d', '46003790', 'd38aa58d', '46003790', 'd38aa58d', '46003790', '5d5de21c', '5d5de21c', '5d5de21c']",Normal,13
blk_8782208400278719319,"['3d91fa85', 'bbb51b95', 'bbb51b95', 'bbb51b95', '5d5de21c', '5d5de21c', '5d5de21c', 'd38aa58d', '46003790', 'd38aa58d', '46003790', 'd38aa58d', '46003790', '32777b38']",Anomaly,14
blk_8207492027125685146,"['3d91fa85', 'bbb51b95', 'bbb51b95', 'bbb51b95', '5d5de21c', '5d5de21c', 'd38aa58d', '46003790', 'd38aa58d', '46003790', 'd38aa58d', '46003790', '5d5de21c']",Anomaly,13
blk_7312671617068507220,"['bbb51b95', 'bbb51b95', 'bbb51b95', '3d91fa85', 'd38aa58d', '46003790', 'd38aa58d', '46003790', 'd38aa58d', '46003790', '5d5de21c', '5d5de21c', '5d5de21c', 'd63ef163', 'd63ef163', 'd63ef163', 'dba996ef', 'dba996ef', '2e68ccc3', 'dba996ef']",Anomaly,20
blk_-3660474193003461184,"['bbb51b95', '3d91fa85']",Anomaly,2
blk_1608861295688391136,"['bbb51b95', 'bbb51b95', '3d91fa85', 'bcc910df']",Anomaly,4
blk_4337168843024504431,"['bbb51b95', 'bbb51b95', '3d91fa85', 'bbb51b95', 'd38aa58d', '46003790', 'd38aa58d', '46003790', 'd38aa58d', '46003790', '5d5de21c', '5d5de21c', '5d5de21c']",Normal,13
blk_4166745066288008228,"['bbb51b95', '3d91fa85', 'bbb51b95', 'bbb51b95', 'd38aa58d', '46003790', 'd38aa58d', '46003790', 'd38aa58d', '46003790', '5d5de21c', '5d5de21c', '5d5de21c']",Normal,13
blk_-5210599225687580181,"['bbb51b95', 'bbb51b95', '3d91fa85', 'bbb51b95', '46003790', 'd38aa58d', '46003790', 'd38aa58d', 'd38aa58d', '46003790', '5d5de21c', '5d5de21c', '5d5de21c']",Normal,13
blk_9177041184367216771,"['3d91fa85', 'bbb51b95', 'bbb51b95', 'bbb51b95', '5d5de21c', '5d5de21c', '5d5de21c', 'd38aa58d', '46003790', 'd38aa58d', '46003790', 'd38aa58d', '46003790']",Normal,13
blk_-4705138454504266366,"['bbb51b95', 'bbb51b95', '3d91fa85', 'bbb51b95', 'd38aa58d', '46003790', 'd38aa58d', '46003790', 'd38aa58d', '46003790', '5d5de21c', '5d5de21c', '5d5de21c']",Normal,13
blk_-4039322312325628708,"['3d91fa85', 'bbb51b95', 'bbb51b95', 'bbb51b95', '5d5de21c', '5d5de21c', '5d5de21c', 'd38aa58d', '46003790', 'd38aa58d', '46003790', 'd38aa58d', '46003790']",Anomaly,13
blk_3611148651782808450,"['3d91fa85', 'bbb51b95', 'bbb51b95', 'bbb51b95', 'd38aa58d', '46003790', 'd38aa58d', '46003790', '5d5de21c', '5d5de21c', 'd38aa58d', '46003790', '5d5de21c']",Normal,13
blk_-2907676294044488796,"['3d91fa85', 'bbb51b95', 'bbb51b95', 'bbb51b95', '5d5de21c', 'd38aa58d', '46003790', 'd38aa58d', '46003790', '5d5de21c', '5d5de21c', 'd38aa58d', '46003790']",Normal,13
blk_8381532731417899614,"['bbb51b95', '3d91fa85', 'bbb51b95', 'bbb51b95', 'd38aa58d', '46003790', 'd38aa58d', '46003790', 'd38aa58d', '46003790', '5d5de21c', '5d5de21c', '5d5de21c']",Anomaly,13
blk_-7600891299289205196,"['bbb51b95', 'bbb51b95', 'bbb51b95', '3d91fa85', 'd38aa58d', '46003790', 'd38aa58d', '46003790', 'd38aa58d', '46003790', '5d5de21c', '5d5de21c', '5d5de21c', 'a333d363', '4dec0816']",Anomaly,15
blk_5482154336643183343,"['bbb51b95', '3d91fa85']",Anomaly,2
blk_-8019384396102909611,"['bbb51b95', 'bbb51b95', '3d91fa85', 'bbb51b95', 'd38aa58d', '46003790', 'd38aa58d', '46003790', 'd38aa58d', '46003790', '5d5de21c', '5d5de21c', '5d5de21c']",Anomaly,13
blk_2400489953162754297,"['bbb51b95', '3d91fa85', 'bbb51b95', 'bbb51b95', 'd38aa58d', '46003790', 'd38aa58d', '46003790', 'd38aa58d', '46003790', '5d5de21c', '5d5de21c', '5d5de21c']",Anomaly,13
blk_8612145980660382585,"['3d91fa85', 'bbb51b95', 'bbb51b95', 'bbb51b95', '5d5de21c', '5d5de21c', '5d5de21c', 'd38aa58d', '46003790', 'd38aa58d', '46003790', 'd38aa58d', '46003790']",Normal,13
blk_8016584874626394855,"['bbb51b95', '3d91fa85', 'bbb51b95', 'bbb51b95', 'd38aa58d', '46003790', 'd38aa58d', '46003790', 'd38aa58d', '46003790', '5d5de21c', '5d5de21c', '5d5de21c', '4dec0816']",Anomaly,14
blk_4499692229328077082,"['bbb51b95', 'bbb51b95', '3d91fa85', 'bbb51b95', 'd38aa58d', '46003790', 'd38aa58d', '46003790', 'd38aa58d', '46003790', '5d5de21c', '5d5de21c', '5d5de21c', '32777b38', '32777b38', 'a333d363', 'a333d363', '4dec0816']",Normal,18
blk_8748847738424564579,"['bbb51b95', 'bbb51b95', '3d91fa85', 'bcc910df']",Anomaly,4
blk_2122783737256140640,"['bbb51b95', 'bbb51b95', 'bbb51b95', '3d91fa85', 'd38aa58d', '46003790', 'd38aa58d', '46003790', 'd38aa58d', '46003790', '5d5de21c', '5d5de21c', '5d5de21c']",Normal,13
blk_210490811390822480,"['bbb51b95', 'bbb51b95', '3d91fa85', 'bbb51b95', 'd38aa58d', '46003790', '5d5de21c', 'd38aa58d', '46003790', 'd38aa58d', '46003790', '5d5de21c', '5d5de21c']",Normal,13
blk_8076232912516551236,"['bbb51b95', '3d91fa85', 'bbb51b95', 'bbb51b95', 'd38aa58d', '46003790', 'd38aa58d', '46003790', 'd38aa58d', '46003790', '5d5de21c', '5d5de21c', '5d5de21c']",Anomaly,13
blk_3213371024801981082,"['bbb51b95', 'bbb51b95', 'bbb51b95', '3d91fa85', 'd38aa58d', '46003790', '46003790', '5d5de21c', '5d5de21c', 'd38aa58d', '46003790', 'd38aa58d', '5d5de21c']",Anomaly,13
blk_8707388138665114083,"['3d91fa85', 'bbb51b95', 'bbb51b95', 'bbb51b95', '5d5de21c', '46003790', 'd38aa58d', '46003790', 'd38aa58d', '46003790', '5d5de21c', '5d5de21c', 'd38aa58d', '32777b38']",Anomaly,14
blk_3435145093987715515,"['bbb51b95', 'bbb51b95', '3d91fa85', 'bbb51b95', 'd38aa58d', '46003790', 'd38aa58d', '46003790', 'd38aa58d', '46003790', '5d5de21c', '5d5de21c', '5d5de21c']",Normal,13
blk_7846063368336366730,"['bbb51b95', 'bbb51b95', 'bbb51b95', '3d91fa85', '46003790', 'd38aa58d', '46003790', 'd38aa58d', '46003790', '5d5de21c', 'd38aa58d', '5d5de21c', '5d5de21c']",Anomaly,13
blk_-1203966195974934914,"['bbb51b95', 'bbb51b95', 'bbb51b95', '3d91fa85', 'd38aa58d', '46003790', 'd38aa58d', '46003790', 'd38aa58d', '46003790', '5d5de21c', '5d5de21c', '5d5de21c']",Normal,13
blk_-4337268123135733800,"['bbb51b95', 'bbb51b95', '3d91fa85', 'bcc910df']",Anomaly,4
blk_7876218062349838197,"['bbb51b95', '3d91fa85']",Anomaly,2
blk_-8966686834828011519,"['bbb51b95', 'bbb51b95', '3d91fa85', 'bbb51b95', 'd38aa58d', '46003790', 'd38aa58d', '46003790', 'd38aa58d', '46003790', '5d5de21c', '5d5de21c', '5d5de21c']",Normal,13
blk_-4927314024376198275,"['3d91fa85', 'bbb51b95', 'bbb51b95', 'bcc910df']",Anomaly,4
blk_-6022606683774983643,"['bbb51b95', 'bbb51b95', '3d91fa85', 'bbb51b95', '5d5de21c', 'd38aa58d', '46003790', 'd38aa58d', '46003790', 'd38aa58d', '46003790', '5d5de21c', '5d5de21c']",Anomaly,13
blk_-982097297205001229,"['bbb51b95', 'bbb51b95', 'bbb51b95', '3d91fa85', 'd38aa58d', '46003790', 'd38aa58d', '46003790', 'd38aa58d', '46003790', '5d5de21c', '5d5de21c', '5d5de21c']",Normal,13
blk_5679332564404011413,"['3d91fa85', 'bbb51b95']",Anomaly,2
blk_7863522148385844606,"['3d91fa85', 'bbb51b95', 'bbb51b95', 'bbb51b95', 'd38aa58d', '46003790', 'd38aa58d', '46003790', 'd38aa58d', '46003790', '5d5de21c', '5d5de21c', '5d5de21c']",Normal,13
blk_-4942791807951659044,"['bbb51b95', '3d91fa85', 'bbb51b95', 'bcc910df']",Anomaly,4
blk_6179668049745829889,"['bbb51b95', 'bbb51b95', 'bbb51b95', '3d91fa85', 'd38aa58d', '46003790', 'd38aa58d', '46003790', 'd38aa58d', '46003790', '5d5de21c', '5d5de21c', '5d5de21c', '4dec0816']",Normal,14
blk_9044900396738187207,"['3d91fa85', 'bbb51b95', 'bbb51b95', 'bbb51b95', '5d5de21c', '5d5de21c', 'd38aa58d', '46003790', 'd38aa58d', '46003790', '46003790', '5d5de21c', 'd38aa58d']",Anomaly,13
blk_-138915922182910808,"['3d91fa85', 'bbb51b95', 'bbb51b95', 'bcc910df']",Anomaly,4
blk_259221690676619372,"['bbb51b95', 'bbb51b95', '3d91fa85', 'bbb51b95', 'd38aa58d', '46003790', 'd38aa58d', '46003790', 'd38aa58d', '46003790', '5d5de21c', '5d5de21c', '5d5de21c', 'a333d363', 'a333d363', '4dec0816']",Normal,16
blk_8293844257258679343,"['bbb51b95', 'bbb51b95', 'bbb51b95', '3d91fa85', 'd38aa58d', '46003790', 'd38aa58d', '46003790', 'd38aa58d', '46003790', '5d5de21c', '5d5de21c', '5d5de21c']",Anomaly,13
blk_3394569973658158026,"['3d91fa85', 'bbb51b95', 'bbb51b95', 'bbb51b95', '5d5de21c', '5d5de21c', 'd38aa58d', '46003790', 'd38aa58d', '46003790', '5d5de21c', 'd38aa58d', '46003790', 'a333d363', '4dec0816', 'a333d363']",Normal,16
blk_5178884748775783411,"['bbb51b95', 'bbb51b95', '3d91fa85', 'bcc910df']",Anomaly,4
blk_-4803397941874359159,"['3d91fa85', 'bbb51b95', 'bbb51b95', 'bbb51b95', '5d5de21c', '5d5de21c', '5d5de21c', 'd38aa58d', '46003790', 'd38aa58d', '46003790', 'd38aa58d', '46003790', 'a333d363', '4dec0816', 'a333d363']",Normal,16
blk_6800811509081442530,"['bbb51b95', '3d91fa85', 'bbb51b95', 'bbb51b95', 'd38aa58d', '46003790', 'd38aa58d', '46003790', 'd38aa58d', '46003790', '5d5de21c', '5d5de21c', '5d5de21c', 'a333d363', '4dec0816']",Normal,15
blk_-5539228736855111320,"['bbb51b95', 'bbb51b95', '3d91fa85', 'bbb51b95', 'd38aa58d', '46003790', 'd38aa58d', '46003790', 'd38aa58d', '46003790', '5d5de21c', '5d5de21c', '5d5de21c']",Normal,13
blk_3695457304136720391,"['bbb51b95', '3d91fa85']",Anomaly,2
blk_7703578533341739184,"['3d91fa85', 'bbb51b95', 'bbb51b95', 'bbb51b95', '5d5de21c', '5d5de21c', '5d5de21c', 'd38aa58d', '46003790', 'd38aa58d', '46003790', 'd38aa58d', '46003790']",Normal,13
blk_-6138984323650252397,"['3d91fa85', 'bbb51b95', 'bbb51b95', 'bbb51b95', 'd38aa58d', '46003790', 'd38aa58d', '46003790', 'd38aa58d', '46003790', '5d5de21c', '5d5de21c', '5d5de21c', 'a333d363', '4dec0816']",Normal,15
blk_-1986451035900067644,"['bbb51b95', '3d91fa85', 'bbb51b95', 'bbb51b95', 'd38aa58d', '46003790', '5d5de21c', '5d5de21c', '5d5de21c', 'd38aa58d', '46003790', 'd38aa58d', '46003790', '32777b38']",Normal,14
blk_3889747782971751819,"['bbb51b95', '3d91fa85', 'bbb51b95', 'bbb51b95', 'd38aa58d', '46003790', 'd38aa58d', '46003790', 'd38aa58d', '46003790', '5d5de21c', '5d5de21c', '5d5de21c', 'a333d363']",Normal,14
blk_8729162853545308118,"['bbb51b95', 'bbb51b95', '3d91fa85', 'bbb51b95', 'd38aa58d', '46003790', 'd38aa58d', '46003790', 'd38aa58d', '46003790', '5d5de21c', '5d5de21c', '5d5de21c', '32777b38', '32777b38', '32777b38', 'a333d363', '4dec0816', 'a333d363']",Anomaly,19
blk_7993187890644835536,"['3d91fa85', 'bbb51b95', 'bbb51b95', 'bbb51b95', '5d5de21c', 'd38aa58d', '46003790', 'd38aa58d', '46003790', '5d5de21c', 'd38aa58d', '46003790', '5d5de21c', 'a333d363', '4dec0816', 'a333d363']",Anomaly,16
blk_7927943278816353693,"['bbb51b95', '3d91fa85', 'bbb51b95', 'bbb51b95', 'd38aa58d', '46003790', 'd38aa58d', '46003790', 'd38aa58d', '46003790', '5d5de21c', '5d5de21c', '5d5de21c', '32777b38']",Normal,14
blk_-7898425560636377240,"['bbb51b95', '3d91fa85', 'bbb51b95', 'bbb51b95', 'd38aa58d', '46003790', 'd38aa58d', '46003790', '46003790', '5d5de21c', '5d5de21c', '5d5de21c', 'd38aa58d', '4dec0816']",Normal,14
blk_1653012051468916819,"['bbb51b95', '3d91fa85', 'bbb51b95', 'bbb51b95', 'd38aa58d', '46003790', 'd38aa58d', '46003790', 'd38aa58d', '46003790', '5d5de21c', '5d5de21c', '5d5de21c']",Normal,13
blk_-8944646658103598424,"['bbb51b95', 'bbb51b95', 'bbb51b95', '3d91fa85', 'd38aa58d', '46003790', 'd38aa58d', '46003790', 'd38aa58d', '46003790', '5d5de21c', '5d5de21c', '5d5de21c', 'a333d363', '4dec0816']",Normal,15
blk_-2337301162143240778,"['bbb51b95', '3d91fa85', 'bbb51b95', 'bbb51b95', 'd38aa58d', '46003790', 'd38aa58d', '46003790', '5d5de21c', '5d5de21c', 'd38aa58d', '46003790', '5d5de21c']",Normal,13
blk_-6883634798105057428,"['3d91fa85', 'bbb51b95', 'bbb51b95', 'bbb51b95', '5d5de21c', '5d5de21c', '5d5de21c', 'd38aa58d', '46003790', 'd38aa58d', '46003790', 'd38aa58d', '46003790']",Normal,13
blk_2597659943452218395,"['bbb51b95', '3d91fa85', 'bbb51b95', 'bbb51b95', 'd38aa58d', '46003790', 'd38aa58d', '46003790', 'd38aa58d', '46003790', '5d5de21c', '5d5de21c', '5d5de21c', '32777b38', '32777b38', '32777b38', 'a333d363', 'a333d363', '4dec0816']",Normal,19
blk_8316604396152647415,"['3d91fa85', 'bbb51b95', 'bbb51b95', 'bbb51b95', '5d5de21c', '5d5de21c', 'd38aa58d', '46003790', 'd38aa58d', '46003790', 'd38aa58d', '46003790', '5d5de21c']",Anomaly,13
blk_-3786622355776043781,"['bbb51b95', 'bbb51b95', '3d91fa85', 'bbb51b95', 'd38aa58d', '46003790', 'd38aa58d', '46003790', 'd38aa58d', '46003790', '728076ac', '5d5de21c', '5d5de21c', '5d5de21c', '40651754', 'bbb51b95', '9c784e29', '44614d71', '5d5de21c', 'dba996ef', '4dec0816']",Anomaly,21
blk_-9163788178779271488,"['bbb51b95', 'bbb51b95', 'bbb51b95', '3d91fa85', 'd38aa58d', '46003790', 'd38aa58d', '46003790', '5d5de21c', '5d5de21c', 'd38aa58d', '46003790', '5d5de21c', 'd63ef163', 'd63ef163', 'd63ef163', 'dba996ef', 'dba996ef', 'dba996ef', '2e68ccc3']",Anomaly,20
blk_-5752794333821237296,"['3d91fa85', 'bbb51b95', 'bbb51b95', 'bbb51b95', 'd38aa58d', '46003790', 'd38aa58d', '46003790', 'd38aa58d', '46003790', '5d5de21c', '5d5de21c', '5d5de21c']",Normal,13
blk_5901361445021359763,"['3d91fa85', 'bbb51b95', 'bbb51b95', 'bbb51b95', '5d5de21c', '5d5de21c', 'd38aa58d', '46003790', 'd38aa58d', 'd38aa58d', '46003790', '46003790', '5d5de21c']",Normal,13
blk_-3801954706993121284,"['bbb51b95', '3d91fa85']",Anomaly,2
blk_2807705456346362092,"['bbb51b95', 'bbb51b95', '3d91fa85', 'bcc910df']",Anomaly,4
blk_-385937896569494609,"['bbb51b95', '3d91fa85']",Anomaly,2
blk_5076172326351092009,"['bbb51b95', 'bbb51b95', 'bbb51b95', '3d91fa85', 'd38aa58d', '46003790', 'd38aa58d', '46003790', 'd38aa58d', '46003790', '5d5de21c', '5d5de21c', '5d5de21c']",Normal,13
blk_-4682002147917594734,"['bbb51b95', '3d91fa85']",Anomaly,2
blk_-7013689736038876670,"['bbb51b95', 'bbb51b95', 'bbb51b95', '3d91fa85', 'd38aa58d', '46003790', 'd38aa58d', '46003790', 'd38aa58d', '46003790', '5d5de21c', '5d5de21c', '5d5de21c', '32777b38', 'a333d363', '4dec0816', 'a333d363']",Normal,17
blk_3969144456150911517,"['bbb51b95', '3d91fa85', 'bbb51b95', 'bbb51b95', 'd38aa58d', '46003790', 'd38aa58d', '46003790', 'd38aa58d', '46003790', '5d5de21c', '5d5de21c', '5d5de21c', '32777b38', 'a333d363', '4dec0816', 'a333d363']",Normal,17
blk_-9014971156674296693,"['bbb51b95', '3d91fa85', 'bbb51b95', 'bbb51b95', 'd38aa58d', '46003790', 'd38aa58d', '46003790', '5d5de21c', '5d5de21c', 'd38aa58d', '46003790', '5d5de21c']",Normal,13
blk_196024505093185179,"['bbb51b95', 'bbb51b95', '3d91fa85', 'bbb51b95', 'd38aa58d', 'd38aa58d', '46003790', '46003790', '5d5de21c', '5d5de21c', 'd38aa58d', '46003790', '5d5de21c']",Normal,13
blk_7718528022281013257,"['3d91fa85', 'bbb51b95', 'bbb51b95', 'bcc910df']",Anomaly,4
blk_8085678596604697115,"['bbb51b95', '3d91fa85', 'bbb51b95', 'bbb51b95', 'd38aa58d', '46003790', 'd38aa58d', '46003790', '46003790', '5d5de21c', '5d5de21c', '5d5de21c', 'd38aa58d']",Anomaly,13
blk_-6863745017438333917,"['bbb51b95', 'bbb51b95', 'bbb51b95', '3d91fa85', 'd38aa58d', '46003790', 'd38aa58d', '46003790', '5d5de21c', 'd38aa58d', '46003790', '5d5de21c', '5d5de21c']",Normal,13
blk_5949765726105313415,"['bbb51b95', 'bbb51b95', '3d91fa85', 'bbb51b95', 'd38aa58d', '46003790', 'd38aa58d', '46003790', 'd38aa58d', '46003790', '5d5de21c', '5d5de21c', '5d5de21c', 'a333d363', '4dec0816']",Anomaly,15
blk_1457520268494780861,"['3d91fa85', 'bbb51b95', 'bbb51b95', 'bbb51b95', '5d5de21c', '5d5de21c', '5d5de21c', 'd38aa58d', '46003790', 'd38aa58d', '46003790', 'd38aa58d', '46003790']",Normal,13
blk_-3744288507853146500,"['3d91fa85', 'bbb51b95', 'bbb51b95', 'bbb51b95', '5d5de21c', 'd38aa58d', '46003790', '5d5de21c', 'd38aa58d', '46003790', 'd38aa58d', '46003790', '5d5de21c', 'a333d363', 'a333d363', '4dec0816', '32777b38']",Normal,17
blk_-8104409080071826282,"['3d91fa85', 'bbb51b95', 'bbb51b95', 'bbb51b95', 'd38aa58d', '46003790', 'd38aa58d', '46003790', 'd38aa58d', '46003790', '5d5de21c', '5d5de21c', '5d5de21c', 'd63ef163', 'd63ef163', 'd63ef163', 'dba996ef', 'dba996ef', 'dba996ef']",Normal,19
blk_5445214843890846353,"['bbb51b95', '3d91fa85']",Anomaly,2
blk_-8697866052678637715,"['3d91fa85', 'bbb51b95', 'bbb51b95', 'bbb51b95', '5d5de21c', 'd38aa58d', '46003790', '5d5de21c', '5d5de21c', 'd38aa58d', '46003790', 'd38aa58d', '46003790']",Normal,13
blk_3679778751499479168,"['bbb51b95', 'bbb51b95', 'bbb51b95', '3d91fa85', '0567184d', '0567184d', 'd38aa58d', '46003790', '0567184d', '5d5de21c', 'd38aa58d', '46003790', 'd38aa58d', '46003790', '5d5de21c', '5d5de21c', '4dec0816']",Anomaly,17
blk_-6255431661951329660,"['3d91fa85', 'bbb51b95', 'bbb51b95', 'bbb51b95', '5d5de21c', '5d5de21c', 'd38aa58d', '46003790', 'd38aa58d', '46003790', '5d5de21c', 'd38aa58d', '46003790']",Normal,13
blk_-5170072115129389871,"['bbb51b95', '3d91fa85', 'bbb51b95', 'bbb51b95', 'd38aa58d', '46003790', '5d5de21c', 'd38aa58d', '46003790', 'd38aa58d', '46003790', '5d5de21c', '5d5de21c', '32777b38', '32777b38', '32777b38', 'a333d363']",Normal,17
blk_8895848565963921586,"['bbb51b95', '3d91fa85', 'bbb51b95', 'bcc910df']",Anomaly,4
blk_-692819710619622337,"['bbb51b95', 'bbb51b95', '3d91fa85', 'bbb51b95', 'd38aa58d', '46003790', 'd38aa58d', '46003790', 'd38aa58d', '46003790', '5d5de21c', '5d5de21c', '5d5de21c']",Normal,13
blk_-8631145699536683822,"['bbb51b95', 'bbb51b95', '3d91fa85', 'bbb51b95', '46003790', '5d5de21c', 'd38aa58d', 'd38aa58d', '46003790', 'd38aa58d', '46003790', '5d5de21c', '5d5de21c', 'd63ef163', 'd63ef163', 'd63ef163', 'dba996ef', 'dba996ef', 'dba996ef', '2e68ccc3']",Anomaly,20
blk_6823703278088127590,"['bbb51b95', '3d91fa85']",Anomaly,2
blk_7275708172548923899,"['bbb51b95', '3d91fa85', 'bbb51b95', 'bbb51b95', 'd38aa58d', '46003790', '46003790', '5d5de21c', 'd38aa58d', '46003790', 'd38aa58d', '5d5de21c', '5d5de21c']",Anomaly,13
blk_-8709259076252864732,"['bbb51b95', 'bbb51b95', 'bbb51b95', '3d91fa85', 'd38aa58d', '46003790', 'd38aa58d', '46003790', 'd38aa58d', '46003790', '5d5de21c', '5d5de21c', '5d5de21c']",Normal,13
blk_7515658199847435976,"['3d91fa85', 'bbb51b95', 'bbb51b95', 'bbb51b95', '5d5de21c', 'd38aa58d', '46003790', 'd38aa58d', '46003790', 'd38aa58d', '46003790', '5d5de21c', '5d5de21c', 'a333d363', 'a333d363', '4dec0816']",Normal,16
blk_-1490961074140117078,"['bbb51b95', '3d91fa85', 'bbb51b95', 'bbb51b95', 'd38aa58d', '46003790', 'd38aa58d', '46003790', 'd38aa58d', '46003790', '5d5de21c', '5d5de21c', '5d5de21c']",Normal,13
blk_6391256989458918684,"['bbb51b95', '3d91fa85', 'bbb51b95', 'bcc910df']",Anomaly,4
blk_-9032182111118378964,"['3d91fa85', 'bbb51b95', 'bbb51b95', 'bbb51b95', 'd38aa58d', '46003790', 'd38aa58d', '46003790', '5d5de21c', '5d5de21c', 'd38aa58d', '46003790', '5d5de21c', '32777b38', '32777b38', '32777b38', 'a333d363']",Normal,17
blk_4309358176426646874,"['3d91fa85', 'bbb51b95', 'bbb51b95', 'bbb51b95', 'd38aa58d', '46003790', 'd38aa58d', '46003790', 'd38aa58d', '46003790', '5d5de21c', '5d5de21c', '5d5de21c']",Normal,13
blk_-6898618460651090393,"['3d91fa85', 'bbb51b95', 'bbb51b95', 'bbb51b95', '5d5de21c', '5d5de21c', '5d5de21c', 'd38aa58d', '46003790', 'd38aa58d', '46003790', 'd38aa58d', '46003790']",Normal,13
blk_8433617337354661445,"['3d91fa85', 'bbb51b95', 'bbb51b95', 'bbb51b95', '5d5de21c', '5d5de21c', 'd38aa58d', '46003790', 'd38aa58d', '46003790', 'd38aa58d', '46003790', '5d5de21c']",Anomaly,13
blk_8870429688197765256,"['bbb51b95', 'bbb51b95', '3d91fa85', 'bbb51b95', 'd38aa58d', '46003790', 'd38aa58d', '46003790', 'd38aa58d', '46003790', '5d5de21c', '5d5de21c', '5d5de21c']",Anomaly,13
blk_407032352860161541,"['bbb51b95', 'bbb51b95', '3d91fa85', 'bbb51b95', 'd38aa58d', '46003790', 'd38aa58d', '46003790', 'd38aa58d', '46003790', '5d5de21c', '5d5de21c', '5d5de21c']",Anomaly,13
blk_8340692875528334536,"['bbb51b95', '3d91fa85', 'bbb51b95', 'bbb51b95', 'd38aa58d', '46003790', 'd38aa58d', '46003790', 'd38aa58d', '46003790', '5d5de21c', '5d5de21c', '5d5de21c']",Anomaly,13
blk_8851271882485612779,"['bbb51b95', 'bbb51b95', '3d91fa85', 'bbb51b95', 'd38aa58d', '46003790', 'd38aa58d', '46003790', '5d5de21c', 'd38aa58d', '46003790', '5d5de21c', '5d5de21c', 'a333d363']",Normal,14
blk_-3699949418329593135,"['bbb51b95', 'bbb51b95', 'bbb51b95', '3d91fa85', 'd38aa58d', '46003790', 'd38aa58d', '46003790', 'd38aa58d', '46003790', '5d5de21c', '5d5de21c', '5d5de21c']",Normal,13
blk_-4376370109588014368,"['3d91fa85', 'bbb51b95', 'bbb51b95', 'bbb51b95', '5d5de21c', '5d5de21c', '5d5de21c', 'd38aa58d', '46003790', 'd38aa58d', '46003790', 'd38aa58d', '46003790']",Normal,13
blk_1528078116812077719,"['3d91fa85', 'bbb51b95', 'bbb51b95', 'ace40671', 'd38aa58d', 'e817fa45', '69bca6e5', 'd013b7a3']",Anomaly,8
blk_4415953607545029022,"['bbb51b95', 'bbb51b95', '3d91fa85', 'bbb51b95', 'd38aa58d', '46003790', '5d5de21c', 'd38aa58d', '46003790', 'd38aa58d', '46003790', '5d5de21c', '5d5de21c']",Normal,13
blk_6738710176387823547,"['bbb51b95', '3d91fa85', 'bbb51b95', 'bbb51b95', 'd38aa58d', '46003790', 'd38aa58d', '46003790', 'd38aa58d', '46003790', '5d5de21c', '5d5de21c', '5d5de21c']",Normal,13
blk_-8114579398783401234,"['bbb51b95', '3d91fa85', 'bbb51b95', 'bbb51b95', 'd38aa58d', '46003790', 'd38aa58d', '46003790', 'd38aa58d', '46003790', '5d5de21c', '5d5de21c', '5d5de21c', '32777b38']",Normal,14
blk_8954458708846501822,"['3d91fa85', 'bbb51b95', 'bbb51b95', 'bbb51b95', '5d5de21c', 'd38aa58d', '46003790', 'd38aa58d', '46003790', '5d5de21c', '5d5de21c', 'd38aa58d', '46003790']",Anomaly,13
blk_-2077526390997550094,"['bbb51b95', 'bbb51b95', '3d91fa85', 'bbb51b95', 'd38aa58d', '46003790', 'd38aa58d', '46003790', 'd38aa58d', '46003790', '5d5de21c', '5d5de21c', '5d5de21c']",Normal,13
blk_-7094750072589919866,"['3d91fa85', 'bbb51b95', 'bbb51b95', 'bbb51b95', '5d5de21c', '5d5de21c', '5d5de21c', 'd38aa58d', '46003790', 'd38aa58d', '46003790', 'd38aa58d', '46003790']",Normal,13
blk_1930742692900693206,"['3d91fa85', 'bbb51b95', 'bbb51b95', 'bbb51b95', '5d5de21c', '5d5de21c', '5d5de21c', 'd38aa58d', '46003790', 'd38aa58d', '46003790', 'd38aa58d', '46003790', '4dec0816']",Normal,14
blk_-7064200109017409280,"['3d91fa85', 'bbb51b95']",Anomaly,2
blk_8453441471767478057,"['bbb51b95', 'bbb51b95', '3d91fa85', 'bbb51b95', 'd38aa58d', '46003790', 'd38aa58d', '46003790', 'd38aa58d', '46003790', '5d5de21c', '5d5de21c', '5d5de21c', '32777b38']",Anomaly,14
blk_-1297733642260145528,"['3d91fa85', 'bbb51b95', 'bbb51b95', 'bbb51b95', '5d5de21c', '5d5de21c', '5d5de21c', 'd38aa58d', '46003790', 'd38aa58d', '46003790', 'd38aa58d', '46003790']",Normal,13
blk_7845198117535823083,"['3d91fa85', 'bbb51b95', 'bbb51b95', 'bbb51b95', 'd38aa58d', '46003790', 'd38aa58d', '46003790', '5d5de21c', '5d5de21c', '5d5de21c', 'd38aa58d', '46003790']",Anomaly,13
blk_-8998751392544423601,"['bbb51b95', 'bbb51b95', '3d91fa85', 'bbb51b95', '0567184d', 'd38aa58d', '46003790', '0567184d', '0567184d', '5d5de21c', 'd38aa58d', '46003790', 'd38aa58d', '46003790', '5d5de21c', '5d5de21c', '32777b38', '32777b38', '4dec0816']",Anomaly,19
blk_2110452663381380680,"['bbb51b95', '3d91fa85', 'bbb51b95', 'bcc910df']",Anomaly,4
blk_2089023342927863523,"['bbb51b95', 'bbb51b95', '3d91fa85', 'bcc910df']",Anomaly,4
blk_-7495900932452184563,"['bbb51b95', '3d91fa85']",Anomaly,2
blk_-5178750440972854481,"['bbb51b95', '3d91fa85', 'bbb51b95', 'bcc910df']",Anomaly,4
blk_5458318244719760153,"['bbb51b95', '3d91fa85', 'bbb51b95', 'bbb51b95', 'd38aa58d', 'd38aa58d', '46003790', '46003790', 'd38aa58d', '46003790', '5d5de21c', '5d5de21c', '5d5de21c', '32777b38']",Anomaly,14
blk_206960080574461719,"['3d91fa85', 'bbb51b95', 'bbb51b95', 'bbb51b95', '5d5de21c', '5d5de21c', '5d5de21c', 'd38aa58d', '46003790', 'd38aa58d', '46003790', 'd38aa58d', '46003790']",Normal,13
blk_6456374846508761411,"['3d91fa85', 'bbb51b95', 'bbb51b95', 'bbb51b95', '5d5de21c', 'd38aa58d', '46003790', '5d5de21c', '5d5de21c', 'd38aa58d', '46003790', 'd38aa58d', '46003790']",Normal,13
blk_7168788958725387259,"['bbb51b95', '3d91fa85', 'bbb51b95', 'bbb51b95', 'd38aa58d', '46003790', 'd38aa58d', '46003790', 'd38aa58d', '46003790', '5d5de21c', '5d5de21c', '5d5de21c']",Normal,13
blk_-8747242015116058017,"['bbb51b95', 'bbb51b95', '3d91fa85', 'bbb51b95', '46003790', 'd38aa58d', '46003790', 'd38aa58d', 'd38aa58d', '46003790', '5d5de21c', '5d5de21c', '5d5de21c']",Normal,13
blk_7751490447745743670,"['bbb51b95', 'bbb51b95', 'bbb51b95', '3d91fa85', 'd38aa58d', '46003790', 'd38aa58d', '46003790', 'd38aa58d', '46003790', '5d5de21c', '5d5de21c', '5d5de21c', 'a333d363']",Anomaly,14
blk_-1296034980517693825,"['bbb51b95', 'bbb51b95', '3d91fa85', 'bbb51b95', 'd38aa58d', '46003790', 'd38aa58d', '46003790', 'd38aa58d', '46003790', '5d5de21c', '5d5de21c', '5d5de21c', '4dec0816']",Normal,14
blk_-7549253455413685625,"['bbb51b95', '3d91fa85', 'bbb51b95', 'bbb51b95', 'd38aa58d', '46003790', 'd38aa58d', '46003790', 'd38aa58d', '46003790', '5d5de21c', '5d5de21c', '5d5de21c', 'd63ef163', 'd63ef163', 'd63ef163', 'dba996ef', 'dba996ef', 'dba996ef']",Normal,19
blk_-5043100960308684771,"['bbb51b95', 'bbb51b95', 'bbb51b95', '3d91fa85', 'd38aa58d', '46003790', 'd38aa58d', '46003790', 'd38aa58d', '46003790', '5d5de21c', '5d5de21c', '5d5de21c', '4dec0816']",Normal,14
blk_5619172313354166422,"['3d91fa85', 'bbb51b95', 'bbb51b95', 'bbb51b95', '5d5de21c', '5d5de21c', '5d5de21c', 'd38aa58d', '46003790', 'd38aa58d', '46003790', 'd38aa58d', '46003790']",Normal,13
blk_-5970500362334184114,"['bbb51b95', 'bbb51b95', 'bbb51b95', '3d91fa85', '5d5de21c', 'd38aa58d', '46003790', 'd38aa58d', '46003790', 'd38aa58d', '46003790', '5d5de21c', '5d5de21c']",Anomaly,13
blk_-6744501669016713784,"['3d91fa85', 'bbb51b95']",Anomaly,2
blk_6754707516336992424,"['bbb51b95', 'bbb51b95', '3d91fa85', 'bcc910df']",Anomaly,4
blk_5167296799288638509,"['bbb51b95', '3d91fa85', 'bbb51b95', 'bbb51b95', 'd38aa58d', '46003790', 'd38aa58d', '46003790', 'd38aa58d', '46003790', '5d5de21c', '5d5de21c', '5d5de21c', '32777b38', '32777b38', '32777b38']",Normal,16
blk_-5976475460207513959,"['3d91fa85', 'bbb51b95', 'bbb51b95', 'bbb51b95', '5d5de21c', '5d5de21c', '5d5de21c', 'd38aa58d', 'd38aa58d', '46003790', '46003790', 'd38aa58d', '46003790']",Normal,13
blk_-5179866028324575124,"['3d91fa85', 'bbb51b95']",Anomaly,2
blk_8980379800817673937,"['bbb51b95', 'bbb51b95', 'bbb51b95', '3d91fa85', 'd38aa58d', '46003790', 'd38aa58d', '46003790', 'd38aa58d', '46003790', '5d5de21c', '5d5de21c', '5d5de21c', 'a333d363']",Normal,14
blk_7059886816103812130,"['bbb51b95', 'bbb51b95', 'bbb51b95', '3d91fa85', 'd38aa58d', '46003790', 'd38aa58d', '46003790', 'd38aa58d', '46003790', '5d5de21c', '5d5de21c', '728076ac', '40651754', '5d5de21c', 'bbb51b95', '9c784e29', '44614d71', '5d5de21c', 'dba996ef', 'd63ef163', 'd63ef163', 'd63ef163', 'd63ef163', 'dba996ef', 'dba996ef', 'dba996ef', '2e68ccc3']",Anomaly,28
blk_-9005554912237719141,"['bbb51b95', '3d91fa85', 'bbb51b95', 'bbb51b95', 'd38aa58d', '46003790', 'd38aa58d', '46003790', 'd38aa58d', '46003790', '5d5de21c', '5d5de21c', '5d5de21c']",Normal,13
blk_-8130867351294800954,"['bbb51b95', '3d91fa85']",Anomaly,2
blk_8674413826212569730,"['3d91fa85', 'bbb51b95', 'bbb51b95', 'bbb51b95', '5d5de21c', 'd38aa58d', '46003790', 'd38aa58d', '46003790', '5d5de21c', '5d5de21c', 'd38aa58d', '46003790', 'a333d363']",Anomaly,14
blk_480668720972165492,"['3d91fa85', 'bbb51b95', 'bbb51b95', 'bbb51b95', 'd38aa58d', '46003790', 'd38aa58d', '46003790', 'd38aa58d', '46003790', '5d5de21c', '5d5de21c', '5d5de21c']",Normal,13
blk_8653484168575603901,"['bbb51b95', '3d91fa85', 'bbb51b95', 'bbb51b95', 'd38aa58d', '46003790', '5d5de21c', 'd38aa58d', '46003790', 'd38aa58d', '46003790', '5d5de21c', '5d5de21c']",Normal,13
blk_-7433173906955038356,"['3d91fa85', 'bbb51b95', 'bbb51b95', 'bbb51b95', '0567184d', '0567184d', 'd38aa58d', '46003790', '0567184d', 'd38aa58d', '46003790', 'd38aa58d', '46003790', '5d5de21c', '5d5de21c', '5d5de21c', '4dec0816']",Anomaly,17
blk_2903270600911141227,"['bbb51b95', '3d91fa85', 'bbb51b95', 'bcc910df']",Anomaly,4
blk_-2458726717499219368,"['3d91fa85', 'bbb51b95', 'bbb51b95', 'bbb51b95', '5d5de21c', '5d5de21c', '5d5de21c', 'd38aa58d', '46003790', 'd38aa58d', '46003790', 'd38aa58d', '46003790']",Anomaly,13
blk_-86536490425027391,"['3d91fa85', 'bbb51b95']",Anomaly,2
blk_7934286514100875956,"['3d91fa85', 'bbb51b95', 'bbb51b95', 'bbb51b95', '5d5de21c', '5d5de21c', 'd38aa58d', '46003790', 'd38aa58d', '46003790', 'd38aa58d', '46003790', '5d5de21c']",Normal,13
blk_-4229756834741154035,"['bbb51b95', '3d91fa85', 'bbb51b95', 'bbb51b95', 'd38aa58d', '46003790', 'd38aa58d', '46003790', 'd38aa58d', '46003790', '5d5de21c', '5d5de21c', '5d5de21c']",Normal,13
blk_4208414850263370500,"['bbb51b95', 'bbb51b95', '3d91fa85', 'bbb51b95', 'd38aa58d', '46003790', 'd38aa58d', '46003790', '5d5de21c', 'd38aa58d', '46003790', '5d5de21c', '5d5de21c']",Normal,13
blk_-8692612194543345708,"['bbb51b95', 'bbb51b95', '3d91fa85', 'bbb51b95', 'd38aa58d', '46003790', 'd38aa58d', '46003790', 'd38aa58d', '46003790', '5d5de21c', '5d5de21c', '5d5de21c']",Normal,13
blk_-4942297205982838702,"['bbb51b95', 'bbb51b95', '3d91fa85', 'bbb51b95', 'd38aa58d', '46003790', 'd38aa58d', '46003790', 'd38aa58d', '46003790', '5d5de21c', '5d5de21c', '5d5de21c']",Normal,13
blk_-5468106959766142786,"['bbb51b95', 'bbb51b95', '3d91fa85', 'bbb51b95', 'd38aa58d', '46003790', '46003790', 'd38aa58d', '46003790', '5d5de21c', '5d5de21c', '5d5de21c', 'd38aa58d']",Normal,13
blk_-6213530335216717172,"['bbb51b95', '3d91fa85', 'bbb51b95', 'bbb51b95', 'd38aa58d', '46003790', 'd38aa58d', '46003790', 'd38aa58d', '46003790', '5d5de21c', '5d5de21c', '5d5de21c', 'd63ef163', 'd63ef163', 'd63ef163', 'dba996ef', 'dba996ef', '2e68ccc3', 'dba996ef']",Anomaly,20
blk_7816926915214177014,"['3d91fa85', 'bbb51b95', 'bbb51b95', 'bbb51b95', '5d5de21c', '5d5de21c', '5d5de21c', 'd38aa58d', '46003790', 'd38aa58d', '46003790', 'd38aa58d', '46003790', 'a333d363', '4dec0816']",Anomaly,15
blk_-7868412154309897414,"['3d91fa85', 'bbb51b95', 'bbb51b95', 'bbb51b95', '46003790', '5d5de21c', '5d5de21c', '5d5de21c', 'd38aa58d', '46003790', 'd38aa58d', '46003790', 'd38aa58d', '32777b38', 'a333d363', 'a333d363', '4dec0816']",Normal,17
blk_-4109536386405623117,"['bbb51b95', '3d91fa85', 'bbb51b95', 'bbb51b95', 'd38aa58d', '46003790', 'd38aa58d', '46003790', '5d5de21c', '5d5de21c', '5d5de21c', 'd38aa58d', '46003790', '32777b38', '4dec0816']",Anomaly,15
blk_1293353641783251224,"['bbb51b95', 'bbb51b95', '3d91fa85', 'bbb51b95', 'd38aa58d', '46003790', 'd38aa58d', '46003790', 'd38aa58d', '46003790', '5d5de21c', '5d5de21c', '5d5de21c']",Normal,13
blk_5431446890694808835,"['bbb51b95', 'bbb51b95', 'bbb51b95', '3d91fa85', 'd38aa58d', '46003790', 'd38aa58d', '46003790', '5d5de21c', '5d5de21c', 'd38aa58d', '46003790', '5d5de21c']",Normal,13
blk_917830561149726244,"['3d91fa85', 'bbb51b95', 'bbb51b95', 'bbb51b95', 'd38aa58d', '46003790', '5d5de21c', '5d5de21c', 'd38aa58d', '46003790', '5d5de21c', 'd38aa58d', '46003790']",Anomaly,13
blk_-3191386560232265852,"['bbb51b95', '3d91fa85', 'bbb51b95', 'bbb51b95', 'd38aa58d', '46003790', 'd38aa58d', '46003790', 'd38aa58d', '46003790', '5d5de21c', '5d5de21c', '5d5de21c']",Normal,13
blk_-7410760947270004000,"['bbb51b95', 'bbb51b95', '3d91fa85', 'bbb51b95', 'd38aa58d', '46003790', '5d5de21c', 'd38aa58d', '46003790', '5d5de21c', 'd38aa58d', '46003790', '5d5de21c']",Normal,13
blk_8518731163514453747,"['bbb51b95', 'bbb51b95', '3d91fa85', 'bbb51b95', 'd38aa58d', '46003790', 'd38aa58d', '46003790', 'd38aa58d', '46003790', '5d5de21c', '5d5de21c', '5d5de21c']",Normal,13
blk_-5934958579674044791,"['bbb51b95', '3d91fa85', 'bbb51b95', 'bbb51b95', 'd38aa58d', '46003790', 'd38aa58d', '46003790', '5d5de21c', '5d5de21c', 'd38aa58d', '46003790', '5d5de21c', '32777b38', 'a333d363', '4dec0816', 'a333d363']",Normal,17
blk_1824914187235572456,"['3d91fa85', 'bbb51b95', 'bbb51b95', 'bbb51b95', '5d5de21c', '5d5de21c', '5d5de21c', 'd38aa58d', '46003790', 'd38aa58d', '46003790', 'd38aa58d', '46003790']",Normal,13
blk_-2377063165201816750,"['bbb51b95', 'bbb51b95', '3d91fa85', 'bbb51b95', 'd38aa58d', '46003790', 'd38aa58d', '46003790', 'd38aa58d', '46003790', '5d5de21c', '5d5de21c', '5d5de21c']",Normal,13
blk_-6869109743241938944,"['3d91fa85', 'bbb51b95', 'bbb51b95', 'bbb51b95', '5d5de21c', '5d5de21c', '5d5de21c', 'd38aa58d', '46003790', 'd38aa58d', '46003790', 'd38aa58d', '46003790', 'a333d363', '4dec0816']",Normal,15
blk_-7347543624889354466,"['bbb51b95', 'bbb51b95', '3d91fa85', 'bbb51b95', 'd38aa58d', '46003790', 'd38aa58d', '46003790', '5d5de21c', '5d5de21c', 'd38aa58d', '46003790', '5d5de21c']",Normal,13
blk_8738373566265906941,"['bbb51b95', 'bbb51b95', 'bbb51b95', '3d91fa85', 'd38aa58d', '46003790', 'd38aa58d', '46003790', 'd38aa58d', '46003790', '5d5de21c', '5d5de21c', '5d5de21c']",Anomaly,13
blk_2847546489084525795,"['3d91fa85', 'bbb51b95', 'bbb51b95', 'bbb51b95', '5d5de21c', '5d5de21c', '5d5de21c', 'd38aa58d', '46003790', 'd38aa58d', '46003790', 'd38aa58d', '46003790', 'a333d363', '4dec0816', 'a333d363']",Normal,16
blk_-6661511228704534939,"['bbb51b95', 'bbb51b95', 'bbb51b95', '3d91fa85', 'd38aa58d', '46003790', 'd38aa58d', '46003790', 'd38aa58d', '46003790', '5d5de21c', '5d5de21c', '5d5de21c']",Normal,13
blk_-5008584202426937541,"['bbb51b95', 'bbb51b95', '3d91fa85', 'bbb51b95', 'd38aa58d', '46003790', 'd38aa58d', '46003790', 'd38aa58d', '46003790', '5d5de21c', '5d5de21c', '5d5de21c']",Normal,13
blk_52770078889658041,"['3d91fa85', 'bbb51b95', 'bbb51b95', 'bbb51b95', '5d5de21c', 'd38aa58d', '46003790', 'd38aa58d', '46003790', '5d5de21c', '5d5de21c', 'd38aa58d', '46003790']",Normal,13
blk_3061937980832296286,"['3d91fa85', 'bbb51b95', 'bbb51b95', 'bcc910df']",Anomaly,4
blk_-4250224019694147022,"['bbb51b95', '3d91fa85', 'bbb51b95', 'bbb51b95', 'd38aa58d', '46003790', 'd38aa58d', '46003790', 'd38aa58d', '46003790', '5d5de21c', '5d5de21c', '5d5de21c', '32777b38', '32777b38', '32777b38']",Normal,16
blk_-2102235370057985048,"['3d91fa85', 'bbb51b95', 'bbb51b95', 'bbb51b95', '5d5de21c', '5d5de21c', '5d5de21c', 'd38aa58d', '46003790', 'd38aa58d', 'd38aa58d', '46003790', '46003790']",Normal,13
blk_-6689614308409336057,"['bbb51b95', '3d91fa85', 'bbb51b95', 'bbb51b95', 'd38aa58d', '46003790', 'd38aa58d', '46003790', 'd38aa58d', '46003790', '5d5de21c', '5d5de21c', '5d5de21c', '32777b38']",Anomaly,14
blk_7012225182005154258,"['bbb51b95', 'bbb51b95', '3d91fa85', 'bbb51b95', 'd38aa58d', '46003790', 'd38aa58d', '46003790', '5d5de21c', 'd38aa58d', '46003790', '5d5de21c', '5d5de21c', 'a333d363', '4dec0816']",Normal,15
blk_6716074174884629598,"['bbb51b95', '3d91fa85', 'bbb51b95', 'bbb51b95', 'd38aa58d', '46003790', 'd38aa58d', '46003790', 'd38aa58d', '46003790', '5d5de21c', '5d5de21c', '5d5de21c']",Anomaly,13
blk_-7633293344802192896,"['3d91fa85', 'bbb51b95', 'bbb51b95', 'bbb51b95', '5d5de21c', '5d5de21c', '5d5de21c', 'd38aa58d', '46003790', 'd38aa58d', '46003790', 'd38aa58d', '46003790', 'a333d363', '4dec0816']",Normal,15
blk_-8984969963546210644,"['bbb51b95', 'bbb51b95', '3d91fa85', 'bbb51b95', 'd38aa58d', '46003790', 'd38aa58d', '46003790', 'd38aa58d', '46003790', '5d5de21c', '5d5de21c', '5d5de21c']",Normal,13
blk_-2467837783803877777,"['bbb51b95', 'bbb51b95', '3d91fa85', 'bbb51b95', 'd38aa58d', '46003790', '5d5de21c', 'd38aa58d', '46003790', 'd38aa58d', '46003790', '5d5de21c', '5d5de21c']",Normal,13
blk_5132704447914261629,"['bbb51b95', 'bbb51b95', 'bbb51b95', '3d91fa85', 'd38aa58d', '46003790', 'd38aa58d', '46003790', 'd38aa58d', '46003790', '5d5de21c', '5d5de21c', '5d5de21c']",Anomaly,13
blk_6439650100326091157,"['3d91fa85', 'bbb51b95', 'bbb51b95', 'bbb51b95', '5d5de21c', '5d5de21c', 'd38aa58d', '46003790', 'd38aa58d', '46003790', '5d5de21c', 'd38aa58d', '46003790']",Normal,13
blk_3474170847876533868,"['bbb51b95', '3d91fa85', 'bbb51b95', 'bbb51b95', 'd38aa58d', '46003790', 'd38aa58d', '46003790', 'd38aa58d', '46003790', '5d5de21c', '5d5de21c', '5d5de21c']",Normal,13
blk_-8221377914730707800,"['bbb51b95', '3d91fa85']",Anomaly,2
blk_8813324454403027080,"['3d91fa85', 'bbb51b95', 'bbb51b95', 'bbb51b95', '5d5de21c', '5d5de21c', '5d5de21c', 'd38aa58d', '46003790', 'd38aa58d', '46003790', 'd38aa58d', '46003790']",Anomaly,13
blk_7665706840085547554,"['bbb51b95', 'bbb51b95', '3d91fa85', 'bbb51b95', 'd38aa58d', 'd38aa58d', '46003790', '46003790', 'd38aa58d', '46003790', '5d5de21c', '5d5de21c', '5d5de21c']",Normal,13
blk_1780382985895334606,"['bbb51b95', 'bbb51b95', '3d91fa85', 'bbb51b95', 'd38aa58d', '46003790', 'd38aa58d', '46003790', 'd38aa58d', '46003790', '5d5de21c', '5d5de21c', '5d5de21c']",Normal,13
blk_-6710278520007599935,"['bbb51b95', 'bbb51b95', 'bbb51b95', '3d91fa85', 'd38aa58d', '46003790', 'd38aa58d', '46003790', 'd38aa58d', '46003790', '5d5de21c', '5d5de21c', '5d5de21c']",Anomaly,13
blk_-6306131939582452396,"['bbb51b95', 'bbb51b95', '3d91fa85', 'bbb51b95', 'd38aa58d', '46003790', 'd38aa58d', '46003790', '5d5de21c', '5d5de21c', 'd38aa58d', '46003790', '5d5de21c']",Normal,13
blk_-9156885882020120324,"['bbb51b95', 'bbb51b95', '3d91fa85', 'bbb51b95', 'd38aa58d', '46003790', 'd38aa58d', '46003790', 'd38aa58d', '46003790', '5d5de21c', '5d5de21c', '5d5de21c', '32777b38', '32777b38', '32777b38']",Normal,16
blk_8850105819968430651,"['bbb51b95', '3d91fa85', 'bbb51b95', 'bbb51b95', 'd38aa58d', '46003790', '5d5de21c', 'd38aa58d', '46003790', 'd38aa58d', '46003790', '5d5de21c', '728076ac', '40651754', 'bbb51b95', '5d5de21c', '44614d71', '9c784e29', '5d5de21c', 'dba996ef', '4dec0816']",Anomaly,21
blk_9209337043266813528,"['bbb51b95', '3d91fa85', 'bbb51b95', 'bbb51b95', 'd38aa58d', 'd38aa58d', '46003790', '46003790', 'd38aa58d', '46003790', '5d5de21c', '5d5de21c', '5d5de21c']",Anomaly,13
blk_4215836631216284202,"['3d91fa85', 'bbb51b95', 'bbb51b95', 'bbb51b95', '5d5de21c', '5d5de21c', 'd38aa58d', '46003790', '46003790', 'd38aa58d', '46003790', '5d5de21c', 'd38aa58d']",Normal,13
blk_-7975016482305320202,"['bbb51b95', '3d91fa85', 'bbb51b95', 'bbb51b95', 'd38aa58d', '46003790', '5d5de21c', 'd38aa58d', '46003790', 'd38aa58d', '46003790', '5d5de21c', '5d5de21c']",Anomaly,13
blk_-9082684598885968763,"['bbb51b95', '3d91fa85', 'bbb51b95', 'bbb51b95', 'd38aa58d', '46003790', 'd38aa58d', '46003790', '5d5de21c', 'd38aa58d', '46003790', '5d5de21c', '5d5de21c']",Anomaly,13
blk_-5343858715596304385,"['bbb51b95', 'bbb51b95', 'bbb51b95', '3d91fa85', 'd38aa58d', '46003790', 'd38aa58d', '46003790', 'd38aa58d', '46003790', '5d5de21c', '5d5de21c', '5d5de21c', 'd63ef163', 'd63ef163', 'd63ef163', 'dba996ef', 'dba996ef', 'dba996ef']",Normal,19
blk_7424232033605318376,"['bbb51b95', '3d91fa85', 'bbb51b95', 'bbb51b95', 'd38aa58d', '46003790', 'd38aa58d', '46003790', 'd38aa58d', '46003790', '5d5de21c', '5d5de21c', '5d5de21c']",Normal,13
blk_2486178942380652748,"['3d91fa85', 'bbb51b95', 'bbb51b95', 'bbb51b95', '5d5de21c', '5d5de21c', 'd38aa58d', '46003790', 'd38aa58d', '46003790', 'd38aa58d', '46003790', '5d5de21c']",Anomaly,13
blk_-130189323976196117,"['3d91fa85', 'bbb51b95', 'bbb51b95', '5d5de21c', '5d5de21c', '5d5de21c', 'd38aa58d', '46003790', 'd38aa58d', '46003790', 'bbb51b95', 'd38aa58d', '46003790', '4dec0816']",Normal,14
blk_-7762039550360402299,"['3d91fa85', 'bbb51b95', 'bbb51b95', 'bbb51b95', 'd38aa58d', '46003790', 'd38aa58d', '46003790', 'd38aa58d', '46003790', '728076ac', '5d5de21c', '5d5de21c', 'bbb51b95', '40651754', '5d5de21c', '44614d71', '9c784e29', '5d5de21c', 'dba996ef', '4dec0816']",Anomaly,21
blk_5401247865257257178,"['3d91fa85', 'bbb51b95', 'bbb51b95', 'bbb51b95', '5d5de21c', '5d5de21c', '5d5de21c', 'd38aa58d', '46003790', 'd38aa58d', '46003790', 'd38aa58d', '46003790']",Normal,13
blk_2915634488231201881,"['3d91fa85', 'bbb51b95', 'bbb51b95', 'bbb51b95', '5d5de21c', '5d5de21c', '5d5de21c', 'd38aa58d', '46003790', 'd38aa58d', '46003790', 'd38aa58d', '46003790']",Normal,13
blk_-1706475075899716889,"['3d91fa85', 'bbb51b95', 'bbb51b95', 'bbb51b95', '5d5de21c', '5d5de21c', 'd38aa58d', '46003790', 'd38aa58d', '46003790', '5d5de21c', 'd38aa58d', '46003790']",Normal,13
blk_8522440494057928612,"['3d91fa85', 'bbb51b95', 'bbb51b95', 'bbb51b95', '5d5de21c', '5d5de21c', 'd38aa58d', '46003790', 'd38aa58d', '46003790', '5d5de21c', 'd38aa58d', '46003790', '32777b38']",Anomaly,14
blk_-5993112060514262430,"['3d91fa85', 'bbb51b95']",Anomaly,2
blk_-6024794091149862413,"['3d91fa85', 'bbb51b95', 'bbb51b95', 'bbb51b95', '5d5de21c', '5d5de21c', '5d5de21c', '46003790', '46003790', 'd38aa58d', '46003790', 'd38aa58d', 'd38aa58d', '32777b38', '32777b38', 'a333d363', '4dec0816', 'a333d363']",Normal,18
blk_-6105251183035278214,"['bbb51b95', 'bbb51b95', 'bbb51b95', '3d91fa85', 'd38aa58d', '46003790', 'd38aa58d', '46003790', 'd38aa58d', '46003790', '5d5de21c', '5d5de21c', '5d5de21c']",Normal,13
blk_271745319033279389,"['3d91fa85', 'bbb51b95', 'bbb51b95', 'bcc910df']",Anomaly,4
blk_1202710035399286300,"['bbb51b95', 'bbb51b95', '3d91fa85', 'bcc910df']",Anomaly,4
blk_-1684438862222855332,"['bbb51b95', 'bbb51b95', '3d91fa85', 'bbb51b95', 'd38aa58d', '46003790', 'd38aa58d', '46003790', 'd38aa58d', '46003790', '5d5de21c', '5d5de21c', '40651754', '728076ac', 'bbb51b95', '5d5de21c', '44614d71', '9c784e29', '5d5de21c', 'dba996ef', '4dec0816']",Anomaly,21
blk_7505495163819331501,"['bbb51b95', 'bbb51b95', 'bbb51b95', '3d91fa85', '5d5de21c', '5d5de21c', 'd38aa58d', '46003790', 'd38aa58d', '46003790', 'd38aa58d', '46003790', '5d5de21c']",Anomaly,13
blk_-1780565608686923167,"['3d91fa85', 'bbb51b95', 'bbb51b95', 'bcc910df']",Anomaly,4
blk_7191110655033817211,"['3d91fa85', 'bbb51b95', 'bbb51b95', 'bbb51b95', '5d5de21c', '5d5de21c', '5d5de21c', 'd38aa58d', '46003790', 'd38aa58d', '46003790', 'd38aa58d', '46003790']",Normal,13
blk_3571881076916459353,"['3d91fa85', 'bbb51b95', 'bbb51b95', 'bbb51b95', '5d5de21c', 'd38aa58d', '46003790', '5d5de21c', '5d5de21c', 'd38aa58d', '46003790', 'd38aa58d', '46003790']",Normal,13
blk_-2480612019307236259,"['3d91fa85', 'bbb51b95', 'bbb51b95', 'bcc910df']",Anomaly,4
blk_1387162371719476785,"['bbb51b95', 'bbb51b95', 'bbb51b95', '3d91fa85', 'd38aa58d', '46003790', 'd38aa58d', '46003790', 'd38aa58d', '46003790', '728076ac', '5d5de21c', '5d5de21c', '5d5de21c', '40651754', 'bbb51b95', '9c784e29', '44614d71', '5d5de21c', 'dba996ef', '4dec0816']",Anomaly,21
blk_8277429727722645510,"['3d91fa85', 'bbb51b95', 'bbb51b95', 'bbb51b95', '5d5de21c', '46003790', 'd38aa58d', '46003790', '5d5de21c', 'd38aa58d', '46003790', 'd38aa58d', '5d5de21c', '32777b38', '32777b38']",Anomaly,15
blk_-30639162771126691,"['3d91fa85', 'bbb51b95', 'bbb51b95', 'bcc910df']",Anomaly,4
blk_-4529940945997482737,"['3d91fa85', 'bbb51b95', 'bbb51b95', 'bbb51b95', '5d5de21c', '5d5de21c', '5d5de21c', 'd38aa58d', '46003790', 'd38aa58d', '46003790', 'd38aa58d', '46003790']",Normal,13
blk_8955999924171357790,"['bbb51b95', '3d91fa85', 'bbb51b95', 'bbb51b95', '5d5de21c', 'd38aa58d', '46003790', 'd38aa58d', '46003790', 'd38aa58d', '46003790', '5d5de21c', '5d5de21c']",Anomaly,13
blk_5802078870340405089,"['3d91fa85', 'bbb51b95', 'bbb51b95', 'bbb51b95', '5d5de21c', '5d5de21c', 'd38aa58d', '46003790', 'd38aa58d', '46003790', 'd38aa58d', '46003790', '5d5de21c', 'a333d363', '4dec0816', 'a333d363']",Anomaly,16
blk_3984550982366913425,"['bbb51b95', '3d91fa85', 'bbb51b95', 'bcc910df']",Anomaly,4
blk_5194926826751146390,"['3d91fa85', 'bbb51b95', 'bbb51b95', 'bbb51b95', '5d5de21c', '5d5de21c', '5d5de21c', 'd38aa58d', '46003790', 'd38aa58d', '46003790', 'd38aa58d', '46003790']",Anomaly,13
blk_-1794546949623629165,"['bbb51b95', '3d91fa85', 'bbb51b95', 'bbb51b95', 'd38aa58d', '46003790', 'd38aa58d', '46003790', 'd38aa58d', '46003790', '5d5de21c', '5d5de21c', '728076ac', '5d5de21c', '40651754', 'bbb51b95', '44614d71', '9c784e29', '5d5de21c', 'dba996ef', '4dec0816']",Anomaly,21
blk_3095688318654293724,"['3d91fa85', 'bbb51b95', 'bbb51b95', 'bbb51b95', 'd38aa58d', '46003790', 'd38aa58d', '46003790', 'd38aa58d', '46003790', '5d5de21c', '5d5de21c', '5d5de21c']",Normal,13
blk_-2038509417023637524,"['bbb51b95', '3d91fa85', 'bbb51b95', 'bbb51b95', 'd38aa58d', '46003790', 'd38aa58d', '46003790', '5d5de21c', '5d5de21c', 'd38aa58d', '46003790', '5d5de21c']",Normal,13
blk_-4545616840149886590,"['bbb51b95', 'bbb51b95', 'bbb51b95', '3d91fa85', 'd38aa58d', '46003790', 'd38aa58d', '46003790', 'd38aa58d', '46003790', '5d5de21c', '5d5de21c', '5d5de21c']",Anomaly,13
blk_2074917921153643480,"['bbb51b95', 'bbb51b95', '3d91fa85', 'bbb51b95', 'd38aa58d', '46003790', '46003790', 'd38aa58d', '46003790', '5d5de21c', 'd38aa58d', '5d5de21c', '5d5de21c']",Normal,13
blk_8948713223716586084,"['bbb51b95', '3d91fa85', 'bbb51b95', 'bbb51b95', 'd38aa58d', '46003790', 'd38aa58d', '46003790', 'd38aa58d', '46003790', '5d5de21c', '5d5de21c', '5d5de21c']",Anomaly,13
blk_5765723471134665907,"['bbb51b95', 'bbb51b95', '3d91fa85', 'bbb51b95', 'd38aa58d', '46003790', '5d5de21c', 'd38aa58d', '46003790', 'd38aa58d', '46003790', '5d5de21c', '5d5de21c']",Normal,13
blk_-2680639852352110443,"['bbb51b95', 'bbb51b95', '3d91fa85', 'bbb51b95', 'd38aa58d', '46003790', 'd38aa58d', '46003790', 'd38aa58d', '46003790', '5d5de21c', '5d5de21c', '5d5de21c']",Normal,13
blk_-3899282670580336902,"['bbb51b95', 'bbb51b95', '3d91fa85', 'bbb51b95', 'd38aa58d', '46003790', 'd38aa58d', '46003790', 'd38aa58d', '46003790', '5d5de21c', '5d5de21c', '5d5de21c', '32777b38', '32777b38']",Normal,15
blk_3503780130493702653,"['3d91fa85', 'bbb51b95', 'bbb51b95', 'bbb51b95', '5d5de21c', '5d5de21c', '5d5de21c', 'd38aa58d', '46003790', 'd38aa58d', '46003790', 'd38aa58d', '46003790']",Normal,13
blk_-1855524701460842554,"['bbb51b95', 'bbb51b95', '3d91fa85', 'bbb51b95', 'd38aa58d', '46003790', 'd38aa58d', '46003790', '5d5de21c', '5d5de21c', 'd38aa58d', '46003790', '5d5de21c']",Anomaly,13
blk_-8759022243803215668,"['3d91fa85', 'bbb51b95', 'bbb51b95', 'bbb51b95', '5d5de21c', '5d5de21c', '5d5de21c', 'd38aa58d', '46003790', 'd38aa58d', '46003790', 'd38aa58d', '46003790']",Normal,13
blk_-5457376922744231676,"['3d91fa85', 'bbb51b95', 'bbb51b95', 'bbb51b95', 'd38aa58d', '46003790', 'd38aa58d', '46003790', 'd38aa58d', '46003790', '5d5de21c', '5d5de21c', '5d5de21c']",Normal,13
blk_4170237169386628652,"['3d91fa85', 'bbb51b95', 'bbb51b95', 'bbb51b95', '5d5de21c', '5d5de21c', '5d5de21c', 'd38aa58d', 'd38aa58d', '46003790', '46003790', 'd38aa58d', '46003790']",Normal,13
blk_-2219986385659007103,"['3d91fa85', 'bbb51b95', 'bbb51b95', 'bbb51b95', '5d5de21c', '5d5de21c', '5d5de21c', 'd38aa58d', '46003790', 'd38aa58d', '46003790', 'd38aa58d', '46003790', 'a333d363', '4dec0816', 'a333d363']",Normal,16
blk_-2309900647143124161,"['bbb51b95', 'bbb51b95', 'bbb51b95', '3d91fa85', 'd38aa58d', '46003790', 'd38aa58d', '46003790', 'd38aa58d', '46003790', '5d5de21c', '5d5de21c', '5d5de21c', '32777b38', '32777b38', '32777b38']",Normal,16
blk_-5778075979750503079,"['bbb51b95', 'bbb51b95', 'bbb51b95', '3d91fa85', 'd38aa58d', '46003790', 'd38aa58d', '46003790', 'd38aa58d', '46003790', '5d5de21c', '5d5de21c', '5d5de21c', '4dec0816']",Normal,14
blk_8442774351562193140,"['bbb51b95', 'bbb51b95', 'bbb51b95', '3d91fa85', 'd38aa58d', '46003790', 'd38aa58d', '46003790', 'd38aa58d', '46003790', '5d5de21c', '5d5de21c', '5d5de21c']",Normal,13
blk_8495808766536448733,"['bbb51b95', 'bbb51b95', '3d91fa85', 'bbb51b95', 'd38aa58d', '46003790', 'd38aa58d', '46003790', 'd38aa58d', '46003790', '5d5de21c', '5d5de21c', '5d5de21c']",Normal,13
blk_4652230289194282092,"['bbb51b95', '3d91fa85', 'bbb51b95', 'bbb51b95', 'd38aa58d', '46003790', 'd38aa58d', '46003790', '5d5de21c', '5d5de21c', 'd38aa58d', '46003790', '5d5de21c']",Normal,13
blk_6856362563352016135,"['3d91fa85', 'bbb51b95', 'bbb51b95', 'bcc910df']",Anomaly,4
blk_8367369631761580197,"['3d91fa85', 'bbb51b95', 'bbb51b95', 'bbb51b95', '5d5de21c', 'd38aa58d', '46003790', '5d5de21c', '5d5de21c', 'd38aa58d', '46003790', 'd38aa58d', '46003790', 'a333d363']",Anomaly,14
blk_983309075304420343,"['3d91fa85', 'bbb51b95', 'bbb51b95', 'bbb51b95', '5d5de21c', '5d5de21c', 'd38aa58d', '46003790', 'd38aa58d', '46003790', 'd38aa58d', '46003790', '5d5de21c']",Normal,13
blk_3050134249169418639,"['bbb51b95', 'bbb51b95', '3d91fa85', 'bbb51b95', 'd38aa58d', '46003790', 'd38aa58d', '46003790', 'd38aa58d', '46003790', '5d5de21c', '5d5de21c', '728076ac', '5d5de21c', '40651754', '9c784e29', '44614d71', 'bbb51b95', '5d5de21c', 'dba996ef', '4dec0816']",Anomaly,21
blk_9131322749325367191,"['bbb51b95', 'bbb51b95', 'bbb51b95', '3d91fa85', 'd38aa58d', 'd38aa58d', '46003790', '46003790', 'd38aa58d', '46003790', '5d5de21c', '5d5de21c', '5d5de21c']",Anomaly,13
blk_8729768707867317330,"['3d91fa85', 'bbb51b95', 'bbb51b95', 'bbb51b95', '5d5de21c', '5d5de21c', '5d5de21c', 'd38aa58d', '46003790', 'd38aa58d', '46003790', 'd38aa58d', '46003790']",Anomaly,13
blk_4788228514760706265,"['bbb51b95', 'bbb51b95', '3d91fa85', 'bbb51b95', '0567184d', 'd38aa58d', '46003790', '0567184d', 'd38aa58d', '46003790', '0567184d', 'd38aa58d', '46003790', '5d5de21c', '5d5de21c', '5d5de21c', '4dec0816']",Anomaly,17
blk_3478486975035882142,"['3d91fa85', 'bbb51b95', 'bbb51b95', 'bbb51b95', '5d5de21c', '5d5de21c', 'd38aa58d', '46003790', 'd38aa58d', '46003790', '5d5de21c', 'd38aa58d', '46003790']",Anomaly,13
blk_-4042524783231775851,"['bbb51b95', 'bbb51b95', '3d91fa85', 'bcc910df']",Anomaly,4
blk_-1896392220407698382,"['bbb51b95', 'bbb51b95', 'bbb51b95', '3d91fa85', 'd38aa58d', '46003790', 'd38aa58d', '46003790', 'd38aa58d', '46003790', '5d5de21c', '5d5de21c', '5d5de21c']",Normal,13
blk_7231490463136154050,"['3d91fa85', 'bbb51b95']",Anomaly,2
blk_-6912844329441453361,"['bbb51b95', '3d91fa85']",Anomaly,2
blk_-7885578632457030803,"['bbb51b95', 'd38aa58d', '46003790', 'bbb51b95', 'd38aa58d', '46003790', 'bbb51b95', '5d5de21c', '5d5de21c', '5d5de21c', '3d91fa85', 'd38aa58d', '46003790', '4dec0816']",Anomaly,14
blk_-8057963870022677890,"['0567184d', 'bbb51b95', 'd38aa58d', '46003790', '0567184d', 'bbb51b95', 'd38aa58d', '46003790', '0567184d', 'bbb51b95', 'd38aa58d', '46003790', '5d5de21c', '5d5de21c', '5d5de21c', '3d91fa85', '4dec0816']",Anomaly,17
blk_-6704643650127122064,"['bbb51b95', 'bbb51b95', '3d91fa85', 'bbb51b95', 'd38aa58d', '46003790', 'd38aa58d', '46003790', '5d5de21c', 'd38aa58d', '46003790', '5d5de21c', '5d5de21c']",Normal,13
blk_3640100967125688321,"['bbb51b95', 'bbb51b95', '3d91fa85', 'bbb51b95', 'd38aa58d', '46003790', 'd38aa58d', '46003790', 'd38aa58d', '46003790', '5d5de21c', '5d5de21c', '5d5de21c', '32777b38', '32777b38', '32777b38', 'a333d363', 'a333d363', 'a333d363', 'a333d363', 'a333d363', 'a333d363', 'a333d363', 'a333d363', 'a333d363', 'a333d363', 'a333d363', '4dec0816', 'a333d363', 'a333d363', 'a333d363', 'a333d363']",Normal,32
blk_8176923210776035875,"['3d91fa85', 'bbb51b95', 'bbb51b95', 'bbb51b95', '5d5de21c', '5d5de21c', '5d5de21c', 'd38aa58d', '46003790', 'd38aa58d', '46003790', 'd38aa58d', '46003790']",Normal,13
blk_-205249393689319015,"['bbb51b95', '3d91fa85']",Anomaly,2
blk_8493572623810296338,"['bbb51b95', 'bbb51b95', 'bbb51b95', '3d91fa85', 'd38aa58d', '46003790', 'd38aa58d', '46003790', 'd38aa58d', '46003790', '5d5de21c', '5d5de21c', '5d5de21c']",Anomaly,13
blk_6338689099612909114,"['bbb51b95', '3d91fa85', 'bbb51b95', 'bcc910df']",Anomaly,4
blk_-294900996408581055,"['bbb51b95', '3d91fa85', 'bbb51b95', 'bbb51b95', 'd38aa58d', '46003790', 'd38aa58d', '46003790', 'd38aa58d', '46003790', '5d5de21c', '5d5de21c', '5d5de21c']",Normal,13
blk_8154351900434564923,"['bbb51b95', 'bbb51b95', '3d91fa85', 'bbb51b95', 'd38aa58d', '46003790', 'd38aa58d', '46003790', 'd38aa58d', '46003790', '5d5de21c', '5d5de21c', '5d5de21c']",Normal,13
blk_8420498381628853726,"['bbb51b95', 'bbb51b95', '3d91fa85', 'bbb51b95', 'd38aa58d', '46003790', 'd38aa58d', '46003790', 'd38aa58d', '46003790', '5d5de21c', '5d5de21c', '5d5de21c']",Normal,13
blk_-3078548199796505553,"['bbb51b95', '3d91fa85', 'bbb51b95', 'bbb51b95', 'd38aa58d', '46003790', 'd38aa58d', '46003790', 'd38aa58d', '46003790', '5d5de21c', '5d5de21c', '5d5de21c']",Normal,13
blk_5972760974375530027,"['3d91fa85', 'bbb51b95']",Anomaly,2
blk_2642213440481441118,"['bbb51b95', 'bbb51b95', 'bbb51b95', '3d91fa85', 'd38aa58d', '46003790', 'd38aa58d', '46003790', 'd38aa58d', '46003790', '5d5de21c', '5d5de21c', '5d5de21c']",Anomaly,13
blk_3276295400403160294,"['bbb51b95', 'bbb51b95', 'bbb51b95', '3d91fa85', 'd38aa58d', '46003790', 'd38aa58d', '46003790', 'd38aa58d', '46003790', '5d5de21c', '5d5de21c', '5d5de21c']",Normal,13
blk_-3637307580206535675,"['bbb51b95', 'bbb51b95', 'bbb51b95', '3d91fa85', 'd38aa58d', '46003790', 'd38aa58d', '46003790', '5d5de21c', '5d5de21c', 'd38aa58d', '46003790', '5d5de21c']",Normal,13
blk_-1521219624605054713,"['3d91fa85', 'bbb51b95', 'bbb51b95', 'bbb51b95', 'd38aa58d', '46003790', 'd38aa58d', '46003790', '5d5de21c', '5d5de21c', 'd38aa58d', '46003790', '5d5de21c', 'a333d363']",Normal,14
blk_-1601704801173768057,"['bbb51b95', 'bbb51b95', 'bbb51b95', '3d91fa85', 'd38aa58d', '46003790', 'd38aa58d', '46003790', 'd38aa58d', '46003790', '5d5de21c', '5d5de21c', '5d5de21c', '32777b38', '32777b38', 'a333d363', '4dec0816', 'a333d363']",Normal,18
blk_8148697241624229931,"['bbb51b95', 'bbb51b95', 'bbb51b95', '3d91fa85', 'd38aa58d', '46003790', 'd38aa58d', '46003790', 'd38aa58d', '46003790', '5d5de21c', '5d5de21c', '5d5de21c', '4dec0816']",Anomaly,14
blk_3924198601182087096,"['3d91fa85', 'bbb51b95', 'bbb51b95', 'bbb51b95', '5d5de21c', '5d5de21c', '5d5de21c', 'd38aa58d', '46003790', 'd38aa58d', '46003790', 'd38aa58d', '46003790']",Normal,13
blk_-1431314694912165119,"['3d91fa85', 'bbb51b95', 'bbb51b95', 'bbb51b95', '5d5de21c', '5d5de21c', '5d5de21c', 'd38aa58d', '46003790', 'd38aa58d', '46003790', 'd38aa58d', '46003790', '4dec0816']",Normal,14
blk_6762670663575127069,"['bbb51b95', '3d91fa85', 'bbb51b95', 'bbb51b95', 'd38aa58d', '46003790', 'd38aa58d', '46003790', '5d5de21c', '5d5de21c', 'd38aa58d', '46003790', '5d5de21c']",Normal,13
blk_4015955555587899114,"['bbb51b95', '3d91fa85']",Anomaly,2
blk_-5710757946562000080,"['bbb51b95', 'bbb51b95', '3d91fa85', 'bbb51b95', 'd38aa58d', '46003790', 'd38aa58d', '46003790', 'd38aa58d', '46003790', '5d5de21c', '5d5de21c', '5d5de21c']",Normal,13
blk_-7472366063508392591,"['3d91fa85', 'bbb51b95', 'bbb51b95', 'bbb51b95', '5d5de21c', '5d5de21c', 'd38aa58d', '46003790', '5d5de21c', 'd38aa58d', '46003790', 'd38aa58d', '46003790', '32777b38']",Normal,14
blk_4682079352953027867,"['3d91fa85', 'bbb51b95', 'bbb51b95', 'bbb51b95', 'd38aa58d', '46003790', 'd38aa58d', '46003790', 'd38aa58d', '46003790', '5d5de21c', '5d5de21c', '5d5de21c']",Anomaly,13
blk_-5315518810801308894,"['bbb51b95', 'bbb51b95', '3d91fa85', 'bbb51b95', 'd38aa58d', '46003790', 'd38aa58d', '46003790', 'd38aa58d', '46003790', '5d5de21c', '5d5de21c', 'c294d20f', '5d5de21c']",Anomaly,14
blk_3487794640353474247,"['3d91fa85', 'bbb51b95']",Anomaly,2
blk_8574135221556602405,"['bbb51b95', '3d91fa85', 'bbb51b95', 'bbb51b95', '5d5de21c', '5d5de21c', 'd38aa58d', '46003790', 'd38aa58d', '46003790', 'd38aa58d', '46003790', '5d5de21c', '32777b38', '32777b38']",Anomaly,15
blk_8261478329362189747,"['bbb51b95', '3d91fa85', 'bbb51b95', 'bbb51b95', 'd38aa58d', '46003790', '5d5de21c', 'd38aa58d', '46003790', 'd38aa58d', '46003790', '5d5de21c', 'c294d20f', '5d5de21c']",Anomaly,14
blk_-9031164655223473108,"['bbb51b95', 'bbb51b95', '3d91fa85', 'bbb51b95', 'd38aa58d', '46003790', 'd38aa58d', '46003790', 'd38aa58d', '46003790', '5d5de21c', '5d5de21c', '5d5de21c']",Anomaly,13
blk_404573286791525287,"['3d91fa85', 'bbb51b95', 'bbb51b95', 'bbb51b95', '5d5de21c', 'd38aa58d', '46003790', '5d5de21c', '5d5de21c', 'd38aa58d', '46003790', 'd38aa58d', '46003790']",Normal,13
blk_-784652232591926294,"['bbb51b95', '3d91fa85', 'bbb51b95', 'bbb51b95', 'd38aa58d', '46003790', '5d5de21c', '5d5de21c', '5d5de21c', 'd38aa58d', '46003790', 'd38aa58d', '46003790', 'a333d363', '4dec0816', 'a333d363']",Normal,16
blk_-4940740876319542002,"['3d91fa85', 'bbb51b95', 'bbb51b95', 'bbb51b95', 'd38aa58d', '46003790', 'd38aa58d', '46003790', 'd38aa58d', '46003790', '5d5de21c', '5d5de21c', '5d5de21c']",Normal,13
blk_8805610655338701577,"['bbb51b95', '3d91fa85', 'bbb51b95', 'bbb51b95', 'd38aa58d', '46003790', 'd38aa58d', '46003790', 'd38aa58d', '46003790', '5d5de21c', '5d5de21c', '5d5de21c']",Anomaly,13
blk_8480938949887470373,"['bbb51b95', 'bbb51b95', '3d91fa85', 'd38aa58d', '46003790', 'd38aa58d', '46003790', 'bbb51b95', 'd38aa58d', '46003790', '5d5de21c', '5d5de21c', '5d5de21c', '32777b38', '4dec0816']",Normal,15
blk_5621944039333389636,"['bbb51b95', 'bbb51b95', '3d91fa85', 'bbb51b95', 'd38aa58d', '46003790', 'd38aa58d', '46003790', 'd38aa58d', '46003790', '5d5de21c', '5d5de21c', '5d5de21c', '32777b38', '32777b38']",Normal,15
blk_8183815269486695335,"['bbb51b95', '3d91fa85', 'bbb51b95', 'bbb51b95', 'd38aa58d', '46003790', 'd38aa58d', '46003790', 'd38aa58d', '46003790', '5d5de21c', '5d5de21c', '5d5de21c', '32777b38', '32777b38', '32777b38', 'a333d363', 'a333d363', 'a333d363', 'a333d363', 'a333d363', 'a333d363', 'a333d363', 'a333d363', 'a333d363', 'a333d363']",Normal,26
blk_-2826643498307260611,"['3d91fa85', 'bbb51b95', 'bbb51b95', 'bbb51b95', 'd38aa58d', '46003790', 'd38aa58d', '46003790', '5d5de21c', '5d5de21c', '5d5de21c', 'd38aa58d', '46003790']",Normal,13
blk_-3741793846451724627,"['bbb51b95', 'bbb51b95', 'bbb51b95', '3d91fa85', 'd38aa58d', '46003790', 'd38aa58d', '46003790', 'd38aa58d', '46003790', '5d5de21c', '5d5de21c', '5d5de21c']",Normal,13
blk_4679276599528353148,"['bbb51b95', '3d91fa85', 'bbb51b95', 'bbb51b95', 'd38aa58d', '46003790', 'd38aa58d', '46003790', 'd38aa58d', '46003790', '5d5de21c', '5d5de21c', 'c294d20f', '5d5de21c']",Anomaly,14
blk_-5807456300674849904,"['bbb51b95', '3d91fa85']",Anomaly,2
blk_-4549181649782535739,"['bbb51b95', '3d91fa85']",Anomaly,2
blk_-104367349016411232,"['3d91fa85', 'bbb51b95', 'bbb51b95', 'bbb51b95', 'd38aa58d', '46003790', 'd38aa58d', '46003790', 'd38aa58d', '46003790', '5d5de21c', '5d5de21c', '5d5de21c']",Normal,13
blk_-6600099510070627826,"['3d91fa85', 'bbb51b95', 'bbb51b95', 'bbb51b95', '5d5de21c', '5d5de21c', 'd38aa58d', '46003790', 'd38aa58d', '46003790', 'd38aa58d', '46003790', '5d5de21c']",Normal,13
blk_5472965878248258832,"['3d91fa85', 'bbb51b95', 'bbb51b95', 'bbb51b95', '5d5de21c', '5d5de21c', 'd38aa58d', '46003790', 'd38aa58d', '46003790', 'd38aa58d', '46003790', '5d5de21c', 'a333d363', '4dec0816', 'a333d363']",Normal,16
blk_5403425751793937656,"['bbb51b95', '3d91fa85', 'bbb51b95', 'bbb51b95', 'd38aa58d', '46003790', 'd38aa58d', '46003790', '5d5de21c', 'd38aa58d', '46003790', '5d5de21c', '5d5de21c']",Normal,13
blk_7155265890973955317,"['3d91fa85', 'bbb51b95', 'bbb51b95', 'bbb51b95', '5d5de21c', 'd38aa58d', '46003790', '5d5de21c', '5d5de21c', 'd38aa58d', '46003790', 'd38aa58d', '46003790']",Normal,13
blk_-2373387387765082933,"['3d91fa85', 'bbb51b95']",Anomaly,2
blk_-2950663887493455200,"['bbb51b95', 'bbb51b95', 'bbb51b95', '3d91fa85', '5d5de21c', '728076ac', 'd38aa58d', '46003790', 'd38aa58d', '46003790', 'd38aa58d', '46003790', '5d5de21c', '5d5de21c', '40651754', '44614d71', 'bbb51b95', '9c784e29', '5d5de21c', 'dba996ef', '4dec0816']",Anomaly,21
blk_-4128039772379906447,"['bbb51b95', '3d91fa85', 'bbb51b95', 'bcc910df']",Anomaly,4
blk_1434310403093612171,"['bbb51b95', 'bbb51b95', '3d91fa85', 'bbb51b95', 'd38aa58d', '46003790', '5d5de21c', 'd38aa58d', '46003790', 'd38aa58d', '46003790', '5d5de21c', '5d5de21c']",Normal,13
blk_-5470799700094414672,"['bbb51b95', 'bbb51b95', 'bbb51b95', '3d91fa85', 'd38aa58d', '46003790', 'd38aa58d', '46003790', 'd38aa58d', '46003790', '5d5de21c', '5d5de21c', '5d5de21c']",Normal,13
blk_-3412339927828421344,"['bbb51b95', '3d91fa85']",Anomaly,2
blk_7247985612172454700,"['bbb51b95', '3d91fa85', 'bbb51b95', 'bbb51b95', 'd38aa58d', '46003790', 'd38aa58d', '46003790', 'd38aa58d', '46003790', '5d5de21c', '5d5de21c', '728076ac', '5d5de21c', '9c784e29', '44614d71', 'bbb51b95', '40651754', '5d5de21c', 'dba996ef', '4dec0816']",Anomaly,21
blk_3447884879668134874,"['3d91fa85', 'bbb51b95', 'bbb51b95', 'bcc910df']",Anomaly,4
blk_-7512229865885985259,"['bbb51b95', 'bbb51b95', '3d91fa85', 'bbb51b95', 'd38aa58d', '46003790', 'd38aa58d', '46003790', 'd38aa58d', '46003790', '5d5de21c', '5d5de21c', '5d5de21c']",Anomaly,13
blk_7253581105052474051,"['bbb51b95', 'bbb51b95', 'bbb51b95', '3d91fa85', 'd38aa58d', '46003790', 'd38aa58d', '46003790', 'd38aa58d', '46003790', '5d5de21c', '5d5de21c', '5d5de21c']",Normal,13
blk_6631352858457956363,"['3d91fa85', 'bbb51b95', 'bbb51b95', 'bbb51b95', '5d5de21c', '5d5de21c', '5d5de21c', 'd38aa58d', '46003790', 'd38aa58d', '46003790', 'd38aa58d', '46003790']",Anomaly,13
blk_2035360809852889117,"['bbb51b95', 'bbb51b95', 'bbb51b95', '3d91fa85', 'd38aa58d', '46003790', 'd38aa58d', '46003790', 'd38aa58d', '46003790', '5d5de21c', '5d5de21c', '5d5de21c', 'd63ef163', 'd63ef163', 'd63ef163', 'dba996ef', 'dba996ef', '2e68ccc3', 'dba996ef']",Anomaly,20
blk_4482384591869988128,"['bbb51b95', 'bbb51b95', 'bbb51b95', '3d91fa85', 'd38aa58d', '46003790', 'd38aa58d', '46003790', 'd38aa58d', '46003790', '5d5de21c', '5d5de21c', '5d5de21c']",Normal,13
blk_-3491891920384739314,"['3d91fa85', 'bbb51b95', 'bbb51b95', 'bbb51b95', '5d5de21c', '5d5de21c', 'd38aa58d', '46003790', 'd38aa58d', '46003790', 'd38aa58d', '46003790', 'c294d20f', '5d5de21c']",Anomaly,14
blk_-278831469744763909,"['bbb51b95', 'bbb51b95', 'bbb51b95', '3d91fa85', 'd38aa58d', '46003790', 'd38aa58d', '46003790', 'd38aa58d', '46003790', '5d5de21c', '5d5de21c', '5d5de21c']",Normal,13
blk_5103477236786232958,"['3d91fa85', 'bbb51b95', 'bbb51b95', 'bbb51b95', '5d5de21c', '5d5de21c', '5d5de21c', 'd38aa58d', '46003790', 'd38aa58d', '46003790', 'd38aa58d', '46003790']",Normal,13
blk_-8966202996565920700,"['3d91fa85', 'bbb51b95', 'bbb51b95', 'bbb51b95', 'd38aa58d', '46003790', 'd38aa58d', '46003790', 'd38aa58d', '46003790', '5d5de21c', '5d5de21c', '5d5de21c']",Normal,13
blk_2166735146257628930,"['3d91fa85', 'bbb51b95', 'bbb51b95', 'bbb51b95', '5d5de21c', '5d5de21c', '5d5de21c', 'd38aa58d', '46003790', 'd38aa58d', '46003790', 'd38aa58d', '46003790']",Anomaly,13
blk_4556171374767348067,"['bbb51b95', '3d91fa85', 'bbb51b95', 'bbb51b95', '5d5de21c', '5d5de21c', '5d5de21c', 'd38aa58d', 'd38aa58d', '46003790', '46003790', 'd38aa58d', '46003790']",Normal,13
blk_-1780058945067109714,"['3d91fa85', 'bbb51b95', 'bbb51b95', 'bbb51b95', '5d5de21c', '5d5de21c', '5d5de21c', 'd38aa58d', '46003790', 'd38aa58d', '46003790', 'd38aa58d', '46003790']",Normal,13
blk_7621437832633701631,"['3d91fa85', 'bbb51b95', 'bbb51b95', 'bbb51b95', '5d5de21c', '5d5de21c', '5d5de21c', '0567184d', 'd38aa58d', '46003790', '0567184d', 'd38aa58d', '46003790', '0567184d', 'd38aa58d', '46003790', '32777b38', '4dec0816']",Anomaly,18
blk_-5594292945695761497,"['bbb51b95', '3d91fa85', 'bbb51b95', 'bbb51b95', 'd38aa58d', '46003790', 'd38aa58d', '46003790', 'd38aa58d', '46003790', '5d5de21c', '5d5de21c', '5d5de21c', 'a333d363']",Normal,14
blk_-6213416666354064534,"['3d91fa85', 'bbb51b95', 'bbb51b95', 'bbb51b95', '5d5de21c', '5d5de21c', '5d5de21c', 'd38aa58d', '46003790', 'd38aa58d', 'd38aa58d', '46003790', '46003790', 'a333d363']",Normal,14
blk_9076591253727580376,"['3d91fa85', 'bbb51b95', 'bbb51b95', 'bbb51b95', '5d5de21c', 'd38aa58d', '46003790', '5d5de21c', '5d5de21c', 'd38aa58d', '46003790', 'd38aa58d', '46003790']",Anomaly,13
blk_-1719439931275176154,"['bbb51b95', '3d91fa85']",Anomaly,2
blk_-7861916367224365533,"['bbb51b95', 'bbb51b95', '3d91fa85', 'bbb51b95', 'd38aa58d', '46003790', 'd38aa58d', '46003790', 'd38aa58d', '46003790', '5d5de21c', '5d5de21c', '5d5de21c']",Normal,13
blk_4645495827985905669,"['bbb51b95', '3d91fa85', 'bbb51b95', 'bbb51b95', 'd38aa58d', '46003790', 'd38aa58d', '46003790', 'd38aa58d', '46003790', '5d5de21c', '5d5de21c', '5d5de21c']",Normal,13
blk_6505703663224043518,"['3d91fa85', 'bbb51b95']",Anomaly,2
blk_2075234716713999208,"['bbb51b95', 'bbb51b95', 'bbb51b95', '3d91fa85', 'd38aa58d', '46003790', 'd38aa58d', '46003790', 'd38aa58d', '46003790', '5d5de21c', '5d5de21c', '5d5de21c']",Anomaly,13
blk_6819965829765561280,"['bbb51b95', '3d91fa85', 'bbb51b95', 'bbb51b95', 'd38aa58d', '46003790', 'd38aa58d', '46003790', 'd38aa58d', '46003790', '5d5de21c', '5d5de21c', '5d5de21c']",Normal,13
blk_-7536911736241633768,"['bbb51b95', '3d91fa85', 'bbb51b95', 'bbb51b95', 'd38aa58d', '46003790', '5d5de21c', '5d5de21c', 'd38aa58d', '46003790', 'd38aa58d', '46003790', '5d5de21c']",Anomaly,13
blk_-1016473490558884482,"['3d91fa85', 'bbb51b95', 'bbb51b95', 'bbb51b95', '5d5de21c', '5d5de21c', 'd38aa58d', '46003790', 'd38aa58d', '46003790', 'd38aa58d', '46003790', '5d5de21c']",Normal,13
blk_-8502295418201312024,"['bbb51b95', 'bbb51b95', '3d91fa85', 'bbb51b95', 'd38aa58d', '46003790', '5d5de21c', 'd38aa58d', '46003790', 'd38aa58d', '46003790', '5d5de21c', '5d5de21c']",Anomaly,13
blk_6204620677966501143,"['bbb51b95', 'bbb51b95', '3d91fa85', 'bbb51b95', 'd38aa58d', '46003790', 'd38aa58d', '46003790', 'd38aa58d', '46003790', '5d5de21c', '5d5de21c', '5d5de21c']",Normal,13
blk_6462613229655665955,"['bbb51b95', '3d91fa85', 'bbb51b95', 'bbb51b95', 'd38aa58d', '46003790', 'd38aa58d', '46003790', 'd38aa58d', '46003790', '5d5de21c', '5d5de21c', '5d5de21c']",Anomaly,13
blk_-2706594854948731364,"['bbb51b95', 'bbb51b95', '3d91fa85', 'bbb51b95', 'd38aa58d', '46003790', 'd38aa58d', '46003790', 'd38aa58d', '46003790', '5d5de21c', '5d5de21c', '5d5de21c', 'a333d363', '4dec0816']",Normal,15
blk_9026395315887190620,"['3d91fa85', 'bbb51b95', 'bbb51b95', 'bbb51b95', '5d5de21c', 'd38aa58d', '46003790', '5d5de21c', '5d5de21c', 'd38aa58d', '46003790', 'd38aa58d', '46003790', '32777b38']",Anomaly,14
blk_-5100974979938443032,"['bbb51b95', 'bbb51b95', 'bbb51b95', '3d91fa85', 'd38aa58d', '46003790', 'd38aa58d', '46003790', 'd38aa58d', '46003790', '5d5de21c', '5d5de21c', '5d5de21c']",Normal,13
blk_-2927946361028790992,"['bbb51b95', '3d91fa85', 'bbb51b95', 'bbb51b95', '46003790', '5d5de21c', 'd38aa58d', '46003790', 'd38aa58d', '46003790', 'd38aa58d', '5d5de21c', '5d5de21c']",Normal,13
blk_-817740091286901751,"['bbb51b95', '3d91fa85', 'bbb51b95', 'bbb51b95', 'd38aa58d', '46003790', 'd38aa58d', '46003790', 'd38aa58d', '46003790', '5d5de21c', '5d5de21c', '5d5de21c']",Normal,13
blk_7905727618171505680,"['bbb51b95', 'bbb51b95', 'bbb51b95', '3d91fa85', 'd38aa58d', '46003790', 'd38aa58d', '46003790', '5d5de21c', '5d5de21c', 'd38aa58d', '46003790', '5d5de21c']",Anomaly,13
blk_-168385076290909261,"['bbb51b95', 'bbb51b95', '3d91fa85', 'bbb51b95', 'd38aa58d', '46003790', 'd38aa58d', '46003790', 'd38aa58d', '46003790', '5d5de21c', '5d5de21c', '5d5de21c']",Normal,13
blk_4989963103892918014,"['3d91fa85', 'bbb51b95', 'bbb51b95', 'bbb51b95', '5d5de21c', '5d5de21c', 'd38aa58d', '46003790', 'd38aa58d', '46003790', 'd38aa58d', '46003790', '5d5de21c', '32777b38']",Normal,14
blk_-6201818102883111491,"['bbb51b95', 'bbb51b95', 'bbb51b95', '3d91fa85', 'd38aa58d', '46003790', 'd38aa58d', '46003790', 'd38aa58d', '46003790', '5d5de21c', '5d5de21c', '5d5de21c']",Normal,13
blk_8233341598150801674,"['3d91fa85', 'bbb51b95', 'bbb51b95', 'bbb51b95', 'd38aa58d', '46003790', 'd38aa58d', '46003790', 'd38aa58d', '46003790', '5d5de21c', '5d5de21c', '5d5de21c']",Normal,13
blk_-1129265030799833673,"['3d91fa85', 'bbb51b95', 'bbb51b95', 'bbb51b95', '5d5de21c', '5d5de21c', '5d5de21c', 'd38aa58d', '46003790', 'd38aa58d', '46003790', 'd38aa58d', '46003790']",Normal,13
blk_-5395533680454739209,"['3d91fa85', 'bbb51b95', 'bbb51b95', 'bbb51b95', '5d5de21c', '5d5de21c', '5d5de21c', 'd38aa58d', '46003790', 'd38aa58d', '46003790', 'd38aa58d', '46003790']",Normal,13
blk_8367050868814263035,"['3d91fa85', 'bbb51b95', 'bbb51b95', 'bbb51b95', '5d5de21c', '5d5de21c', '5d5de21c', 'd38aa58d', '46003790', 'd38aa58d', '46003790', 'd38aa58d', '46003790', '32777b38']",Anomaly,14
blk_2032277326840431365,"['3d91fa85', 'bbb51b95']",Anomaly,2
blk_-7854206162767030463,"['3d91fa85', 'bbb51b95']",Anomaly,2
blk_8507612822578254621,"['3d91fa85', 'bbb51b95', 'bbb51b95', 'bbb51b95', '5d5de21c', '5d5de21c', 'd38aa58d', '46003790', 'd38aa58d', '46003790', 'd38aa58d', '46003790', '5d5de21c']",Anomaly,13
blk_6350348852614065100,"['bbb51b95', 'bbb51b95', 'bbb51b95', '3d91fa85', 'd38aa58d', '46003790', 'd38aa58d', '46003790', 'd38aa58d', '46003790', '5d5de21c', '5d5de21c', '5d5de21c']",Normal,13
blk_-399760593362696028,"['bbb51b95', '3d91fa85', 'bbb51b95', 'bbb51b95', '5d5de21c', '5d5de21c', 'd38aa58d', '46003790', '5d5de21c', 'd38aa58d', '46003790', 'd38aa58d', '46003790', 'a333d363', 'a333d363', '4dec0816']",Normal,16
blk_47374507035778158,"['bbb51b95', 'bbb51b95', 'bbb51b95', '3d91fa85', 'd38aa58d', '46003790', 'd38aa58d', '46003790', 'd38aa58d', '46003790', '5d5de21c', '5d5de21c', '5d5de21c']",Normal,13
blk_-1764172166120211589,"['bbb51b95', 'bbb51b95', '3d91fa85', 'bbb51b95', 'd38aa58d', '46003790', 'd38aa58d', '46003790', '5d5de21c', '5d5de21c', 'd38aa58d', '46003790', '5d5de21c', 'a333d363', '4dec0816']",Anomaly,15
blk_-4587217127237731914,"['3d91fa85', 'bbb51b95', 'bbb51b95', 'bbb51b95', '5d5de21c', '5d5de21c', 'd38aa58d', '46003790', 'd38aa58d', '46003790', '5d5de21c', 'd38aa58d', '46003790', 'a333d363', 'a333d363', '4dec0816']",Normal,16
blk_-6281153288821688209,"['3d91fa85', 'bbb51b95']",Anomaly,2
blk_6787272778292904665,"['bbb51b95', '3d91fa85', 'bbb51b95', 'bbb51b95', 'd38aa58d', 'd38aa58d', '46003790', '46003790', 'd38aa58d', '46003790', '5d5de21c', '5d5de21c', '728076ac', 'bbb51b95', '40651754', '5d5de21c', '44614d71', '9c784e29', '5d5de21c', 'dba996ef', '4dec0816']",Anomaly,21
blk_2303543732299027481,"['bbb51b95', '3d91fa85', 'bbb51b95', 'bbb51b95', '5d5de21c', 'd38aa58d', '46003790', 'd38aa58d', '46003790', 'd38aa58d', '46003790', '5d5de21c', '5d5de21c']",Normal,13
blk_8656120951764729146,"['bbb51b95', 'bbb51b95', 'bbb51b95', '3d91fa85', 'd38aa58d', '46003790', 'd38aa58d', '46003790', 'd38aa58d', '46003790', '5d5de21c', '5d5de21c', '5d5de21c']",Normal,13
blk_-3109781789702545199,"['bbb51b95', '3d91fa85', 'bbb51b95', 'bbb51b95', 'd38aa58d', '46003790', 'd38aa58d', '46003790', '5d5de21c', '5d5de21c', 'd38aa58d', '46003790', '5d5de21c']",Normal,13
blk_3301549634257264496,"['bbb51b95', '3d91fa85', 'bbb51b95', 'bbb51b95', 'd38aa58d', '46003790', 'd38aa58d', '46003790', 'd38aa58d', '46003790', '5d5de21c', '5d5de21c', '5d5de21c']",Normal,13
blk_-6025945827629850162,"['bbb51b95', '3d91fa85', 'bbb51b95', 'bbb51b95', 'd38aa58d', '46003790', 'd38aa58d', '46003790', 'd38aa58d', '46003790', '5d5de21c', '5d5de21c', '5d5de21c', '4dec0816']",Normal,14
blk_4861061999056718608,"['bbb51b95', 'bbb51b95', '3d91fa85', 'bcc910df']",Anomaly,4
blk_7409100024045179646,"['bbb51b95', '3d91fa85', 'bbb51b95', 'bbb51b95', 'd38aa58d', '46003790', 'd38aa58d', '46003790', 'd38aa58d', '46003790', '5d5de21c', '5d5de21c', '5d5de21c', '32777b38', '32777b38', 'a333d363', '4dec0816', 'a333d363']",Anomaly,18
blk_-8137778231832718377,"['3d91fa85', 'bbb51b95', 'bbb51b95', 'bcc910df']",Anomaly,4
blk_4591821085686901678,"['bbb51b95', '3d91fa85', 'bbb51b95', 'bbb51b95', 'd38aa58d', '46003790', 'd38aa58d', '46003790', 'd38aa58d', '46003790', '5d5de21c', '5d5de21c', '5d5de21c']",Normal,13
blk_7291718900030860847,"['3d91fa85', 'bbb51b95', 'bbb51b95', 'bbb51b95', '5d5de21c', '5d5de21c', 'd38aa58d', '46003790', 'd38aa58d', '46003790', '5d5de21c', 'd38aa58d', '46003790']",Normal,13
blk_1386583149926452937,"['bbb51b95', 'bbb51b95', '3d91fa85', 'bcc910df']",Anomaly,4
blk_2043907429419015375,"['3d91fa85', 'bbb51b95', 'bbb51b95', 'bbb51b95', '5d5de21c', '5d5de21c', '5d5de21c', 'd38aa58d', '46003790', 'd38aa58d', '46003790', 'd38aa58d', '46003790', '32777b38', '4dec0816']",Normal,15
blk_2627772507108787425,"['3d91fa85', 'bbb51b95', 'bbb51b95', 'bbb51b95', '5d5de21c', '5d5de21c', 'd38aa58d', 'd38aa58d', '46003790', '46003790', 'd38aa58d', '46003790', '5d5de21c']",Normal,13
blk_9119436228613123200,"['3d91fa85', 'bbb51b95', 'bbb51b95', 'bbb51b95', '5d5de21c', '5d5de21c', '5d5de21c', 'd38aa58d', '46003790', 'd38aa58d', '46003790', 'd38aa58d', '46003790', '32777b38']",Anomaly,14
blk_1671899527707815133,"['bbb51b95', '3d91fa85', 'bbb51b95', 'bbb51b95', 'd38aa58d', '46003790', 'd38aa58d', '46003790', 'd38aa58d', '46003790', '5d5de21c', '5d5de21c', '5d5de21c']",Normal,13
blk_2397087202942537962,"['bbb51b95', '3d91fa85', 'bbb51b95', 'bbb51b95', 'd38aa58d', '46003790', 'd38aa58d', '46003790', '5d5de21c', '5d5de21c', 'd38aa58d', '46003790', '5d5de21c']",Normal,13
blk_-6435860539009736046,"['3d91fa85', 'bbb51b95']",Anomaly,2
blk_-9025594092121146745,"['3d91fa85', 'bbb51b95', 'bbb51b95', 'bbb51b95', '5d5de21c', '5d5de21c', 'd38aa58d', '46003790', 'd38aa58d', '46003790', 'd38aa58d', '46003790', '5d5de21c', '4dec0816']",Normal,14
blk_-7113962640442318398,"['bbb51b95', 'bbb51b95', 'bbb51b95', '3d91fa85', 'd38aa58d', '46003790', 'd38aa58d', '46003790', 'd38aa58d', '46003790', '5d5de21c', '5d5de21c', '5d5de21c', '32777b38', '32777b38']",Normal,15
blk_4423128029576346005,"['3d91fa85', 'bbb51b95']",Anomaly,2
blk_-844983316140647702,"['bbb51b95', 'bbb51b95', '3d91fa85', 'bbb51b95', '5d5de21c', 'd38aa58d', '46003790', 'd38aa58d', '46003790', 'd38aa58d', '46003790', '5d5de21c', '5d5de21c', '32777b38']",Normal,14
blk_8658434578674775188,"['3d91fa85', 'bbb51b95', 'bbb51b95', 'bbb51b95', '5d5de21c', '46003790', 'd38aa58d', '46003790', '5d5de21c', '5d5de21c', 'd38aa58d', 'd38aa58d', '46003790', 'a333d363', '4dec0816', 'a333d363']",Normal,16
blk_-623600201039952055,"['bbb51b95', 'bbb51b95', 'bbb51b95', '3d91fa85', 'd38aa58d', '46003790', 'd38aa58d', '46003790', '5d5de21c', '5d5de21c', 'd38aa58d', '46003790', '5d5de21c']",Normal,13
blk_2392228824231959236,"['bbb51b95', '3d91fa85', 'bbb51b95', 'bcc910df']",Anomaly,4
blk_-4864702410114011381,"['3d91fa85', 'bbb51b95', 'bbb51b95', 'bbb51b95', '5d5de21c', '5d5de21c', '5d5de21c', 'd38aa58d', '46003790', 'd38aa58d', '46003790', 'd38aa58d', '46003790']",Normal,13
blk_-3105128302341984895,"['bbb51b95', '3d91fa85', 'bbb51b95', 'bbb51b95', 'd38aa58d', '46003790', 'd38aa58d', '46003790', 'd38aa58d', '46003790', '5d5de21c', '5d5de21c', '5d5de21c']",Normal,13
blk_801340127755846785,"['bbb51b95', 'bbb51b95', '3d91fa85', 'bcc910df']",Anomaly,4
blk_8426223118349452056,"['bbb51b95', 'bbb51b95', 'bbb51b95', '3d91fa85', 'd38aa58d', '46003790', 'd38aa58d', '46003790', 'd38aa58d', '46003790', '5d5de21c', '5d5de21c', '5d5de21c']",Anomaly,13
blk_2445399934794083798,"['3d91fa85', 'bbb51b95']",Anomaly,2
blk_7515954614007275829,"['bbb51b95', 'bbb51b95', 'bbb51b95', '3d91fa85', 'd38aa58d', '46003790', 'd38aa58d', '46003790', 'd38aa58d', '46003790', '5d5de21c', '5d5de21c', '5d5de21c', 'dba996ef', 'd63ef163', 'd63ef163', 'd63ef163', 'dba996ef', 'dba996ef']",Normal,19
blk_4589774882056031943,"['bbb51b95', 'bbb51b95', 'bbb51b95', '3d91fa85', 'd38aa58d', '46003790', 'd38aa58d', '46003790', 'd38aa58d', '46003790', '5d5de21c', '5d5de21c', '728076ac', '5d5de21c', '40651754', 'bbb51b95', '44614d71', '9c784e29', '5d5de21c', 'dba996ef', 'd63ef163', 'd63ef163', 'd63ef163', 'd63ef163', '2e68ccc3', 'dba996ef', 'dba996ef', 'dba996ef']",Anomaly,28
blk_8788754688695348102,"['3d91fa85', 'bbb51b95', 'bbb51b95', 'bbb51b95', '5d5de21c', '5d5de21c', '5d5de21c', 'd38aa58d', '46003790', 'd38aa58d', '46003790', 'd38aa58d', '46003790']",Anomaly,13
blk_3747851332507067524,"['bbb51b95', '3d91fa85', 'bbb51b95', 'bbb51b95', 'd38aa58d', '46003790', 'd38aa58d', '46003790', 'd38aa58d', '46003790', '5d5de21c', '5d5de21c', '5d5de21c', 'a333d363', 'a333d363', '4dec0816']",Normal,16
blk_-3428219600444290373,"['3d91fa85', 'bbb51b95', 'bbb51b95', 'bbb51b95', 'd38aa58d', '46003790', '5d5de21c', '5d5de21c', 'd38aa58d', '46003790', 'd38aa58d', '46003790', '5d5de21c', '32777b38']",Normal,14
blk_4125897641450165856,"['bbb51b95', 'bbb51b95', 'bbb51b95', '3d91fa85', 'd38aa58d', '46003790', 'd38aa58d', '46003790', 'd38aa58d', '46003790', '5d5de21c', '5d5de21c', '5d5de21c']",Normal,13
blk_-8071940586366367835,"['bbb51b95', '3d91fa85']",Anomaly,2
blk_4764362935321101162,"['3d91fa85', 'bbb51b95', 'bbb51b95', 'bcc910df']",Anomaly,4
blk_1145434794492159629,"['bbb51b95', 'bbb51b95', 'bbb51b95', '3d91fa85', 'd38aa58d', '46003790', 'd38aa58d', '46003790', 'd38aa58d', '46003790', '5d5de21c', '5d5de21c', '5d5de21c']",Anomaly,13
blk_9129497990145696927,"['3d91fa85', 'bbb51b95', 'bbb51b95', 'bbb51b95', '5d5de21c', '5d5de21c', '5d5de21c', 'd38aa58d', '46003790', 'd38aa58d', '46003790', 'd38aa58d', '46003790']",Anomaly,13
blk_-835924745794887657,"['bbb51b95', '3d91fa85', 'bbb51b95', 'bbb51b95', 'd38aa58d', '46003790', 'd38aa58d', 'd38aa58d', '46003790', '46003790', '5d5de21c', '5d5de21c', '5d5de21c']",Normal,13
blk_248353595812777801,"['bbb51b95', '3d91fa85', 'bbb51b95', 'bbb51b95', 'd38aa58d', 'd38aa58d', '46003790', '46003790', 'd38aa58d', '46003790', '5d5de21c', '5d5de21c', '5d5de21c']",Normal,13
blk_8147760587281949309,"['bbb51b95', 'bbb51b95', '3d91fa85', 'bcc910df']",Anomaly,4
blk_8672344672672069517,"['3d91fa85', 'bbb51b95', 'bbb51b95', 'bbb51b95', 'd38aa58d', '46003790', 'd38aa58d', '46003790', 'd38aa58d', '46003790', '5d5de21c', '5d5de21c', '5d5de21c', 'a333d363']",Anomaly,14
blk_3707548703317650926,"['bbb51b95', '3d91fa85', 'bbb51b95', 'bbb51b95', '0567184d', '0567184d', 'd38aa58d', '46003790', 'd38aa58d', '46003790', '0567184d', 'd38aa58d', '46003790', '5d5de21c', '5d5de21c', '5d5de21c', '4dec0816']",Anomaly,17
blk_7628590932128455253,"['3d91fa85', 'bbb51b95', 'bbb51b95', 'bbb51b95', 'd38aa58d', '46003790', '5d5de21c', 'd38aa58d', '46003790', 'd38aa58d', '46003790', '5d5de21c', '5d5de21c']",Normal,13
blk_1323762523280813732,"['bbb51b95', 'bbb51b95', 'bbb51b95', '3d91fa85', 'd38aa58d', '46003790', 'd38aa58d', '46003790', '5d5de21c', '5d5de21c', 'd38aa58d', '46003790', '5d5de21c']",Normal,13
blk_4690334040365639597,"['bbb51b95', 'bbb51b95', 'bbb51b95', '3d91fa85', 'd38aa58d', '46003790', 'd38aa58d', '46003790', 'd38aa58d', '46003790', '5d5de21c', '5d5de21c', '5d5de21c', 'd63ef163', 'd63ef163', 'd63ef163', 'dba996ef', 'dba996ef', 'dba996ef']",Normal,19
blk_2359729303219589536,"['3d91fa85', 'bbb51b95', 'bbb51b95', 'bbb51b95', '5d5de21c', '5d5de21c', '5d5de21c', 'd38aa58d', '46003790', 'd38aa58d', '46003790', 'd38aa58d', '46003790']",Normal,13
blk_-1425402927056112606,"['bbb51b95', '3d91fa85']",Anomaly,2
blk_853407874764231492,"['bbb51b95', '3d91fa85', 'bbb51b95', 'bcc910df']",Anomaly,4
blk_4271458269865190458,"['bbb51b95', 'bbb51b95', 'bbb51b95', '3d91fa85', 'd38aa58d', '46003790', 'd38aa58d', '46003790', 'd38aa58d', '46003790', '5d5de21c', '5d5de21c', '5d5de21c']",Normal,13
blk_-5800700353547170271,"['bbb51b95', 'bbb51b95', '3d91fa85', 'bbb51b95', 'd38aa58d', '46003790', 'd38aa58d', 'd38aa58d', '46003790', '46003790', '5d5de21c', '5d5de21c', '5d5de21c', '32777b38', '32777b38', '32777b38', 'a333d363', 'a333d363', 'a333d363', 'a333d363', 'a333d363', '4dec0816', 'a333d363', 'a333d363', 'a333d363', 'a333d363', 'a333d363', 'a333d363', 'a333d363', 'a333d363', 'a333d363', 'a333d363']",Normal,32
blk_-6789575384442844672,"['3d91fa85', 'bbb51b95', 'bbb51b95', 'bbb51b95', '5d5de21c', '5d5de21c', '5d5de21c', 'd38aa58d', '46003790', 'd38aa58d', '46003790', 'd38aa58d', '46003790']",Anomaly,13
blk_8909107483987085802,"['3d91fa85', 'bbb51b95', 'bbb51b95', 'bbb51b95', '5d5de21c', '5d5de21c', 'd38aa58d', '46003790', 'd38aa58d', '46003790', '5d5de21c', 'd38aa58d', '46003790']",Anomaly,13
blk_-5593238984399328291,"['3d91fa85', 'bbb51b95', 'bbb51b95', 'bbb51b95', '5d5de21c', '5d5de21c', '5d5de21c', 'd38aa58d', '46003790', 'd38aa58d', '46003790', 'd38aa58d', '46003790', '32777b38']",Normal,14
blk_9209601792193552865,"['bbb51b95', 'bbb51b95', '3d91fa85', 'bbb51b95', 'd38aa58d', '46003790', 'd38aa58d', '46003790', 'd38aa58d', '46003790', '5d5de21c', '5d5de21c', '5d5de21c']",Normal,13
blk_8185064880853243385,"['bbb51b95', '3d91fa85', 'bbb51b95', 'bbb51b95', 'd38aa58d', '46003790', 'd38aa58d', '46003790', 'd38aa58d', '46003790', '5d5de21c', '5d5de21c', '5d5de21c']",Anomaly,13
blk_8178350735925918359,"['bbb51b95', '3d91fa85', 'bbb51b95', 'bbb51b95', 'd38aa58d', '46003790', 'd38aa58d', '46003790', 'd38aa58d', '46003790', '5d5de21c', '5d5de21c', '5d5de21c', 'a333d363', '4dec0816']",Anomaly,15
blk_-1834874373809772413,"['bbb51b95', 'bbb51b95', 'bbb51b95', '3d91fa85', 'd38aa58d', '46003790', 'd38aa58d', '46003790', 'd38aa58d', '46003790', '5d5de21c', '5d5de21c', '5d5de21c', 'd63ef163', 'd63ef163', 'd63ef163', 'dba996ef', 'dba996ef', 'dba996ef', '2e68ccc3']",Anomaly,20
blk_4632418988225420161,"['bbb51b95', '3d91fa85']",Anomaly,2
blk_2884895895638896989,"['bbb51b95', '3d91fa85', 'bbb51b95', 'bbb51b95', '0567184d', 'd38aa58d', '46003790', '0567184d', '0567184d', 'd38aa58d', 'd38aa58d', '46003790', '46003790', '5d5de21c', '5d5de21c', '5d5de21c', '4dec0816']",Anomaly,17
blk_-5493834254028513821,"['bbb51b95', '3d91fa85', 'bbb51b95', 'bcc910df']",Anomaly,4
blk_8083837084595537307,"['3d91fa85', 'bbb51b95', 'bbb51b95', '5d5de21c', '5d5de21c', 'd38aa58d', '46003790', 'd38aa58d', '46003790', 'bbb51b95', 'd38aa58d', '46003790', '40651754', '728076ac', '5d5de21c', 'bbb51b95', '5d5de21c', '9c784e29', '44614d71', 'dba996ef', '4dec0816']",Anomaly,21
blk_-6607038392640385622,"['3d91fa85', 'bbb51b95', 'bbb51b95', 'bbb51b95', 'd38aa58d', '46003790', 'd38aa58d', '46003790', 'd38aa58d', '46003790', '5d5de21c', '5d5de21c', '5d5de21c', 'a333d363', '4dec0816']",Normal,15
blk_8560241403245707155,"['3d91fa85', 'bbb51b95', 'bbb51b95', 'bbb51b95', '5d5de21c', '5d5de21c', '5d5de21c', 'd38aa58d', '46003790', 'd38aa58d', '46003790', 'd38aa58d', '46003790', 'a333d363']",Anomaly,14
blk_3989461852804275208,"['bbb51b95', 'bbb51b95', '3d91fa85', 'bbb51b95', 'd38aa58d', '46003790', 'd38aa58d', '46003790', '5d5de21c', '5d5de21c', 'd38aa58d', '46003790', '5d5de21c']",Normal,13
blk_-7593343514267572796,"['3d91fa85', 'bbb51b95', 'bbb51b95', 'bbb51b95', '5d5de21c', '5d5de21c', 'd38aa58d', '46003790', 'd38aa58d', '46003790', 'd38aa58d', '46003790', '728076ac', '5d5de21c', '40651754', 'bbb51b95', '44614d71', '5d5de21c', '9c784e29', 'dba996ef', '4dec0816']",Anomaly,21
blk_9180507374006159983,"['3d91fa85', 'bbb51b95', 'bbb51b95', 'bbb51b95', '5d5de21c', '5d5de21c', 'd38aa58d', 'd38aa58d', '46003790', '46003790', 'd38aa58d', '46003790', '5d5de21c']",Normal,13
blk_-3384399261088030287,"['3d91fa85', 'bbb51b95', 'bbb51b95', 'bbb51b95', '5d5de21c', '5d5de21c', '5d5de21c', 'd38aa58d', '46003790', 'd38aa58d', '46003790', 'd38aa58d', '46003790']",Normal,13
blk_8240034805238412376,"['3d91fa85', 'bbb51b95', 'bbb51b95', 'bbb51b95', 'd38aa58d', '46003790', '5d5de21c', '5d5de21c', '5d5de21c', 'd38aa58d', '46003790', 'd38aa58d', '46003790', 'a333d363']",Anomaly,14
blk_-5434091827285625789,"['bbb51b95', 'bbb51b95', '3d91fa85', 'bbb51b95', '5d5de21c', 'd38aa58d', '46003790', 'd38aa58d', '46003790', 'd38aa58d', '46003790', '5d5de21c', '5d5de21c']",Normal,13
blk_7109184001366209945,"['bbb51b95', 'bbb51b95', '3d91fa85', 'bbb51b95', 'd38aa58d', '46003790', 'd38aa58d', '46003790', 'd38aa58d', '46003790', '5d5de21c', '5d5de21c', '5d5de21c']",Anomaly,13
blk_9125229960123824727,"['bbb51b95', 'bbb51b95', '3d91fa85', 'bbb51b95', 'd38aa58d', '46003790', 'd38aa58d', '46003790', 'd38aa58d', '46003790', '5d5de21c', '5d5de21c', '5d5de21c']",Anomaly,13
blk_-6855996938294508606,"['bbb51b95', 'bbb51b95', 'bbb51b95', '3d91fa85', 'd38aa58d', '46003790', 'd38aa58d', '46003790', 'd38aa58d', '46003790', '5d5de21c', '728076ac', '5d5de21c', '5d5de21c', '40651754', '9c784e29', 'bbb51b95', '44614d71', '5d5de21c', 'dba996ef', '4dec0816']",Anomaly,21
blk_8330478536110405061,"['3d91fa85', 'bbb51b95', 'bbb51b95', 'bbb51b95', '5d5de21c', '5d5de21c', '5d5de21c', 'd38aa58d', '46003790', 'd38aa58d', '46003790', 'd38aa58d', '46003790', 'a333d363', '4dec0816', 'a333d363']",Anomaly,16
blk_2173884131113691566,"['bbb51b95', 'bbb51b95', 'bbb51b95', '3d91fa85', 'd38aa58d', '46003790', 'd38aa58d', '46003790', 'd38aa58d', '46003790', '5d5de21c', '5d5de21c', '5d5de21c']",Normal,13
blk_5242795400745846279,"['3d91fa85', 'bbb51b95', 'bbb51b95', 'bbb51b95', '5d5de21c', '5d5de21c', '5d5de21c', 'd38aa58d', '46003790', 'd38aa58d', '46003790', 'd38aa58d', '46003790']",Normal,13
blk_8748609602444106276,"['3d91fa85', 'bbb51b95', 'bbb51b95', 'bbb51b95', '5d5de21c', '5d5de21c', 'd38aa58d', '46003790', 'd38aa58d', '46003790', 'd38aa58d', '46003790', '5d5de21c', 'a333d363']",Anomaly,14
blk_8925364256337411451,"['3d91fa85', 'bbb51b95', 'bbb51b95', 'bbb51b95', '5d5de21c', '5d5de21c', '5d5de21c', 'd38aa58d', '46003790', 'd38aa58d', '46003790', 'd38aa58d', '46003790']",Anomaly,13
blk_-8698567940572066677,"['bbb51b95', 'bbb51b95', '3d91fa85', 'bbb51b95', 'd38aa58d', '46003790', 'd38aa58d', '46003790', '5d5de21c', '5d5de21c', 'd38aa58d', '46003790', '5d5de21c']",Normal,13
blk_-631446428602356328,"['3d91fa85', 'bbb51b95', 'bbb51b95', 'bbb51b95', '5d5de21c', '5d5de21c', '5d5de21c', 'd38aa58d', '46003790', 'd38aa58d', '46003790', 'd38aa58d', '46003790', 'a333d363', '4dec0816', 'a333d363']",Normal,16
blk_6672131021065206997,"['bbb51b95', 'bbb51b95', 'bbb51b95', '3d91fa85', 'd38aa58d', '46003790', 'd38aa58d', '46003790', 'd38aa58d', '46003790', '40651754', '728076ac', '5d5de21c', '5d5de21c', '5d5de21c', '44614d71', 'bbb51b95', '9c784e29', '5d5de21c', 'dba996ef', '4dec0816']",Anomaly,21
blk_-4592845815401647391,"['bbb51b95', 'bbb51b95', '3d91fa85', 'bbb51b95', 'd38aa58d', 'd38aa58d', '46003790', '46003790', 'd38aa58d', '46003790', '5d5de21c', '5d5de21c', '5d5de21c']",Normal,13
blk_5467211672120810815,"['bbb51b95', '3d91fa85']",Anomaly,2
blk_-4565199988198030948,"['bbb51b95', '3d91fa85', 'bbb51b95', 'bbb51b95', 'd38aa58d', '46003790', 'd38aa58d', '46003790', 'd38aa58d', '46003790', '5d5de21c', '5d5de21c', '5d5de21c', '4dec0816']",Normal,14
blk_4791080641307529556,"['bbb51b95', '3d91fa85', 'bbb51b95', 'bbb51b95', 'd38aa58d', '46003790', 'd38aa58d', '46003790', 'd38aa58d', '46003790', '5d5de21c', '5d5de21c', '5d5de21c']",Normal,13
blk_-2159233187848063003,"['bbb51b95', '3d91fa85', 'bbb51b95', 'bbb51b95', 'd38aa58d', '46003790', '5d5de21c', 'd38aa58d', '46003790', 'd38aa58d', '46003790', '5d5de21c', '5d5de21c']",Normal,13
blk_8135292087230413975,"['bbb51b95', 'bbb51b95', 'bbb51b95', '3d91fa85', 'd38aa58d', 'd38aa58d', '46003790', '46003790', 'd38aa58d', '46003790', '5d5de21c', '5d5de21c', '5d5de21c', '32777b38', '32777b38', '32777b38', 'a333d363']",Anomaly,17
blk_-2119032759211852305,"['bbb51b95', '3d91fa85', 'bbb51b95', 'bbb51b95', 'd38aa58d', '46003790', 'd38aa58d', '46003790', 'd38aa58d', '46003790', '5d5de21c', '5d5de21c', '5d5de21c']",Normal,13
blk_5987720874681976782,"['bbb51b95', '3d91fa85', 'bbb51b95', 'bbb51b95', 'd38aa58d', '46003790', 'd38aa58d', '46003790', '5d5de21c', '5d5de21c', 'd38aa58d', '46003790', '5d5de21c']",Normal,13
blk_8234085482033448348,"['bbb51b95', 'bbb51b95', 'bbb51b95', '3d91fa85', 'd38aa58d', '46003790', 'd38aa58d', '46003790', 'd38aa58d', '46003790', '5d5de21c', '5d5de21c', '5d5de21c']",Anomaly,13
blk_-7293272073748314563,"['3d91fa85', 'bbb51b95', 'bbb51b95', 'bcc910df']",Anomaly,4
blk_-5410886886439711883,"['3d91fa85', 'bbb51b95', 'bbb51b95', 'bbb51b95', '40651754', '728076ac', '5d5de21c', '5d5de21c', '5d5de21c', 'd38aa58d', '46003790', 'd38aa58d', '46003790', 'd38aa58d', '46003790', '9c784e29', '44614d71', 'bbb51b95', '5d5de21c', 'dba996ef', '4dec0816']",Anomaly,21
blk_8337972792492393476,"['bbb51b95', 'bbb51b95', '3d91fa85', 'bbb51b95', 'd38aa58d', '46003790', 'd38aa58d', '46003790', 'd38aa58d', '46003790', '5d5de21c', '5d5de21c', '5d5de21c', 'a333d363']",Anomaly,14
blk_1337852386667789779,"['bbb51b95', 'bbb51b95', 'bbb51b95', '3d91fa85', 'd38aa58d', '46003790', 'd38aa58d', '46003790', 'd38aa58d', '46003790', '5d5de21c', '5d5de21c', '5d5de21c', 'd63ef163', 'd63ef163', 'd63ef163', 'dba996ef', 'dba996ef', 'dba996ef']",Normal,19
blk_6928302687180869917,"['bbb51b95', '3d91fa85', 'bbb51b95', 'd38aa58d', '46003790', 'd38aa58d', '46003790', 'bbb51b95', 'd38aa58d', '46003790', '5d5de21c', '5d5de21c', '5d5de21c', 'd63ef163', 'd63ef163', 'd63ef163', 'dba996ef', '2e68ccc3', 'dba996ef', 'dba996ef']",Anomaly,20
blk_-8415201427539044582,"['3d91fa85', 'bbb51b95', 'bbb51b95', 'bbb51b95', '5d5de21c', 'd38aa58d', '46003790', 'd38aa58d', '46003790', 'd38aa58d', '46003790', '5d5de21c', '5d5de21c']",Anomaly,13
blk_-2529369155679304908,"['bbb51b95', 'bbb51b95', '3d91fa85', 'bcc910df']",Anomaly,4
blk_8408125361497769001,"['bbb51b95', '3d91fa85', 'bbb51b95', 'bbb51b95', 'd38aa58d', '46003790', 'd38aa58d', '46003790', '5d5de21c', 'd38aa58d', '46003790', '5d5de21c', '5d5de21c']",Anomaly,13
blk_-8990396203057646559,"['3d91fa85', 'bbb51b95', 'bbb51b95', 'bbb51b95', '5d5de21c', 'd38aa58d', '46003790', 'd38aa58d', '46003790', '5d5de21c', 'd38aa58d', '46003790', '5d5de21c', 'c294d20f']",Anomaly,14
blk_7802813173111124958,"['bbb51b95', 'bbb51b95', 'bbb51b95', '3d91fa85', 'd38aa58d', '46003790', 'd38aa58d', '46003790', 'd38aa58d', '46003790', '5d5de21c', '5d5de21c', '5d5de21c', '4dec0816']",Anomaly,14
blk_7834522543694883059,"['3d91fa85', 'bbb51b95', 'bbb51b95', 'bbb51b95', '5d5de21c', '5d5de21c', '5d5de21c', 'd38aa58d', '46003790', 'd38aa58d', '46003790', 'd38aa58d', '46003790']",Anomaly,13
blk_5551779412633964223,"['bbb51b95', '3d91fa85', 'bbb51b95', 'bbb51b95', 'd38aa58d', '46003790', '5d5de21c', '46003790', 'd38aa58d', '46003790', 'd38aa58d', '5d5de21c', '5d5de21c', '4dec0816']",Normal,14
blk_1907193123990348590,"['3d91fa85', 'bbb51b95']",Anomaly,2
blk_-187450408457983598,"['3d91fa85', 'bbb51b95', 'bbb51b95', 'bbb51b95', '5d5de21c', '5d5de21c', '5d5de21c', 'd38aa58d', '46003790', 'd38aa58d', '46003790', 'd38aa58d', '46003790', '32777b38']",Normal,14
blk_-7107304215728057734,"['3d91fa85', 'bbb51b95', 'bbb51b95', 'bbb51b95', '0567184d', 'd38aa58d', '46003790', '728076ac', '5d5de21c', '5d5de21c', '0567184d', '0567184d', 'd38aa58d', 'd38aa58d', '46003790', '46003790', '5d5de21c', 'bbb51b95', '40651754', '44614d71', '5d5de21c', '9c784e29', 'dba996ef', '4dec0816']",Anomaly,24
blk_5099378819847245359,"['bbb51b95', 'bbb51b95', '3d91fa85', '0567184d', 'd38aa58d', '46003790', '0567184d', '0567184d', 'bbb51b95', 'd38aa58d', '46003790', 'd38aa58d', '46003790', '5d5de21c', '5d5de21c', '5d5de21c', '4dec0816']",Anomaly,17
blk_8579491952537803471,"['bbb51b95', 'bbb51b95', '3d91fa85', 'bbb51b95', 'd38aa58d', '46003790', 'd38aa58d', '46003790', '5d5de21c', '5d5de21c', 'd38aa58d', '46003790', '5d5de21c']",Anomaly,13
blk_-4534937866226273600,"['3d91fa85', 'bbb51b95', 'bbb51b95', 'bbb51b95', '5d5de21c', '5d5de21c', 'd38aa58d', '46003790', 'd38aa58d', '46003790', '5d5de21c', 'd38aa58d', '46003790']",Normal,13
blk_-287809183401037259,"['3d91fa85', 'bbb51b95', 'bbb51b95', 'bbb51b95', '5d5de21c', '5d5de21c', 'd38aa58d', '46003790', 'd38aa58d', '46003790', '5d5de21c', 'd38aa58d', '46003790']",Normal,13
blk_8472429604052262138,"['3d91fa85', 'bbb51b95', 'bbb51b95', 'bbb51b95', '46003790', 'd38aa58d', '46003790', '5d5de21c', '5d5de21c', '5d5de21c', 'd38aa58d', 'd38aa58d', '46003790']",Anomaly,13
blk_-5961664524545364090,"['bbb51b95', 'bbb51b95', '3d91fa85', 'bbb51b95', 'd38aa58d', '46003790', 'd38aa58d', '46003790', 'd38aa58d', '46003790', '5d5de21c', '5d5de21c', '5d5de21c']",Normal,13
blk_-4858448325693498693,"['bbb51b95', 'bbb51b95', '3d91fa85', 'bbb51b95', 'd38aa58d', '46003790', 'd38aa58d', '46003790', '5d5de21c', 'd38aa58d', '46003790', '5d5de21c', '5d5de21c']",Normal,13
blk_4642753685668112368,"['bbb51b95', '3d91fa85', 'bbb51b95', 'bbb51b95', 'd38aa58d', '46003790', 'd38aa58d', '46003790', '5d5de21c', '5d5de21c', 'd38aa58d', '46003790', '5d5de21c', 'a333d363']",Normal,14
blk_-4636159087827707811,"['3d91fa85', 'bbb51b95', 'bbb51b95', 'bbb51b95', 'd38aa58d', '46003790', '5d5de21c', '5d5de21c', 'd38aa58d', '46003790', 'd38aa58d', '46003790', '5d5de21c', 'a333d363', 'a333d363', '4dec0816']",Anomaly,16
blk_8708859294106086419,"['bbb51b95', 'bbb51b95', 'bbb51b95', '3d91fa85', 'd38aa58d', '46003790', 'd38aa58d', '46003790', 'd38aa58d', '46003790', '5d5de21c', '5d5de21c', '5d5de21c']",Anomaly,13
blk_7045522136141734107,"['3d91fa85', 'bbb51b95', 'bbb51b95', 'bbb51b95', '5d5de21c', '5d5de21c', '5d5de21c', 'd38aa58d', '46003790', 'd38aa58d', '46003790', 'd38aa58d', '46003790']",Anomaly,13
blk_9071771347098105771,"['bbb51b95', '3d91fa85', 'bbb51b95', 'bcc910df']",Anomaly,4
blk_-5917814347183484793,"['bbb51b95', '3d91fa85', 'bbb51b95', 'bbb51b95', 'd38aa58d', '46003790', 'd38aa58d', '46003790', '5d5de21c', 'd38aa58d', '46003790', '5d5de21c', '5d5de21c', '32777b38', '32777b38']",Normal,15
blk_4189243720087633513,"['bbb51b95', 'bbb51b95', '3d91fa85', 'bbb51b95', 'd38aa58d', '46003790', 'd38aa58d', '46003790', 'd38aa58d', '46003790', '5d5de21c', '5d5de21c', '5d5de21c', '4dec0816']",Normal,14
blk_2642011070277605631,"['bbb51b95', 'bbb51b95', 'bbb51b95', '3d91fa85', 'd38aa58d', '46003790', 'd38aa58d', '46003790', 'd38aa58d', '46003790', '5d5de21c', '5d5de21c', '5d5de21c']",Normal,13
blk_-3189047652202577906,"['bbb51b95', '3d91fa85', 'bbb51b95', 'bbb51b95', 'd38aa58d', '46003790', '5d5de21c', 'd38aa58d', '46003790', 'd38aa58d', '46003790', '5d5de21c', '5d5de21c']",Normal,13
blk_-6067429461406356955,"['bbb51b95', 'bbb51b95', 'bbb51b95', '3d91fa85', 'd38aa58d', '46003790', 'd38aa58d', '46003790', 'd38aa58d', '46003790', '5d5de21c', '5d5de21c', '5d5de21c', 'd63ef163', 'd63ef163', 'd63ef163', 'dba996ef', 'dba996ef', 'dba996ef', '2e68ccc3']",Anomaly,20
blk_439270726897024228,"['bbb51b95', 'bbb51b95', '3d91fa85', 'bbb51b95', 'd38aa58d', '46003790', 'd38aa58d', '46003790', 'd38aa58d', '46003790', '5d5de21c', '5d5de21c', '5d5de21c']",Normal,13
blk_7976374953602198954,"['3d91fa85', 'bbb51b95', 'bbb51b95', 'bcc910df']",Anomaly,4
blk_8222688825752575045,"['3d91fa85', 'bbb51b95', 'bbb51b95', 'bbb51b95', '5d5de21c', '5d5de21c', 'd38aa58d', '46003790', 'd38aa58d', '46003790', 'd38aa58d', '46003790', '5d5de21c']",Anomaly,13
blk_-6859485770938865133,"['bbb51b95', 'bbb51b95', '3d91fa85', 'bbb51b95', 'd38aa58d', '46003790', 'd38aa58d', '46003790', '5d5de21c', '5d5de21c', 'd38aa58d', '46003790', '5d5de21c']",Anomaly,13
blk_-1105442513535913594,"['bbb51b95', 'bbb51b95', '3d91fa85', 'bbb51b95', 'd38aa58d', '46003790', 'd38aa58d', '46003790', 'd38aa58d', '46003790', '5d5de21c', '5d5de21c', '5d5de21c']",Normal,13
blk_-8818836468975795986,"['3d91fa85', 'bbb51b95', 'bbb51b95', 'bcc910df']",Anomaly,4
blk_6600353334007795991,"['bbb51b95', 'bbb51b95', '3d91fa85', 'bbb51b95', 'd38aa58d', '46003790', '5d5de21c', 'd38aa58d', '46003790', 'd38aa58d', '46003790', '5d5de21c', '5d5de21c']",Normal,13
blk_-6605852171269840414,"['3d91fa85', 'bbb51b95', 'bbb51b95', 'bbb51b95', '5d5de21c', '5d5de21c', 'd38aa58d', '46003790', 'd38aa58d', '46003790', '5d5de21c', 'd38aa58d', '46003790']",Normal,13
blk_-6652848916872735939,"['3d91fa85', 'bbb51b95', 'bbb51b95', 'bcc910df']",Anomaly,4
blk_2233184819702614935,"['bbb51b95', 'bbb51b95', 'bbb51b95', '3d91fa85', 'd38aa58d', '46003790', 'd38aa58d', '46003790', 'd38aa58d', '46003790', '5d5de21c', '5d5de21c', '5d5de21c', 'd63ef163', 'd63ef163', 'd63ef163', 'dba996ef', 'dba996ef', 'dba996ef']",Normal,19
blk_-9039341422854012769,"['3d91fa85', 'bbb51b95', 'bbb51b95', 'bbb51b95', 'd38aa58d', '46003790', 'd38aa58d', '46003790', 'd38aa58d', '46003790', '5d5de21c', '5d5de21c', '5d5de21c', 'a333d363']",Normal,14
blk_8684353274426756417,"['bbb51b95', 'bbb51b95', 'bbb51b95', '3d91fa85', 'd38aa58d', '46003790', 'd38aa58d', '46003790', '5d5de21c', '5d5de21c', 'd38aa58d', '46003790', '5d5de21c']",Anomaly,13
blk_9201186293149821635,"['bbb51b95', 'bbb51b95', 'bbb51b95', '3d91fa85', 'd38aa58d', '46003790', '46003790', 'd38aa58d', '46003790', 'd38aa58d', '5d5de21c', '5d5de21c', '5d5de21c', 'a333d363']",Anomaly,14
blk_-7860353828920515616,"['3d91fa85', 'bbb51b95', 'bbb51b95', 'bcc910df']",Anomaly,4
blk_8817816844315170010,"['bbb51b95', '3d91fa85']",Anomaly,2
blk_7648436334209344608,"['3d91fa85', 'bbb51b95', 'bbb51b95', 'bcc910df']",Anomaly,4
blk_-9068554980968234355,"['bbb51b95', '3d91fa85', 'bbb51b95', 'bbb51b95', 'd38aa58d', '46003790', 'd38aa58d', '46003790', 'd38aa58d', '46003790', '5d5de21c', '5d5de21c', '5d5de21c']",Normal,13
blk_-6684976192663192400,"['bbb51b95', 'bbb51b95', '3d91fa85', 'bcc910df']",Anomaly,4
blk_6786728593427031683,"['3d91fa85', 'bbb51b95', 'bbb51b95', 'bbb51b95', 'd38aa58d', '46003790', '46003790', '5d5de21c', 'd38aa58d', '5d5de21c', 'd38aa58d', '46003790', '5d5de21c', '32777b38']",Normal,14
blk_3225441460842908124,"['bbb51b95', 'bbb51b95', 'bbb51b95', '3d91fa85', 'd38aa58d', '46003790', 'd38aa58d', '46003790', 'd38aa58d', '46003790', '5d5de21c', '5d5de21c', '5d5de21c', 'd63ef163', 'd63ef163', 'd63ef163', 'dba996ef', 'dba996ef', 'dba996ef']",Normal,19
blk_-266536241831135283,"['bbb51b95', 'bbb51b95', 'bbb51b95', '3d91fa85', '5d5de21c', 'd38aa58d', '46003790', 'd38aa58d', '46003790', '5d5de21c', 'd38aa58d', '46003790', '5d5de21c']",Normal,13
blk_-492808947875230944,"['bbb51b95', 'bbb51b95', '3d91fa85', 'bbb51b95', 'd38aa58d', '46003790', 'd38aa58d', '46003790', '5d5de21c', '5d5de21c', 'd38aa58d', '46003790', '5d5de21c']",Anomaly,13
blk_-7995923271031200799,"['bbb51b95', '3d91fa85']",Anomaly,2
blk_9207848331571087403,"['3d91fa85', 'bbb51b95', 'bbb51b95', 'bbb51b95', '5d5de21c', '5d5de21c', 'd38aa58d', '46003790', 'd38aa58d', '46003790', 'd38aa58d', '46003790', '5d5de21c', 'a333d363', 'a333d363', '4dec0816']",Anomaly,16
blk_8765601758654707054,"['bbb51b95', '3d91fa85', 'bbb51b95', 'bbb51b95', 'd38aa58d', '46003790', 'd38aa58d', '46003790', 'd38aa58d', '46003790', '5d5de21c', '5d5de21c', '5d5de21c']",Anomaly,13
blk_7200868563445083300,"['bbb51b95', '3d91fa85']",Anomaly,2
blk_-9108242953885211417,"['3d91fa85', 'bbb51b95', 'bbb51b95', 'bbb51b95', '5d5de21c', '5d5de21c', 'd38aa58d', '46003790', 'd38aa58d', '46003790', '5d5de21c', 'd38aa58d', '46003790', 'a333d363', 'a333d363']",Normal,15
blk_5608713627469045317,"['bbb51b95', 'bbb51b95', '3d91fa85', 'bbb51b95', 'd38aa58d', '46003790', 'd38aa58d', '46003790', '5d5de21c', '5d5de21c', 'd38aa58d', '46003790', '5d5de21c']",Normal,13
blk_-348960748199812707,"['3d91fa85', 'bbb51b95', 'bbb51b95', 'bbb51b95', '5d5de21c', '46003790', '5d5de21c', '5d5de21c', 'd38aa58d', 'd38aa58d', '46003790', 'd38aa58d', '46003790']",Normal,13
blk_9097589278338830437,"['3d91fa85', 'bbb51b95', 'bbb51b95', 'bbb51b95', '5d5de21c', '5d5de21c', 'd38aa58d', '46003790', 'd38aa58d', '46003790', '5d5de21c', 'd38aa58d', '46003790']",Anomaly,13
blk_7070018214417320584,"['bbb51b95', '3d91fa85', 'bbb51b95', 'bbb51b95', 'd38aa58d', '46003790', 'd38aa58d', '46003790', 'd38aa58d', '46003790', '5d5de21c', '5d5de21c', '5d5de21c', 'd63ef163', 'd63ef163', 'd63ef163', 'dba996ef', '2e68ccc3', 'dba996ef', 'dba996ef']",Anomaly,20
blk_9151083662936476325,"['bbb51b95', '3d91fa85', 'bbb51b95', 'bbb51b95', 'd38aa58d', '46003790', 'd38aa58d', '46003790', 'd38aa58d', '46003790', '5d5de21c', '5d5de21c', '5d5de21c', 'a333d363', '4dec0816']",Anomaly,15
blk_5150876390492962233,"['bbb51b95', '3d91fa85', 'bbb51b95', 'bcc910df']",Anomaly,4
blk_4531465054904705519,"['bbb51b95', '3d91fa85', 'bbb51b95', 'bbb51b95', 'd38aa58d', '46003790', 'd38aa58d', '46003790', 'd38aa58d', '46003790', '5d5de21c', '5d5de21c', '5d5de21c', '4dec0816']",Normal,14
blk_3098668539533169503,"['bbb51b95', 'bbb51b95', 'bbb51b95', '3d91fa85', 'd38aa58d', '46003790', '5d5de21c', 'd38aa58d', '46003790', 'd38aa58d', '46003790', '5d5de21c', '5d5de21c']",Normal,13
blk_-2863893897317840282,"['bbb51b95', '3d91fa85', 'bbb51b95', 'bbb51b95', 'd38aa58d', '46003790', 'd38aa58d', '46003790', 'd38aa58d', '46003790', '5d5de21c', '5d5de21c', '5d5de21c']",Normal,13
blk_8545246617744620394,"['bbb51b95', 'bbb51b95', '3d91fa85', 'bbb51b95', 'd38aa58d', 'd38aa58d', '46003790', '46003790', 'd38aa58d', '46003790', '5d5de21c', '5d5de21c', '5d5de21c']",Normal,13
blk_-3742939278604807683,"['3d91fa85', 'bbb51b95', 'bbb51b95', 'bbb51b95', 'd38aa58d', '46003790', 'd38aa58d', '46003790', 'd38aa58d', '46003790', '5d5de21c', '5d5de21c', '5d5de21c']",Normal,13
blk_6221967779658373168,"['bbb51b95', '3d91fa85']",Anomaly,2
blk_6537394575453502797,"['3d91fa85', 'bbb51b95']",Anomaly,2
blk_7639881814404782002,"['bbb51b95', 'bbb51b95', 'bbb51b95', '3d91fa85', 'd38aa58d', '46003790', 'd38aa58d', '46003790', 'd38aa58d', '46003790', '5d5de21c', '5d5de21c', '5d5de21c']",Normal,13
blk_7875346480461163140,"['bbb51b95', 'bbb51b95', 'bbb51b95', '3d91fa85', 'd38aa58d', '46003790', 'd38aa58d', '46003790', 'd38aa58d', '46003790', '5d5de21c', '5d5de21c', '5d5de21c']",Anomaly,13
blk_-4452949782922785555,"['bbb51b95', 'bbb51b95', '3d91fa85', 'bbb51b95', 'd38aa58d', '46003790', 'd38aa58d', '46003790', 'd38aa58d', '46003790', '5d5de21c', '5d5de21c', '5d5de21c']",Normal,13
blk_-6810925524100722920,"['3d91fa85', 'bbb51b95', 'bbb51b95', 'bbb51b95', '5d5de21c', '5d5de21c', '5d5de21c', 'd38aa58d', '46003790', 'd38aa58d', '46003790', 'd38aa58d', '46003790']",Anomaly,13
blk_5263766244365681610,"['bbb51b95', 'bbb51b95', '3d91fa85', 'bbb51b95', 'd38aa58d', '46003790', 'd38aa58d', '46003790', '5d5de21c', '5d5de21c', 'd38aa58d', '46003790', '5d5de21c']",Normal,13
blk_-4486932485560471782,"['bbb51b95', 'bbb51b95', 'bbb51b95', '3d91fa85', '46003790', 'd38aa58d', '46003790', '5d5de21c', '5d5de21c', 'd38aa58d', 'd38aa58d', '46003790', '5d5de21c']",Normal,13
blk_8656693411479812246,"['bbb51b95', 'bbb51b95', 'bbb51b95', '3d91fa85', 'd38aa58d', '46003790', 'd38aa58d', '46003790', 'd38aa58d', '46003790', '5d5de21c', '5d5de21c', '5d5de21c', 'a333d363']",Normal,14
blk_-6655426968689301645,"['3d91fa85', 'bbb51b95', 'bbb51b95', 'bbb51b95', '5d5de21c', '5d5de21c', '5d5de21c', 'd38aa58d', '46003790', 'd38aa58d', '46003790', 'd38aa58d', '46003790', '4dec0816']",Normal,14
blk_-8162772572683024146,"['3d91fa85', 'bbb51b95', 'bbb51b95', 'bbb51b95', '5d5de21c', '5d5de21c', '5d5de21c', 'd38aa58d', '46003790', 'd38aa58d', '46003790', 'd38aa58d', '46003790']",Normal,13
blk_-6993602426596288166,"['3d91fa85', 'bbb51b95', 'bbb51b95', 'bbb51b95', '5d5de21c', '5d5de21c', 'd38aa58d', '46003790', '5d5de21c', 'd38aa58d', '46003790', 'd38aa58d', '46003790']",Normal,13
blk_-3131223429793769869,"['bbb51b95', 'bbb51b95', '3d91fa85', 'bbb51b95', '5d5de21c', '5d5de21c', '5d5de21c', 'd38aa58d', '46003790', 'd38aa58d', '46003790', 'd38aa58d', '46003790']",Normal,13
blk_648241283476405437,"['3d91fa85', 'bbb51b95', 'bbb51b95', 'bbb51b95', '5d5de21c', '5d5de21c', '5d5de21c', 'd38aa58d', '46003790', 'd38aa58d', '46003790', 'd38aa58d', '46003790', '32777b38']",Normal,14
blk_-918874308337576750,"['bbb51b95', '3d91fa85', 'bbb51b95', 'bbb51b95', 'd38aa58d', '46003790', 'd38aa58d', '46003790', 'd38aa58d', '46003790', '5d5de21c', '5d5de21c', '5d5de21c']",Normal,13
blk_26775638343638960,"['3d91fa85', 'bbb51b95', 'bbb51b95', 'bcc910df']",Anomaly,4
blk_-4719142843284287968,"['bbb51b95', 'bbb51b95', '3d91fa85', 'bcc910df']",Anomaly,4
blk_-424262862134414725,"['bbb51b95', '3d91fa85', 'bbb51b95', 'bbb51b95', 'd38aa58d', '46003790', 'd38aa58d', '46003790', 'd38aa58d', '46003790', '5d5de21c', '5d5de21c', '5d5de21c']",Anomaly,13
blk_8165490604725507886,"['3d91fa85', 'bbb51b95', 'bbb51b95', 'bbb51b95', '5d5de21c', '5d5de21c', '5d5de21c', 'd38aa58d', '46003790', 'd38aa58d', '46003790', 'd38aa58d', '46003790']",Anomaly,13
blk_8602449196142999271,"['bbb51b95', '3d91fa85', 'bbb51b95', 'bbb51b95', 'd38aa58d', '46003790', 'd38aa58d', '46003790', 'd38aa58d', '46003790', '5d5de21c', '5d5de21c', '5d5de21c']",Anomaly,13
blk_-2395707772874310912,"['bbb51b95', 'bbb51b95', '3d91fa85', 'bbb51b95', 'd38aa58d', '46003790', 'd38aa58d', '46003790', '5d5de21c', '5d5de21c', 'd38aa58d', '46003790', '5d5de21c']",Normal,13
blk_-1968007884603578540,"['3d91fa85', 'bbb51b95', 'bbb51b95', 'bbb51b95', '5d5de21c', '5d5de21c', '5d5de21c', 'd38aa58d', '46003790', 'd38aa58d', '46003790', 'd38aa58d', '46003790']",Anomaly,13
blk_-2735409763413811688,"['3d91fa85', 'bbb51b95', 'bbb51b95', 'bbb51b95', '5d5de21c', 'd38aa58d', '46003790', 'd38aa58d', '46003790', '5d5de21c', '5d5de21c', 'd38aa58d', '46003790', '32777b38']",Normal,14
blk_8945045932207269665,"['3d91fa85', 'bbb51b95', 'bbb51b95', 'bbb51b95', '5d5de21c', '5d5de21c', 'd38aa58d', '46003790', 'd38aa58d', '46003790', 'd38aa58d', '46003790', '5d5de21c']",Anomaly,13
blk_7471375420030602627,"['bbb51b95', 'bbb51b95', '3d91fa85', 'bbb51b95', 'd38aa58d', '46003790', 'd38aa58d', '46003790', 'd38aa58d', '46003790', '5d5de21c', '5d5de21c', '5d5de21c']",Anomaly,13
blk_4085933465992995945,"['3d91fa85', 'bbb51b95', 'bbb51b95', 'bcc910df']",Anomaly,4
blk_3093127367153705019,"['3d91fa85', 'bbb51b95', 'bbb51b95', 'bbb51b95', '5d5de21c', '5d5de21c', '5d5de21c', 'd38aa58d', '46003790', 'd38aa58d', '46003790', 'd38aa58d', '46003790', '32777b38']",Anomaly,14
blk_8980001368309942652,"['bbb51b95', 'bbb51b95', '3d91fa85', 'bbb51b95', 'd38aa58d', '46003790', 'd38aa58d', '46003790', 'd38aa58d', '46003790', '5d5de21c', '5d5de21c', '5d5de21c']",Normal,13
blk_-6723712391888878507,"['bbb51b95', '3d91fa85']",Anomaly,2
blk_-3212161715547945852,"['3d91fa85', 'bbb51b95', 'bbb51b95', 'bbb51b95', '5d5de21c', '5d5de21c', 'd38aa58d', '46003790', 'd38aa58d', '46003790', 'd38aa58d', '46003790', '5d5de21c']",Anomaly,13
blk_5987169951130836525,"['bbb51b95', 'bbb51b95', '3d91fa85', 'bcc910df']",Anomaly,4
blk_-8649079734537157030,"['bbb51b95', 'bbb51b95', '3d91fa85', 'bbb51b95', 'd38aa58d', '46003790', 'd38aa58d', '46003790', 'd38aa58d', '46003790', '5d5de21c', '5d5de21c', '5d5de21c']",Anomaly,13
blk_6788553956478486939,"['bbb51b95', '3d91fa85']",Anomaly,2
blk_636862019277918739,"['bbb51b95', 'bbb51b95', 'bbb51b95', '3d91fa85', 'd38aa58d', '46003790', 'd38aa58d', '46003790', 'd38aa58d', '46003790', '5d5de21c', '5d5de21c', '5d5de21c']",Anomaly,13
blk_9203790828755100013,"['3d91fa85', 'bbb51b95', 'bbb51b95', 'bbb51b95', '5d5de21c', 'd38aa58d', '46003790', 'd38aa58d', '46003790', '5d5de21c', 'd38aa58d', '46003790', '5d5de21c', '32777b38', '32777b38', 'a333d363']",Anomaly,16
blk_8415589348408995409,"['bbb51b95', 'bbb51b95', '3d91fa85', 'bbb51b95', 'd38aa58d', '46003790', 'd38aa58d', '46003790', '5d5de21c', '5d5de21c', '46003790', '5d5de21c', 'd38aa58d']",Anomaly,13
blk_2239532704539524247,"['3d91fa85', 'bbb51b95', 'bbb51b95', 'bbb51b95', '5d5de21c', '5d5de21c', 'd38aa58d', '46003790', 'd38aa58d', '46003790', 'd38aa58d', '46003790', '5d5de21c', 'a333d363']",Normal,14
blk_-4947991268600289946,"['bbb51b95', '3d91fa85']",Anomaly,2
blk_-8599731671847920909,"['3d91fa85', 'bbb51b95', 'bbb51b95', 'bcc910df']",Anomaly,4
blk_-2956407048407141128,"['bbb51b95', '3d91fa85', 'bbb51b95', 'bbb51b95', 'd38aa58d', '46003790', 'd38aa58d', '46003790', 'd38aa58d', '46003790', '5d5de21c', '5d5de21c', '5d5de21c']",Normal,13
blk_1925399132161054872,"['bbb51b95', 'bbb51b95', 'bbb51b95', '3d91fa85', 'd38aa58d', '46003790', 'd38aa58d', '46003790', '5d5de21c', '5d5de21c', 'd38aa58d', '46003790', '5d5de21c', '32777b38']",Anomaly,14
blk_9079903261148128022,"['bbb51b95', 'bbb51b95', '3d91fa85', 'bbb51b95', 'd38aa58d', '46003790', 'd38aa58d', '46003790', 'd38aa58d', '46003790', '5d5de21c', '5d5de21c', '5d5de21c']",Normal,13
blk_-1171735215307592206,"['bbb51b95', '3d91fa85', 'bbb51b95', 'bbb51b95', 'd38aa58d', '46003790', 'd38aa58d', '46003790', 'd38aa58d', '46003790', '5d5de21c', '5d5de21c', '5d5de21c', 'a333d363']",Normal,14
blk_9124483536700609928,"['bbb51b95', '3d91fa85', 'bbb51b95', 'bbb51b95', 'd38aa58d', '46003790', 'd38aa58d', '46003790', 'd38aa58d', '46003790', '5d5de21c', '5d5de21c', '5d5de21c']",Normal,13
blk_5232027448653519530,"['bbb51b95', 'bbb51b95', '3d91fa85', 'bcc910df']",Anomaly,4
blk_3038932372512749224,"['bbb51b95', 'bbb51b95', 'bbb51b95', '3d91fa85', 'd38aa58d', '46003790', 'd38aa58d', '46003790', '5d5de21c', 'd38aa58d', '46003790', '5d5de21c', '5d5de21c']",Normal,13
blk_-5992332328632546117,"['bbb51b95', '3d91fa85']",Anomaly,2
blk_-5049120495094339909,"['bbb51b95', 'bbb51b95', '3d91fa85', 'bcc910df']",Anomaly,4
blk_5872019251477058398,"['3d91fa85', 'bbb51b95', 'bbb51b95', 'bbb51b95', '5d5de21c', '5d5de21c', '5d5de21c', 'd38aa58d', '46003790', 'd38aa58d', '46003790', 'd38aa58d', '46003790', '4dec0816']",Anomaly,14
blk_8511056339899086987,"['bbb51b95', '3d91fa85', 'bbb51b95', 'bbb51b95', 'd38aa58d', '46003790', 'd38aa58d', '46003790', 'd38aa58d', '46003790', '5d5de21c', '5d5de21c', '5d5de21c']",Normal,13
blk_9089233838444061529,"['3d91fa85', 'bbb51b95', 'bbb51b95', 'bbb51b95', 'd38aa58d', '46003790', 'd38aa58d', '46003790', 'd38aa58d', '46003790', '5d5de21c', '5d5de21c', '5d5de21c']",Anomaly,13
blk_8892567588389535988,"['bbb51b95', '3d91fa85', 'bbb51b95', 'bbb51b95', 'd38aa58d', '46003790', '46003790', 'd38aa58d', '46003790', '5d5de21c', '5d5de21c', '5d5de21c', 'd38aa58d']",Anomaly,13
blk_1006069305106434387,"['3d91fa85', 'bbb51b95', 'bbb51b95', 'bbb51b95', '5d5de21c', 'd38aa58d', '46003790', '5d5de21c', '5d5de21c', 'd38aa58d', '46003790', 'd38aa58d', '46003790']",Normal,13
blk_-5784176955018583383,"['bbb51b95', 'bbb51b95', '3d91fa85', 'bbb51b95', '0567184d', 'd38aa58d', '46003790', '0567184d', 'd38aa58d', '46003790', '0567184d', 'd38aa58d', '46003790', '5d5de21c', '5d5de21c', '5d5de21c', '4dec0816']",Anomaly,17
blk_8813452148583512472,"['bbb51b95', 'bbb51b95', 'bbb51b95', '3d91fa85', 'd38aa58d', '46003790', 'd38aa58d', '46003790', 'd38aa58d', '46003790', '5d5de21c', '5d5de21c', '5d5de21c', '32777b38']",Anomaly,14
blk_4801258424832591383,"['bbb51b95', 'bbb51b95', 'bbb51b95', '3d91fa85', 'd38aa58d', '46003790', 'd38aa58d', '46003790', 'd38aa58d', '46003790', '5d5de21c', '5d5de21c', '5d5de21c']",Normal,13
blk_4416950245481923656,"['bbb51b95', '3d91fa85', 'bbb51b95', 'bbb51b95', 'd38aa58d', '46003790', 'd38aa58d', '46003790', 'd38aa58d', '46003790', '5d5de21c', '728076ac', '5d5de21c', '5d5de21c', '40651754', 'bbb51b95', '9c784e29', '44614d71', '5d5de21c', 'dba996ef', '4dec0816']",Anomaly,21
blk_-7192222546147025294,"['bbb51b95', '3d91fa85', 'bbb51b95', 'bbb51b95', 'd38aa58d', '46003790', 'd38aa58d', '46003790', 'd38aa58d', '46003790', '5d5de21c', '5d5de21c', '5d5de21c']",Normal,13
blk_3857418716846975890,"['3d91fa85', 'bbb51b95']",Anomaly,2
blk_-8513351748579810786,"['bbb51b95', 'bbb51b95', 'bbb51b95', '3d91fa85', 'd38aa58d', '46003790', 'd38aa58d', '46003790', 'd38aa58d', '46003790', '5d5de21c', '5d5de21c', '728076ac', '5d5de21c', '40651754', 'bbb51b95', '9c784e29', '44614d71', '5d5de21c', 'dba996ef', 'd63ef163', 'd63ef163', 'd63ef163', 'd63ef163', 'dba996ef', '2e68ccc3', 'dba996ef', 'dba996ef']",Anomaly,28
blk_-2541742944766520941,"['3d91fa85', 'bbb51b95', 'bbb51b95', 'bbb51b95', '5d5de21c', '5d5de21c', '5d5de21c', 'd38aa58d', '46003790', 'd38aa58d', '46003790', 'd38aa58d', '46003790']",Normal,13
blk_-1868241017951330160,"['3d91fa85', 'bbb51b95', 'bbb51b95', 'bbb51b95', '5d5de21c', '5d5de21c', '5d5de21c', 'd38aa58d', '46003790', 'd38aa58d', '46003790', 'd38aa58d', '46003790', '32777b38']",Normal,14
blk_8301241074209159290,"['bbb51b95', '3d91fa85', 'bbb51b95', 'bbb51b95', 'd38aa58d', '46003790', 'd38aa58d', '46003790', 'd38aa58d', '46003790', '5d5de21c', '5d5de21c', '5d5de21c']",Anomaly,13
blk_8539390646071970735,"['bbb51b95', '3d91fa85', 'bbb51b95', 'bbb51b95', 'd38aa58d', '46003790', 'd38aa58d', '46003790', 'd38aa58d', '46003790', '5d5de21c', '5d5de21c', '5d5de21c']",Anomaly,13
blk_9174720966448299466,"['3d91fa85', 'bbb51b95']",Anomaly,2
blk_1299429710240440952,"['3d91fa85', 'bbb51b95', 'bbb51b95', 'bbb51b95', 'd38aa58d', '46003790', '5d5de21c', '5d5de21c', '5d5de21c', 'd38aa58d', '46003790', 'd38aa58d', '46003790', 'a333d363', '4dec0816', 'a333d363']",Normal,16
blk_6356239569176808976,"['bbb51b95', 'bbb51b95', '3d91fa85', 'bbb51b95', 'd38aa58d', '46003790', 'd38aa58d', '46003790', 'd38aa58d', '46003790', '5d5de21c', '5d5de21c', '5d5de21c']",Normal,13
blk_-982458914515349386,"['3d91fa85', 'bbb51b95', 'bbb51b95', 'bbb51b95', 'd38aa58d', '46003790', 'd38aa58d', '46003790', 'd38aa58d', '46003790', '5d5de21c', '5d5de21c', '5d5de21c']",Normal,13
blk_1053268269275086587,"['bbb51b95', '3d91fa85', 'bbb51b95', 'bbb51b95', 'd38aa58d', '46003790', '5d5de21c', '5d5de21c', '5d5de21c', 'd38aa58d', '46003790', 'd38aa58d', '46003790']",Normal,13
blk_3376054589181354068,"['bbb51b95', '3d91fa85', 'bbb51b95', 'bcc910df']",Anomaly,4
blk_-6221479266995177102,"['bbb51b95', 'bbb51b95', '3d91fa85', 'bcc910df']",Anomaly,4
blk_-2485953670964980952,"['3d91fa85', 'bbb51b95', 'bbb51b95', 'bbb51b95', '5d5de21c', '5d5de21c', '5d5de21c', 'd38aa58d', '46003790', 'd38aa58d', '46003790', 'd38aa58d', '46003790']",Normal,13
blk_514429824524302243,"['bbb51b95', 'bbb51b95', '3d91fa85', 'bbb51b95', 'd38aa58d', '46003790', 'd38aa58d', '46003790', 'd38aa58d', '46003790', '5d5de21c', '5d5de21c', '5d5de21c', 'a333d363']",Normal,14
blk_4929030647678699348,"['bbb51b95', '3d91fa85', 'bbb51b95', 'bbb51b95', 'd38aa58d', '46003790', 'd38aa58d', '46003790', 'd38aa58d', '46003790', '5d5de21c', '5d5de21c', '5d5de21c', 'd63ef163', 'd63ef163', 'd63ef163', 'dba996ef', 'dba996ef', '2e68ccc3', 'dba996ef']",Anomaly,20
blk_9216023949759677457,"['bbb51b95', 'bbb51b95', '3d91fa85', 'bbb51b95', 'd38aa58d', '46003790', 'd38aa58d', '46003790', 'd38aa58d', '46003790', '5d5de21c', '5d5de21c', '5d5de21c']",Anomaly,13
blk_8244382499450877092,"['bbb51b95', '3d91fa85', 'bbb51b95', 'bbb51b95', 'd38aa58d', '46003790', 'd38aa58d', '46003790', 'd38aa58d', '46003790', '5d5de21c', '5d5de21c', '5d5de21c', '32777b38']",Anomaly,14
blk_9216544003932784678,"['bbb51b95', 'bbb51b95', '3d91fa85', 'bbb51b95', 'd38aa58d', '46003790', 'd38aa58d', '46003790', 'd38aa58d', '46003790', '5d5de21c', '5d5de21c', '5d5de21c']",Anomaly,13
blk_819003684944470990,"['bbb51b95', '3d91fa85']",Anomaly,2
blk_3506260656672745550,"['bbb51b95', 'bbb51b95', '3d91fa85', 'bbb51b95', 'd38aa58d', '46003790', 'd38aa58d', '46003790', 'd38aa58d', '46003790', '5d5de21c', '5d5de21c', '5d5de21c', 'd63ef163', 'd63ef163', 'd63ef163', 'dba996ef', 'dba996ef', 'dba996ef', '2e68ccc3']",Anomaly,20
blk_1724937431375222475,"['3d91fa85', 'bbb51b95', 'bbb51b95', 'bcc910df']",Anomaly,4
blk_8757168740754741153,"['3d91fa85', 'bbb51b95', 'bbb51b95', 'bbb51b95', '5d5de21c', '5d5de21c', 'd38aa58d', '46003790', 'd38aa58d', '46003790', '46003790', 'd38aa58d', '5d5de21c', '32777b38', '32777b38', 'a333d363']",Anomaly,16
blk_7708647692188701965,"['bbb51b95', '3d91fa85', 'bbb51b95', 'bbb51b95', 'd38aa58d', '46003790', 'd38aa58d', '46003790', 'd38aa58d', '46003790', '5d5de21c', '5d5de21c', '5d5de21c']",Anomaly,13
blk_3625990710637304795,"['bbb51b95', 'bbb51b95', '3d91fa85', 'bcc910df']",Anomaly,4
blk_-6148165469951190736,"['3d91fa85', 'bbb51b95']",Anomaly,2
blk_2720530448709127402,"['bbb51b95', '3d91fa85']",Anomaly,2
blk_9123910480732447611,"['bbb51b95', 'bbb51b95', '3d91fa85', 'bbb51b95', 'd38aa58d', '46003790', 'd38aa58d', '46003790', 'd38aa58d', '46003790', '5d5de21c', '5d5de21c', '5d5de21c']",Anomaly,13
blk_93783987352198596,"['bbb51b95', 'bbb51b95', '3d91fa85', 'bbb51b95', 'd38aa58d', '46003790', 'd38aa58d', '46003790', '5d5de21c', 'd38aa58d', '46003790', '5d5de21c', '728076ac', 'bbb51b95', '40651754', '5d5de21c', '44614d71', '9c784e29', '5d5de21c', 'dba996ef', 'a333d363', '4dec0816']",Anomaly,22
blk_8100788033388783120,"['3d91fa85', 'bbb51b95', 'bbb51b95', 'bbb51b95', '5d5de21c', '46003790', 'd38aa58d', '46003790', '5d5de21c', 'd38aa58d', 'd38aa58d', '46003790', '5d5de21c', '32777b38']",Normal,14
blk_1624298601708597347,"['3d91fa85', 'bbb51b95', 'bbb51b95', 'bbb51b95', 'd38aa58d', '46003790', 'd38aa58d', '46003790', 'd38aa58d', '46003790', '5d5de21c', '5d5de21c', '5d5de21c', '32777b38', '32777b38', 'a333d363', '4dec0816', 'a333d363']",Normal,18
blk_-919439116365725304,"['3d91fa85', 'bbb51b95', 'bbb51b95', 'bbb51b95', '5d5de21c', '728076ac', '5d5de21c', '5d5de21c', 'd38aa58d', '46003790', 'd38aa58d', '46003790', 'd38aa58d', '46003790', '40651754', 'bbb51b95', '5d5de21c', '44614d71', '9c784e29', 'dba996ef', '4dec0816']",Anomaly,21
blk_-3735563614214816618,"['3d91fa85', 'bbb51b95', 'bbb51b95', 'bbb51b95', '5d5de21c', '5d5de21c', 'd38aa58d', '46003790', 'd38aa58d', '46003790', 'd38aa58d', '46003790', '5d5de21c']",Normal,13
blk_-8564559053757187153,"['3d91fa85', 'bbb51b95', 'bbb51b95', 'bcc910df']",Anomaly,4
blk_6445455979938314900,"['bbb51b95', '3d91fa85', 'bbb51b95', 'bbb51b95', 'd38aa58d', '46003790', 'd38aa58d', '46003790', 'd38aa58d', '46003790', '5d5de21c', '5d5de21c', '5d5de21c', '32777b38']",Normal,14
blk_8737212007762227498,"['3d91fa85', 'bbb51b95', 'bbb51b95', 'bbb51b95', '5d5de21c', '5d5de21c', 'd38aa58d', '46003790', 'd38aa58d', '46003790', 'd38aa58d', '46003790', '5d5de21c']",Anomaly,13
blk_-4202194586740054015,"['bbb51b95', 'bbb51b95', '3d91fa85', 'bbb51b95', 'd38aa58d', '46003790', 'd38aa58d', '46003790', '5d5de21c', '5d5de21c', 'd38aa58d', '46003790', '5d5de21c']",Normal,13
blk_954416033512224734,"['bbb51b95', 'bbb51b95', '3d91fa85', 'bcc910df']",Anomaly,4
blk_4178345025429452062,"['bbb51b95', 'bbb51b95', 'bbb51b95', '3d91fa85', 'd38aa58d', '46003790', 'd38aa58d', '46003790', 'd38aa58d', '46003790', '5d5de21c', '5d5de21c', '5d5de21c', '32777b38']",Anomaly,14
blk_-8456922825201750425,"['bbb51b95', 'bbb51b95', 'bbb51b95', '3d91fa85', 'd38aa58d', '46003790', 'd38aa58d', '46003790', 'd38aa58d', '46003790', '5d5de21c', '5d5de21c', '5d5de21c']",Anomaly,13
blk_-7418519047272044126,"['3d91fa85', 'bbb51b95', 'bbb51b95', 'bcc910df']",Anomaly,4
blk_7795179362846861426,"['bbb51b95', 'bbb51b95', 'bbb51b95', '3d91fa85', 'd38aa58d', '46003790', 'd38aa58d', '46003790', '5d5de21c', '5d5de21c', 'd38aa58d', '46003790', '5d5de21c']",Anomaly,13
blk_171166048709643043,"['bbb51b95', '3d91fa85', 'd38aa58d', '46003790', 'bbb51b95', 'd38aa58d', '46003790', 'bbb51b95', 'd38aa58d', '46003790', '5d5de21c', '5d5de21c', '5d5de21c', '4dec0816']",Anomaly,14
blk_6211358474490115975,"['bbb51b95', 'bbb51b95', '3d91fa85', 'bbb51b95', 'd38aa58d', '46003790', 'd38aa58d', '46003790', 'd38aa58d', '46003790', '5d5de21c', '5d5de21c', '5d5de21c']",Normal,13
blk_7704182432043640839,"['3d91fa85', 'bbb51b95', 'bbb51b95', 'bcc910df']",Anomaly,4
blk_-2782646528118632821,"['3d91fa85', 'bbb51b95', 'bbb51b95', 'bbb51b95', '5d5de21c', '5d5de21c', '5d5de21c', 'd38aa58d', '46003790', 'd38aa58d', '46003790', 'd38aa58d', '46003790', 'a333d363', 'a333d363', '4dec0816']",Normal,16
blk_-9001370552773364965,"['3d91fa85', 'bbb51b95']",Anomaly,2
blk_-6917605111917698165,"['bbb51b95', 'bbb51b95', 'bbb51b95', '3d91fa85', 'd38aa58d', '46003790', 'd38aa58d', '46003790', 'd38aa58d', '46003790', '5d5de21c', '5d5de21c', '5d5de21c']",Anomaly,13
blk_-5951427403294880640,"['bbb51b95', 'bbb51b95', '3d91fa85', 'bcc910df']",Anomaly,4
blk_6184286084003001492,"['bbb51b95', '3d91fa85', 'bbb51b95', 'bbb51b95', 'd38aa58d', '46003790', 'd38aa58d', '46003790', 'd38aa58d', '46003790', '5d5de21c', '5d5de21c', '5d5de21c', 'a333d363', '4dec0816']",Normal,15
blk_8257302957105182577,"['3d91fa85', 'bbb51b95']",Anomaly,2
blk_-8783137537535861342,"['bbb51b95', 'bbb51b95', 'bbb51b95', '3d91fa85', 'd38aa58d', '46003790', 'd38aa58d', '46003790', 'd38aa58d', '46003790', '5d5de21c', '5d5de21c', '5d5de21c']",Anomaly,13
blk_8923111886356685386,"['bbb51b95', 'bbb51b95', 'bbb51b95', '3d91fa85', 'd38aa58d', '46003790', 'd38aa58d', '46003790', 'd38aa58d', '46003790', '5d5de21c', '5d5de21c', '5d5de21c', 'd63ef163', 'd63ef163', 'd63ef163', 'dba996ef', 'dba996ef', 'dba996ef']",Normal,19
blk_4804709119589501933,"['bbb51b95', '3d91fa85', 'bbb51b95', 'bbb51b95', 'd38aa58d', '46003790', 'd38aa58d', '46003790', 'd38aa58d', '46003790', '5d5de21c', '5d5de21c', '5d5de21c']",Normal,13
blk_-5261751311339308488,"['bbb51b95', 'bbb51b95', 'bbb51b95', '3d91fa85', '728076ac', '0567184d', 'd38aa58d', '46003790', '0567184d', 'd38aa58d', '46003790', '0567184d', 'd38aa58d', '46003790', '5d5de21c', '5d5de21c', '5d5de21c', '40651754', 'bbb51b95', '9c784e29', '44614d71', '5d5de21c', 'dba996ef', '4dec0816']",Anomaly,24
blk_-9041548691122095923,"['3d91fa85', 'bbb51b95', 'bbb51b95', 'bbb51b95', 'd38aa58d', '46003790', 'd38aa58d', '46003790', 'd38aa58d', '46003790', '5d5de21c', '5d5de21c', '5d5de21c']",Normal,13
blk_-1696961694688312120,"['3d91fa85', 'bbb51b95']",Anomaly,2
blk_-3942308339711619808,"['bbb51b95', '3d91fa85', 'bbb51b95', 'bcc910df']",Anomaly,4
blk_-8400787913577452479,"['3d91fa85', 'bbb51b95', 'bbb51b95', 'bbb51b95', '5d5de21c', '5d5de21c', '5d5de21c', 'd38aa58d', '46003790', 'd38aa58d', '46003790', 'd38aa58d', '46003790']",Normal,13
blk_-4641363544744607143,"['bbb51b95', 'bbb51b95', 'bbb51b95', '3d91fa85', 'd38aa58d', '46003790', 'd38aa58d', 'd38aa58d', '46003790', '46003790', '5d5de21c', '5d5de21c', '5d5de21c']",Normal,13
blk_8425076694100510296,"['bbb51b95', '3d91fa85']",Anomaly,2
blk_-8179807294142860118,"['bbb51b95', 'bbb51b95', '3d91fa85', 'bcc910df']",Anomaly,4
blk_8489331817885600578,"['bbb51b95', '3d91fa85']",Anomaly,2
blk_9058263837749030301,"['bbb51b95', 'bbb51b95', 'bbb51b95', '3d91fa85', 'd38aa58d', '46003790', 'd38aa58d', '46003790', 'd38aa58d', '46003790', '5d5de21c', '5d5de21c', '5d5de21c']",Anomaly,13
blk_-440001254298295966,"['bbb51b95', '3d91fa85']",Anomaly,2
blk_8469957985916689291,"['bbb51b95', '3d91fa85']",Anomaly,2
blk_-8743859155905191247,"['bbb51b95', '3d91fa85']",Anomaly,2
blk_-6260291875490860032,"['bbb51b95', '3d91fa85']",Anomaly,2
blk_-6928365798623172748,"['3d91fa85', 'bbb51b95', 'bbb51b95', 'bbb51b95', '5d5de21c', '5d5de21c', '5d5de21c', 'd38aa58d', '46003790', 'd38aa58d', '46003790', 'd38aa58d', '46003790', '32777b38']",Normal,14
blk_6280632558962916839,"['3d91fa85', 'bbb51b95', 'bbb51b95', 'bcc910df']",Anomaly,4
blk_8693960090226565974,"['3d91fa85', 'bbb51b95', 'bbb51b95', 'bbb51b95', '5d5de21c', '5d5de21c', '5d5de21c', 'd38aa58d', '46003790', 'd38aa58d', '46003790', 'd38aa58d', '46003790']",Anomaly,13
blk_-8284398136955187158,"['bbb51b95', '3d91fa85']",Anomaly,2
blk_8829873105300291736,"['3d91fa85', 'bbb51b95', 'bbb51b95', 'bbb51b95', 'd38aa58d', '46003790', 'd38aa58d', '46003790', '5d5de21c', 'd38aa58d', '46003790', '5d5de21c', '5d5de21c', 'a333d363', '4dec0816', 'a333d363']",Normal,16
blk_-9168090043600027496,"['bbb51b95', 'bbb51b95', '3d91fa85', 'bcc910df']",Anomaly,4
blk_-9060181393874397764,"['3d91fa85', 'bbb51b95', 'bbb51b95', 'bbb51b95', '5d5de21c', '5d5de21c', '5d5de21c', 'd38aa58d', '46003790', 'd38aa58d', '46003790', 'd38aa58d', '46003790', '4dec0816']",Normal,14
blk_-8081794604739629911,"['bbb51b95', 'bbb51b95', 'bbb51b95', '3d91fa85', 'd38aa58d', '46003790', 'd38aa58d', '46003790', '5d5de21c', '5d5de21c', 'd38aa58d', '46003790', '5d5de21c']",Normal,13
blk_8128968847817392650,"['bbb51b95', 'bbb51b95', '3d91fa85', 'bbb51b95', 'd38aa58d', '46003790', 'd38aa58d', '46003790', '5d5de21c', '5d5de21c', 'd38aa58d', '46003790', '5d5de21c']",Anomaly,13
blk_-4845663345676718484,"['3d91fa85', 'bbb51b95']",Anomaly,2
blk_9159580101695219295,"['3d91fa85', 'bbb51b95', 'bbb51b95', 'bbb51b95', '5d5de21c', '5d5de21c', '5d5de21c', 'd38aa58d', '46003790', 'd38aa58d', '46003790', 'd38aa58d', '46003790']",Normal,13
blk_-4336505705563162903,"['bbb51b95', '3d91fa85', 'bbb51b95', 'bbb51b95', 'd38aa58d', '46003790', 'd38aa58d', '46003790', 'd38aa58d', '46003790', '5d5de21c', '5d5de21c', '5d5de21c', '4dec0816']",Normal,14
blk_-4510832684663228154,"['bbb51b95', '3d91fa85', 'bbb51b95', 'bbb51b95', 'd38aa58d', '46003790', 'd38aa58d', '46003790', 'd38aa58d', '46003790', '5d5de21c', '5d5de21c', '5d5de21c']",Normal,13
blk_7170136652868838267,"['bbb51b95', 'bbb51b95', 'bbb51b95', '3d91fa85', 'd38aa58d', '46003790', 'd38aa58d', '46003790', 'd38aa58d', '46003790', '5d5de21c', '5d5de21c', '5d5de21c']",Anomaly,13
blk_1142469366191058578,"['3d91fa85', 'bbb51b95', 'bbb51b95', 'bbb51b95', 'd38aa58d', '46003790', '5d5de21c', 'd38aa58d', '46003790', '5d5de21c', 'd38aa58d', '46003790', '5d5de21c']",Normal,13
blk_-7058795786558151209,"['3d91fa85', 'bbb51b95', 'bbb51b95', 'bbb51b95', '5d5de21c', '5d5de21c', '5d5de21c', 'd38aa58d', '46003790', 'd38aa58d', '46003790', 'd38aa58d', '46003790', '32777b38', 'a333d363', '4dec0816', 'a333d363']",Normal,17
blk_3693837532799576241,"['bbb51b95', 'bbb51b95', '3d91fa85', 'bcc910df']",Anomaly,4
blk_2441436506284050690,"['bbb51b95', 'bbb51b95', '3d91fa85', 'bbb51b95', 'd38aa58d', '46003790', 'd38aa58d', '46003790', '5d5de21c', 'd38aa58d', '46003790', '5d5de21c', '5d5de21c']",Normal,13
blk_-9032638806608289549,"['3d91fa85', 'bbb51b95', 'bbb51b95', 'bbb51b95', '5d5de21c', '5d5de21c', 'd38aa58d', '46003790', 'd38aa58d', '46003790', 'd38aa58d', '46003790', '5d5de21c']",Normal,13
blk_-444044049104262153,"['bbb51b95', '3d91fa85', 'bbb51b95', 'bbb51b95', 'd38aa58d', '46003790', 'd38aa58d', '46003790', 'd38aa58d', '46003790', '5d5de21c', '5d5de21c', '5d5de21c']",Normal,13
blk_7865818174831484581,"['bbb51b95', '3d91fa85', 'bbb51b95', 'bbb51b95', 'd38aa58d', '46003790', 'd38aa58d', '46003790', 'd38aa58d', '46003790', '5d5de21c', '5d5de21c', '5d5de21c', '32777b38', '32777b38']",Anomaly,15
blk_-9061709981484645057,"['3d91fa85', 'bbb51b95', 'bbb51b95', 'bbb51b95', '5d5de21c', '46003790', '5d5de21c', '5d5de21c', 'd38aa58d', '46003790', 'd38aa58d', '46003790', 'd38aa58d', 'a333d363']",Normal,14
blk_852183849014645335,"['bbb51b95', '3d91fa85', 'bbb51b95', 'bcc910df']",Anomaly,4
blk_-2716830495824246722,"['bbb51b95', '3d91fa85', 'bbb51b95', 'bbb51b95', 'd38aa58d', '46003790', 'd38aa58d', '46003790', 'd38aa58d', '46003790', '5d5de21c', '5d5de21c', '5d5de21c']",Normal,13
blk_3924427516333247724,"['bbb51b95', 'bbb51b95', 'bbb51b95', '3d91fa85', 'd38aa58d', '46003790', 'd38aa58d', '46003790', 'd38aa58d', '46003790', '5d5de21c', '5d5de21c', '5d5de21c']",Normal,13
blk_8284178398393938994,"['bbb51b95', 'bbb51b95', '3d91fa85', 'bbb51b95', 'd38aa58d', '46003790', 'd38aa58d', 'd38aa58d', '46003790', '46003790', '5d5de21c', '5d5de21c', '5d5de21c', 'd63ef163', 'd63ef163', 'd63ef163', 'dba996ef', 'dba996ef', 'dba996ef']",Normal,19
blk_-1514726951322891117,"['bbb51b95', 'bbb51b95', 'bbb51b95', '3d91fa85', 'd38aa58d', '46003790', 'd38aa58d', '46003790', '5d5de21c', 'd38aa58d', '46003790', '5d5de21c', '5d5de21c']",Normal,13
blk_9201658649856236994,"['bbb51b95', 'bbb51b95', '3d91fa85', 'bbb51b95', 'd38aa58d', '46003790', 'd38aa58d', '46003790', 'd38aa58d', '46003790', '5d5de21c', '5d5de21c', '5d5de21c']",Anomaly,13
blk_4597145685256947288,"['bbb51b95', 'bbb51b95', 'bbb51b95', '3d91fa85', 'd38aa58d', '46003790', 'd38aa58d', '46003790', 'd38aa58d', '46003790', '5d5de21c', '5d5de21c', '5d5de21c']",Normal,13
blk_4675834823748153576,"['bbb51b95', 'bbb51b95', 'bbb51b95', '3d91fa85', 'd38aa58d', '46003790', 'd38aa58d', '46003790', 'd38aa58d', '46003790', '5d5de21c', '5d5de21c', '5d5de21c']",Anomaly,13
blk_-452171226111191113,"['bbb51b95', 'bbb51b95', '3d91fa85', 'bbb51b95', 'd38aa58d', '46003790', 'd38aa58d', '46003790', 'd38aa58d', '46003790', '5d5de21c', '5d5de21c', '5d5de21c', '4dec0816']",Anomaly,14
blk_-1203009406955590926,"['bbb51b95', 'bbb51b95', '3d91fa85', 'bcc910df']",Anomaly,4
blk_-8840533539329242262,"['3d91fa85', 'bbb51b95', 'bbb51b95', 'bcc910df']",Anomaly,4
blk_-167561311285297538,"['bbb51b95', '3d91fa85', 'bbb51b95', 'bbb51b95', '5d5de21c', 'd38aa58d', '46003790', 'd38aa58d', '46003790', '5d5de21c', '5d5de21c', 'd38aa58d', '46003790', 'a333d363']",Normal,14
blk_-3544583377289625738,"['bbb51b95', '3d91fa85', 'bbb51b95', 'bbb51b95', 'd38aa58d', '46003790', 'd38aa58d', '46003790', 'd38aa58d', '46003790', '4dec0816', '5d5de21c', '5d5de21c', '5d5de21c', '4dec0816', '4dec0816', '4dec0816', '4dec0816', '4dec0816', '4dec0816', '4dec0816', '4dec0816', '4dec0816', '4dec0816', '4dec0816', '4dec0816', '4dec0816', '4dec0816', '4dec0816', '4dec0816', '4dec0816', '4dec0816', '4dec0816', '4dec0816', '4dec0816', '4dec0816', '4dec0816', '4dec0816', '4dec0816', '4dec0816', '4dec0816', '4dec0816', '4dec0816', '4dec0816', '4dec0816', '4dec0816', '4dec0816', '4dec0816', '4dec0816', '4dec0816', '4dec0816', '4dec0816', '4dec0816', '4dec0816', '4dec0816', '4dec0816', '4dec0816', '4dec0816', '4dec0816', '4dec0816', '4dec0816', '4dec0816', '4dec0816', '4dec0816', '4dec0816', '4dec0816', '4dec0816', '4dec0816', '4dec0816', '4dec0816', '4dec0816', '4dec0816', '4dec0816', '4dec0816', '4dec0816', '4dec0816', '4dec0816', '4dec0816', '4dec0816', '4dec0816', '4dec0816', '4dec0816', '4dec0816', '4dec0816', '4dec0816', '4dec0816', '4dec0816', '4dec0816', '4dec0816', '4dec0816', '4dec0816', '4dec0816', '4dec0816', '4dec0816', '4dec0816', '4dec0816', '4dec0816', '4dec0816', '4dec0816', '4dec0816', '4dec0816', '4dec0816', '4dec0816', '4dec0816', '4dec0816', '4dec0816', '4dec0816', '4dec0816', '4dec0816', '4dec0816', '4dec0816', '4dec0816', '4dec0816', '4dec0816', '4dec0816', '4dec0816', '4dec0816', '4dec0816', '4dec0816', '4dec0816', '4dec0816', '4dec0816', '4dec0816', '4dec0816', '4dec0816', '4dec0816', '4dec0816', '4dec0816', '4dec0816', '4dec0816', '4dec0816', '4dec0816', '4dec0816', '4dec0816', '4dec0816', '4dec0816', '4dec0816', '4dec0816', '4dec0816', '4dec0816', '4dec0816', '4dec0816', '4dec0816', '4dec0816', '4dec0816', '4dec0816', '4dec0816', '4dec0816', '4dec0816', '4dec0816', '4dec0816', '4dec0816', '4dec0816', '4dec0816', '4dec0816', '4dec0816', '4dec0816', '4dec0816', '4dec0816', '4dec0816', '4dec0816', '4dec0816', '4dec0816', '4dec0816', '4dec0816', '4dec0816', '4dec0816', '4dec0816', '4dec0816', '4dec0816', '4dec0816', '4dec0816', '4dec0816', '4dec0816', '4dec0816', '4dec0816', '4dec0816', '4dec0816', '4dec0816', '4dec0816', '4dec0816', '4dec0816', '4dec0816', '4dec0816', '4dec0816', '4dec0816', '4dec0816', '4dec0816', '4dec0816', '4dec0816', '4dec0816', '4dec0816', '4dec0816', '4dec0816', '4dec0816', '4dec0816', '4dec0816', '4dec0816', '4dec0816', '4dec0816', '4dec0816', '4dec0816', '4dec0816', '4dec0816', '4dec0816', '4dec0816', '4dec0816', '4dec0816', '4dec0816', '4dec0816', '4dec0816', '4dec0816', '4dec0816', '4dec0816', '4dec0816', '4dec0816', 'd63ef163', 'd63ef163', 'd63ef163', 'dba996ef', 'dba996ef', 'dba996ef', '2e68ccc3']",Anomaly,223
blk_6223357017498607045,"['3d91fa85', 'bbb51b95', 'bbb51b95', 'bbb51b95', '5d5de21c', '5d5de21c', '5d5de21c', 'd38aa58d', '46003790', 'd38aa58d', '46003790', 'd38aa58d', '46003790', '32777b38']",Normal,14
blk_-7927621665068524272,"['3d91fa85', 'bbb51b95', 'bbb51b95', 'bbb51b95', '5d5de21c', '5d5de21c', '5d5de21c', 'd38aa58d', '46003790', 'd38aa58d', '46003790', 'd38aa58d', '46003790', '32777b38', 'a333d363', '4dec0816', 'a333d363']",Normal,17
blk_9203032438909545630,"['bbb51b95', 'bbb51b95', '3d91fa85', 'bbb51b95', 'd38aa58d', '46003790', 'd38aa58d', 'd38aa58d', '46003790', '46003790', '5d5de21c', '5d5de21c', '5d5de21c', '32777b38', '32777b38']",Normal,15
blk_6471331231539014416,"['bbb51b95', 'bbb51b95', '3d91fa85', 'bbb51b95', 'd38aa58d', '46003790', 'd38aa58d', '46003790', '5d5de21c', 'd38aa58d', '46003790', '5d5de21c', '5d5de21c']",Normal,13
blk_5283346023353643996,"['3d91fa85', 'bbb51b95', 'bbb51b95', 'bbb51b95', '5d5de21c', 'd38aa58d', '46003790', 'd38aa58d', '46003790', 'd38aa58d', '46003790', '5d5de21c', '5d5de21c']",Normal,13
blk_1215677658220941036,"['bbb51b95', 'bbb51b95', 'bbb51b95', '3d91fa85', 'd38aa58d', '46003790', 'd38aa58d', '46003790', 'd38aa58d', '46003790', '5d5de21c', '5d5de21c', '5d5de21c']",Normal,13
blk_-1943593837520434365,"['bbb51b95', '3d91fa85']",Anomaly,2
blk_-8919464945323673384,"['bbb51b95', '3d91fa85', 'bbb51b95', 'bbb51b95', 'd38aa58d', '46003790', '5d5de21c', 'd38aa58d', '46003790', 'd38aa58d', '46003790', '5d5de21c', '5d5de21c']",Normal,13
blk_-4560669296456646716,"['bbb51b95', 'bbb51b95', 'bbb51b95', '3d91fa85', 'd38aa58d', '46003790', 'd38aa58d', '46003790', 'd38aa58d', '46003790', '5d5de21c', '5d5de21c', '5d5de21c', '32777b38']",Anomaly,14
blk_-3785792681343088083,"['bbb51b95', '3d91fa85', 'bbb51b95', 'bbb51b95', 'd38aa58d', '46003790', 'd38aa58d', '46003790', 'd38aa58d', '46003790', '5d5de21c', '5d5de21c', '5d5de21c']",Normal,13
blk_7869972515620340549,"['bbb51b95', '3d91fa85', 'bbb51b95', 'bbb51b95', 'd38aa58d', '46003790', 'd38aa58d', '46003790', 'd38aa58d', '46003790', '5d5de21c', '5d5de21c', '5d5de21c']",Anomaly,13
blk_-7000902853869007845,"['bbb51b95', 'bbb51b95', 'bbb51b95', '3d91fa85', 'd38aa58d', '46003790', 'd38aa58d', '46003790', 'd38aa58d', '46003790', '5d5de21c', '5d5de21c', '5d5de21c', '4dec0816']",Normal,14
blk_6827227789958204337,"['bbb51b95', 'bbb51b95', 'bbb51b95', '3d91fa85', 'd38aa58d', '46003790', 'd38aa58d', '46003790', 'd38aa58d', '46003790', '5d5de21c', '5d5de21c', '728076ac', '5d5de21c', '40651754', 'bbb51b95', '44614d71', '9c784e29', '5d5de21c', 'dba996ef', '4dec0816']",Anomaly,21
blk_8471251193316097948,"['bbb51b95', '3d91fa85', 'bbb51b95', 'bbb51b95', 'd38aa58d', '46003790', '5d5de21c', 'd38aa58d', '46003790', '5d5de21c', 'd38aa58d', '46003790', '5d5de21c']",Anomaly,13
blk_3163677143394922629,"['3d91fa85', 'bbb51b95', 'bbb51b95', 'bcc910df']",Anomaly,4
blk_4921253063920326765,"['bbb51b95', 'bbb51b95', 'bbb51b95', '3d91fa85', 'd38aa58d', '46003790', 'd38aa58d', '46003790', 'd38aa58d', '46003790', '5d5de21c', '5d5de21c', '5d5de21c', 'd63ef163', 'd63ef163', 'd63ef163', 'dba996ef', 'dba996ef', 'dba996ef']",Normal,19
blk_-2806392838173367292,"['3d91fa85', 'bbb51b95', 'bbb51b95', 'bcc910df']",Anomaly,4
blk_-4384328625926759710,"['3d91fa85', 'bbb51b95', 'bbb51b95', 'bbb51b95', '5d5de21c', '5d5de21c', '5d5de21c', 'd38aa58d', '46003790', 'd38aa58d', '46003790', 'd38aa58d', '46003790']",Normal,13
blk_-2815730233582629607,"['bbb51b95', 'bbb51b95', '3d91fa85', 'bbb51b95', 'd38aa58d', '46003790', 'd38aa58d', '46003790', 'd38aa58d', '46003790', '5d5de21c', '5d5de21c', '728076ac', '5d5de21c', 'bbb51b95', '40651754', '44614d71', '9c784e29', '5d5de21c', 'dba996ef', '32777b38', '4dec0816']",Anomaly,22
blk_219521890557687410,"['bbb51b95', 'bbb51b95', '3d91fa85', 'bbb51b95', 'd38aa58d', '46003790', 'd38aa58d', '46003790', 'd38aa58d', '46003790', '5d5de21c', '5d5de21c', '5d5de21c', '32777b38', '32777b38', '32777b38']",Normal,16
blk_-196908847985962980,"['3d91fa85', 'bbb51b95', 'bbb51b95', 'bbb51b95', '5d5de21c', '5d5de21c', 'd38aa58d', '46003790', 'd38aa58d', '46003790', 'd38aa58d', '46003790', '5d5de21c', '32777b38']",Normal,14
blk_349284099419601276,"['3d91fa85', 'bbb51b95', 'bbb51b95', 'bbb51b95', '5d5de21c', '5d5de21c', 'd38aa58d', '46003790', 'd38aa58d', '46003790', 'd38aa58d', '46003790', '40651754', '728076ac', 'bbb51b95', '5d5de21c', '9c784e29', '44614d71', '5d5de21c', 'dba996ef', '4dec0816']",Anomaly,21
blk_-9067309629944611736,"['bbb51b95', 'bbb51b95', '3d91fa85', 'bbb51b95', 'd38aa58d', '46003790', '5d5de21c', 'd38aa58d', '46003790', 'd38aa58d', '46003790', '728076ac', '5d5de21c', '5d5de21c', '40651754', '9c784e29', 'bbb51b95', '44614d71', '5d5de21c', 'dba996ef', '4dec0816']",Anomaly,21
blk_475530984696578501,"['bbb51b95', 'bbb51b95', '3d91fa85', 'bcc910df']",Anomaly,4
blk_4523450144661123060,"['bbb51b95', '3d91fa85', 'bbb51b95', 'bbb51b95', 'd38aa58d', '46003790', 'd38aa58d', '46003790', 'd38aa58d', '46003790', '5d5de21c', '5d5de21c', '5d5de21c']",Normal,13
blk_6121606481725573084,"['bbb51b95', 'bbb51b95', 'bbb51b95', '3d91fa85', 'd38aa58d', '46003790', 'd38aa58d', '46003790', 'd38aa58d', '46003790', '5d5de21c', '5d5de21c', '5d5de21c', 'd63ef163', 'd63ef163', 'd63ef163', 'dba996ef', 'dba996ef', 'dba996ef']",Normal,19
blk_-8223614630820825628,"['bbb51b95', '3d91fa85', 'bbb51b95', 'bbb51b95', 'd38aa58d', '46003790', 'd38aa58d', '46003790', 'd38aa58d', '46003790', '5d5de21c', '5d5de21c', '5d5de21c', 'd63ef163', 'd63ef163', 'd63ef163', 'dba996ef', 'dba996ef', 'dba996ef']",Normal,19
blk_5283527678786268038,"['bbb51b95', 'bbb51b95', 'bbb51b95', '3d91fa85', 'd38aa58d', '46003790', 'd38aa58d', '46003790', 'd38aa58d', '46003790', '5d5de21c', '5d5de21c', '5d5de21c']",Anomaly,13
blk_-6605146256926483806,"['bbb51b95', '3d91fa85']",Anomaly,2
blk_7519821848980858493,"['bbb51b95', '3d91fa85', 'bbb51b95', 'bbb51b95', 'd38aa58d', '46003790', 'd38aa58d', '46003790', '5d5de21c', '5d5de21c', 'd38aa58d', '46003790', '5d5de21c']",Normal,13
blk_-6160713040477304264,"['bbb51b95', 'bbb51b95', '3d91fa85', 'bbb51b95', 'd38aa58d', '46003790', 'd38aa58d', '46003790', '5d5de21c', 'd38aa58d', '46003790', '5d5de21c', '5d5de21c', 'd63ef163', 'd63ef163', 'd63ef163', 'dba996ef', 'dba996ef', 'dba996ef', '2e68ccc3']",Anomaly,20
blk_-1340688878642648826,"['3d91fa85', 'bbb51b95', 'bbb51b95', 'bbb51b95', '5d5de21c', 'd38aa58d', '46003790', '5d5de21c', '5d5de21c', 'd38aa58d', '46003790', 'd38aa58d', '46003790']",Normal,13
blk_-7455385476433896629,"['bbb51b95', 'bbb51b95', 'bbb51b95', '3d91fa85', 'd38aa58d', '46003790', 'd38aa58d', '46003790', 'd38aa58d', '46003790', '5d5de21c', '5d5de21c', '728076ac', '5d5de21c', 'bbb51b95', '40651754', '9c784e29', '44614d71', '5d5de21c', 'dba996ef', '4dec0816']",Anomaly,21
blk_7611999541002328747,"['3d91fa85', 'bbb51b95', 'bbb51b95', 'bbb51b95', 'd38aa58d', '46003790', 'd38aa58d', '46003790', 'd38aa58d', '46003790', '5d5de21c', '5d5de21c', '5d5de21c']",Anomaly,13
blk_-1766967848689556213,"['bbb51b95', '3d91fa85', 'bbb51b95', 'bbb51b95', 'd38aa58d', '46003790', 'd38aa58d', '46003790', '5d5de21c', 'd38aa58d', '46003790', '5d5de21c', '5d5de21c']",Normal,13
blk_101531001839995775,"['3d91fa85', 'bbb51b95', 'bbb51b95', 'bbb51b95', '54e5f6b4', '5d5de21c', '5d5de21c', '5d5de21c', 'd38aa58d', '46003790', 'd38aa58d', '46003790', 'd38aa58d', '46003790', '75627efd', 'bbb51b95', 'bbb51b95', 'dba996ef', '5d5de21c', '5d5de21c', '9c784e29', '44614d71', '44614d71', 'dba996ef', '4dec0816']",Anomaly,25
blk_2928725619529460936,"['bbb51b95', '3d91fa85', 'bbb51b95', 'bbb51b95', 'd38aa58d', '46003790', 'd38aa58d', '46003790', 'd38aa58d', '46003790', '5d5de21c', '5d5de21c', '5d5de21c', '4dec0816']",Normal,14
blk_-5309666076121493535,"['3d91fa85', 'bbb51b95', 'bbb51b95', 'bbb51b95', '5d5de21c', '5d5de21c', '5d5de21c', 'd38aa58d', '46003790', 'd38aa58d', '46003790', 'd38aa58d', '46003790', 'a333d363', '4dec0816']",Normal,15
blk_8143600458686854628,"['bbb51b95', 'bbb51b95', '3d91fa85', 'bbb51b95', 'd38aa58d', '46003790', 'd38aa58d', '46003790', 'd38aa58d', '46003790', '5d5de21c', '5d5de21c', '5d5de21c']",Anomaly,13
blk_-7525968859355403700,"['3d91fa85', 'bbb51b95']",Anomaly,2
blk_9052568679748269605,"['3d91fa85', 'bbb51b95', 'bbb51b95', 'bbb51b95', '5d5de21c', '5d5de21c', 'd38aa58d', '46003790', 'd38aa58d', '46003790', '5d5de21c', 'd38aa58d', '46003790']",Anomaly,13
blk_-2805371857924500491,"['bbb51b95', '3d91fa85', 'bbb51b95', 'bbb51b95', 'd38aa58d', '46003790', 'd38aa58d', '46003790', 'd38aa58d', '46003790', '5d5de21c', '5d5de21c', '5d5de21c']",Normal,13
blk_648291131792629139,"['bbb51b95', 'bbb51b95', 'bbb51b95', '3d91fa85', '46003790', 'd38aa58d', '46003790', 'd38aa58d', '46003790', '5d5de21c', '5d5de21c', 'd38aa58d', '5d5de21c']",Normal,13
blk_9013816147130647357,"['bbb51b95', '3d91fa85', 'bbb51b95', 'bbb51b95', 'd38aa58d', '46003790', 'd38aa58d', '46003790', 'd38aa58d', '46003790', '5d5de21c', '5d5de21c', '5d5de21c']",Normal,13
blk_2579618578559651295,"['bbb51b95', 'bbb51b95', '3d91fa85', 'bbb51b95', 'd38aa58d', '46003790', 'd38aa58d', '46003790', 'd38aa58d', '46003790', '5d5de21c', '728076ac', '5d5de21c', '5d5de21c', 'bbb51b95', '40651754', '44614d71', '9c784e29', '5d5de21c', 'dba996ef', '4dec0816']",Anomaly,21
blk_-2999921031439676603,"['bbb51b95', '3d91fa85', 'bbb51b95', 'bbb51b95', 'd38aa58d', '46003790', 'd38aa58d', '46003790', 'd38aa58d', '46003790', '5d5de21c', '5d5de21c', '5d5de21c']",Anomaly,13
blk_-7516269707192592959,"['3d91fa85', 'bbb51b95', 'bbb51b95', 'bbb51b95', '5d5de21c', 'd38aa58d', '46003790', 'd38aa58d', '46003790', '5d5de21c', '5d5de21c', 'd38aa58d', '46003790', 'a333d363', '4dec0816']",Normal,15
blk_5151599425492863559,"['3d91fa85', 'bbb51b95', 'bbb51b95', 'bbb51b95', '5d5de21c', '5d5de21c', '5d5de21c', 'd38aa58d', '46003790', 'd38aa58d', '46003790', 'd38aa58d', '46003790']",Normal,13
blk_-1905170403493788374,"['bbb51b95', '3d91fa85', 'bbb51b95', 'bbb51b95', 'd38aa58d', '46003790', 'd38aa58d', '46003790', 'd38aa58d', '46003790', '5d5de21c', '5d5de21c', '5d5de21c']",Normal,13
blk_4641520900985057221,"['3d91fa85', 'bbb51b95', 'bbb51b95', 'bbb51b95', '5d5de21c', '5d5de21c', '5d5de21c', 'd38aa58d', '46003790', 'd38aa58d', 'd38aa58d', '46003790', '46003790']",Normal,13
blk_4074287977637633462,"['3d91fa85', 'bbb51b95', 'bbb51b95', 'bbb51b95', '5d5de21c', '5d5de21c', '5d5de21c', 'd38aa58d', '46003790', 'd38aa58d', '46003790', 'd38aa58d', '46003790', 'a333d363', '4dec0816']",Normal,15
blk_1457772626057593336,"['bbb51b95', '3d91fa85', 'bbb51b95', 'bbb51b95', 'd38aa58d', '46003790', 'd38aa58d', '46003790', '5d5de21c', '5d5de21c', 'd38aa58d', '46003790', '5d5de21c']",Anomaly,13
blk_9088607960539178771,"['3d91fa85', 'bbb51b95', 'bbb51b95', 'bbb51b95', '5d5de21c', '5d5de21c', '5d5de21c', 'd38aa58d', '46003790', '46003790', 'd38aa58d', '46003790', 'd38aa58d']",Anomaly,13
blk_-2794533871450434534,"['3d91fa85', 'bbb51b95', 'bbb51b95', 'bbb51b95', '5d5de21c', '5d5de21c', '5d5de21c', 'd38aa58d', '46003790', 'd38aa58d', '46003790', 'd38aa58d', '46003790', '32777b38', 'a333d363', 'a333d363', '4dec0816']",Normal,17
blk_6727239054025085167,"['bbb51b95', 'bbb51b95', 'd38aa58d', '46003790', '3d91fa85', '5d5de21c', '5d5de21c', 'bbb51b95', 'd38aa58d', '46003790', 'd38aa58d', '46003790', '5d5de21c', '4dec0816']",Anomaly,14
blk_-5406488105547009763,"['3d91fa85', 'bbb51b95', 'bbb51b95', 'bbb51b95', '5d5de21c', '5d5de21c', '5d5de21c', 'd38aa58d', '46003790', 'd38aa58d', '46003790', 'd38aa58d', '46003790']",Normal,13
blk_4235410580521227742,"['3d91fa85', 'bbb51b95', 'bbb51b95', 'bbb51b95', '5d5de21c', '5d5de21c', '5d5de21c', 'd38aa58d', '46003790', 'd38aa58d', '46003790', 'd38aa58d', '46003790', '32777b38', 'a333d363', '4dec0816', 'a333d363']",Normal,17
blk_-8124097754645387197,"['bbb51b95', '3d91fa85', 'bbb51b95', 'bbb51b95', 'd38aa58d', '46003790', 'd38aa58d', '46003790', 'd38aa58d', '46003790', '5d5de21c', '5d5de21c', '5d5de21c']",Normal,13
blk_-7262436633809610909,"['3d91fa85', 'bbb51b95', 'bbb51b95', 'bcc910df']",Anomaly,4
blk_-7299933770131414779,"['bbb51b95', 'bbb51b95', 'bbb51b95', '3d91fa85', 'd38aa58d', '46003790', 'd38aa58d', '46003790', 'd38aa58d', '46003790', '5d5de21c', '5d5de21c', '5d5de21c']",Normal,13
blk_-3227765519010569003,"['3d91fa85', 'bbb51b95', 'bbb51b95', 'bbb51b95', 'd38aa58d', '46003790', '5d5de21c', 'd38aa58d', '46003790', 'd38aa58d', '46003790', '5d5de21c', '5d5de21c']",Normal,13
blk_7819933382402414269,"['3d91fa85', 'bbb51b95', 'bbb51b95', 'bbb51b95', '5d5de21c', 'd38aa58d', '46003790', 'd38aa58d', '46003790', 'd38aa58d', '46003790', '5d5de21c', '5d5de21c', '32777b38']",Normal,14
blk_8873322164119075580,"['3d91fa85', 'bbb51b95', 'bbb51b95', 'bbb51b95', '5d5de21c', '5d5de21c', '5d5de21c', 'd38aa58d', '46003790', 'd38aa58d', '46003790', 'd38aa58d', '46003790']",Anomaly,13
blk_-8984209433363080628,"['3d91fa85', 'bbb51b95']",Anomaly,2
blk_-364745419076712902,"['bbb51b95', 'bbb51b95', '3d91fa85', 'bbb51b95', 'd38aa58d', '46003790', '5d5de21c', 'd38aa58d', '46003790', 'd38aa58d', '46003790', '5d5de21c', '5d5de21c']",Anomaly,13
blk_6366394750192544027,"['3d91fa85', 'bbb51b95', 'bbb51b95', 'bbb51b95', '5d5de21c', '5d5de21c', 'd38aa58d', '46003790', 'd38aa58d', '46003790', 'd38aa58d', '46003790', '5d5de21c']",Anomaly,13
blk_498931071351273739,"['3d91fa85', 'bbb51b95', 'bbb51b95', 'bbb51b95', 'd38aa58d', '46003790', '5d5de21c', '5d5de21c', '5d5de21c', 'd38aa58d', '46003790', 'd38aa58d', '46003790', '32777b38']",Normal,14
blk_8478127920305726634,"['bbb51b95', 'bbb51b95', '3d91fa85', 'bbb51b95', 'd38aa58d', '46003790', 'd38aa58d', '46003790', 'd38aa58d', '46003790', '5d5de21c', '5d5de21c', '5d5de21c']",Anomaly,13
blk_-5595749812925160500,"['3d91fa85', 'bbb51b95']",Anomaly,2
blk_8938558716067156865,"['bbb51b95', 'bbb51b95', 'bbb51b95', '3d91fa85', 'd38aa58d', '46003790', 'd38aa58d', '46003790', 'd38aa58d', '46003790', '5d5de21c', '5d5de21c', '5d5de21c']",Anomaly,13
blk_-2767283495631705795,"['bbb51b95', '3d91fa85', 'bbb51b95', 'bbb51b95', '46003790', 'd38aa58d', '46003790', 'd38aa58d', '46003790', 'd38aa58d', '5d5de21c', '5d5de21c', '5d5de21c']",Normal,13
blk_333728052398723533,"['3d91fa85', 'bbb51b95']",Anomaly,2
blk_262064827988130176,"['bbb51b95', '3d91fa85', 'bbb51b95', 'bbb51b95', '46003790', 'd38aa58d', '46003790', 'd38aa58d', '46003790', 'd38aa58d', '5d5de21c', '5d5de21c', '5d5de21c']",Anomaly,13
blk_-8592783146128373201,"['3d91fa85', 'bbb51b95', 'bbb51b95', 'bbb51b95', '5d5de21c', '5d5de21c', '5d5de21c', 'd38aa58d', '46003790', 'd38aa58d', '46003790', 'd38aa58d', '46003790', 'a333d363', '4dec0816', 'a333d363']",Anomaly,16
blk_-7345927419205705449,"['3d91fa85', 'bbb51b95']",Anomaly,2
blk_-7728733787184992929,"['bbb51b95', '3d91fa85', 'bbb51b95', 'bbb51b95', 'd38aa58d', '46003790', 'd38aa58d', '46003790', 'd38aa58d', '46003790', '5d5de21c', '5d5de21c', '5d5de21c', '4dec0816']",Normal,14
blk_8481640719132794798,"['3d91fa85', 'bbb51b95', 'bbb51b95', 'bbb51b95', '5d5de21c', '5d5de21c', 'd38aa58d', '46003790', 'd38aa58d', '46003790', '5d5de21c', 'd38aa58d', '46003790', 'a333d363']",Anomaly,14
blk_3662628695837082582,"['3d91fa85', 'bbb51b95']",Anomaly,2
blk_608923767603629760,"['bbb51b95', 'bbb51b95', 'bbb51b95', '3d91fa85', 'd38aa58d', '46003790', 'd38aa58d', '46003790', 'd38aa58d', '46003790', '5d5de21c', '5d5de21c', '5d5de21c']",Normal,13
blk_-3814092746674768435,"['bbb51b95', 'bbb51b95', '3d91fa85', 'bbb51b95', 'd38aa58d', '46003790', 'd38aa58d', 'd38aa58d', '46003790', '46003790', '5d5de21c', '5d5de21c', '5d5de21c']",Anomaly,13
blk_-3967595023401864452,"['bbb51b95', 'bbb51b95', '3d91fa85', 'bbb51b95', 'd38aa58d', '46003790', 'd38aa58d', '46003790', 'd38aa58d', '46003790', '5d5de21c', '5d5de21c', '5d5de21c', 'a333d363', '4dec0816']",Anomaly,15
blk_-1370142050501390771,"['bbb51b95', '3d91fa85', 'bbb51b95', 'bbb51b95', 'd38aa58d', '46003790', 'd38aa58d', '46003790', 'd38aa58d', '46003790', '5d5de21c', '5d5de21c', '5d5de21c']",Normal,13
blk_7691749505989732174,"['bbb51b95', '3d91fa85', 'bbb51b95', 'bbb51b95', 'd38aa58d', '46003790', 'd38aa58d', '46003790', 'd38aa58d', '46003790', '5d5de21c', '5d5de21c', '5d5de21c']",Normal,13
blk_-1324101904408830949,"['bbb51b95', 'bbb51b95', 'bbb51b95', '3d91fa85', 'd38aa58d', '46003790', 'd38aa58d', '46003790', 'd38aa58d', '46003790', '5d5de21c', '5d5de21c', '5d5de21c']",Anomaly,13
blk_8655606054894708525,"['bbb51b95', 'bbb51b95', '3d91fa85', 'bbb51b95', 'd38aa58d', '46003790', '46003790', 'd38aa58d', '46003790', '5d5de21c', '5d5de21c', 'd38aa58d', '5d5de21c', '4dec0816']",Anomaly,14
blk_2245941246124049271,"['bbb51b95', 'bbb51b95', 'bbb51b95', '3d91fa85', 'd38aa58d', '46003790', 'd38aa58d', '46003790', 'd38aa58d', '46003790', '5d5de21c', '5d5de21c', '5d5de21c', 'd63ef163', 'd63ef163', 'd63ef163', 'dba996ef', 'dba996ef', 'dba996ef', '2e68ccc3']",Anomaly,20
blk_-2093316347698791866,"['3d91fa85', 'bbb51b95', 'bbb51b95', 'bbb51b95', '5d5de21c', '5d5de21c', '5d5de21c', 'd38aa58d', '46003790', 'd38aa58d', '46003790', 'd38aa58d', '46003790']",Normal,13
blk_2222295918007700333,"['bbb51b95', 'bbb51b95', 'bbb51b95', '3d91fa85', 'd38aa58d', '46003790', 'd38aa58d', '46003790', 'd38aa58d', '46003790', '5d5de21c', '5d5de21c', '5d5de21c']",Normal,13
blk_3181270400213514674,"['bbb51b95', 'bbb51b95', 'bbb51b95', '3d91fa85', 'd38aa58d', '46003790', 'd38aa58d', '46003790', 'd38aa58d', '46003790', '5d5de21c', '5d5de21c', '5d5de21c']",Normal,13
blk_-6570787968438355565,"['3d91fa85', 'bbb51b95', 'bbb51b95', 'bbb51b95', '5d5de21c', 'd38aa58d', '46003790', 'd38aa58d', '46003790', '5d5de21c', '5d5de21c', 'd38aa58d', '46003790', 'a333d363', '4dec0816', 'a333d363']",Normal,16
blk_-1703155824245598711,"['bbb51b95', 'bbb51b95', '3d91fa85', 'bbb51b95', 'd38aa58d', '46003790', '5d5de21c', 'd38aa58d', '46003790', 'd38aa58d', '46003790', '5d5de21c', '5d5de21c', 'a333d363', '4dec0816']",Normal,15
blk_7241910554648370173,"['bbb51b95', 'bbb51b95', 'bbb51b95', '3d91fa85', 'd38aa58d', '46003790', 'd38aa58d', '46003790', 'd38aa58d', '46003790', '5d5de21c', '5d5de21c', '5d5de21c']",Normal,13
blk_8845925035435653416,"['bbb51b95', '3d91fa85', 'bbb51b95', 'bbb51b95', 'd38aa58d', '46003790', 'd38aa58d', '46003790', 'd38aa58d', '46003790', '5d5de21c', '5d5de21c', '5d5de21c']",Anomaly,13
blk_-7739719710929160572,"['bbb51b95', '3d91fa85', 'bbb51b95', 'bbb51b95', 'd38aa58d', '46003790', 'd38aa58d', '46003790', 'd38aa58d', '46003790', '5d5de21c', '5d5de21c', '5d5de21c']",Normal,13
blk_4057764053024045604,"['3d91fa85', 'bbb51b95', 'bbb51b95', 'bbb51b95', '5d5de21c', '5d5de21c', '5d5de21c', 'd38aa58d', '46003790', 'd38aa58d', '46003790', 'd38aa58d', '46003790', '32777b38']",Normal,14
blk_-7654696074545947372,"['bbb51b95', '3d91fa85', 'bbb51b95', 'bbb51b95', 'd38aa58d', '46003790', 'd38aa58d', '46003790', 'd38aa58d', '46003790', '5d5de21c', '5d5de21c', '5d5de21c']",Anomaly,13
blk_-3609756989723633294,"['bbb51b95', '3d91fa85', 'bbb51b95', 'bbb51b95', 'd38aa58d', '46003790', 'd38aa58d', '46003790', '5d5de21c', '5d5de21c', 'd38aa58d', '46003790', '5d5de21c']",Normal,13
blk_4840507427481643866,"['bbb51b95', 'bbb51b95', '3d91fa85', 'bbb51b95', 'd38aa58d', '46003790', 'd38aa58d', '46003790', 'd38aa58d', '46003790', '5d5de21c', '5d5de21c', '5d5de21c', 'd63ef163', 'd63ef163', 'd63ef163', 'dba996ef', 'dba996ef', 'dba996ef']",Normal,19
blk_-1621615216307675504,"['3d91fa85', 'bbb51b95', 'bbb51b95', 'bbb51b95', '5d5de21c', '5d5de21c', 'd38aa58d', '46003790', 'd38aa58d', '46003790', '5d5de21c', 'd38aa58d', '46003790']",Normal,13
blk_-8651022183233211370,"['bbb51b95', 'bbb51b95', 'bbb51b95', '3d91fa85', 'd38aa58d', '46003790', 'd38aa58d', '46003790', 'd38aa58d', '46003790', '5d5de21c', '5d5de21c', '40651754', '728076ac', '5d5de21c', 'bbb51b95', '9c784e29', '44614d71', '5d5de21c', 'dba996ef', '4dec0816']",Anomaly,21
blk_5733149766616818808,"['bbb51b95', '3d91fa85', 'bbb51b95', 'bbb51b95', 'd38aa58d', '46003790', 'd38aa58d', '46003790', '5d5de21c', '5d5de21c', 'd38aa58d', '46003790', '5d5de21c']",Normal,13
blk_-5572168614909885563,"['bbb51b95', 'bbb51b95', '3d91fa85', 'bbb51b95', 'd38aa58d', '46003790', 'd38aa58d', '46003790', '5d5de21c', 'd38aa58d', '46003790', '5d5de21c', '5d5de21c']",Anomaly,13
blk_-7413308536733935669,"['3d91fa85', 'bbb51b95', 'bbb51b95', 'bbb51b95', '5d5de21c', 'd38aa58d', '46003790', 'd38aa58d', '46003790', 'd38aa58d', '46003790', '5d5de21c', '5d5de21c']",Normal,13
blk_-2329982107536894279,"['3d91fa85', 'bbb51b95', 'bbb51b95', 'bcc910df']",Anomaly,4
blk_2373244896005672719,"['3d91fa85', 'bbb51b95']",Anomaly,2
blk_-1634777010979409608,"['3d91fa85', 'bbb51b95', 'bbb51b95', 'bbb51b95', '5d5de21c', '5d5de21c', '5d5de21c', 'd38aa58d', '46003790', 'd38aa58d', '46003790', 'd38aa58d', '46003790']",Normal,13
blk_94292041330659526,"['bbb51b95', '3d91fa85', 'bbb51b95', 'bbb51b95', 'd38aa58d', '46003790', 'd38aa58d', '46003790', 'd38aa58d', '46003790', '5d5de21c', '5d5de21c', '5d5de21c']",Normal,13
blk_6328708806871324751,"['bbb51b95', 'bbb51b95', 'bbb51b95', '3d91fa85', 'd38aa58d', '46003790', 'd38aa58d', '46003790', 'd38aa58d', '46003790', '5d5de21c', '5d5de21c', '5d5de21c']",Normal,13
blk_5767303824611631314,"['bbb51b95', '3d91fa85', 'bbb51b95', 'bbb51b95', 'd38aa58d', '46003790', 'd38aa58d', '46003790', '5d5de21c', '5d5de21c', 'd38aa58d', '46003790', '5d5de21c']",Normal,13
blk_-2232816116073383083,"['bbb51b95', '3d91fa85', 'bbb51b95', 'bbb51b95', 'd38aa58d', '46003790', 'd38aa58d', '46003790', 'd38aa58d', '46003790', '5d5de21c', '5d5de21c', '5d5de21c', 'a333d363', '4dec0816']",Normal,15
blk_1616037031536680312,"['bbb51b95', 'bbb51b95', 'bbb51b95', '3d91fa85', 'd38aa58d', '46003790', 'd38aa58d', '46003790', 'd38aa58d', '46003790', '5d5de21c', '5d5de21c', '5d5de21c']",Normal,13
blk_-774246298521956028,"['bbb51b95', 'bbb51b95', 'bbb51b95', '3d91fa85', 'd38aa58d', '46003790', 'd38aa58d', 'd38aa58d', '46003790', '46003790', '5d5de21c', '5d5de21c', '5d5de21c', '32777b38', '32777b38', '32777b38', 'a333d363']",Normal,17
blk_-3536250528815504121,"['bbb51b95', '3d91fa85', 'bbb51b95', 'bbb51b95', 'd38aa58d', '46003790', 'd38aa58d', '46003790', 'd38aa58d', '46003790', '5d5de21c', '5d5de21c', '5d5de21c']",Normal,13
blk_-4581062568882987264,"['3d91fa85', 'bbb51b95']",Anomaly,2
blk_-6473889391170929938,"['bbb51b95', 'bbb51b95', 'bbb51b95', '3d91fa85', 'd38aa58d', '46003790', 'd38aa58d', '46003790', 'd38aa58d', '46003790', '5d5de21c', '5d5de21c', '5d5de21c']",Normal,13
blk_8385981168332727134,"['bbb51b95', 'bbb51b95', 'bbb51b95', '3d91fa85', 'd38aa58d', '46003790', 'd38aa58d', '46003790', '5d5de21c', '5d5de21c', 'd38aa58d', '46003790', '5d5de21c']",Anomaly,13
blk_-1877139487193237019,"['3d91fa85', 'bbb51b95', 'bbb51b95', 'bbb51b95', '5d5de21c', '5d5de21c', 'd38aa58d', '46003790', 'd38aa58d', '46003790', 'd38aa58d', '46003790', '5d5de21c', '32777b38']",Normal,14
blk_4102560645359943024,"['3d91fa85', 'bbb51b95', 'bbb51b95', 'bbb51b95', '5d5de21c', '5d5de21c', 'd38aa58d', '46003790', 'd38aa58d', '46003790', 'd38aa58d', '46003790', '5d5de21c']",Normal,13
blk_7510269636811600821,"['bbb51b95', '3d91fa85', 'bbb51b95', 'bbb51b95', 'd38aa58d', '46003790', 'd38aa58d', '46003790', 'd38aa58d', '46003790', '5d5de21c', '5d5de21c', '5d5de21c']",Normal,13
blk_-5350492094942566244,"['3d91fa85', 'bbb51b95', 'bbb51b95', 'bcc910df']",Anomaly,4
blk_-5604676649556428283,"['3d91fa85', 'bbb51b95', 'bbb51b95', 'bbb51b95', '5d5de21c', '5d5de21c', '5d5de21c', 'd38aa58d', '46003790', 'd38aa58d', '46003790', 'd38aa58d', '46003790']",Normal,13
blk_2804037669331396910,"['3d91fa85', 'bbb51b95', 'bbb51b95', 'bbb51b95', '5d5de21c', 'd38aa58d', '46003790', 'd38aa58d', '46003790', 'd38aa58d', '46003790', '5d5de21c', '5d5de21c']",Normal,13
