BlockId,EventSequence
blk_6708312124409372483,"['bbb51b95', 'bbb51b95', '3d91fa85', 'bbb51b95', 'd38aa58d', '46003790', 'd38aa58d', '46003790', 'd38aa58d', '46003790', '5d5de21c', '5d5de21c', '5d5de21c']"
blk_5047876460722366136,"['3d91fa85', 'bbb51b95', 'bbb51b95', 'bbb51b95', '5d5de21c', 'd38aa58d', '46003790', 'd38aa58d', '46003790', 'd38aa58d', '46003790', '5d5de21c', '5d5de21c', '32777b38']"
blk_-3477064418411131533,"['3d91fa85', 'bbb51b95', 'bbb51b95', 'bbb51b95', '5d5de21c', 'd38aa58d', '46003790', '5d5de21c', '5d5de21c', 'd38aa58d', '46003790', 'd38aa58d', '46003790']"
blk_-69902242159797662,"['bbb51b95', '3d91fa85', 'bbb51b95', 'bbb51b95', 'd38aa58d', '46003790', 'd38aa58d', '46003790', 'd38aa58d', '46003790', '5d5de21c', '5d5de21c', '5d5de21c']"
blk_-269495357807510281,"['bbb51b95', 'bbb51b95', 'bbb51b95', '3d91fa85', 'd38aa58d', '46003790', 'd38aa58d', '46003790', 'd38aa58d', '46003790', '5d5de21c', '5d5de21c', '5d5de21c', 'd63ef163', 'd63ef163', 'd63ef163', 'dba996ef', 'dba996ef', 'dba996ef']"
blk_5258421983357107023,"['bbb51b95', 'bbb51b95', 'bbb51b95', '3d91fa85', 'd38aa58d', '46003790', '46003790', 'd38aa58d', '46003790', '5d5de21c', '5d5de21c', '5d5de21c', 'd38aa58d']"
blk_-3198672431681048168,"['bbb51b95', '3d91fa85', 'bbb51b95', 'bbb51b95', 'd38aa58d', '46003790', 'd38aa58d', '46003790', 'd38aa58d', '46003790', '5d5de21c', '5d5de21c', '5d5de21c', '4dec0816']"
blk_2809885698723541302,"['bbb51b95', 'bbb51b95', 'bbb51b95', '3d91fa85', 'd38aa58d', '46003790', 'd38aa58d', '46003790', 'd38aa58d', '46003790', '5d5de21c', '5d5de21c', '5d5de21c']"
blk_7449491540120118529,"['3d91fa85', 'bbb51b95', 'bbb51b95', 'bbb51b95', 'd38aa58d', '46003790', 'd38aa58d', '46003790', 'd38aa58d', '46003790', '5d5de21c', '5d5de21c', '5d5de21c']"
blk_3004920300624946932,"['bbb51b95', 'bbb51b95', 'bbb51b95', '3d91fa85', 'd38aa58d', '46003790', '5d5de21c', 'd38aa58d', '46003790', 'd38aa58d', '46003790', '5d5de21c', '5d5de21c']"
blk_2595863209220896080,"['3d91fa85', 'bbb51b95', 'bbb51b95', 'bbb51b95', '5d5de21c', '5d5de21c', '5d5de21c', 'd38aa58d', '46003790', 'd38aa58d', '46003790', 'd38aa58d', '46003790', 'a333d363', '4dec0816']"
blk_-1577830978049349432,"['bbb51b95', 'bbb51b95', '3d91fa85', 'bbb51b95', 'd38aa58d', '46003790', 'd38aa58d', '46003790', 'd38aa58d', '46003790', '5d5de21c', '5d5de21c', '5d5de21c', '32777b38', '32777b38', '32777b38', 'a333d363', 'a333d363', 'a333d363', 'a333d363', 'a333d363', 'a333d363', 'a333d363', 'a333d363', 'a333d363', 'a333d363', '4dec0816', 'a333d363', 'a333d363', 'a333d363', 'a333d363', 'a333d363']"
blk_-2777364891299639150,"['bbb51b95', 'bbb51b95', 'bbb51b95', '3d91fa85', 'd38aa58d', '46003790', 'd38aa58d', '46003790', 'd38aa58d', '46003790', '5d5de21c', '5d5de21c', '5d5de21c']"
blk_-6899032568103917580,"['3d91fa85', 'bbb51b95', 'bbb51b95', 'bbb51b95', 'd38aa58d', '46003790', 'd38aa58d', '46003790', 'd38aa58d', '46003790', '5d5de21c', '5d5de21c', '5d5de21c', '32777b38', '32777b38', '32777b38', 'a333d363', '4dec0816', 'a333d363']"
blk_570118608083475096,"['3d91fa85', 'bbb51b95', 'bbb51b95', 'bbb51b95', 'd38aa58d', '46003790', '5d5de21c', '5d5de21c', '5d5de21c', 'd38aa58d', '46003790', 'd38aa58d', '46003790', '32777b38']"
blk_-837744464507963499,"['3d91fa85', 'bbb51b95', 'bbb51b95', 'bbb51b95', 'd38aa58d', '46003790', 'd38aa58d', '46003790', 'd38aa58d', '46003790', '5d5de21c', '5d5de21c', '5d5de21c']"
blk_-4362516219076510453,"['3d91fa85', 'bbb51b95', 'bbb51b95', 'bbb51b95', 'd38aa58d', '46003790', 'd38aa58d', '46003790', 'd38aa58d', '46003790', '5d5de21c', '5d5de21c', '5d5de21c']"
blk_713190335163503160,"['bbb51b95', 'bbb51b95', '3d91fa85', 'bbb51b95', 'd38aa58d', '46003790', 'd38aa58d', '46003790', 'd38aa58d', '46003790', '5d5de21c', '5d5de21c', '5d5de21c']"
blk_-7769185959518516348,"['bbb51b95', 'bbb51b95', '3d91fa85', 'bbb51b95', 'd38aa58d', 'd38aa58d', '46003790', '46003790', '5d5de21c', '5d5de21c', 'd38aa58d', '46003790', '5d5de21c', 'a333d363']"
blk_5736929257551124373,"['bbb51b95', 'bbb51b95', 'bbb51b95', '3d91fa85', 'd38aa58d', '46003790', '5d5de21c', 'd38aa58d', '46003790', 'd38aa58d', '46003790', '5d5de21c', '5d5de21c']"
blk_6637461720665118296,"['3d91fa85', 'bbb51b95', 'bbb51b95', 'bbb51b95', 'd38aa58d', '46003790', '5d5de21c', 'd38aa58d', '46003790', 'd38aa58d', '46003790', '5d5de21c', '5d5de21c', '32777b38']"
blk_-7169514523072595187,"['bbb51b95', 'bbb51b95', 'bbb51b95', '3d91fa85', 'd38aa58d', '46003790', 'd38aa58d', 'd38aa58d', '46003790', '46003790', '5d5de21c', '5d5de21c', '5d5de21c', 'd63ef163', 'd63ef163', 'd63ef163', 'dba996ef', 'dba996ef', 'dba996ef']"
blk_3845272987552091528,"['bbb51b95', 'bbb51b95', 'bbb51b95', '3d91fa85', 'd38aa58d', '46003790', 'd38aa58d', '46003790', 'd38aa58d', '46003790', '5d5de21c', '5d5de21c', '5d5de21c']"
blk_-2394810223891495666,"['bbb51b95', 'bbb51b95', '3d91fa85', 'bbb51b95', 'd38aa58d', '46003790', 'd38aa58d', '46003790', '5d5de21c', '5d5de21c', 'd38aa58d', '46003790', '5d5de21c']"
blk_-2956465527776970584,"['bbb51b95', '3d91fa85', 'bbb51b95', 'bbb51b95', 'd38aa58d', '46003790', 'd38aa58d', '46003790', '5d5de21c', '5d5de21c', 'd38aa58d', '46003790', '5d5de21c']"
blk_-2649078261419130111,"['bbb51b95', 'bbb51b95', '3d91fa85', 'bbb51b95', 'd38aa58d', '46003790', 'd38aa58d', '46003790', 'd38aa58d', '46003790', '5d5de21c', '5d5de21c', '5d5de21c']"
blk_3947569296917421037,"['bbb51b95', 'bbb51b95', '3d91fa85', 'bbb51b95', 'd38aa58d', '46003790', 'd38aa58d', '46003790', '5d5de21c', 'd38aa58d', '46003790', '5d5de21c', '5d5de21c']"
blk_3668233034123754242,"['3d91fa85', 'bbb51b95', 'bbb51b95', 'bbb51b95', '5d5de21c', '5d5de21c', '5d5de21c', 'd38aa58d', '46003790', 'd38aa58d', '46003790', 'd38aa58d', '46003790']"
blk_-4515956467701540150,"['3d91fa85', 'bbb51b95', 'bbb51b95', 'bbb51b95', '5d5de21c', '5d5de21c', 'd38aa58d', '46003790', 'd38aa58d', '46003790', '5d5de21c', 'd38aa58d', '46003790', '32777b38']"
blk_7452725233816412888,"['bbb51b95', 'bbb51b95', 'bbb51b95', '3d91fa85', 'd38aa58d', '46003790', 'd38aa58d', '46003790', 'd38aa58d', '46003790', '5d5de21c', '5d5de21c', '5d5de21c']"
blk_8718842163344235492,"['bbb51b95', 'bbb51b95', 'bbb51b95', '3d91fa85', 'd38aa58d', '46003790', 'd38aa58d', '46003790', '5d5de21c', 'd38aa58d', '46003790', '5d5de21c', '5d5de21c']"
blk_-3254229605508146933,"['bbb51b95', 'bbb51b95', 'bbb51b95', '3d91fa85', 'd38aa58d', '46003790', 'd38aa58d', '46003790', 'd38aa58d', '46003790', '5d5de21c', '5d5de21c', '5d5de21c']"
blk_-5547249033528047419,"['bbb51b95', '3d91fa85', 'bbb51b95', 'bbb51b95', 'd38aa58d', '46003790', '5d5de21c', '5d5de21c', 'd38aa58d', '46003790', 'd38aa58d', '46003790', '5d5de21c']"
blk_2756853625056093955,"['3d91fa85', 'bbb51b95', 'bbb51b95', 'bbb51b95', '5d5de21c', '5d5de21c', '5d5de21c', 'd38aa58d', '46003790', 'd38aa58d', '46003790', 'd38aa58d', '46003790', 'a333d363', '4dec0816', 'a333d363']"
blk_4566172499859385321,"['3d91fa85', 'bbb51b95', 'bbb51b95', 'bbb51b95', 'd38aa58d', '46003790', 'd38aa58d', '46003790', '5d5de21c', '5d5de21c', 'd38aa58d', '46003790', '5d5de21c']"
blk_7436504663199074379,"['3d91fa85', 'bbb51b95', 'bbb51b95', 'bbb51b95', '5d5de21c', 'd38aa58d', '46003790', '5d5de21c', '5d5de21c', 'd38aa58d', '46003790', 'd38aa58d', '46003790', 'a333d363', '4dec0816']"
blk_5771765417898468977,"['bbb51b95', '3d91fa85', 'bbb51b95', 'bbb51b95', 'd38aa58d', '46003790', 'd38aa58d', '46003790', '5d5de21c', 'd38aa58d', '46003790', '5d5de21c', '5d5de21c']"
blk_-2959513085952642944,"['bbb51b95', 'bbb51b95', 'bbb51b95', '3d91fa85', 'd38aa58d', '46003790', 'd38aa58d', '46003790', 'd38aa58d', '46003790', '5d5de21c', '5d5de21c', '5d5de21c']"
blk_-6380073325896649751,"['3d91fa85', 'bbb51b95', 'bbb51b95', 'bbb51b95', '5d5de21c', '5d5de21c', '5d5de21c', 'd38aa58d', '46003790', 'd38aa58d', '46003790', 'd38aa58d', '46003790']"
blk_5126416278587746906,"['bbb51b95', 'bbb51b95', '3d91fa85', 'bbb51b95', 'd38aa58d', '46003790', '5d5de21c', 'd38aa58d', '46003790', 'd38aa58d', '46003790', '5d5de21c', '5d5de21c', 'a333d363', '4dec0816']"
blk_-6527514016746024246,"['bbb51b95', 'bbb51b95', 'bbb51b95', '3d91fa85', 'd38aa58d', '46003790', 'd38aa58d', '46003790', 'd38aa58d', '46003790', '5d5de21c', '5d5de21c', '5d5de21c']"
blk_5711802967589285809,"['bbb51b95', 'bbb51b95', 'bbb51b95', '3d91fa85', '46003790', '5d5de21c', 'd38aa58d', 'd38aa58d', '46003790', 'd38aa58d', '46003790', '5d5de21c', '5d5de21c']"
blk_2291379947495239301,"['bbb51b95', 'bbb51b95', '3d91fa85', 'bbb51b95', 'd38aa58d', '46003790', 'd38aa58d', '46003790', 'd38aa58d', '46003790', '5d5de21c', '5d5de21c', '5d5de21c']"
blk_-7887474473969193833,"['3d91fa85', 'bbb51b95', 'bbb51b95', 'bbb51b95', '5d5de21c', '5d5de21c', '5d5de21c', 'd38aa58d', '46003790', 'd38aa58d', '46003790', 'd38aa58d', '46003790', 'a333d363', 'a333d363']"
blk_-6227368174251059403,"['bbb51b95', 'bbb51b95', '3d91fa85', 'bbb51b95', 'd38aa58d', '46003790', 'd38aa58d', '46003790', 'd38aa58d', '46003790', '5d5de21c', '5d5de21c', '5d5de21c']"
blk_-5907661833152398515,"['bbb51b95', 'bbb51b95', '3d91fa85', 'bbb51b95', 'd38aa58d', '46003790', '5d5de21c', 'd38aa58d', '46003790', 'd38aa58d', '46003790', '5d5de21c', '5d5de21c']"
blk_-3647064720825489907,"['3d91fa85', 'bbb51b95', 'bbb51b95', 'bbb51b95', '5d5de21c', '5d5de21c', '5d5de21c', 'd38aa58d', '46003790', 'd38aa58d', '46003790', 'd38aa58d', '46003790', '32777b38']"
blk_2597537355065248179,"['3d91fa85', 'bbb51b95', 'bbb51b95', 'bbb51b95', '5d5de21c', 'd38aa58d', '46003790', 'd38aa58d', '46003790', '5d5de21c', '5d5de21c', 'd38aa58d', '46003790', 'a333d363', 'a333d363', '4dec0816']"
blk_-8164612798114174018,"['bbb51b95', 'bbb51b95', 'bbb51b95', '3d91fa85', 'd38aa58d', '46003790', 'd38aa58d', '46003790', 'd38aa58d', '46003790', '5d5de21c', '5d5de21c', '5d5de21c']"
blk_-1269296613248465622,"['3d91fa85', 'bbb51b95', 'bbb51b95', 'bbb51b95', '5d5de21c', '5d5de21c', 'd38aa58d', '46003790', '46003790', '5d5de21c', 'd38aa58d', '46003790', 'd38aa58d']"
blk_-5090557033401720670,"['bbb51b95', 'bbb51b95', 'bbb51b95', '3d91fa85', 'd38aa58d', '46003790', 'd38aa58d', '46003790', 'd38aa58d', '46003790', '5d5de21c', '5d5de21c', '5d5de21c', 'a333d363', '4dec0816']"
blk_5300347337827857282,"['3d91fa85', 'bbb51b95', 'bbb51b95', 'bbb51b95', '5d5de21c', '5d5de21c', 'd38aa58d', '46003790', 'd38aa58d', '46003790', '5d5de21c', 'd38aa58d', '46003790']"
blk_3833142987209838363,"['bbb51b95', 'bbb51b95', 'bbb51b95', '3d91fa85', 'd38aa58d', '46003790', 'd38aa58d', '46003790', '5d5de21c', '5d5de21c', 'd38aa58d', '46003790', '5d5de21c']"
blk_383207738825910035,"['bbb51b95', '3d91fa85', 'bbb51b95', 'bbb51b95', 'd38aa58d', '46003790', 'd38aa58d', '46003790', 'd38aa58d', '46003790', '5d5de21c', '5d5de21c', '5d5de21c']"
blk_-9165727687125608766,"['bbb51b95', 'bbb51b95', 'bbb51b95', '3d91fa85', 'd38aa58d', '46003790', 'd38aa58d', '46003790', 'd38aa58d', '46003790', '5d5de21c', '5d5de21c', '5d5de21c', 'a333d363', '4dec0816']"
blk_-7443127730965844719,"['bbb51b95', '3d91fa85', 'bbb51b95', 'bbb51b95', 'd38aa58d', '46003790', 'd38aa58d', '46003790', '5d5de21c', '5d5de21c', 'd38aa58d', '46003790', '5d5de21c']"
blk_2852304211163908409,"['bbb51b95', '3d91fa85', 'bbb51b95', 'bbb51b95', 'd38aa58d', '46003790', 'd38aa58d', '46003790', 'd38aa58d', '46003790', '5d5de21c', '5d5de21c', '5d5de21c', 'd63ef163', 'd63ef163', 'd63ef163', 'dba996ef', 'dba996ef', 'dba996ef']"
blk_-7837263575586360823,"['bbb51b95', 'bbb51b95', 'bbb51b95', '3d91fa85', 'd38aa58d', '46003790', 'd38aa58d', '46003790', 'd38aa58d', '46003790', '5d5de21c', '5d5de21c', '5d5de21c']"
blk_-6273577825959171677,"['3d91fa85', 'bbb51b95', 'bbb51b95', 'bbb51b95', '5d5de21c', '5d5de21c', 'd38aa58d', '46003790', 'd38aa58d', '46003790', 'd38aa58d', '46003790', '5d5de21c']"
blk_-4463110851747069072,"['3d91fa85', 'bbb51b95', 'bbb51b95', 'bbb51b95', '5d5de21c', '5d5de21c', '5d5de21c', 'd38aa58d', '46003790', 'd38aa58d', '46003790', 'd38aa58d', '46003790']"
blk_3578758480069487728,"['3d91fa85', 'bbb51b95', 'bbb51b95', 'bbb51b95', '5d5de21c', 'd38aa58d', '46003790', '5d5de21c', 'd38aa58d', '46003790', 'd38aa58d', '46003790', '5d5de21c']"
blk_478877203625163700,"['3d91fa85', 'bbb51b95', 'bbb51b95', 'bbb51b95', '5d5de21c', '5d5de21c', '5d5de21c', 'd38aa58d', '46003790', 'd38aa58d', '46003790', 'd38aa58d', '46003790']"
blk_-1028466435695524164,"['bbb51b95', 'bbb51b95', 'bbb51b95', '3d91fa85', 'd38aa58d', '46003790', 'd38aa58d', '46003790', 'd38aa58d', '46003790', '5d5de21c', '5d5de21c', '5d5de21c']"
blk_-7672094263643601282,"['bbb51b95', 'bbb51b95', 'bbb51b95', '3d91fa85', 'd38aa58d', '46003790', 'd38aa58d', '46003790', '5d5de21c', 'd38aa58d', '46003790', '5d5de21c', '5d5de21c']"
blk_-1628924046172333164,"['bbb51b95', '3d91fa85', 'bbb51b95', 'bbb51b95', 'd38aa58d', '46003790', 'd38aa58d', '46003790', 'd38aa58d', '46003790', '5d5de21c', '5d5de21c', '5d5de21c']"
blk_4049086889884580001,"['bbb51b95', 'bbb51b95', '3d91fa85', 'bbb51b95', 'd38aa58d', '46003790', 'd38aa58d', '46003790', '5d5de21c', '5d5de21c', 'd38aa58d', '46003790', '5d5de21c']"
blk_-3574896762231209882,"['bbb51b95', '3d91fa85', 'bbb51b95', 'bbb51b95', '46003790', 'd38aa58d', 'd38aa58d', '46003790', 'd38aa58d', '46003790', '5d5de21c', '5d5de21c', '5d5de21c']"
blk_-3358448553918665902,"['bbb51b95', '3d91fa85', 'bbb51b95', 'bbb51b95', 'd38aa58d', '46003790', 'd38aa58d', '46003790', 'd38aa58d', '46003790', '5d5de21c', '5d5de21c', '5d5de21c', '4dec0816']"
blk_-7597541471842185318,"['bbb51b95', 'bbb51b95', '3d91fa85', 'bbb51b95', 'd38aa58d', '46003790', 'd38aa58d', '46003790', 'd38aa58d', '46003790', '5d5de21c', '5d5de21c', '5d5de21c', '4dec0816']"
blk_2518387665337639097,"['3d91fa85', 'bbb51b95', 'bbb51b95', 'bbb51b95', 'd38aa58d', '46003790', 'd38aa58d', '46003790', 'd38aa58d', '46003790', '5d5de21c', '5d5de21c', '5d5de21c']"
blk_7271323470934290915,"['bbb51b95', 'bbb51b95', '3d91fa85', 'bbb51b95', 'd38aa58d', '46003790', '5d5de21c', '46003790', 'd38aa58d', '5d5de21c', 'd38aa58d', '46003790', '5d5de21c', 'a333d363', '4dec0816']"
blk_5294242131693113334,"['bbb51b95', 'bbb51b95', '3d91fa85', 'bbb51b95', 'd38aa58d', '46003790', '5d5de21c', '5d5de21c', 'd38aa58d', '46003790', 'd38aa58d', '46003790', '5d5de21c', '4dec0816']"
blk_1301556185047598962,"['3d91fa85', 'bbb51b95', 'bbb51b95', 'bbb51b95', '46003790', '5d5de21c', '5d5de21c', '5d5de21c', 'd38aa58d', '46003790', 'd38aa58d', 'd38aa58d', '46003790']"
blk_-8101274920191651157,"['bbb51b95', 'bbb51b95', 'bbb51b95', '3d91fa85', 'd38aa58d', '46003790', 'd38aa58d', '46003790', 'd38aa58d', '46003790', '5d5de21c', '5d5de21c', '5d5de21c', 'd63ef163', 'd63ef163', 'd63ef163', 'dba996ef', 'dba996ef', 'dba996ef']"
blk_-7765416581700201360,"['bbb51b95', 'bbb51b95', 'bbb51b95', '3d91fa85', '46003790', 'd38aa58d', '46003790', 'd38aa58d', '46003790', 'd38aa58d', '5d5de21c', '5d5de21c', '5d5de21c']"
blk_6450905439631499145,"['bbb51b95', 'bbb51b95', 'bbb51b95', '3d91fa85', 'd38aa58d', '46003790', '5d5de21c', 'd38aa58d', '46003790', 'd38aa58d', '46003790', '5d5de21c', '5d5de21c']"
blk_7655112125682124111,"['bbb51b95', 'bbb51b95', '3d91fa85', 'bbb51b95', 'd38aa58d', '46003790', 'd38aa58d', '46003790', '5d5de21c', '5d5de21c', 'd38aa58d', '46003790', '5d5de21c', '32777b38']"
blk_-459056459759001598,"['bbb51b95', 'bbb51b95', '3d91fa85', 'bbb51b95', 'd38aa58d', 'd38aa58d', '46003790', '46003790', '5d5de21c', '5d5de21c', 'd38aa58d', '46003790', '5d5de21c']"
blk_8030196558343930337,"['bbb51b95', '3d91fa85', 'bbb51b95', 'bbb51b95', 'd38aa58d', '46003790', 'd38aa58d', '46003790', 'd38aa58d', '46003790', '5d5de21c', '5d5de21c', '5d5de21c']"
blk_6330376519624910834,"['bbb51b95', 'bbb51b95', '3d91fa85', 'bbb51b95', 'd38aa58d', '46003790', 'd38aa58d', '46003790', '5d5de21c', '5d5de21c', 'd38aa58d', '46003790', '5d5de21c']"
blk_-5985287426808317895,"['bbb51b95', 'bbb51b95', '3d91fa85', 'bbb51b95', 'd38aa58d', '46003790', 'd38aa58d', '46003790', 'd38aa58d', '46003790', '5d5de21c', '5d5de21c', '5d5de21c']"
blk_-8526721591004363754,"['3d91fa85', 'bbb51b95', 'bbb51b95', 'bbb51b95', '5d5de21c', '5d5de21c', '5d5de21c', 'd38aa58d', '46003790', 'd38aa58d', '46003790', 'd38aa58d', '46003790', 'a333d363', 'a333d363', '4dec0816']"
blk_8510186228670623537,"['bbb51b95', 'd38aa58d', '46003790', 'bbb51b95', 'd38aa58d', '46003790', 'bbb51b95', 'd38aa58d', '46003790', '5d5de21c', '5d5de21c', '3d91fa85', '5d5de21c', '4dec0816']"
blk_4799422628120502253,"['bbb51b95', '3d91fa85', 'bbb51b95', 'bbb51b95', '5d5de21c', '5d5de21c', 'd38aa58d', '46003790', 'd38aa58d', '46003790', 'd38aa58d', '46003790', '5d5de21c', '32777b38', 'a333d363', '4dec0816']"
blk_-277945780838514466,"['bbb51b95', 'bbb51b95', 'bbb51b95', '3d91fa85', 'd38aa58d', '46003790', 'd38aa58d', '46003790', 'd38aa58d', '46003790', '5d5de21c', '5d5de21c', '5d5de21c']"
blk_-1756394019607464055,"['3d91fa85', 'bbb51b95', 'bbb51b95', 'bbb51b95', '5d5de21c', 'd38aa58d', '46003790', '5d5de21c', '5d5de21c', 'd38aa58d', '46003790', 'd38aa58d', '46003790', '32777b38', 'a333d363', '4dec0816']"
blk_4261419759211511729,"['bbb51b95', 'bbb51b95', 'bbb51b95', '3d91fa85', 'd38aa58d', '46003790', 'd38aa58d', '46003790', 'd38aa58d', '46003790', '5d5de21c', '5d5de21c', '5d5de21c']"
blk_5756902383220151364,"['bbb51b95', 'bbb51b95', '3d91fa85', 'bbb51b95', 'd38aa58d', '46003790', 'd38aa58d', '46003790', 'd38aa58d', '46003790', '5d5de21c', '5d5de21c', '5d5de21c', '4dec0816']"
blk_-1729472316732864237,"['3d91fa85', 'bbb51b95', 'bbb51b95', 'bbb51b95', '5d5de21c', '5d5de21c', 'd38aa58d', '46003790', 'd38aa58d', '46003790', 'd38aa58d', '46003790', '5d5de21c']"
blk_3207545031261618191,"['3d91fa85', 'bbb51b95', 'bbb51b95', 'bbb51b95', '5d5de21c', '5d5de21c', '5d5de21c', 'd38aa58d', '46003790', 'd38aa58d', '46003790', 'd38aa58d', '46003790']"
blk_-1204939862386973570,"['bbb51b95', 'bbb51b95', '3d91fa85', 'bbb51b95', 'd38aa58d', '46003790', 'd38aa58d', '46003790', 'd38aa58d', '46003790', '5d5de21c', '5d5de21c', '5d5de21c']"
blk_7381167771520453856,"['bbb51b95', 'bbb51b95', '3d91fa85', 'bbb51b95', 'd38aa58d', '46003790', 'd38aa58d', '46003790', 'd38aa58d', '46003790', '5d5de21c', '5d5de21c', '5d5de21c']"
blk_-6381047483855332285,"['bbb51b95', 'bbb51b95', 'bbb51b95', '3d91fa85', 'd38aa58d', '46003790', 'd38aa58d', '46003790', 'd38aa58d', '46003790', '5d5de21c', '5d5de21c', '5d5de21c']"
blk_-1477352891274292250,"['bbb51b95', 'bbb51b95', 'bbb51b95', '3d91fa85', 'd38aa58d', '46003790', 'd38aa58d', '46003790', 'd38aa58d', '46003790', '5d5de21c', '5d5de21c', '5d5de21c']"
blk_4074784179908155943,"['bbb51b95', 'bbb51b95', 'bbb51b95', '3d91fa85', 'd38aa58d', '46003790', 'd38aa58d', '46003790', 'd38aa58d', '46003790', '5d5de21c', '5d5de21c', '5d5de21c']"
blk_7505606130745019105,"['3d91fa85', 'bbb51b95', 'bbb51b95', 'bbb51b95', '5d5de21c', '5d5de21c', 'd38aa58d', '46003790', 'd38aa58d', '46003790', 'd38aa58d', '46003790', '5d5de21c', '4dec0816']"
blk_8109945150517945978,"['bbb51b95', 'bbb51b95', 'bbb51b95', '3d91fa85', 'd38aa58d', '46003790', 'd38aa58d', '46003790', 'd38aa58d', '46003790', '5d5de21c', '5d5de21c', '5d5de21c']"
blk_-871503221916659553,"['3d91fa85', 'bbb51b95', 'bbb51b95', 'bbb51b95', 'd38aa58d', '46003790', 'd38aa58d', '46003790', 'd38aa58d', '46003790', '5d5de21c', '5d5de21c', '5d5de21c']"
blk_6333945557053219204,"['bbb51b95', '3d91fa85', 'bbb51b95', 'bbb51b95', 'd38aa58d', '46003790', 'd38aa58d', '46003790', '5d5de21c', '5d5de21c', 'd38aa58d', '46003790', '5d5de21c', 'd63ef163', 'd63ef163', 'd63ef163', 'dba996ef', 'dba996ef', 'dba996ef']"
blk_7887882865490300191,"['bbb51b95', 'bbb51b95', '3d91fa85', 'bbb51b95', 'd38aa58d', '46003790', 'd38aa58d', '46003790', 'd38aa58d', '46003790', '5d5de21c', '5d5de21c', '5d5de21c', 'a333d363']"
blk_1591401683648903346,"['bbb51b95', 'bbb51b95', 'bbb51b95', '3d91fa85', 'd38aa58d', '46003790', 'd38aa58d', '46003790', 'd38aa58d', '46003790', '5d5de21c', '5d5de21c', '5d5de21c']"
blk_3708098229033425599,"['3d91fa85', 'bbb51b95', 'bbb51b95', 'bbb51b95', '5d5de21c', '5d5de21c', '5d5de21c', 'd38aa58d', '46003790', 'd38aa58d', '46003790', 'd38aa58d', '46003790', 'a333d363']"
blk_8861375402852258426,"['bbb51b95', '3d91fa85', 'bbb51b95', 'bbb51b95', 'd38aa58d', '46003790', 'd38aa58d', '46003790', 'd38aa58d', '46003790', '5d5de21c', '5d5de21c', '5d5de21c', 'a333d363', '4dec0816']"
blk_6629706662816192850,"['3d91fa85', 'bbb51b95', 'bbb51b95', 'bbb51b95', '5d5de21c', '5d5de21c', '5d5de21c', 'd38aa58d', '46003790', 'd38aa58d', '46003790', 'd38aa58d', '46003790', 'a333d363', 'a333d363', '4dec0816']"
blk_-1652382330602902689,"['bbb51b95', 'bbb51b95', '3d91fa85', 'bbb51b95', 'd38aa58d', '46003790', 'd38aa58d', '46003790', 'd38aa58d', '46003790', '5d5de21c', '5d5de21c', '5d5de21c']"
blk_-927483680063670421,"['bbb51b95', 'bbb51b95', 'bbb51b95', '3d91fa85', 'd38aa58d', '46003790', 'd38aa58d', '46003790', 'd38aa58d', '46003790', '5d5de21c', '5d5de21c', '5d5de21c']"
blk_-4338480708054333180,"['bbb51b95', 'bbb51b95', 'bbb51b95', '3d91fa85', 'd38aa58d', '46003790', '46003790', '5d5de21c', 'd38aa58d', '46003790', 'd38aa58d', '5d5de21c', '5d5de21c']"
blk_-2625753929450613777,"['bbb51b95', 'bbb51b95', 'bbb51b95', '3d91fa85', 'd38aa58d', '46003790', 'd38aa58d', '46003790', 'd38aa58d', '46003790', '5d5de21c', '5d5de21c', '5d5de21c']"
blk_-6370069248452575230,"['bbb51b95', 'bbb51b95', 'bbb51b95', '3d91fa85', 'd38aa58d', '46003790', 'd38aa58d', '46003790', 'd38aa58d', '46003790', '5d5de21c', '5d5de21c', '5d5de21c']"
blk_-32832934898283164,"['bbb51b95', 'bbb51b95', '3d91fa85', 'bbb51b95', 'd38aa58d', '46003790', 'd38aa58d', '46003790', 'd38aa58d', '46003790', '5d5de21c', '5d5de21c', '5d5de21c']"
blk_-3048873639559226866,"['bbb51b95', 'bbb51b95', 'bbb51b95', '3d91fa85', 'd38aa58d', '46003790', 'd38aa58d', '46003790', 'd38aa58d', '46003790', '5d5de21c', '5d5de21c', '5d5de21c']"
blk_-7350361501220274607,"['3d91fa85', 'bbb51b95', 'bbb51b95', 'bbb51b95', '5d5de21c', '5d5de21c', '5d5de21c', 'd38aa58d', '46003790', 'd38aa58d', '46003790', 'd38aa58d', '46003790']"
blk_-2293170075449990910,"['bbb51b95', 'bbb51b95', '3d91fa85', 'bbb51b95', 'd38aa58d', '46003790', 'd38aa58d', '46003790', 'd38aa58d', '46003790', '5d5de21c', '5d5de21c', '5d5de21c', '32777b38', 'a333d363', 'a333d363', '4dec0816']"
blk_-82825976255953664,"['bbb51b95', 'bbb51b95', '3d91fa85', 'bbb51b95', 'd38aa58d', '46003790', 'd38aa58d', '46003790', 'd38aa58d', '46003790', '5d5de21c', '5d5de21c', '5d5de21c']"
blk_-4948227042816900637,"['3d91fa85', 'bbb51b95', 'bbb51b95', 'bbb51b95', '5d5de21c', '5d5de21c', '5d5de21c', 'd38aa58d', '46003790', '46003790', 'd38aa58d', '46003790', 'd38aa58d', '32777b38']"
blk_4679747904360406963,"['bbb51b95', 'bbb51b95', 'bbb51b95', '3d91fa85', 'd38aa58d', '46003790', 'd38aa58d', '46003790', 'd38aa58d', '46003790', '5d5de21c', '5d5de21c', '5d5de21c']"
blk_-7486589805211840101,"['3d91fa85', 'bbb51b95', 'bbb51b95', 'bbb51b95', '5d5de21c', '5d5de21c', '5d5de21c', 'd38aa58d', '46003790', 'd38aa58d', '46003790', 'd38aa58d', '46003790', 'a333d363', '4dec0816', 'a333d363']"
blk_-2444718575240602367,"['3d91fa85', 'bbb51b95', 'bbb51b95', 'bbb51b95', '5d5de21c', '5d5de21c', '5d5de21c', 'd38aa58d', '46003790', 'd38aa58d', '46003790', 'd38aa58d', '46003790']"
blk_7629435317779592722,"['bbb51b95', '3d91fa85', 'bbb51b95', 'bbb51b95', 'd38aa58d', '46003790', '46003790', '5d5de21c', 'd38aa58d', 'd38aa58d', '46003790', '5d5de21c', '5d5de21c']"
blk_7031639921146961622,"['bbb51b95', 'bbb51b95', 'bbb51b95', '3d91fa85', 'd38aa58d', '46003790', 'd38aa58d', '46003790', 'd38aa58d', '46003790', '5d5de21c', '5d5de21c', '5d5de21c']"
blk_-347731607444436950,"['bbb51b95', 'bbb51b95', 'bbb51b95', '3d91fa85', '46003790', 'd38aa58d', '46003790', 'd38aa58d', '46003790', 'd38aa58d', '5d5de21c', '5d5de21c', '5d5de21c']"
blk_2485122818654513662,"['bbb51b95', '3d91fa85', 'bbb51b95', 'bbb51b95', 'd38aa58d', '46003790', 'd38aa58d', '46003790', '5d5de21c', '5d5de21c', 'd38aa58d', '46003790', '5d5de21c', 'a333d363']"
blk_-5093972519315685811,"['3d91fa85', 'bbb51b95', 'bbb51b95', 'bbb51b95', '5d5de21c', '5d5de21c', 'd38aa58d', '46003790', 'd38aa58d', '46003790', 'd38aa58d', '46003790', '5d5de21c']"
blk_-7516305570721822087,"['3d91fa85', 'bbb51b95', 'bbb51b95', 'bbb51b95', 'd38aa58d', '46003790', '5d5de21c', '5d5de21c', '5d5de21c', 'd38aa58d', '46003790', 'd38aa58d', '46003790', '4dec0816']"
blk_5174503572781057846,"['3d91fa85', 'bbb51b95', 'bbb51b95', 'bbb51b95', '5d5de21c', '5d5de21c', 'd38aa58d', '46003790', 'd38aa58d', '46003790', '5d5de21c', 'd38aa58d', '46003790']"
blk_-7893664648272280014,"['bbb51b95', 'bbb51b95', '3d91fa85', 'bbb51b95', 'd38aa58d', '46003790', 'd38aa58d', '46003790', 'd38aa58d', '46003790', '5d5de21c', '5d5de21c', '5d5de21c', 'd63ef163', 'd63ef163', 'd63ef163', 'dba996ef', 'dba996ef', 'dba996ef']"
blk_-5548274594871385910,"['bbb51b95', 'bbb51b95', '3d91fa85', 'bbb51b95', '5d5de21c', 'd38aa58d', '46003790', 'd38aa58d', '46003790', '5d5de21c', 'd38aa58d', '46003790', '5d5de21c', 'a333d363', '4dec0816', 'a333d363']"
blk_-4670466291680985097,"['bbb51b95', '3d91fa85', 'bbb51b95', 'bbb51b95', 'd38aa58d', '46003790', 'd38aa58d', '46003790', 'd38aa58d', '46003790', '5d5de21c', '5d5de21c', '5d5de21c']"
blk_5465325954085464871,"['bbb51b95', 'bbb51b95', '3d91fa85', 'bbb51b95', 'd38aa58d', '46003790', 'd38aa58d', '46003790', 'd38aa58d', '46003790', '5d5de21c', '5d5de21c', '5d5de21c']"
blk_723117163380960217,"['3d91fa85', 'bbb51b95', 'bbb51b95', 'bbb51b95', '5d5de21c', '5d5de21c', '5d5de21c', 'd38aa58d', '46003790', 'd38aa58d', '46003790', 'd38aa58d', '46003790']"
blk_-3147649364944258994,"['bbb51b95', 'bbb51b95', 'bbb51b95', '3d91fa85', 'd38aa58d', '46003790', 'd38aa58d', '46003790', 'd38aa58d', '46003790', '5d5de21c', '5d5de21c', '5d5de21c', '4dec0816']"
blk_-3226118768054182103,"['3d91fa85', 'bbb51b95', 'bbb51b95', 'bbb51b95', '5d5de21c', '5d5de21c', '5d5de21c', 'd38aa58d', 'd38aa58d', '46003790', '46003790', 'd38aa58d', '46003790']"
blk_7984541480158212137,"['3d91fa85', 'bbb51b95', 'bbb51b95', 'bbb51b95', 'd38aa58d', '46003790', 'd38aa58d', '46003790', 'd38aa58d', '46003790', '5d5de21c', '5d5de21c', '5d5de21c']"
blk_6296828743242110158,"['bbb51b95', '3d91fa85', 'bbb51b95', 'bbb51b95', 'd38aa58d', '46003790', 'd38aa58d', '46003790', 'd38aa58d', '46003790', '5d5de21c', '5d5de21c', '5d5de21c']"
blk_-2670051064158287624,"['bbb51b95', '3d91fa85', 'bbb51b95', 'bbb51b95', 'd38aa58d', '46003790', 'd38aa58d', '46003790', 'd38aa58d', '46003790', '5d5de21c', '5d5de21c', '5d5de21c', 'a333d363']"
blk_8672690393603735762,"['3d91fa85', 'bbb51b95', 'bbb51b95', 'bbb51b95', '5d5de21c', '5d5de21c', 'd38aa58d', '46003790', 'd38aa58d', '46003790', 'd38aa58d', '46003790', '5d5de21c']"
blk_-7741459515993120373,"['bbb51b95', 'bbb51b95', '3d91fa85', 'bbb51b95', 'd38aa58d', '46003790', 'd38aa58d', '46003790', 'd38aa58d', '46003790', '5d5de21c', '5d5de21c', '5d5de21c']"
blk_-16813689053301086,"['bbb51b95', 'bbb51b95', 'bbb51b95', '3d91fa85', 'd38aa58d', '46003790', 'd38aa58d', '46003790', 'd38aa58d', '46003790', '5d5de21c', '5d5de21c', '5d5de21c', '4dec0816']"
blk_-862820346116392087,"['bbb51b95', '3d91fa85', 'bbb51b95', 'bbb51b95', 'd38aa58d', '46003790', 'd38aa58d', '46003790', '5d5de21c', '5d5de21c', 'd38aa58d', '46003790', '5d5de21c']"
blk_-863336408828793169,"['bbb51b95', '3d91fa85', 'bbb51b95', 'bbb51b95', 'd38aa58d', '46003790', 'd38aa58d', '46003790', 'd38aa58d', '46003790', '5d5de21c', '5d5de21c', '5d5de21c']"
blk_4768721780245515246,"['3d91fa85', 'bbb51b95', 'bbb51b95', 'bbb51b95', 'd38aa58d', '46003790', 'd38aa58d', '46003790', '5d5de21c', 'd38aa58d', '46003790', '5d5de21c', '5d5de21c', 'a333d363', 'a333d363', '4dec0816']"
blk_-5722256754887087911,"['3d91fa85', 'bbb51b95', 'bbb51b95', 'bbb51b95', 'd38aa58d', '46003790', '5d5de21c', '5d5de21c', '5d5de21c', 'd38aa58d', '46003790', 'd38aa58d', '46003790', 'a333d363']"
blk_1283889788931106998,"['bbb51b95', '3d91fa85', 'bbb51b95', 'bbb51b95', 'd38aa58d', '46003790', 'd38aa58d', '46003790', 'd38aa58d', '46003790', '5d5de21c', '5d5de21c', '5d5de21c', 'a333d363', '4dec0816']"
blk_1532386504269512016,"['bbb51b95', '3d91fa85', 'bbb51b95', 'bbb51b95', 'd38aa58d', '46003790', 'd38aa58d', '46003790', '5d5de21c', '5d5de21c', 'd38aa58d', '46003790', '5d5de21c', 'a333d363']"
blk_-5093468828202228227,"['bbb51b95', '3d91fa85', 'bbb51b95', 'bbb51b95', 'd38aa58d', '46003790', 'd38aa58d', '46003790', '5d5de21c', '5d5de21c', 'd38aa58d', '46003790', '5d5de21c']"
blk_-2336396205112918904,"['bbb51b95', 'bbb51b95', 'bbb51b95', '3d91fa85', 'd38aa58d', '46003790', 'd38aa58d', '46003790', 'd38aa58d', '46003790', '5d5de21c', '5d5de21c', '5d5de21c']"
blk_9125399145505641642,"['3d91fa85', 'bbb51b95', 'bbb51b95', 'bbb51b95', '5d5de21c', '5d5de21c', 'd38aa58d', '46003790', 'd38aa58d', 'd38aa58d', '46003790', '46003790', '5d5de21c', '32777b38', '4dec0816']"
blk_-2207866170232365960,"['bbb51b95', 'bbb51b95', '3d91fa85', 'bbb51b95', 'd38aa58d', '46003790', 'd38aa58d', '46003790', 'd38aa58d', '46003790', '5d5de21c', '5d5de21c', '5d5de21c']"
blk_635684404805394713,"['bbb51b95', '3d91fa85', 'bbb51b95', 'bbb51b95', 'd38aa58d', '46003790', 'd38aa58d', '46003790', 'd38aa58d', '46003790', '5d5de21c', '5d5de21c', '5d5de21c', 'a333d363', '4dec0816']"
blk_5663323917981845141,"['bbb51b95', 'bbb51b95', 'bbb51b95', '3d91fa85', 'd38aa58d', '46003790', 'd38aa58d', '46003790', 'd38aa58d', '46003790', '5d5de21c', '5d5de21c', '5d5de21c', '4dec0816']"
blk_-377124771005467305,"['bbb51b95', '3d91fa85', 'bbb51b95', 'bbb51b95', 'd38aa58d', '46003790', '5d5de21c', 'd38aa58d', '46003790', 'd38aa58d', '46003790', '5d5de21c', '5d5de21c']"
blk_7450736552455630242,"['bbb51b95', '3d91fa85', 'bbb51b95', 'bbb51b95', 'd38aa58d', '46003790', 'd38aa58d', '46003790', 'd38aa58d', '46003790', '5d5de21c', '5d5de21c', '5d5de21c', 'a333d363', '4dec0816', 'a333d363']"
blk_336292848549491283,"['3d91fa85', 'bbb51b95', 'bbb51b95', 'bbb51b95', 'd38aa58d', '46003790', 'd38aa58d', '46003790', '5d5de21c', '5d5de21c', 'd38aa58d', '46003790', '5d5de21c', '32777b38']"
blk_-7178401391432300823,"['3d91fa85', 'bbb51b95', 'bbb51b95', 'bbb51b95', '5d5de21c', 'd38aa58d', '46003790', '5d5de21c', '5d5de21c', 'd38aa58d', '46003790', 'd38aa58d', '46003790', '4dec0816']"
blk_6092960569399208853,"['bbb51b95', 'bbb51b95', 'bbb51b95', '3d91fa85', 'd38aa58d', '46003790', 'd38aa58d', '46003790', 'd38aa58d', '46003790', '5d5de21c', '5d5de21c', '5d5de21c']"
blk_4392553456281631956,"['bbb51b95', '3d91fa85', 'bbb51b95', 'bbb51b95', 'd38aa58d', '46003790', 'd38aa58d', '46003790', '46003790', '5d5de21c', '5d5de21c', '5d5de21c', 'd38aa58d']"
blk_-7686716528649535861,"['bbb51b95', '3d91fa85', 'bbb51b95', 'bbb51b95', '5d5de21c', '5d5de21c', '5d5de21c', 'd38aa58d', '46003790', 'd38aa58d', '46003790', 'd38aa58d', '46003790', 'a333d363', 'a333d363', '4dec0816']"
blk_-3917606983617104381,"['3d91fa85', 'bbb51b95', 'bbb51b95', 'bbb51b95', '5d5de21c', '5d5de21c', '5d5de21c', 'd38aa58d', '46003790', 'd38aa58d', '46003790', 'd38aa58d', '46003790']"
blk_7217614889013313498,"['bbb51b95', 'bbb51b95', 'bbb51b95', '3d91fa85', '5d5de21c', 'd38aa58d', '46003790', '5d5de21c', 'd38aa58d', '46003790', 'd38aa58d', '46003790', '5d5de21c', '32777b38']"
blk_-6777523908625181302,"['3d91fa85', 'bbb51b95', 'bbb51b95', 'bbb51b95', 'd38aa58d', '46003790', 'd38aa58d', '46003790', 'd38aa58d', '46003790', '5d5de21c', '5d5de21c', '5d5de21c', 'a333d363', '4dec0816']"
blk_-631840711759605926,"['bbb51b95', '3d91fa85', 'bbb51b95', 'bbb51b95', 'd38aa58d', '46003790', 'd38aa58d', '46003790', '5d5de21c', 'd38aa58d', '46003790', '5d5de21c', '5d5de21c']"
blk_-8592297645851251806,"['3d91fa85', 'bbb51b95', 'bbb51b95', 'bbb51b95', '5d5de21c', '5d5de21c', 'd38aa58d', '46003790', 'd38aa58d', '46003790', 'd38aa58d', '46003790', '5d5de21c']"
blk_-7029742560618878918,"['3d91fa85', 'bbb51b95', 'bbb51b95', 'bbb51b95', '5d5de21c', '5d5de21c', '5d5de21c', 'd38aa58d', '46003790', 'd38aa58d', '46003790', 'd38aa58d', '46003790', '32777b38']"
blk_2755977744559981197,"['bbb51b95', '3d91fa85', 'bbb51b95', 'bbb51b95', 'd38aa58d', '46003790', 'd38aa58d', '46003790', 'd38aa58d', '46003790', '5d5de21c', '5d5de21c', '5d5de21c']"
blk_2871520674463163669,"['bbb51b95', '3d91fa85', 'bbb51b95', 'bbb51b95', 'd38aa58d', '46003790', 'd38aa58d', '46003790', 'd38aa58d', '46003790', '5d5de21c', '5d5de21c', '5d5de21c', '4dec0816']"
blk_-4639186877096257528,"['bbb51b95', '3d91fa85', 'bbb51b95', 'bbb51b95', 'd38aa58d', '46003790', '5d5de21c', 'd38aa58d', '46003790', 'd38aa58d', '46003790', '5d5de21c', '5d5de21c']"
blk_5711460868091029487,"['3d91fa85', 'bbb51b95', 'bbb51b95', 'bbb51b95', '5d5de21c', '5d5de21c', 'd38aa58d', '46003790', 'd38aa58d', '46003790', 'd38aa58d', '46003790', '5d5de21c', 'a333d363', 'a333d363', '4dec0816']"
blk_-4607357012521498556,"['bbb51b95', '3d91fa85', 'bbb51b95', 'bbb51b95', 'd38aa58d', '46003790', 'd38aa58d', '46003790', 'd38aa58d', '46003790', '5d5de21c', '5d5de21c', '5d5de21c', 'a333d363']"
blk_-2938532101894626425,"['bbb51b95', 'bbb51b95', 'bbb51b95', '3d91fa85', 'd38aa58d', '46003790', 'd38aa58d', '46003790', 'd38aa58d', '46003790', '5d5de21c', '5d5de21c', '5d5de21c']"
blk_2000670370101204289,"['3d91fa85', 'bbb51b95', 'bbb51b95', 'bbb51b95', '5d5de21c', '5d5de21c', 'd38aa58d', '46003790', '5d5de21c', 'd38aa58d', '46003790', 'd38aa58d', '46003790', '32777b38', '32777b38']"
blk_4819183421837473728,"['bbb51b95', 'bbb51b95', 'bbb51b95', '3d91fa85', 'd38aa58d', '46003790', 'd38aa58d', '46003790', 'd38aa58d', '46003790', '5d5de21c', '5d5de21c', '5d5de21c', 'd63ef163', 'd63ef163', 'd63ef163', 'dba996ef', 'dba996ef', 'dba996ef']"
blk_2528720609188161095,"['3d91fa85', 'bbb51b95', 'bbb51b95', 'bbb51b95', 'd38aa58d', '46003790', 'd38aa58d', '46003790', '5d5de21c', '5d5de21c', 'd38aa58d', '46003790', '5d5de21c']"
blk_5411647211840963868,"['3d91fa85', 'bbb51b95', 'bbb51b95', 'bbb51b95', '5d5de21c', '5d5de21c', '5d5de21c', 'd38aa58d', '46003790', 'd38aa58d', '46003790', 'd38aa58d', '46003790', '32777b38', 'a333d363', '4dec0816']"
blk_-587223104115087457,"['bbb51b95', 'bbb51b95', 'bbb51b95', '3d91fa85', '46003790', 'd38aa58d', 'd38aa58d', '46003790', 'd38aa58d', '46003790', '5d5de21c', '5d5de21c', '5d5de21c']"
blk_2033976981381970817,"['3d91fa85', 'bbb51b95', 'bbb51b95', 'bbb51b95', 'd38aa58d', '46003790', '5d5de21c', '5d5de21c', '5d5de21c', 'd38aa58d', '46003790', 'd38aa58d', '46003790']"
blk_7030156735789580763,"['3d91fa85', 'bbb51b95', 'bbb51b95', 'bbb51b95', '5d5de21c', '5d5de21c', '5d5de21c', 'd38aa58d', '46003790', 'd38aa58d', '46003790', 'd38aa58d', '46003790', 'a333d363']"
blk_-89788641556131997,"['3d91fa85', 'bbb51b95', 'bbb51b95', 'bbb51b95', '5d5de21c', '5d5de21c', '5d5de21c', 'd38aa58d', '46003790', 'd38aa58d', '46003790', 'd38aa58d', '46003790']"
blk_-9063067092257662798,"['bbb51b95', '3d91fa85', 'bbb51b95', 'bbb51b95', 'd38aa58d', '46003790', 'd38aa58d', '46003790', 'd38aa58d', '46003790', '5d5de21c', '5d5de21c', '5d5de21c']"
blk_603741506558577039,"['bbb51b95', 'bbb51b95', 'bbb51b95', '3d91fa85', 'd38aa58d', '46003790', 'd38aa58d', '46003790', 'd38aa58d', '46003790', '5d5de21c', '5d5de21c', '5d5de21c']"
blk_2770013766877240449,"['bbb51b95', 'bbb51b95', '3d91fa85', 'bbb51b95', 'd38aa58d', '46003790', 'd38aa58d', '46003790', 'd38aa58d', '46003790', '5d5de21c', '5d5de21c', '5d5de21c', 'a333d363', '4dec0816']"
blk_1844597118665105230,"['3d91fa85', 'bbb51b95', 'bbb51b95', 'bbb51b95', 'd38aa58d', '46003790', 'd38aa58d', '46003790', 'd38aa58d', '46003790', '5d5de21c', '5d5de21c', '5d5de21c']"
blk_5724332467222601908,"['bbb51b95', 'bbb51b95', '3d91fa85', 'bbb51b95', 'd38aa58d', '46003790', 'd38aa58d', '46003790', 'd38aa58d', '46003790', '5d5de21c', '5d5de21c', '5d5de21c']"
blk_-3607740353704653616,"['bbb51b95', 'bbb51b95', 'bbb51b95', '3d91fa85', 'd38aa58d', '46003790', 'd38aa58d', '46003790', 'd38aa58d', '46003790', '5d5de21c', '5d5de21c', '5d5de21c', 'a333d363', '4dec0816']"
blk_-4838027654234708442,"['bbb51b95', 'bbb51b95', 'bbb51b95', '3d91fa85', 'd38aa58d', '46003790', 'd38aa58d', '46003790', 'd38aa58d', '46003790', '5d5de21c', '5d5de21c', '5d5de21c']"
blk_4008403621444683776,"['bbb51b95', 'bbb51b95', 'bbb51b95', '3d91fa85', 'd38aa58d', '46003790', 'd38aa58d', '46003790', 'd38aa58d', '46003790', '5d5de21c', '5d5de21c', '5d5de21c', '4dec0816']"
blk_8325907881894424389,"['3d91fa85', 'bbb51b95', 'bbb51b95', 'bbb51b95', '5d5de21c', '5d5de21c', 'd38aa58d', '46003790', 'd38aa58d', '46003790', 'd38aa58d', '46003790', '5d5de21c']"
blk_-2781884427920682412,"['bbb51b95', 'bbb51b95', 'bbb51b95', '3d91fa85', 'd38aa58d', '46003790', 'd38aa58d', '46003790', 'd38aa58d', '46003790', '5d5de21c', '5d5de21c', '5d5de21c', 'a333d363']"
blk_1547809526376498310,"['3d91fa85', 'bbb51b95', 'bbb51b95', 'bbb51b95', '5d5de21c', '5d5de21c', '5d5de21c', 'd38aa58d', '46003790', 'd38aa58d', '46003790', 'd38aa58d', '46003790', '32777b38']"
blk_6646455347933039735,"['bbb51b95', 'bbb51b95', '3d91fa85', 'bbb51b95', 'd38aa58d', 'd38aa58d', '46003790', '46003790', 'd38aa58d', '46003790', '5d5de21c', '5d5de21c', '5d5de21c']"
blk_-5755930085829723464,"['3d91fa85', 'bbb51b95', 'bbb51b95', 'bbb51b95', '5d5de21c', '5d5de21c', '5d5de21c', 'd38aa58d', '46003790', 'd38aa58d', '46003790', 'd38aa58d', '46003790']"
blk_-1120210385658797688,"['bbb51b95', 'bbb51b95', '3d91fa85', 'bbb51b95', 'd38aa58d', '46003790', 'd38aa58d', '46003790', 'd38aa58d', '46003790', '5d5de21c', '5d5de21c', '5d5de21c']"
blk_1637467140457839236,"['3d91fa85', 'bbb51b95', 'bbb51b95', 'bbb51b95', '5d5de21c', '5d5de21c', 'd38aa58d', '46003790', 'd38aa58d', '46003790', 'd38aa58d', '46003790', '5d5de21c', 'a333d363', '4dec0816']"
blk_3016373496163108708,"['bbb51b95', '3d91fa85', 'bbb51b95', 'bbb51b95', '5d5de21c', 'd38aa58d', '46003790', 'd38aa58d', '46003790', 'd38aa58d', '46003790', '5d5de21c', '5d5de21c']"
blk_-6591483653600670052,"['3d91fa85', 'bbb51b95', 'bbb51b95', 'bbb51b95', '5d5de21c', '5d5de21c', '5d5de21c', 'd38aa58d', '46003790', 'd38aa58d', '46003790', 'd38aa58d', '46003790', 'a333d363']"
blk_2542661489705652638,"['bbb51b95', 'bbb51b95', 'bbb51b95', '3d91fa85', 'd38aa58d', '46003790', '5d5de21c', 'd38aa58d', '46003790', 'd38aa58d', '46003790', '5d5de21c', '5d5de21c', 'd63ef163', 'd63ef163', 'd63ef163', 'dba996ef', 'dba996ef', 'dba996ef']"
blk_3460828859538746293,"['bbb51b95', 'bbb51b95', '3d91fa85', 'bbb51b95', 'd38aa58d', '46003790', 'd38aa58d', '46003790', 'd38aa58d', '46003790', '5d5de21c', '5d5de21c', '5d5de21c']"
blk_5775293647706867248,"['bbb51b95', 'bbb51b95', '3d91fa85', 'bbb51b95', 'd38aa58d', '46003790', 'd38aa58d', '46003790', '5d5de21c', '5d5de21c', 'd38aa58d', '46003790', '5d5de21c', '32777b38', '32777b38', '32777b38', 'a333d363']"
blk_-3263710382052624777,"['bbb51b95', '3d91fa85', 'bbb51b95', 'bbb51b95', 'd38aa58d', '46003790', 'd38aa58d', '46003790', 'd38aa58d', '46003790', '5d5de21c', '5d5de21c', '5d5de21c']"
blk_-3451014105359649315,"['3d91fa85', 'bbb51b95', 'bbb51b95', 'bbb51b95', '5d5de21c', '5d5de21c', 'd38aa58d', '46003790', 'd38aa58d', '46003790', '5d5de21c', 'd38aa58d', '46003790']"
blk_5319197267860771757,"['bbb51b95', 'bbb51b95', 'bbb51b95', '3d91fa85', 'd38aa58d', '46003790', 'd38aa58d', '46003790', 'd38aa58d', '46003790', '5d5de21c', '5d5de21c', '5d5de21c']"
blk_2359257962312706061,"['bbb51b95', '3d91fa85', 'bbb51b95', 'bbb51b95', 'd38aa58d', '46003790', 'd38aa58d', '46003790', 'd38aa58d', '46003790', '5d5de21c', '5d5de21c', '5d5de21c', '4dec0816']"
blk_6338806099176152502,"['bbb51b95', 'bbb51b95', '3d91fa85', 'bbb51b95', 'd38aa58d', '46003790', 'd38aa58d', '46003790', 'd38aa58d', '46003790', '5d5de21c', '5d5de21c', '5d5de21c']"
blk_-2050143732988079414,"['bbb51b95', '3d91fa85', 'bbb51b95', 'bbb51b95', 'd38aa58d', '46003790', '5d5de21c', 'd38aa58d', '46003790', 'd38aa58d', '46003790', '5d5de21c', '5d5de21c', 'a333d363', '4dec0816']"
blk_-5752623448194659821,"['bbb51b95', '3d91fa85', 'bbb51b95', 'bbb51b95', '5d5de21c', 'd38aa58d', '46003790', 'd38aa58d', '46003790', 'd38aa58d', '46003790', '5d5de21c', '5d5de21c', 'a333d363', '4dec0816', 'a333d363']"
blk_27168498893201242,"['bbb51b95', 'bbb51b95', 'bbb51b95', '3d91fa85', 'd38aa58d', '46003790', 'd38aa58d', '46003790', 'd38aa58d', '46003790', '5d5de21c', '5d5de21c', '5d5de21c', '32777b38', '32777b38']"
blk_-883017265255119210,"['3d91fa85', 'bbb51b95', 'bbb51b95', 'bbb51b95', '5d5de21c', '5d5de21c', 'd38aa58d', '46003790', '46003790', 'd38aa58d', '46003790', '5d5de21c', 'd38aa58d']"
blk_-3985176101661132078,"['bbb51b95', 'bbb51b95', 'bbb51b95', '3d91fa85', 'd38aa58d', '46003790', 'd38aa58d', '46003790', '5d5de21c', '5d5de21c', 'd38aa58d', '46003790', '5d5de21c']"
blk_7156653454830051058,"['3d91fa85', 'bbb51b95', 'bbb51b95', 'bbb51b95', '5d5de21c', '5d5de21c', '5d5de21c', 'd38aa58d', '46003790', 'd38aa58d', '46003790', 'd38aa58d', '46003790']"
blk_4564773573086792812,"['3d91fa85', 'bbb51b95', 'bbb51b95', 'bbb51b95', 'd38aa58d', '46003790', 'd38aa58d', '46003790', 'd38aa58d', '46003790', '5d5de21c', '5d5de21c', '5d5de21c']"
blk_130714510972877441,"['3d91fa85', 'bbb51b95', 'bbb51b95', 'bbb51b95', '5d5de21c', 'd38aa58d', '46003790', '5d5de21c', '5d5de21c', 'd38aa58d', '46003790', 'd38aa58d', '46003790']"
blk_-3360942887890500828,"['bbb51b95', 'bbb51b95', '3d91fa85', 'bbb51b95', 'd38aa58d', '46003790', 'd38aa58d', '46003790', 'd38aa58d', '46003790', '5d5de21c', '5d5de21c', '5d5de21c', '32777b38']"
blk_2048082438262806752,"['bbb51b95', '3d91fa85', 'bbb51b95', 'bbb51b95', 'd38aa58d', '46003790', 'd38aa58d', '46003790', 'd38aa58d', '46003790', '5d5de21c', '5d5de21c', '5d5de21c']"
blk_7193711460968825068,"['bbb51b95', '3d91fa85', 'bbb51b95', 'bbb51b95', 'd38aa58d', '46003790', 'd38aa58d', '46003790', 'd38aa58d', '46003790', '5d5de21c', '5d5de21c', '5d5de21c']"
blk_-6305569172427448687,"['3d91fa85', 'bbb51b95', 'bbb51b95', 'bbb51b95', '5d5de21c', '5d5de21c', 'd38aa58d', '46003790', 'd38aa58d', '46003790', 'd38aa58d', '46003790', '5d5de21c', '32777b38', 'a333d363', 'a333d363', '4dec0816']"
blk_-4238505764488651491,"['3d91fa85', 'bbb51b95', 'bbb51b95', 'bbb51b95', '5d5de21c', 'd38aa58d', '46003790', '46003790', '5d5de21c', 'd38aa58d', 'd38aa58d', '46003790', '5d5de21c', '32777b38', 'a333d363', '4dec0816']"
blk_-3780162135487670174,"['bbb51b95', 'bbb51b95', 'bbb51b95', '3d91fa85', 'd38aa58d', '46003790', '5d5de21c', 'd38aa58d', 'd38aa58d', '46003790', '46003790', '5d5de21c', '5d5de21c']"
blk_-952694865024023348,"['bbb51b95', '3d91fa85', 'bbb51b95', 'bbb51b95', 'd38aa58d', '46003790', 'd38aa58d', '46003790', '5d5de21c', 'd38aa58d', '46003790', '5d5de21c', '5d5de21c']"
blk_8809764860937926576,"['bbb51b95', 'bbb51b95', 'bbb51b95', '3d91fa85', 'd38aa58d', '46003790', 'd38aa58d', '46003790', 'd38aa58d', '46003790', '5d5de21c', '5d5de21c', '5d5de21c']"
blk_6320211651429363714,"['bbb51b95', 'bbb51b95', 'bbb51b95', '3d91fa85', 'd38aa58d', '46003790', 'd38aa58d', '46003790', 'd38aa58d', '46003790', '5d5de21c', '5d5de21c', '5d5de21c']"
blk_-2624375322208231155,"['3d91fa85', 'bbb51b95', 'bbb51b95', 'bbb51b95', '5d5de21c', '5d5de21c', '5d5de21c', 'd38aa58d', '46003790', 'd38aa58d', '46003790', 'd38aa58d', '46003790', '32777b38']"
blk_4588023959972309766,"['bbb51b95', 'bbb51b95', '3d91fa85', 'bbb51b95', '46003790', 'd38aa58d', '46003790', 'd38aa58d', 'd38aa58d', '46003790', '5d5de21c', '5d5de21c', '5d5de21c']"
blk_-7322771812984239362,"['bbb51b95', '3d91fa85', 'bbb51b95', 'bbb51b95', 'd38aa58d', '46003790', '5d5de21c', '5d5de21c', 'd38aa58d', '46003790', 'd38aa58d', '46003790', '5d5de21c']"
blk_-4616065653353678595,"['3d91fa85', 'bbb51b95', 'bbb51b95', 'bbb51b95', '5d5de21c', '5d5de21c', '5d5de21c', 'd38aa58d', '46003790', 'd38aa58d', '46003790', 'd38aa58d', '46003790']"
blk_-749891542623986902,"['3d91fa85', 'bbb51b95', 'bbb51b95', 'bbb51b95', '5d5de21c', '5d5de21c', '5d5de21c', 'd38aa58d', '46003790', 'd38aa58d', '46003790', 'd38aa58d', '46003790', '32777b38']"
blk_-1992682193348080631,"['bbb51b95', 'bbb51b95', '3d91fa85', 'bbb51b95', 'd38aa58d', '46003790', 'd38aa58d', '46003790', 'd38aa58d', '46003790', '5d5de21c', '5d5de21c', '5d5de21c', 'd63ef163', 'd63ef163', 'd63ef163', 'dba996ef', 'dba996ef', 'dba996ef']"
blk_-234399824217110981,"['bbb51b95', '3d91fa85', 'bbb51b95', 'bbb51b95', 'd38aa58d', '46003790', 'd38aa58d', '46003790', 'd38aa58d', '46003790', '5d5de21c', '5d5de21c', '5d5de21c']"
blk_2787113390337857647,"['bbb51b95', 'bbb51b95', 'bbb51b95', '3d91fa85', 'd38aa58d', '46003790', 'd38aa58d', '46003790', 'd38aa58d', '46003790', '5d5de21c', '5d5de21c', '5d5de21c', '32777b38', 'a333d363', '4dec0816', 'a333d363']"
blk_2962878418300095472,"['bbb51b95', 'bbb51b95', 'bbb51b95', '3d91fa85', 'd38aa58d', '46003790', 'd38aa58d', '46003790', 'd38aa58d', '46003790', '5d5de21c', '5d5de21c', '5d5de21c']"
blk_-2056341736605568728,"['bbb51b95', 'bbb51b95', 'bbb51b95', '3d91fa85', 'd38aa58d', '46003790', 'd38aa58d', '46003790', 'd38aa58d', '46003790', '5d5de21c', '5d5de21c', '5d5de21c']"
blk_-754519997786627491,"['bbb51b95', '3d91fa85', 'bbb51b95', 'bbb51b95', 'd38aa58d', '46003790', 'd38aa58d', '46003790', 'd38aa58d', '46003790', '5d5de21c', '5d5de21c', '5d5de21c']"
blk_-7639127596719545694,"['3d91fa85', 'bbb51b95', 'bbb51b95', 'bbb51b95', 'd38aa58d', '46003790', 'd38aa58d', '46003790', 'd38aa58d', '46003790', '5d5de21c', '5d5de21c', '5d5de21c']"
blk_1562554918146516821,"['3d91fa85', 'bbb51b95', 'bbb51b95', 'bbb51b95', '5d5de21c', '5d5de21c', '5d5de21c', 'd38aa58d', '46003790', 'd38aa58d', '46003790', 'd38aa58d', '46003790', '32777b38']"
blk_-8424848249017799952,"['3d91fa85', 'bbb51b95', 'bbb51b95', 'bbb51b95', '5d5de21c', '5d5de21c', '5d5de21c', 'd38aa58d', '46003790', 'd38aa58d', '46003790', 'd38aa58d', '46003790']"
blk_-7946264375720726976,"['3d91fa85', 'bbb51b95', 'bbb51b95', 'bbb51b95', '5d5de21c', '5d5de21c', '5d5de21c', 'd38aa58d', '46003790', 'd38aa58d', '46003790', 'd38aa58d', '46003790']"
blk_-2456560306111837037,"['bbb51b95', 'bbb51b95', '3d91fa85', 'bbb51b95', 'd38aa58d', '46003790', 'd38aa58d', '46003790', 'd38aa58d', '46003790', '5d5de21c', '5d5de21c', '5d5de21c']"
blk_5837345985665304735,"['bbb51b95', 'bbb51b95', 'bbb51b95', '3d91fa85', 'd38aa58d', '46003790', 'd38aa58d', '46003790', 'd38aa58d', '46003790', '5d5de21c', '5d5de21c', '5d5de21c']"
blk_-343904974646379399,"['bbb51b95', '3d91fa85', 'bbb51b95', 'bbb51b95', 'd38aa58d', '46003790', 'd38aa58d', '46003790', 'd38aa58d', '46003790', '5d5de21c', '5d5de21c', '5d5de21c']"
blk_-1621343826927611038,"['3d91fa85', 'bbb51b95', 'bbb51b95', 'bbb51b95', '5d5de21c', '5d5de21c', '5d5de21c', 'd38aa58d', '46003790', 'd38aa58d', '46003790', 'd38aa58d', '46003790']"
blk_1538473465128900875,"['3d91fa85', 'bbb51b95', 'bbb51b95', 'bbb51b95', '5d5de21c', '5d5de21c', 'd38aa58d', '46003790', 'd38aa58d', '46003790', '5d5de21c', 'd38aa58d', '46003790']"
blk_-8654996843360752452,"['bbb51b95', '3d91fa85', 'bbb51b95', 'bbb51b95', 'd38aa58d', '46003790', 'd38aa58d', '46003790', '5d5de21c', 'd38aa58d', '46003790', '5d5de21c', '5d5de21c']"
blk_-5359779906425465341,"['3d91fa85', 'bbb51b95', 'bbb51b95', 'bbb51b95', '5d5de21c', '5d5de21c', '5d5de21c', 'd38aa58d', '46003790', 'd38aa58d', '46003790', 'd38aa58d', '46003790', '4dec0816']"
blk_-1603724517634782434,"['3d91fa85', 'bbb51b95', 'bbb51b95', 'bbb51b95', '5d5de21c', '5d5de21c', '5d5de21c', 'd38aa58d', '46003790', 'd38aa58d', '46003790', 'd38aa58d', '46003790']"
blk_-8893375529569309676,"['3d91fa85', 'bbb51b95', 'bbb51b95', 'bbb51b95', '5d5de21c', '5d5de21c', '5d5de21c', 'd38aa58d', '46003790', 'd38aa58d', '46003790', 'd38aa58d', '46003790']"
blk_-2480500374926623530,"['bbb51b95', 'bbb51b95', 'bbb51b95', '3d91fa85', 'd38aa58d', '46003790', 'd38aa58d', '46003790', 'd38aa58d', '46003790', '5d5de21c', '5d5de21c', '5d5de21c']"
blk_7464390210992789108,"['bbb51b95', 'bbb51b95', '3d91fa85', 'bbb51b95', 'd38aa58d', '46003790', 'd38aa58d', '46003790', '5d5de21c', '5d5de21c', 'd38aa58d', '46003790', '5d5de21c', 'a333d363', '4dec0816']"
blk_1972973078894968248,"['bbb51b95', '3d91fa85', 'bbb51b95', 'bbb51b95', 'd38aa58d', '46003790', 'd38aa58d', '46003790', 'd38aa58d', '46003790', '5d5de21c', '5d5de21c', '5d5de21c', 'a333d363', '4dec0816']"
blk_-6946386676781586631,"['bbb51b95', '3d91fa85', 'bbb51b95', 'bbb51b95', 'd38aa58d', '46003790', 'd38aa58d', '46003790', 'd38aa58d', '46003790', '5d5de21c', '5d5de21c', '5d5de21c']"
blk_4914900063655665580,"['bbb51b95', 'bbb51b95', 'bbb51b95', '3d91fa85', 'd38aa58d', '46003790', '46003790', 'd38aa58d', '46003790', '5d5de21c', '5d5de21c', 'd38aa58d', '5d5de21c']"
blk_-6444869414205604482,"['3d91fa85', 'bbb51b95', 'bbb51b95', 'bbb51b95', 'd38aa58d', '46003790', '5d5de21c', '5d5de21c', '5d5de21c', 'd38aa58d', '46003790', 'd38aa58d', '46003790']"
blk_3371678685133845106,"['bbb51b95', 'bbb51b95', '3d91fa85', 'bbb51b95', 'd38aa58d', '46003790', 'd38aa58d', '46003790', '5d5de21c', '5d5de21c', '5d5de21c', 'd38aa58d', '46003790', 'a333d363', '4dec0816']"
blk_-2177733845887588346,"['bbb51b95', 'bbb51b95', '3d91fa85', 'bbb51b95', '46003790', 'd38aa58d', '46003790', 'd38aa58d', 'd38aa58d', '46003790', '5d5de21c', '5d5de21c', '5d5de21c', '4dec0816']"
blk_2226064113208550523,"['bbb51b95', '3d91fa85', 'bbb51b95', 'bbb51b95', 'd38aa58d', '46003790', 'd38aa58d', '46003790', 'd38aa58d', '46003790', '5d5de21c', '5d5de21c', '5d5de21c']"
blk_810195031753548644,"['bbb51b95', 'bbb51b95', '3d91fa85', 'bbb51b95', 'd38aa58d', '46003790', '5d5de21c', 'd38aa58d', '46003790', 'd38aa58d', '46003790', '5d5de21c', '5d5de21c']"
blk_6197230513367476198,"['bbb51b95', 'bbb51b95', 'bbb51b95', '3d91fa85', 'd38aa58d', '46003790', 'd38aa58d', '46003790', 'd38aa58d', '46003790', '5d5de21c', '5d5de21c', '5d5de21c', '4dec0816']"
blk_-6203847555701345417,"['bbb51b95', 'bbb51b95', '3d91fa85', 'bbb51b95', 'd38aa58d', '46003790', 'd38aa58d', '46003790', 'd38aa58d', '46003790', '5d5de21c', '5d5de21c', '5d5de21c', '4dec0816']"
blk_-2018867644515211030,"['bbb51b95', 'bbb51b95', '3d91fa85', 'bbb51b95', 'd38aa58d', '46003790', 'd38aa58d', '46003790', 'd38aa58d', '46003790', '5d5de21c', '5d5de21c', '5d5de21c']"
blk_-3767345152471628853,"['bbb51b95', 'bbb51b95', '3d91fa85', 'bbb51b95', 'd38aa58d', '46003790', 'd38aa58d', '46003790', 'd38aa58d', '46003790', '5d5de21c', '5d5de21c', '5d5de21c']"
blk_6833488082847149567,"['bbb51b95', 'bbb51b95', 'bbb51b95', '3d91fa85', 'd38aa58d', '46003790', '46003790', '5d5de21c', 'd38aa58d', '46003790', 'd38aa58d', '5d5de21c', '5d5de21c', 'a333d363', '4dec0816']"
blk_1563057789221436543,"['bbb51b95', 'bbb51b95', '3d91fa85', 'bbb51b95', 'd38aa58d', '46003790', 'd38aa58d', '46003790', 'd38aa58d', '46003790', '5d5de21c', '5d5de21c', '5d5de21c', 'd63ef163', 'd63ef163', 'd63ef163', 'dba996ef', 'dba996ef', 'dba996ef']"
blk_-9166492953238830125,"['bbb51b95', 'bbb51b95', '3d91fa85', 'bbb51b95', 'd38aa58d', '46003790', 'd38aa58d', '46003790', 'd38aa58d', '46003790', '5d5de21c', '5d5de21c', '5d5de21c', '32777b38', '32777b38', '32777b38', 'a333d363', 'a333d363', 'a333d363', 'a333d363', 'a333d363', 'a333d363', 'a333d363', 'a333d363', 'a333d363', 'a333d363', 'a333d363', 'a333d363', 'a333d363', 'a333d363', 'a333d363', '4dec0816']"
blk_-3431456343870913603,"['bbb51b95', 'bbb51b95', 'bbb51b95', '3d91fa85', 'd38aa58d', 'd38aa58d', '46003790', '46003790', '5d5de21c', '5d5de21c', 'd38aa58d', '46003790', '5d5de21c', '32777b38', '32777b38', 'a333d363', 'a333d363', '4dec0816']"
blk_5100323184436662814,"['bbb51b95', 'bbb51b95', 'bbb51b95', '3d91fa85', 'd38aa58d', '46003790', 'd38aa58d', '46003790', '5d5de21c', '5d5de21c', 'd38aa58d', '46003790', '5d5de21c']"
blk_7350850266073127425,"['bbb51b95', 'bbb51b95', '3d91fa85', 'bbb51b95', 'd38aa58d', '46003790', 'd38aa58d', '46003790', 'd38aa58d', '46003790', '5d5de21c', '5d5de21c', '5d5de21c', 'a333d363', '4dec0816', 'a333d363']"
blk_-2496361271863868087,"['bbb51b95', 'bbb51b95', 'bbb51b95', '3d91fa85', 'd38aa58d', '46003790', 'd38aa58d', '46003790', 'd38aa58d', '46003790', '5d5de21c', '5d5de21c', '5d5de21c']"
blk_-1972558382652020935,"['bbb51b95', 'bbb51b95', '3d91fa85', 'bbb51b95', 'd38aa58d', '46003790', 'd38aa58d', '46003790', 'd38aa58d', '46003790', '5d5de21c', '5d5de21c', '5d5de21c']"
blk_5950619278373300790,"['bbb51b95', 'bbb51b95', '3d91fa85', 'bbb51b95', 'd38aa58d', '46003790', 'd38aa58d', '46003790', 'd38aa58d', '46003790', '5d5de21c', '5d5de21c', '5d5de21c', '32777b38', 'a333d363', '4dec0816']"
blk_-8914868904045740705,"['bbb51b95', 'bbb51b95', 'bbb51b95', '3d91fa85', 'd38aa58d', '46003790', 'd38aa58d', '46003790', '5d5de21c', '5d5de21c', 'd38aa58d', '46003790', '5d5de21c']"
blk_-5753827919111581038,"['bbb51b95', 'bbb51b95', 'bbb51b95', '3d91fa85', 'd38aa58d', '46003790', 'd38aa58d', '46003790', 'd38aa58d', '46003790', '5d5de21c', '5d5de21c', '5d5de21c', 'a333d363']"
blk_1785297910383250256,"['bbb51b95', 'bbb51b95', 'bbb51b95', '3d91fa85', 'd38aa58d', '46003790', 'd38aa58d', '46003790', 'd38aa58d', '46003790', '5d5de21c', '5d5de21c', '5d5de21c']"
blk_442041799034041513,"['bbb51b95', 'bbb51b95', 'bbb51b95', '3d91fa85', 'd38aa58d', '46003790', 'd38aa58d', '46003790', '5d5de21c', '5d5de21c', 'd38aa58d', '46003790', '5d5de21c']"
blk_1555294050785989880,"['bbb51b95', 'bbb51b95', '3d91fa85', 'bbb51b95', 'd38aa58d', '46003790', 'd38aa58d', '46003790', 'd38aa58d', '46003790', '5d5de21c', '5d5de21c', '5d5de21c']"
blk_875454399681697410,"['bbb51b95', 'bbb51b95', 'bbb51b95', '3d91fa85', 'd38aa58d', '46003790', 'd38aa58d', '46003790', 'd38aa58d', '46003790', '5d5de21c', '5d5de21c', '5d5de21c']"
blk_4123214806519539971,"['bbb51b95', '3d91fa85', 'bbb51b95', 'bbb51b95', 'd38aa58d', '46003790', 'd38aa58d', '46003790', 'd38aa58d', '46003790', '5d5de21c', '5d5de21c', '5d5de21c', 'd63ef163', 'd63ef163', 'd63ef163', 'dba996ef', 'dba996ef', 'dba996ef']"
blk_-9192239209980540438,"['3d91fa85', 'bbb51b95', 'bbb51b95', 'bbb51b95', '5d5de21c', '5d5de21c', '5d5de21c', 'd38aa58d', '46003790', 'd38aa58d', '46003790', 'd38aa58d', '46003790']"
blk_-1862791614120705098,"['bbb51b95', 'bbb51b95', '3d91fa85', 'bbb51b95', 'd38aa58d', '46003790', 'd38aa58d', '46003790', '5d5de21c', '5d5de21c', 'd38aa58d', '46003790', '5d5de21c', 'a333d363']"
blk_-8995679782063408506,"['3d91fa85', 'bbb51b95', 'bbb51b95', 'bbb51b95', 'd38aa58d', '46003790', 'd38aa58d', '46003790', '5d5de21c', '5d5de21c', '5d5de21c', 'd38aa58d', '46003790']"
blk_-6197862930430463145,"['3d91fa85', 'bbb51b95', 'bbb51b95', 'bbb51b95', 'd38aa58d', '46003790', 'd38aa58d', '46003790', 'd38aa58d', '46003790', '5d5de21c', '5d5de21c', '5d5de21c', '32777b38']"
blk_1607465226083135686,"['bbb51b95', 'bbb51b95', 'bbb51b95', '3d91fa85', 'd38aa58d', '46003790', 'd38aa58d', '46003790', 'd38aa58d', '46003790', '5d5de21c', '5d5de21c', '5d5de21c']"
blk_-1604252335653076237,"['bbb51b95', 'bbb51b95', '3d91fa85', 'bbb51b95', '46003790', 'd38aa58d', '46003790', '5d5de21c', '5d5de21c', 'd38aa58d', 'd38aa58d', '46003790', '5d5de21c']"
blk_-4531917780044344908,"['bbb51b95', 'bbb51b95', 'bbb51b95', '3d91fa85', 'd38aa58d', '46003790', 'd38aa58d', '46003790', 'd38aa58d', '46003790', '5d5de21c', '5d5de21c', '5d5de21c']"
blk_7293097038728637,"['bbb51b95', '3d91fa85', 'bbb51b95', 'bbb51b95', 'd38aa58d', '46003790', 'd38aa58d', '46003790', 'd38aa58d', '46003790', '5d5de21c', '5d5de21c', '5d5de21c', 'd63ef163', 'd63ef163', 'd63ef163', 'dba996ef', 'dba996ef', 'dba996ef']"
blk_3176164215549160700,"['3d91fa85', 'bbb51b95', 'bbb51b95', 'bbb51b95', '5d5de21c', '5d5de21c', 'd38aa58d', '46003790', 'd38aa58d', '46003790', '5d5de21c', 'd38aa58d', '46003790', '32777b38']"
blk_-109841609726780970,"['3d91fa85', 'bbb51b95', 'bbb51b95', 'bbb51b95', '5d5de21c', 'd38aa58d', '46003790', '5d5de21c', '5d5de21c', 'd38aa58d', '46003790', 'd38aa58d', '46003790']"
blk_-8017684398376252812,"['bbb51b95', 'bbb51b95', 'bbb51b95', '3d91fa85', 'd38aa58d', '46003790', '5d5de21c', 'd38aa58d', '46003790', 'd38aa58d', '46003790', '5d5de21c', '5d5de21c']"
blk_-46909428698751129,"['3d91fa85', 'bbb51b95', 'bbb51b95', 'bbb51b95', '5d5de21c', '5d5de21c', '5d5de21c', 'd38aa58d', '46003790', 'd38aa58d', '46003790', 'd38aa58d', '46003790']"
blk_726514623067661679,"['bbb51b95', 'bbb51b95', '3d91fa85', 'bbb51b95', 'd38aa58d', '46003790', 'd38aa58d', '46003790', 'd38aa58d', '46003790', '5d5de21c', '5d5de21c', '5d5de21c']"
blk_-9171710513361255524,"['bbb51b95', 'bbb51b95', '3d91fa85', 'bbb51b95', 'd38aa58d', '46003790', 'd38aa58d', '46003790', 'd38aa58d', '46003790', '5d5de21c', '5d5de21c', '5d5de21c']"
blk_-4925003621494332710,"['bbb51b95', 'bbb51b95', '3d91fa85', 'bbb51b95', 'd38aa58d', '46003790', 'd38aa58d', '46003790', 'd38aa58d', '46003790', '5d5de21c', '5d5de21c', '5d5de21c']"
blk_3804453849603146093,"['bbb51b95', 'bbb51b95', 'bbb51b95', '3d91fa85', 'd38aa58d', '46003790', 'd38aa58d', '46003790', 'd38aa58d', '46003790', '5d5de21c', '5d5de21c', '5d5de21c']"
blk_3143769718955837312,"['bbb51b95', 'bbb51b95', '3d91fa85', 'bbb51b95', 'd38aa58d', '46003790', 'd38aa58d', '46003790', 'd38aa58d', '46003790', '5d5de21c', '5d5de21c', '5d5de21c']"
blk_-2346528436037021924,"['bbb51b95', 'bbb51b95', 'bbb51b95', '3d91fa85', 'd38aa58d', '46003790', 'd38aa58d', '46003790', 'd38aa58d', '46003790', '5d5de21c', '5d5de21c', '5d5de21c']"
blk_-7064333857213239913,"['3d91fa85', 'bbb51b95', 'bbb51b95', 'bbb51b95', '5d5de21c', '5d5de21c', '5d5de21c', 'd38aa58d', '46003790', 'd38aa58d', '46003790', 'd38aa58d', '46003790']"
blk_2873826858588599375,"['bbb51b95', 'bbb51b95', '3d91fa85', 'bbb51b95', 'd38aa58d', '46003790', 'd38aa58d', 'd38aa58d', '46003790', '46003790', '5d5de21c', '5d5de21c', '5d5de21c']"
blk_-2083938287734937812,"['bbb51b95', 'bbb51b95', '3d91fa85', 'bbb51b95', 'd38aa58d', '46003790', 'd38aa58d', '46003790', 'd38aa58d', '46003790', '5d5de21c', '5d5de21c', '5d5de21c']"
blk_6581963351532459376,"['bbb51b95', '3d91fa85', 'bbb51b95', 'bbb51b95', 'd38aa58d', '46003790', 'd38aa58d', '46003790', 'd38aa58d', '46003790', '5d5de21c', '5d5de21c', '5d5de21c']"
blk_-5093898533576144276,"['bbb51b95', 'bbb51b95', '3d91fa85', 'bbb51b95', 'd38aa58d', '46003790', 'd38aa58d', '46003790', '5d5de21c', '5d5de21c', 'd38aa58d', '46003790', '5d5de21c']"
blk_3043895754678790805,"['3d91fa85', 'bbb51b95', 'bbb51b95', 'bbb51b95', '5d5de21c', '5d5de21c', '5d5de21c', 'd38aa58d', '46003790', 'd38aa58d', '46003790', 'd38aa58d', '46003790']"
blk_-5197228044059643395,"['bbb51b95', '3d91fa85', 'bbb51b95', 'bbb51b95', '5d5de21c', 'd38aa58d', '46003790', '5d5de21c', 'd38aa58d', '46003790', 'd38aa58d', '46003790', '5d5de21c', '32777b38', 'a333d363', 'a333d363', '4dec0816']"
blk_-4451562058092169952,"['bbb51b95', '3d91fa85', 'bbb51b95', 'bbb51b95', 'd38aa58d', '46003790', 'd38aa58d', '46003790', 'd38aa58d', '46003790', '5d5de21c', '5d5de21c', '5d5de21c', 'a333d363', '4dec0816']"
blk_1765098705695036760,"['3d91fa85', 'bbb51b95', 'bbb51b95', 'bbb51b95', '5d5de21c', '5d5de21c', '5d5de21c', 'd38aa58d', '46003790', 'd38aa58d', '46003790', 'd38aa58d', '46003790', 'a333d363', '4dec0816']"
blk_-5458831027753433546,"['bbb51b95', 'bbb51b95', '3d91fa85', 'bbb51b95', 'd38aa58d', '46003790', 'd38aa58d', '46003790', 'd38aa58d', '46003790', '5d5de21c', '5d5de21c', '5d5de21c']"
blk_-8283848968670028067,"['bbb51b95', 'bbb51b95', '3d91fa85', 'bbb51b95', 'd38aa58d', '46003790', 'd38aa58d', '46003790', 'd38aa58d', '46003790', '5d5de21c', '5d5de21c', '5d5de21c']"
blk_3131279424246329499,"['3d91fa85', 'bbb51b95', 'bbb51b95', 'bbb51b95', '5d5de21c', 'd38aa58d', '46003790', '5d5de21c', '5d5de21c', 'd38aa58d', '46003790', 'd38aa58d', '46003790', '4dec0816']"
blk_-4069602769444643005,"['bbb51b95', '3d91fa85', 'bbb51b95', 'bbb51b95', 'd38aa58d', '46003790', 'd38aa58d', '46003790', 'd38aa58d', '46003790', '5d5de21c', '5d5de21c', '5d5de21c', '32777b38', '32777b38', '32777b38']"
blk_6537967945138215653,"['3d91fa85', 'bbb51b95', 'bbb51b95', 'bbb51b95', '5d5de21c', '5d5de21c', '5d5de21c', 'd38aa58d', '46003790', 'd38aa58d', '46003790', 'd38aa58d', '46003790']"
blk_2540904548736563527,"['bbb51b95', '3d91fa85', 'bbb51b95', 'bbb51b95', 'd38aa58d', '46003790', 'd38aa58d', '46003790', '5d5de21c', '5d5de21c', 'd38aa58d', '46003790', '5d5de21c']"
blk_-1055998966949492882,"['bbb51b95', 'bbb51b95', '3d91fa85', 'bbb51b95', 'd38aa58d', '46003790', 'd38aa58d', '46003790', 'd38aa58d', '46003790', '5d5de21c', '5d5de21c', '5d5de21c']"
blk_7479126901586001322,"['3d91fa85', 'bbb51b95', 'bbb51b95', 'bbb51b95', '5d5de21c', '5d5de21c', '5d5de21c', 'd38aa58d', '46003790', 'd38aa58d', '46003790', 'd38aa58d', '46003790', '32777b38']"
blk_-5909117248297356398,"['3d91fa85', 'bbb51b95', 'bbb51b95', 'bbb51b95', '5d5de21c', '5d5de21c', '5d5de21c', 'd38aa58d', '46003790', 'd38aa58d', '46003790', 'd38aa58d', '46003790', 'a333d363', '4dec0816']"
blk_-1621026459410331929,"['3d91fa85', 'bbb51b95', 'bbb51b95', 'bbb51b95', '5d5de21c', 'd38aa58d', '46003790', '5d5de21c', '5d5de21c', 'd38aa58d', 'd38aa58d', '46003790', '46003790', '32777b38', 'a333d363', 'a333d363', '4dec0816']"
blk_-6411917761118829116,"['bbb51b95', 'bbb51b95', 'bbb51b95', '3d91fa85', 'd38aa58d', '46003790', 'd38aa58d', '46003790', 'd38aa58d', '46003790', '5d5de21c', '5d5de21c', '5d5de21c']"
blk_-3770580657290677003,"['bbb51b95', '3d91fa85', 'bbb51b95', 'bbb51b95', '46003790', '5d5de21c', 'd38aa58d', '46003790', 'd38aa58d', 'd38aa58d', '46003790', '5d5de21c', '5d5de21c']"
blk_-1687772700683110501,"['bbb51b95', '3d91fa85', 'bbb51b95', 'bbb51b95', 'd38aa58d', '46003790', 'd38aa58d', '46003790', '5d5de21c', '5d5de21c', '5d5de21c', 'd38aa58d', '46003790', '4dec0816']"
blk_3387962937924015869,"['3d91fa85', 'bbb51b95', 'bbb51b95', 'bbb51b95', '5d5de21c', '5d5de21c', 'd38aa58d', '46003790', 'd38aa58d', '46003790', 'd38aa58d', '46003790', '5d5de21c', '32777b38']"
blk_2695110696038465624,"['bbb51b95', 'bbb51b95', 'bbb51b95', '3d91fa85', 'd38aa58d', '46003790', 'd38aa58d', '46003790', 'd38aa58d', '46003790', '5d5de21c', '5d5de21c', '5d5de21c', 'a333d363', '4dec0816']"
blk_7613875448963544985,"['bbb51b95', 'bbb51b95', 'bbb51b95', '3d91fa85', 'd38aa58d', '46003790', 'd38aa58d', '46003790', 'd38aa58d', '46003790', '5d5de21c', '5d5de21c', '5d5de21c']"
blk_-8356544672718676923,"['bbb51b95', 'bbb51b95', '3d91fa85', 'bbb51b95', 'd38aa58d', '46003790', 'd38aa58d', '46003790', 'd38aa58d', '46003790', '5d5de21c', '5d5de21c', '5d5de21c']"
blk_4178018729219535919,"['bbb51b95', '3d91fa85', 'bbb51b95', 'bbb51b95', 'd38aa58d', '46003790', 'd38aa58d', '46003790', '5d5de21c', '5d5de21c', 'd38aa58d', '46003790', '5d5de21c']"
blk_-4365681458226063681,"['bbb51b95', 'bbb51b95', 'bbb51b95', '3d91fa85', 'd38aa58d', '46003790', 'd38aa58d', '46003790', 'd38aa58d', '46003790', '5d5de21c', '5d5de21c', '5d5de21c', '32777b38', '32777b38', '32777b38', 'a333d363']"
blk_-7621600738534407302,"['bbb51b95', '3d91fa85', 'bbb51b95', 'bbb51b95', 'd38aa58d', '46003790', 'd38aa58d', '46003790', 'd38aa58d', '46003790', '5d5de21c', '5d5de21c', '5d5de21c']"
blk_-4625847586342232689,"['bbb51b95', '3d91fa85', 'bbb51b95', 'bbb51b95', 'd38aa58d', '46003790', 'd38aa58d', 'd38aa58d', '46003790', '46003790', '5d5de21c', '5d5de21c', '5d5de21c']"
blk_-2954793726291747024,"['3d91fa85', 'bbb51b95', 'bbb51b95', 'bbb51b95', 'd38aa58d', '46003790', '5d5de21c', 'd38aa58d', '46003790', 'd38aa58d', '46003790', '5d5de21c', '5d5de21c', 'a333d363']"
blk_-4577695608745152981,"['3d91fa85', 'bbb51b95', 'bbb51b95', 'bbb51b95', '5d5de21c', '5d5de21c', 'd38aa58d', '46003790', 'd38aa58d', '46003790', '5d5de21c', 'd38aa58d', '46003790', 'a333d363']"
blk_-2784770305155133719,"['bbb51b95', '3d91fa85', 'bbb51b95', 'bbb51b95', 'd38aa58d', '46003790', 'd38aa58d', '46003790', 'd38aa58d', '46003790', '5d5de21c', '5d5de21c', '5d5de21c']"
blk_7694933495217455268,"['3d91fa85', 'bbb51b95', 'bbb51b95', 'bbb51b95', 'd38aa58d', '46003790', '5d5de21c', 'd38aa58d', '46003790', 'd38aa58d', '46003790', '5d5de21c', '5d5de21c', '32777b38', 'a333d363', '4dec0816', 'a333d363']"
blk_-3477270318641757693,"['bbb51b95', '3d91fa85', 'bbb51b95', 'bbb51b95', 'd38aa58d', '46003790', '5d5de21c', 'd38aa58d', '46003790', 'd38aa58d', '46003790', '5d5de21c', '5d5de21c', '32777b38']"
blk_4038249993618795902,"['bbb51b95', 'bbb51b95', '3d91fa85', 'bbb51b95', 'd38aa58d', '46003790', 'd38aa58d', '46003790', 'd38aa58d', '46003790', '5d5de21c', '5d5de21c', '5d5de21c']"
blk_-182305440626057147,"['bbb51b95', 'bbb51b95', '3d91fa85', 'bbb51b95', 'd38aa58d', '46003790', 'd38aa58d', '46003790', 'd38aa58d', '46003790', '5d5de21c', '5d5de21c', '5d5de21c', '4dec0816']"
blk_2642716134878975205,"['bbb51b95', 'bbb51b95', 'bbb51b95', '3d91fa85', 'd38aa58d', '46003790', 'd38aa58d', '46003790', '5d5de21c', 'd38aa58d', '46003790', '5d5de21c', '5d5de21c']"
blk_-562353521903833644,"['bbb51b95', '3d91fa85', 'bbb51b95', 'bbb51b95', 'd38aa58d', '46003790', 'd38aa58d', '46003790', 'd38aa58d', '46003790', '5d5de21c', '5d5de21c', '5d5de21c', 'd63ef163', 'd63ef163', 'd63ef163', 'dba996ef', 'dba996ef', 'dba996ef']"
blk_7105274877091979296,"['bbb51b95', 'bbb51b95', '3d91fa85', 'bbb51b95', 'd38aa58d', '46003790', 'd38aa58d', '46003790', 'd38aa58d', '46003790', '5d5de21c', '5d5de21c', '5d5de21c']"
blk_-6312165173261285177,"['bbb51b95', 'bbb51b95', 'bbb51b95', '3d91fa85', 'd38aa58d', '46003790', 'd38aa58d', '46003790', 'd38aa58d', '46003790', '5d5de21c', '5d5de21c', '5d5de21c', '4dec0816']"
blk_2626874232800646911,"['bbb51b95', 'bbb51b95', 'bbb51b95', '3d91fa85', 'd38aa58d', '46003790', 'd38aa58d', '46003790', 'd38aa58d', '46003790', '5d5de21c', '5d5de21c', '5d5de21c', 'd63ef163', 'd63ef163', 'd63ef163', 'dba996ef', 'dba996ef', 'dba996ef']"
blk_465164256966600601,"['bbb51b95', '3d91fa85', 'bbb51b95', 'bbb51b95', 'd38aa58d', '46003790', 'd38aa58d', '46003790', 'd38aa58d', '46003790', '5d5de21c', '5d5de21c', '5d5de21c']"
blk_3214514225288957957,"['3d91fa85', 'bbb51b95', 'bbb51b95', 'bbb51b95', '5d5de21c', '5d5de21c', '5d5de21c', 'd38aa58d', '46003790', 'd38aa58d', '46003790', 'd38aa58d', '46003790', 'a333d363']"
blk_5506145518561193700,"['bbb51b95', 'bbb51b95', '3d91fa85', 'bbb51b95', 'd38aa58d', '46003790', 'd38aa58d', '46003790', 'd38aa58d', '46003790', '5d5de21c', '5d5de21c', '5d5de21c', '32777b38']"
blk_7492435901887888658,"['bbb51b95', 'bbb51b95', '3d91fa85', 'bbb51b95', 'd38aa58d', '46003790', 'd38aa58d', '46003790', 'd38aa58d', '46003790', '5d5de21c', '5d5de21c', '5d5de21c', '32777b38']"
blk_4482669520729468097,"['3d91fa85', 'bbb51b95', 'bbb51b95', 'bbb51b95', '5d5de21c', '5d5de21c', '5d5de21c', 'd38aa58d', '46003790', 'd38aa58d', '46003790', 'd38aa58d', '46003790', '32777b38', 'a333d363', '4dec0816', 'a333d363']"
blk_-76704302008728137,"['bbb51b95', '3d91fa85', 'bbb51b95', 'bbb51b95', 'd38aa58d', '46003790', 'd38aa58d', '46003790', '5d5de21c', '5d5de21c', 'd38aa58d', '46003790', '5d5de21c']"
blk_2127164413858145276,"['3d91fa85', 'bbb51b95', 'bbb51b95', 'bbb51b95', '5d5de21c', '5d5de21c', '5d5de21c', 'd38aa58d', '46003790', 'd38aa58d', '46003790', 'd38aa58d', '46003790', 'a333d363']"
blk_1696392133772647555,"['3d91fa85', 'bbb51b95', 'bbb51b95', 'bbb51b95', 'd38aa58d', '46003790', 'd38aa58d', '46003790', 'd38aa58d', '46003790', '5d5de21c', '5d5de21c', '5d5de21c']"
blk_-3574754173189161,"['bbb51b95', 'bbb51b95', '3d91fa85', 'bbb51b95', 'd38aa58d', '46003790', 'd38aa58d', '46003790', 'd38aa58d', '46003790', '5d5de21c', '5d5de21c', '5d5de21c']"
blk_-4746122274697091934,"['3d91fa85', 'bbb51b95', 'bbb51b95', 'bbb51b95', '5d5de21c', 'd38aa58d', '46003790', 'd38aa58d', '46003790', '5d5de21c', '5d5de21c', 'd38aa58d', '46003790', 'a333d363', '4dec0816', 'a333d363']"
blk_-5818249490390121317,"['bbb51b95', 'bbb51b95', 'bbb51b95', '3d91fa85', 'd38aa58d', '46003790', '5d5de21c', 'd38aa58d', '46003790', 'd38aa58d', '46003790', '5d5de21c', '5d5de21c']"
blk_1970575294206815640,"['bbb51b95', 'bbb51b95', 'bbb51b95', '3d91fa85', 'd38aa58d', '46003790', 'd38aa58d', '46003790', 'd38aa58d', '46003790', '5d5de21c', '5d5de21c', '5d5de21c']"
blk_896513998501070134,"['bbb51b95', '3d91fa85', 'bbb51b95', 'bbb51b95', 'd38aa58d', '46003790', '5d5de21c', 'd38aa58d', '46003790', 'd38aa58d', '46003790', '5d5de21c', '5d5de21c', '4dec0816']"
blk_-6710133564502698481,"['3d91fa85', 'bbb51b95', 'bbb51b95', 'bbb51b95', '5d5de21c', '5d5de21c', '5d5de21c', 'd38aa58d', '46003790', 'd38aa58d', '46003790', 'd38aa58d', '46003790', 'a333d363']"
blk_-67048548646781668,"['bbb51b95', '3d91fa85', 'bbb51b95', 'bbb51b95', 'd38aa58d', '46003790', 'd38aa58d', '46003790', '5d5de21c', '5d5de21c', 'd38aa58d', '46003790', '5d5de21c', 'a333d363', '4dec0816']"
blk_6187283159377885769,"['bbb51b95', '3d91fa85', 'bbb51b95', 'bbb51b95', 'd38aa58d', '46003790', 'd38aa58d', '46003790', 'd38aa58d', '46003790', '5d5de21c', '5d5de21c', '5d5de21c']"
blk_562746429973582623,"['bbb51b95', 'bbb51b95', 'bbb51b95', '3d91fa85', 'd38aa58d', '46003790', 'd38aa58d', '46003790', 'd38aa58d', '46003790', '5d5de21c', '5d5de21c', '5d5de21c']"
blk_-6125125239494402092,"['bbb51b95', 'bbb51b95', '3d91fa85', 'bbb51b95', 'd38aa58d', 'd38aa58d', '46003790', '46003790', 'd38aa58d', '46003790', '5d5de21c', '5d5de21c', '5d5de21c', '32777b38', '32777b38', '32777b38', 'a333d363']"
blk_1322274423548388799,"['bbb51b95', 'bbb51b95', 'bbb51b95', '3d91fa85', '46003790', 'd38aa58d', '46003790', '5d5de21c', '5d5de21c', 'd38aa58d', 'd38aa58d', '46003790', '5d5de21c', 'a333d363']"
blk_-4946684179935356737,"['bbb51b95', 'bbb51b95', '3d91fa85', 'bbb51b95', 'd38aa58d', '46003790', 'd38aa58d', '46003790', 'd38aa58d', '46003790', '5d5de21c', '5d5de21c', '5d5de21c']"
blk_6016956663504813977,"['bbb51b95', '3d91fa85', 'bbb51b95', 'bbb51b95', 'd38aa58d', '46003790', 'd38aa58d', '46003790', '5d5de21c', '5d5de21c', 'd38aa58d', '46003790', '5d5de21c', '4dec0816']"
blk_-2247829409168166691,"['3d91fa85', 'bbb51b95', 'bbb51b95', 'bbb51b95', '5d5de21c', 'd38aa58d', '46003790', '5d5de21c', '5d5de21c', 'd38aa58d', '46003790', 'd38aa58d', '46003790', '32777b38']"
blk_-4108913722308142925,"['bbb51b95', 'bbb51b95', 'bbb51b95', '3d91fa85', 'd38aa58d', '46003790', '46003790', '5d5de21c', '5d5de21c', 'd38aa58d', '46003790', 'd38aa58d', '5d5de21c']"
blk_-54668066922558362,"['bbb51b95', 'bbb51b95', '3d91fa85', 'bbb51b95', 'd38aa58d', '46003790', 'd38aa58d', '46003790', 'd38aa58d', '46003790', '5d5de21c', '5d5de21c', '5d5de21c']"
blk_2876894199689860115,"['bbb51b95', 'bbb51b95', 'bbb51b95', '3d91fa85', 'd38aa58d', '46003790', 'd38aa58d', '46003790', '5d5de21c', '5d5de21c', 'd38aa58d', '46003790', '5d5de21c']"
blk_4560170218386165797,"['bbb51b95', '3d91fa85', 'bbb51b95', 'bbb51b95', 'd38aa58d', '46003790', '5d5de21c', 'd38aa58d', '46003790', 'd38aa58d', '46003790', '5d5de21c', '5d5de21c']"
blk_6356808261903961002,"['bbb51b95', '3d91fa85', 'bbb51b95', 'bbb51b95', 'd38aa58d', '46003790', 'd38aa58d', '46003790', 'd38aa58d', '46003790', '5d5de21c', '5d5de21c', '5d5de21c']"
blk_5992676307490995144,"['bbb51b95', 'bbb51b95', '3d91fa85', 'bbb51b95', 'd38aa58d', '46003790', 'd38aa58d', '46003790', 'd38aa58d', '46003790', '5d5de21c', '5d5de21c', '5d5de21c']"
blk_4781267590044428130,"['bbb51b95', '3d91fa85', 'bbb51b95', 'bbb51b95', 'd38aa58d', 'd38aa58d', '46003790', '46003790', '5d5de21c', 'd38aa58d', '46003790', '5d5de21c', '5d5de21c', '32777b38', '32777b38']"
blk_-4257109716524633345,"['bbb51b95', 'bbb51b95', 'bbb51b95', '3d91fa85', 'd38aa58d', '46003790', 'd38aa58d', '46003790', '5d5de21c', '5d5de21c', 'd38aa58d', '46003790', '5d5de21c', 'd63ef163', 'd63ef163', 'd63ef163', 'dba996ef', 'dba996ef', 'dba996ef']"
blk_-1700362994495559149,"['3d91fa85', 'bbb51b95', 'bbb51b95', 'bbb51b95', '5d5de21c', '5d5de21c', '5d5de21c', 'd38aa58d', '46003790', 'd38aa58d', 'd38aa58d', '46003790', '46003790']"
blk_-3359310959673187374,"['bbb51b95', '3d91fa85', 'bbb51b95', 'bbb51b95', 'd38aa58d', '46003790', 'd38aa58d', '46003790', '5d5de21c', 'd38aa58d', '46003790', '5d5de21c', '5d5de21c']"
blk_8241973240993874744,"['bbb51b95', '3d91fa85', 'bbb51b95', 'bbb51b95', 'd38aa58d', '46003790', 'd38aa58d', '46003790', '5d5de21c', '5d5de21c', 'd38aa58d', '46003790', '5d5de21c']"
blk_1212228861053811613,"['3d91fa85', 'bbb51b95', 'bbb51b95', 'bbb51b95', '5d5de21c', '5d5de21c', 'd38aa58d', '46003790', 'd38aa58d', '46003790', 'd38aa58d', '46003790', '5d5de21c']"
blk_3760999636426729338,"['3d91fa85', 'bbb51b95', 'bbb51b95', 'bbb51b95', 'd38aa58d', '46003790', '5d5de21c', '5d5de21c', '5d5de21c', 'd38aa58d', '46003790', 'd38aa58d', '46003790']"
blk_-7645434041056783512,"['3d91fa85', 'bbb51b95', 'bbb51b95', 'bbb51b95', '5d5de21c', '5d5de21c', 'd38aa58d', 'd38aa58d', '46003790', '46003790', '5d5de21c', 'd38aa58d', '46003790']"
blk_-1766413155057195671,"['bbb51b95', 'bbb51b95', '3d91fa85', 'bbb51b95', 'd38aa58d', '46003790', 'd38aa58d', '46003790', 'd38aa58d', '46003790', '5d5de21c', '5d5de21c', '5d5de21c', '32777b38', '32777b38', 'a333d363', 'a333d363', '4dec0816']"
blk_-3699449704922128164,"['bbb51b95', 'bbb51b95', 'bbb51b95', '3d91fa85', 'd38aa58d', '46003790', 'd38aa58d', '46003790', 'd38aa58d', '46003790', '5d5de21c', '5d5de21c', '5d5de21c', '4dec0816']"
blk_-2393276887919056980,"['bbb51b95', 'bbb51b95', 'bbb51b95', '3d91fa85', 'd38aa58d', '46003790', '5d5de21c', 'd38aa58d', '46003790', 'd38aa58d', '46003790', '5d5de21c', '5d5de21c']"
blk_3636119079884610598,"['bbb51b95', 'bbb51b95', '3d91fa85', 'bbb51b95', 'd38aa58d', '46003790', 'd38aa58d', '46003790', 'd38aa58d', '46003790', '5d5de21c', '5d5de21c', '5d5de21c', 'a333d363', '4dec0816']"
blk_-5541760306465103249,"['3d91fa85', 'bbb51b95', 'bbb51b95', 'bbb51b95', '5d5de21c', '5d5de21c', 'd38aa58d', '46003790', 'd38aa58d', '46003790', '5d5de21c', 'd38aa58d', '46003790', 'a333d363']"
blk_-1408212918423311146,"['bbb51b95', 'bbb51b95', '3d91fa85', 'bbb51b95', 'd38aa58d', '46003790', 'd38aa58d', '46003790', 'd38aa58d', '46003790', '5d5de21c', '5d5de21c', '5d5de21c', 'a333d363']"
blk_2078162247500317207,"['bbb51b95', 'bbb51b95', 'bbb51b95', '3d91fa85', 'd38aa58d', '46003790', 'd38aa58d', '46003790', 'd38aa58d', '46003790', '5d5de21c', '5d5de21c', '5d5de21c']"
blk_5001289639031599278,"['bbb51b95', 'bbb51b95', '3d91fa85', 'bbb51b95', 'd38aa58d', '46003790', 'd38aa58d', '46003790', '5d5de21c', '5d5de21c', 'd38aa58d', '46003790', '5d5de21c']"
blk_4986949005800713870,"['bbb51b95', '3d91fa85', 'bbb51b95', 'bbb51b95', 'd38aa58d', '46003790', 'd38aa58d', '46003790', 'd38aa58d', '46003790', '5d5de21c', '5d5de21c', '5d5de21c']"
blk_7153642016585834313,"['3d91fa85', 'bbb51b95', 'bbb51b95', 'bbb51b95', '5d5de21c', '5d5de21c', '5d5de21c', 'd38aa58d', '46003790', 'd38aa58d', '46003790', 'd38aa58d', '46003790', 'a333d363']"
blk_-4240949250577933832,"['bbb51b95', 'bbb51b95', '3d91fa85', 'bbb51b95', 'd38aa58d', '46003790', '46003790', 'd38aa58d', '46003790', '5d5de21c', 'd38aa58d', '5d5de21c', '5d5de21c']"
blk_1929393535726139911,"['3d91fa85', 'bbb51b95', 'bbb51b95', 'bbb51b95', '5d5de21c', 'd38aa58d', '46003790', '5d5de21c', '5d5de21c', 'd38aa58d', '46003790', 'd38aa58d', '46003790']"
blk_5195020082799580794,"['3d91fa85', 'bbb51b95', 'bbb51b95', 'bbb51b95', '5d5de21c', '5d5de21c', 'd38aa58d', '46003790', 'd38aa58d', '46003790', 'd38aa58d', '46003790', '5d5de21c']"
blk_1654438539595069394,"['bbb51b95', 'bbb51b95', '3d91fa85', 'bbb51b95', '5d5de21c', 'd38aa58d', '46003790', 'd38aa58d', '46003790', 'd38aa58d', '46003790', '5d5de21c', '5d5de21c', '32777b38', 'a333d363', 'a333d363', '4dec0816']"
blk_-3885744316927007732,"['bbb51b95', 'bbb51b95', 'bbb51b95', '3d91fa85', 'd38aa58d', '46003790', 'd38aa58d', '46003790', 'd38aa58d', '46003790', '5d5de21c', '5d5de21c', '5d5de21c']"
blk_-8148730733305065296,"['3d91fa85', 'bbb51b95', 'bbb51b95', 'bbb51b95', 'd38aa58d', '46003790', '5d5de21c', 'd38aa58d', '46003790', '5d5de21c', '5d5de21c', 'd38aa58d', '46003790']"
blk_-9128177014320639186,"['bbb51b95', 'bbb51b95', '3d91fa85', 'bbb51b95', 'd38aa58d', '46003790', 'd38aa58d', '46003790', 'd38aa58d', '46003790', '5d5de21c', '5d5de21c', '5d5de21c']"
blk_-6239589340520492794,"['bbb51b95', 'bbb51b95', 'bbb51b95', '3d91fa85', 'd38aa58d', '46003790', 'd38aa58d', '46003790', 'd38aa58d', '46003790', '5d5de21c', '5d5de21c', '5d5de21c', '4dec0816']"
blk_-1875970389383629355,"['bbb51b95', 'bbb51b95', 'bbb51b95', '3d91fa85', 'd38aa58d', '46003790', '5d5de21c', 'd38aa58d', '46003790', 'd38aa58d', '46003790', '5d5de21c', '5d5de21c']"
blk_7449804333123363007,"['bbb51b95', 'bbb51b95', '3d91fa85', 'bbb51b95', '46003790', '5d5de21c', 'd38aa58d', 'd38aa58d', '46003790', 'd38aa58d', '46003790', '5d5de21c', '5d5de21c', 'a333d363']"
blk_-2946687953239733695,"['bbb51b95', 'bbb51b95', 'bbb51b95', '3d91fa85', 'd38aa58d', '46003790', 'd38aa58d', '46003790', 'd38aa58d', '46003790', '5d5de21c', '5d5de21c', '5d5de21c', 'a333d363', '4dec0816']"
blk_2307575962458095235,"['3d91fa85', 'bbb51b95', 'bbb51b95', 'bbb51b95', '5d5de21c', 'd38aa58d', '46003790', 'd38aa58d', '46003790', '5d5de21c', '5d5de21c', 'd38aa58d', '46003790']"
blk_-6904675303568433781,"['3d91fa85', 'bbb51b95', 'bbb51b95', 'bbb51b95', '5d5de21c', 'd38aa58d', '46003790', '5d5de21c', '5d5de21c', 'd38aa58d', '46003790', 'd38aa58d', '46003790']"
blk_-4217081390336490541,"['bbb51b95', 'bbb51b95', '3d91fa85', 'bbb51b95', 'd38aa58d', '46003790', 'd38aa58d', '46003790', 'd38aa58d', '46003790', '5d5de21c', '5d5de21c', '5d5de21c']"
blk_-9019980029552431200,"['bbb51b95', 'bbb51b95', 'bbb51b95', '3d91fa85', 'd38aa58d', '46003790', 'd38aa58d', '46003790', 'd38aa58d', '46003790', '5d5de21c', '5d5de21c', '5d5de21c', '32777b38', '32777b38']"
blk_2207505383141413278,"['bbb51b95', 'bbb51b95', 'bbb51b95', '3d91fa85', 'd38aa58d', '46003790', 'd38aa58d', '46003790', 'd38aa58d', '46003790', '5d5de21c', '5d5de21c', '5d5de21c', '32777b38']"
blk_-2297745378608977670,"['bbb51b95', 'bbb51b95', 'bbb51b95', '3d91fa85', 'd38aa58d', '46003790', 'd38aa58d', '46003790', 'd38aa58d', '46003790', '5d5de21c', '5d5de21c', '5d5de21c']"
blk_-3628471919129881929,"['bbb51b95', 'bbb51b95', '3d91fa85', 'bbb51b95', '46003790', 'd38aa58d', '46003790', 'd38aa58d', '46003790', '5d5de21c', '5d5de21c', '5d5de21c', 'd38aa58d']"
blk_3882082515594655385,"['bbb51b95', '3d91fa85', 'bbb51b95', 'bbb51b95', 'd38aa58d', '46003790', 'd38aa58d', '46003790', 'd38aa58d', '46003790', '5d5de21c', '5d5de21c', '5d5de21c']"
blk_-1767460991544695624,"['bbb51b95', '3d91fa85', 'bbb51b95', 'bbb51b95', 'd38aa58d', '46003790', 'd38aa58d', '46003790', 'd38aa58d', '46003790', '5d5de21c', '5d5de21c', '5d5de21c']"
blk_3885742507982548971,"['3d91fa85', 'bbb51b95', 'bbb51b95', 'bbb51b95', '5d5de21c', '5d5de21c', '5d5de21c', 'd38aa58d', '46003790', 'd38aa58d', '46003790', 'd38aa58d', '46003790']"
blk_-3118061979397717029,"['3d91fa85', 'bbb51b95', 'bbb51b95', 'bbb51b95', '5d5de21c', '5d5de21c', 'd38aa58d', '46003790', 'd38aa58d', '46003790', '5d5de21c', 'd38aa58d', '46003790']"
blk_4331908968666738601,"['bbb51b95', 'bbb51b95', 'bbb51b95', '3d91fa85', 'd38aa58d', '46003790', 'd38aa58d', '46003790', 'd38aa58d', '46003790', '5d5de21c', '5d5de21c', '5d5de21c', 'a333d363', '4dec0816']"
blk_-1735217213280209716,"['3d91fa85', 'bbb51b95', 'bbb51b95', 'bbb51b95', '5d5de21c', '5d5de21c', '5d5de21c', 'd38aa58d', '46003790', 'd38aa58d', '46003790', 'd38aa58d', '46003790']"
blk_-3577981043740759840,"['bbb51b95', 'bbb51b95', '3d91fa85', 'bbb51b95', 'd38aa58d', '46003790', 'd38aa58d', '46003790', 'd38aa58d', '46003790', '5d5de21c', '5d5de21c', '5d5de21c']"
blk_-1968697067600348131,"['bbb51b95', 'bbb51b95', '3d91fa85', 'bbb51b95', 'd38aa58d', '46003790', 'd38aa58d', '46003790', '5d5de21c', '5d5de21c', 'd38aa58d', '46003790', '5d5de21c']"
blk_7725178406809832427,"['3d91fa85', 'bbb51b95', 'bbb51b95', 'bbb51b95', '5d5de21c', '5d5de21c', 'd38aa58d', '46003790', 'd38aa58d', '46003790', 'd38aa58d', '46003790', '5d5de21c']"
blk_-32823929845911101,"['3d91fa85', 'bbb51b95', 'bbb51b95', 'bbb51b95', 'd38aa58d', '46003790', 'd38aa58d', '46003790', '5d5de21c', '5d5de21c', 'd38aa58d', '46003790', '5d5de21c']"
blk_-3808739046859637572,"['bbb51b95', 'bbb51b95', 'bbb51b95', '3d91fa85', 'd38aa58d', '46003790', 'd38aa58d', '46003790', 'd38aa58d', '46003790', '5d5de21c', '5d5de21c', '5d5de21c']"
blk_7674681949346311657,"['bbb51b95', 'bbb51b95', 'bbb51b95', '3d91fa85', 'd38aa58d', '46003790', 'd38aa58d', '46003790', 'd38aa58d', '46003790', '5d5de21c', '5d5de21c', '5d5de21c']"
blk_-2505936155485890356,"['bbb51b95', 'bbb51b95', 'bbb51b95', '3d91fa85', 'd38aa58d', '46003790', 'd38aa58d', '46003790', 'd38aa58d', '46003790', '5d5de21c', '5d5de21c', '5d5de21c']"
blk_5621819468740992016,"['bbb51b95', '3d91fa85', 'bbb51b95', 'bbb51b95', 'd38aa58d', '46003790', 'd38aa58d', '46003790', 'd38aa58d', '46003790', '5d5de21c', '5d5de21c', '5d5de21c']"
blk_-7488393607040285582,"['bbb51b95', 'bbb51b95', '3d91fa85', 'bbb51b95', 'd38aa58d', '46003790', 'd38aa58d', '46003790', 'd38aa58d', '46003790', '5d5de21c', '5d5de21c', '5d5de21c']"
blk_8740496792873787355,"['bbb51b95', '3d91fa85', 'bbb51b95', 'bbb51b95', 'd38aa58d', '46003790', 'd38aa58d', '46003790', 'd38aa58d', '46003790', '5d5de21c', '5d5de21c', '5d5de21c']"
blk_-509286359427935274,"['bbb51b95', '3d91fa85', 'bbb51b95', 'bbb51b95', 'd38aa58d', '46003790', 'd38aa58d', '46003790', 'd38aa58d', '46003790', '5d5de21c', '5d5de21c', '5d5de21c']"
blk_-5961991850216969724,"['bbb51b95', '3d91fa85', 'bbb51b95', 'bbb51b95', 'd38aa58d', '46003790', 'd38aa58d', '46003790', 'd38aa58d', '46003790', '5d5de21c', '5d5de21c', '5d5de21c']"
blk_-2156017855104044022,"['bbb51b95', 'bbb51b95', 'bbb51b95', '3d91fa85', 'd38aa58d', '46003790', '5d5de21c', 'd38aa58d', '46003790', 'd38aa58d', '46003790', '5d5de21c', '5d5de21c', 'd63ef163', 'd63ef163', 'd63ef163', 'dba996ef', 'dba996ef', 'dba996ef']"
blk_-333463573263257870,"['3d91fa85', 'bbb51b95', 'bbb51b95', 'bbb51b95', '5d5de21c', '5d5de21c', 'd38aa58d', '46003790', 'd38aa58d', '46003790', 'd38aa58d', '46003790', '5d5de21c']"
blk_-210834639249320910,"['bbb51b95', 'bbb51b95', 'bbb51b95', '3d91fa85', 'd38aa58d', '46003790', 'd38aa58d', '46003790', 'd38aa58d', '46003790', '5d5de21c', '5d5de21c', '5d5de21c']"
blk_3644589028179739497,"['bbb51b95', 'bbb51b95', '3d91fa85', 'bbb51b95', 'd38aa58d', '46003790', 'd38aa58d', '46003790', '5d5de21c', '5d5de21c', 'd38aa58d', '46003790', '5d5de21c', '32777b38', '32777b38', 'a333d363', 'a333d363', '4dec0816']"
blk_4566277459864535342,"['bbb51b95', '3d91fa85', 'bbb51b95', 'bbb51b95', 'd38aa58d', 'd38aa58d', '46003790', '46003790', 'd38aa58d', '46003790', '5d5de21c', '5d5de21c', '5d5de21c', '32777b38', '32777b38', '32777b38', 'a333d363']"
blk_-1857742718218650697,"['3d91fa85', 'bbb51b95', 'bbb51b95', 'bbb51b95', '5d5de21c', '5d5de21c', 'd38aa58d', '46003790', 'd38aa58d', '46003790', '5d5de21c', 'd38aa58d', '46003790', '32777b38', 'a333d363', 'a333d363', '4dec0816']"
blk_4978412118960638986,"['3d91fa85', 'bbb51b95', 'bbb51b95', 'bbb51b95', '5d5de21c', '5d5de21c', 'd38aa58d', '46003790', 'd38aa58d', '46003790', 'd38aa58d', '46003790', '5d5de21c']"
blk_-7090883509861331498,"['bbb51b95', 'bbb51b95', '3d91fa85', 'bbb51b95', 'd38aa58d', '46003790', '46003790', '5d5de21c', 'd38aa58d', '46003790', 'd38aa58d', '5d5de21c', '5d5de21c']"
blk_8296299776021758304,"['3d91fa85', 'bbb51b95', 'bbb51b95', 'bbb51b95', '5d5de21c', '5d5de21c', '5d5de21c', 'd38aa58d', 'd38aa58d', '46003790', '46003790', 'd38aa58d', '46003790', 'a333d363', 'a333d363', '4dec0816']"
blk_-6097827661536723022,"['bbb51b95', '3d91fa85', 'bbb51b95', 'bbb51b95', 'd38aa58d', '46003790', 'd38aa58d', '46003790', 'd38aa58d', '46003790', '5d5de21c', '5d5de21c', '5d5de21c']"
blk_-7871881632187461845,"['bbb51b95', 'bbb51b95', '3d91fa85', 'bbb51b95', 'd38aa58d', '46003790', 'd38aa58d', '46003790', 'd38aa58d', '46003790', '5d5de21c', '5d5de21c', '5d5de21c', '4dec0816']"
blk_4983426189245564053,"['bbb51b95', 'bbb51b95', 'bbb51b95', '3d91fa85', 'd38aa58d', '46003790', 'd38aa58d', '46003790', 'd38aa58d', '46003790', '5d5de21c', '5d5de21c', '5d5de21c', '4dec0816']"
blk_2050661043282802008,"['3d91fa85', 'bbb51b95', 'bbb51b95', 'bbb51b95', '5d5de21c', '5d5de21c', '5d5de21c', 'd38aa58d', '46003790', 'd38aa58d', '46003790', 'd38aa58d', '46003790']"
blk_4806325687570317453,"['3d91fa85', 'bbb51b95', 'bbb51b95', 'bbb51b95', '5d5de21c', 'd38aa58d', '46003790', 'd38aa58d', '46003790', '5d5de21c', '5d5de21c', 'd38aa58d', '46003790']"
blk_-4264106854544714449,"['bbb51b95', 'bbb51b95', 'bbb51b95', '3d91fa85', 'd38aa58d', '46003790', 'd38aa58d', '46003790', 'd38aa58d', '46003790', '5d5de21c', '5d5de21c', '5d5de21c']"
blk_3612011589027622217,"['3d91fa85', 'bbb51b95', 'bbb51b95', 'bbb51b95', '5d5de21c', '5d5de21c', '5d5de21c', 'd38aa58d', '46003790', 'd38aa58d', '46003790', 'd38aa58d', '46003790']"
blk_-1447492252611531335,"['bbb51b95', 'bbb51b95', 'bbb51b95', '3d91fa85', 'd38aa58d', '46003790', 'd38aa58d', '46003790', 'd38aa58d', '46003790', '5d5de21c', '5d5de21c', '5d5de21c']"
blk_1426685679039952065,"['3d91fa85', 'bbb51b95', 'bbb51b95', 'bbb51b95', '5d5de21c', '5d5de21c', 'd38aa58d', '46003790', 'd38aa58d', '46003790', 'd38aa58d', '46003790', '5d5de21c']"
blk_5287195192806632150,"['3d91fa85', 'bbb51b95', 'bbb51b95', 'bbb51b95', '5d5de21c', '5d5de21c', '5d5de21c', 'd38aa58d', '46003790', 'd38aa58d', '46003790', 'd38aa58d', '46003790']"
blk_-3103482188109462270,"['3d91fa85', 'bbb51b95', 'bbb51b95', 'bbb51b95', '5d5de21c', '5d5de21c', '5d5de21c', 'd38aa58d', '46003790', 'd38aa58d', 'd38aa58d', '46003790', '46003790', 'a333d363']"
blk_3949218787310589964,"['bbb51b95', 'bbb51b95', '3d91fa85', 'bbb51b95', 'd38aa58d', '46003790', 'd38aa58d', '46003790', '5d5de21c', 'd38aa58d', '46003790', '5d5de21c', '5d5de21c']"
blk_1332769026742143431,"['bbb51b95', 'bbb51b95', 'bbb51b95', '3d91fa85', 'd38aa58d', '46003790', 'd38aa58d', '46003790', 'd38aa58d', '46003790', '5d5de21c', '5d5de21c', '5d5de21c']"
blk_3352515312943969025,"['bbb51b95', 'bbb51b95', '3d91fa85', 'bbb51b95', 'd38aa58d', '46003790', 'd38aa58d', '46003790', 'd38aa58d', '46003790', '5d5de21c', '5d5de21c', '5d5de21c', 'a333d363', '4dec0816']"
blk_3710798710102649675,"['3d91fa85', 'bbb51b95', 'bbb51b95', 'bbb51b95', 'd38aa58d', '46003790', 'd38aa58d', '46003790', 'd38aa58d', '46003790', '5d5de21c', '5d5de21c', '5d5de21c', '32777b38']"
blk_-5577265196220877132,"['bbb51b95', 'bbb51b95', 'bbb51b95', '3d91fa85', 'd38aa58d', '46003790', 'd38aa58d', '46003790', '5d5de21c', '5d5de21c', 'd38aa58d', '46003790', '5d5de21c']"
blk_-404840581476497568,"['bbb51b95', 'bbb51b95', 'bbb51b95', '3d91fa85', 'd38aa58d', '46003790', 'd38aa58d', '46003790', '5d5de21c', 'd38aa58d', '46003790', '5d5de21c', '5d5de21c']"
blk_4618075433803375491,"['bbb51b95', 'bbb51b95', 'bbb51b95', '3d91fa85', 'd38aa58d', '46003790', 'd38aa58d', '46003790', 'd38aa58d', '46003790', '5d5de21c', '5d5de21c', '5d5de21c']"
blk_-4126540292814312813,"['bbb51b95', 'bbb51b95', 'bbb51b95', '3d91fa85', 'd38aa58d', '46003790', 'd38aa58d', '46003790', 'd38aa58d', '46003790', '5d5de21c', '5d5de21c', '5d5de21c']"
blk_-4910766126043159846,"['bbb51b95', '3d91fa85', 'bbb51b95', 'bbb51b95', 'd38aa58d', '46003790', 'd38aa58d', '46003790', 'd38aa58d', '46003790', '5d5de21c', '5d5de21c', '5d5de21c', 'a333d363']"
blk_4568657801641859712,"['bbb51b95', 'bbb51b95', '3d91fa85', 'bbb51b95', 'd38aa58d', '46003790', 'd38aa58d', '46003790', 'd38aa58d', '46003790', '5d5de21c', '5d5de21c', '5d5de21c', '4dec0816']"
blk_-4723260765738298892,"['3d91fa85', 'bbb51b95', 'bbb51b95', 'bbb51b95', '5d5de21c', '5d5de21c', 'd38aa58d', '46003790', 'd38aa58d', '46003790', '5d5de21c', 'd38aa58d', '46003790']"
blk_-7809156753683032559,"['bbb51b95', 'bbb51b95', 'bbb51b95', '3d91fa85', 'd38aa58d', '46003790', '5d5de21c', '5d5de21c', 'd38aa58d', '46003790', 'd38aa58d', '46003790', '5d5de21c']"
blk_9204374112475657284,"['bbb51b95', '3d91fa85', 'bbb51b95', 'bbb51b95', 'd38aa58d', '46003790', 'd38aa58d', '46003790', 'd38aa58d', '46003790', '5d5de21c', '5d5de21c', '5d5de21c', 'a333d363', '4dec0816']"
blk_-3597228021229626548,"['bbb51b95', 'bbb51b95', '3d91fa85', 'bbb51b95', 'd38aa58d', '46003790', '46003790', '5d5de21c', '5d5de21c', 'd38aa58d', '46003790', 'd38aa58d', '5d5de21c']"
blk_5577808965521956546,"['bbb51b95', 'bbb51b95', '3d91fa85', 'bbb51b95', 'd38aa58d', '46003790', '46003790', 'd38aa58d', '46003790', '5d5de21c', 'd38aa58d', '5d5de21c', '5d5de21c']"
blk_-7716848798475883060,"['bbb51b95', '3d91fa85', 'bbb51b95', 'bbb51b95', 'd38aa58d', '46003790', 'd38aa58d', '46003790', 'd38aa58d', '46003790', '5d5de21c', '5d5de21c', '5d5de21c']"
blk_1304031273525615854,"['bbb51b95', 'bbb51b95', 'bbb51b95', '3d91fa85', 'd38aa58d', '46003790', 'd38aa58d', '46003790', 'd38aa58d', '46003790', '5d5de21c', '5d5de21c', '5d5de21c', 'a333d363']"
blk_5782764851318323051,"['3d91fa85', 'bbb51b95', 'bbb51b95', 'bbb51b95', '5d5de21c', '5d5de21c', '5d5de21c', 'd38aa58d', '46003790', 'd38aa58d', '46003790', 'd38aa58d', '46003790', 'a333d363']"
blk_-2057965813883342023,"['3d91fa85', 'bbb51b95', 'bbb51b95', 'bbb51b95', '5d5de21c', 'd38aa58d', '46003790', 'd38aa58d', '46003790', 'd38aa58d', '46003790', '5d5de21c', '5d5de21c']"
blk_-8499405744728777619,"['bbb51b95', '3d91fa85', 'bbb51b95', 'bbb51b95', 'd38aa58d', '46003790', 'd38aa58d', '46003790', 'd38aa58d', '46003790', '5d5de21c', '5d5de21c', '5d5de21c', '32777b38', '32777b38', '32777b38', 'a333d363', 'a333d363', '4dec0816']"
blk_-7948092631436548049,"['3d91fa85', 'bbb51b95', 'bbb51b95', 'bbb51b95', '5d5de21c', '5d5de21c', '5d5de21c', 'd38aa58d', '46003790', 'd38aa58d', '46003790', 'd38aa58d', '46003790']"
blk_8442853357432008941,"['bbb51b95', '3d91fa85', 'bbb51b95', 'bbb51b95', '5d5de21c', 'd38aa58d', '46003790', 'd38aa58d', '46003790', 'd38aa58d', '46003790', '5d5de21c', '5d5de21c', '4dec0816']"
blk_2121220993932791115,"['bbb51b95', '3d91fa85', 'bbb51b95', 'bbb51b95', 'd38aa58d', '46003790', 'd38aa58d', '46003790', 'd38aa58d', '46003790', '5d5de21c', '5d5de21c', '5d5de21c']"
blk_3468867675012130663,"['3d91fa85', 'bbb51b95', 'bbb51b95', 'bbb51b95', '5d5de21c', '5d5de21c', 'd38aa58d', '46003790', 'd38aa58d', '46003790', '5d5de21c', 'd38aa58d', '46003790', '32777b38']"
blk_-7150984872839212328,"['bbb51b95', '3d91fa85', 'bbb51b95', 'bbb51b95', 'd38aa58d', '46003790', 'd38aa58d', '46003790', '5d5de21c', 'd38aa58d', '46003790', '5d5de21c', '5d5de21c']"
blk_5653961258724843359,"['bbb51b95', 'bbb51b95', '3d91fa85', 'bbb51b95', 'd38aa58d', '46003790', 'd38aa58d', '46003790', 'd38aa58d', '46003790', '5d5de21c', '5d5de21c', '5d5de21c']"
blk_-1308056987170560540,"['bbb51b95', 'bbb51b95', '3d91fa85', 'bbb51b95', 'd38aa58d', 'd38aa58d', '46003790', '46003790', 'd38aa58d', '46003790', '5d5de21c', '5d5de21c', '5d5de21c']"
blk_7046851648397800214,"['bbb51b95', 'bbb51b95', '3d91fa85', 'bbb51b95', 'd38aa58d', '46003790', 'd38aa58d', '46003790', 'd38aa58d', '46003790', '5d5de21c', '5d5de21c', '5d5de21c']"
blk_-1913325318893018874,"['bbb51b95', 'bbb51b95', '3d91fa85', 'bbb51b95', 'd38aa58d', '46003790', 'd38aa58d', '46003790', 'd38aa58d', '46003790', '5d5de21c', '5d5de21c', '5d5de21c', 'a333d363', '4dec0816']"
blk_-4003513976966455427,"['bbb51b95', '3d91fa85', 'bbb51b95', 'bbb51b95', 'd38aa58d', '46003790', 'd38aa58d', '46003790', 'd38aa58d', '46003790', '5d5de21c', '5d5de21c', '5d5de21c']"
blk_3168146994796690226,"['bbb51b95', 'bbb51b95', 'bbb51b95', '3d91fa85', 'd38aa58d', '46003790', 'd38aa58d', '46003790', 'd38aa58d', '46003790', '5d5de21c', '5d5de21c', '5d5de21c']"
blk_-2299861865142986057,"['bbb51b95', 'bbb51b95', 'bbb51b95', '3d91fa85', 'd38aa58d', '46003790', 'd38aa58d', '46003790', 'd38aa58d', '46003790', '5d5de21c', '5d5de21c', '5d5de21c']"
blk_-6633203838373588513,"['bbb51b95', 'bbb51b95', 'bbb51b95', '3d91fa85', 'd38aa58d', '46003790', 'd38aa58d', '46003790', 'd38aa58d', '46003790', '5d5de21c', '5d5de21c', '5d5de21c']"
blk_-5990618621556189960,"['bbb51b95', 'bbb51b95', '3d91fa85', 'bbb51b95', 'd38aa58d', '46003790', 'd38aa58d', '46003790', 'd38aa58d', '46003790', '5d5de21c', '5d5de21c', '5d5de21c']"
blk_-4129473458262205964,"['3d91fa85', 'bbb51b95', 'bbb51b95', 'bbb51b95', '5d5de21c', '5d5de21c', '5d5de21c', 'd38aa58d', '46003790', 'd38aa58d', '46003790', 'd38aa58d', '46003790', '32777b38', 'a333d363', '4dec0816', 'a333d363']"
blk_-1297060756646844763,"['3d91fa85', 'bbb51b95', 'bbb51b95', 'bbb51b95', '5d5de21c', '5d5de21c', '5d5de21c', 'd38aa58d', '46003790', 'd38aa58d', '46003790', 'd38aa58d', '46003790']"
blk_-8773962881881390194,"['bbb51b95', 'bbb51b95', 'bbb51b95', '3d91fa85', 'd38aa58d', '46003790', 'd38aa58d', '46003790', '5d5de21c', '5d5de21c', 'd38aa58d', '46003790', '5d5de21c']"
blk_5679084648676227091,"['bbb51b95', 'bbb51b95', '3d91fa85', 'bbb51b95', 'd38aa58d', '46003790', '5d5de21c', '5d5de21c', '5d5de21c', 'd38aa58d', '46003790', 'd38aa58d', '46003790', 'a333d363']"
blk_5809972291961755313,"['3d91fa85', 'bbb51b95', 'bbb51b95', 'bbb51b95', '5d5de21c', '5d5de21c', 'd38aa58d', '46003790', 'd38aa58d', '46003790', '5d5de21c', 'd38aa58d', '46003790']"
blk_4868138924619436819,"['bbb51b95', '3d91fa85', 'bbb51b95', 'bbb51b95', 'd38aa58d', '46003790', 'd38aa58d', '46003790', 'd38aa58d', '46003790', '5d5de21c', '5d5de21c', '5d5de21c']"
blk_-8823529480175689084,"['3d91fa85', 'bbb51b95', 'bbb51b95', 'bbb51b95', '5d5de21c', '5d5de21c', '5d5de21c', 'd38aa58d', '46003790', 'd38aa58d', '46003790', 'd38aa58d', '46003790', 'a333d363']"
blk_5248940755904737061,"['bbb51b95', 'bbb51b95', 'bbb51b95', '3d91fa85', 'd38aa58d', '46003790', 'd38aa58d', '46003790', '5d5de21c', '5d5de21c', 'd38aa58d', '46003790', '5d5de21c']"
blk_4198902564327359956,"['bbb51b95', '3d91fa85', 'bbb51b95', 'bbb51b95', 'd38aa58d', '46003790', 'd38aa58d', '46003790', 'd38aa58d', '46003790', '5d5de21c', '5d5de21c', '5d5de21c']"
blk_1514623801864079736,"['3d91fa85', 'bbb51b95', 'bbb51b95', 'bbb51b95', '5d5de21c', '5d5de21c', '5d5de21c', 'd38aa58d', '46003790', 'd38aa58d', '46003790', 'd38aa58d', '46003790', 'a333d363', '4dec0816']"
blk_3253374162494230569,"['bbb51b95', 'bbb51b95', 'bbb51b95', '3d91fa85', 'd38aa58d', '46003790', 'd38aa58d', '46003790', 'd38aa58d', '46003790', '5d5de21c', '5d5de21c', '5d5de21c']"
blk_-6385283196004868289,"['bbb51b95', 'bbb51b95', '3d91fa85', 'bbb51b95', 'd38aa58d', '46003790', 'd38aa58d', '46003790', 'd38aa58d', '46003790', '5d5de21c', '5d5de21c', '5d5de21c']"
blk_-6565411544356775444,"['bbb51b95', '3d91fa85', 'bbb51b95', 'bbb51b95', 'd38aa58d', '46003790', 'd38aa58d', '46003790', '5d5de21c', 'd38aa58d', '46003790', '5d5de21c', '5d5de21c', 'a333d363', '4dec0816']"
blk_-8380114486897794306,"['3d91fa85', 'bbb51b95', 'bbb51b95', 'bbb51b95', '5d5de21c', '5d5de21c', '5d5de21c', 'd38aa58d', '46003790', 'd38aa58d', '46003790', 'd38aa58d', '46003790']"
blk_7359269325129318656,"['bbb51b95', 'bbb51b95', '3d91fa85', 'bbb51b95', 'd38aa58d', '46003790', 'd38aa58d', '46003790', 'd38aa58d', '46003790', '5d5de21c', '5d5de21c', '5d5de21c', '32777b38', '32777b38', '32777b38', 'a333d363', 'a333d363', 'a333d363', '4dec0816', 'a333d363', 'a333d363', 'a333d363', 'a333d363', 'a333d363', 'a333d363', 'a333d363', 'a333d363', 'a333d363', 'a333d363', 'a333d363']"
blk_3953140141774466313,"['bbb51b95', 'bbb51b95', 'bbb51b95', '3d91fa85', 'd38aa58d', '46003790', 'd38aa58d', '46003790', 'd38aa58d', '46003790', '5d5de21c', '5d5de21c', '5d5de21c', '4dec0816']"
blk_718487422790031351,"['bbb51b95', 'bbb51b95', 'bbb51b95', '3d91fa85', 'd38aa58d', '46003790', 'd38aa58d', '46003790', 'd38aa58d', '46003790', '5d5de21c', '5d5de21c', '5d5de21c']"
blk_8066222940755946578,"['bbb51b95', 'bbb51b95', 'bbb51b95', '3d91fa85', 'd38aa58d', '46003790', 'd38aa58d', '46003790', 'd38aa58d', '46003790', '5d5de21c', '5d5de21c', '5d5de21c']"
blk_3688443722465202256,"['bbb51b95', '3d91fa85', 'bbb51b95', 'bbb51b95', 'd38aa58d', '46003790', 'd38aa58d', '46003790', 'd38aa58d', '46003790', '5d5de21c', '5d5de21c', '5d5de21c', 'd63ef163', 'd63ef163', 'd63ef163', 'dba996ef', 'dba996ef', 'dba996ef']"
blk_-1129001709609453842,"['bbb51b95', '3d91fa85', 'bbb51b95', 'bbb51b95', 'd38aa58d', '46003790', 'd38aa58d', '46003790', '5d5de21c', '5d5de21c', '5d5de21c', 'd38aa58d', '46003790', 'a333d363']"
blk_8634151902240289768,"['bbb51b95', '3d91fa85', 'bbb51b95', 'bbb51b95', 'd38aa58d', '46003790', 'd38aa58d', '46003790', 'd38aa58d', '46003790', '5d5de21c', '5d5de21c', '5d5de21c', 'a333d363', '4dec0816']"
blk_262295328476290098,"['bbb51b95', 'bbb51b95', '3d91fa85', 'bbb51b95', 'd38aa58d', '46003790', 'd38aa58d', '46003790', 'd38aa58d', '46003790', '5d5de21c', '5d5de21c', '5d5de21c']"
blk_-3115101310515290541,"['bbb51b95', 'bbb51b95', 'bbb51b95', '3d91fa85', 'd38aa58d', '46003790', 'd38aa58d', '46003790', 'd38aa58d', '46003790', '5d5de21c', '5d5de21c', '5d5de21c']"
blk_5060694786427185589,"['3d91fa85', 'bbb51b95', 'bbb51b95', 'bbb51b95', '5d5de21c', '5d5de21c', 'd38aa58d', '46003790', 'd38aa58d', '46003790', 'd38aa58d', '46003790', '5d5de21c', '32777b38']"
blk_-6538983623811119264,"['3d91fa85', 'bbb51b95', 'bbb51b95', 'bbb51b95', 'd38aa58d', '46003790', 'd38aa58d', '46003790', 'd38aa58d', '46003790', '5d5de21c', '5d5de21c', '5d5de21c', '32777b38', '32777b38']"
blk_-4732974295955374558,"['bbb51b95', 'bbb51b95', 'bbb51b95', '3d91fa85', 'd38aa58d', '46003790', 'd38aa58d', '46003790', 'd38aa58d', '46003790', '5d5de21c', '5d5de21c', '5d5de21c']"
blk_-620799120446030215,"['bbb51b95', 'bbb51b95', '3d91fa85', 'bbb51b95', 'd38aa58d', '46003790', 'd38aa58d', '46003790', 'd38aa58d', '46003790', '5d5de21c', '5d5de21c', '5d5de21c', 'a333d363', '4dec0816']"
blk_1842506984453809050,"['3d91fa85', 'bbb51b95', 'bbb51b95', 'bbb51b95', '5d5de21c', '5d5de21c', '5d5de21c', 'd38aa58d', '46003790', 'd38aa58d', '46003790', 'd38aa58d', '46003790']"
blk_-748221966032149959,"['bbb51b95', 'bbb51b95', '3d91fa85', 'bbb51b95', 'd38aa58d', '46003790', 'd38aa58d', '46003790', 'd38aa58d', '46003790', '5d5de21c', '5d5de21c', '5d5de21c']"
blk_5920820369036010332,"['bbb51b95', 'bbb51b95', 'bbb51b95', '3d91fa85', 'd38aa58d', '46003790', 'd38aa58d', '46003790', 'd38aa58d', '46003790', '5d5de21c', '5d5de21c', '5d5de21c']"
blk_-4673142718163027981,"['bbb51b95', '3d91fa85', 'bbb51b95', 'bbb51b95', 'd38aa58d', '46003790', 'd38aa58d', '46003790', 'd38aa58d', '46003790', '5d5de21c', '5d5de21c', '5d5de21c', '32777b38', '32777b38', '32777b38', 'a333d363']"
blk_8746861103856581409,"['bbb51b95', 'bbb51b95', 'bbb51b95', '3d91fa85', 'd38aa58d', '46003790', 'd38aa58d', '46003790', 'd38aa58d', '46003790', '5d5de21c', '5d5de21c', '5d5de21c', 'a333d363', '4dec0816', 'a333d363']"
blk_5457015521868299029,"['bbb51b95', '3d91fa85', 'bbb51b95', 'bbb51b95', '5d5de21c', '5d5de21c', 'd38aa58d', '46003790', 'd38aa58d', '46003790', 'd38aa58d', '46003790', '5d5de21c', '32777b38', '32777b38']"
blk_-2622870943543726718,"['bbb51b95', 'bbb51b95', 'bbb51b95', '3d91fa85', 'd38aa58d', '46003790', 'd38aa58d', '46003790', 'd38aa58d', '46003790', '5d5de21c', '5d5de21c', '5d5de21c']"
blk_5687500610566332973,"['bbb51b95', 'bbb51b95', 'bbb51b95', '3d91fa85', 'd38aa58d', '46003790', 'd38aa58d', '46003790', 'd38aa58d', '46003790', '5d5de21c', '5d5de21c', '5d5de21c', '4dec0816']"
blk_4676108606252766257,"['bbb51b95', 'bbb51b95', '3d91fa85', 'bbb51b95', 'd38aa58d', '46003790', 'd38aa58d', '46003790', 'd38aa58d', '46003790', '5d5de21c', '5d5de21c', '5d5de21c', '4dec0816']"
blk_747933557504373976,"['bbb51b95', 'bbb51b95', '3d91fa85', 'bbb51b95', 'd38aa58d', '46003790', '5d5de21c', '5d5de21c', 'd38aa58d', '46003790', 'd38aa58d', '46003790', '5d5de21c', '32777b38', 'a333d363', '4dec0816', 'a333d363', '32777b38']"
blk_-8965520574226998991,"['bbb51b95', '3d91fa85', 'bbb51b95', 'bbb51b95', 'd38aa58d', '46003790', 'd38aa58d', '46003790', 'd38aa58d', '46003790', '5d5de21c', '5d5de21c', '5d5de21c', 'a333d363', 'a333d363']"
blk_4360509609311341569,"['bbb51b95', 'bbb51b95', '3d91fa85', 'bbb51b95', 'd38aa58d', '46003790', 'd38aa58d', '46003790', 'd38aa58d', '46003790', '5d5de21c', '5d5de21c', '5d5de21c']"
blk_7619380608033699939,"['bbb51b95', 'bbb51b95', 'bbb51b95', '3d91fa85', 'd38aa58d', '46003790', 'd38aa58d', '46003790', 'd38aa58d', '46003790', '5d5de21c', '5d5de21c', '5d5de21c']"
blk_-2307095545065429588,"['bbb51b95', 'bbb51b95', 'bbb51b95', '3d91fa85', 'd38aa58d', '46003790', 'd38aa58d', '46003790', 'd38aa58d', '46003790', '5d5de21c', '5d5de21c', '5d5de21c', 'd63ef163', 'd63ef163', 'd63ef163', 'dba996ef', 'dba996ef', 'dba996ef']"
blk_2432349134545858942,"['bbb51b95', 'bbb51b95', 'bbb51b95', '3d91fa85', 'd38aa58d', '46003790', 'd38aa58d', '46003790', 'd38aa58d', '46003790', '5d5de21c', '5d5de21c', '5d5de21c']"
blk_-1440564968553921538,"['bbb51b95', 'bbb51b95', '3d91fa85', 'bbb51b95', 'd38aa58d', '46003790', '46003790', '5d5de21c', 'd38aa58d', '46003790', 'd38aa58d', '5d5de21c', '5d5de21c']"
blk_-3479262139148858948,"['bbb51b95', 'bbb51b95', '3d91fa85', 'bbb51b95', 'd38aa58d', '46003790', 'd38aa58d', '46003790', 'd38aa58d', '46003790', '5d5de21c', '5d5de21c', '5d5de21c', '4dec0816']"
blk_6534872765295392059,"['3d91fa85', 'bbb51b95', 'bbb51b95', 'bbb51b95', 'd38aa58d', '46003790', 'd38aa58d', '46003790', 'd38aa58d', '46003790', '5d5de21c', '5d5de21c', '5d5de21c', 'd63ef163', 'd63ef163', 'd63ef163', 'dba996ef', 'dba996ef', 'dba996ef']"
blk_7381014243758539646,"['3d91fa85', 'bbb51b95', 'bbb51b95', 'bbb51b95', '5d5de21c', '5d5de21c', 'd38aa58d', '46003790', 'd38aa58d', '46003790', 'd38aa58d', '46003790', '5d5de21c']"
blk_7480586758684398074,"['bbb51b95', 'bbb51b95', 'bbb51b95', '3d91fa85', 'd38aa58d', '46003790', 'd38aa58d', '46003790', 'd38aa58d', '46003790', '5d5de21c', '5d5de21c', '5d5de21c']"
blk_-4370545423629413644,"['bbb51b95', 'bbb51b95', 'bbb51b95', '3d91fa85', 'd38aa58d', '46003790', 'd38aa58d', '46003790', 'd38aa58d', '46003790', '5d5de21c', '5d5de21c', '5d5de21c']"
blk_4437831701503949639,"['bbb51b95', 'bbb51b95', 'bbb51b95', '3d91fa85', '46003790', 'd38aa58d', '46003790', '5d5de21c', '5d5de21c', 'd38aa58d', 'd38aa58d', '46003790', '5d5de21c']"
blk_6530318007446089462,"['bbb51b95', 'bbb51b95', '3d91fa85', 'bbb51b95', 'd38aa58d', '46003790', 'd38aa58d', '46003790', 'd38aa58d', '46003790', '5d5de21c', '5d5de21c', '5d5de21c']"
blk_5423564381021364881,"['bbb51b95', 'bbb51b95', 'bbb51b95', '3d91fa85', 'd38aa58d', '46003790', 'd38aa58d', '46003790', 'd38aa58d', '46003790', '5d5de21c', '5d5de21c', '5d5de21c']"
blk_2597477916819275360,"['3d91fa85', 'bbb51b95', 'bbb51b95', 'bbb51b95', '5d5de21c', '5d5de21c', '5d5de21c', 'd38aa58d', '46003790', 'd38aa58d', '46003790', 'd38aa58d', '46003790']"
blk_-6932396704660029532,"['bbb51b95', 'bbb51b95', '3d91fa85', 'bbb51b95', 'd38aa58d', 'd38aa58d', '46003790', '46003790', '46003790', '5d5de21c', '5d5de21c', '5d5de21c', 'd38aa58d']"
blk_5032284063788731088,"['bbb51b95', '3d91fa85', 'bbb51b95', 'bbb51b95', 'd38aa58d', '46003790', 'd38aa58d', '46003790', 'd38aa58d', '46003790', '5d5de21c', '5d5de21c', '5d5de21c']"
blk_984896387710051998,"['bbb51b95', '3d91fa85', 'bbb51b95', 'bbb51b95', 'd38aa58d', '46003790', 'd38aa58d', '46003790', 'd38aa58d', '46003790', '5d5de21c', '5d5de21c', '5d5de21c']"
blk_-8537501316022145424,"['bbb51b95', 'bbb51b95', '3d91fa85', 'bbb51b95', 'd38aa58d', '46003790', 'd38aa58d', '46003790', 'd38aa58d', '46003790', '5d5de21c', '5d5de21c', '5d5de21c', 'd63ef163', 'd63ef163', 'd63ef163', 'dba996ef', 'dba996ef', 'dba996ef']"
blk_-8090203461401088916,"['bbb51b95', 'bbb51b95', 'bbb51b95', '3d91fa85', 'd38aa58d', '46003790', 'd38aa58d', '46003790', 'd38aa58d', '46003790', '5d5de21c', '5d5de21c', '5d5de21c']"
blk_7441893833249231596,"['bbb51b95', '3d91fa85', 'bbb51b95', 'bbb51b95', 'd38aa58d', '46003790', '5d5de21c', '5d5de21c', 'd38aa58d', '46003790', 'd38aa58d', '46003790', '5d5de21c']"
blk_6728503176963410390,"['bbb51b95', '3d91fa85', 'bbb51b95', 'bbb51b95', '5d5de21c', 'd38aa58d', '46003790', 'd38aa58d', '46003790', 'd38aa58d', '46003790', '5d5de21c', '5d5de21c', 'a333d363', '4dec0816', 'a333d363']"
blk_494205539555664975,"['3d91fa85', 'bbb51b95', 'bbb51b95', 'bbb51b95', '5d5de21c', '5d5de21c', '5d5de21c', 'd38aa58d', '46003790', 'd38aa58d', '46003790', 'd38aa58d', '46003790', '32777b38']"
blk_-2022396318168095575,"['bbb51b95', 'bbb51b95', 'bbb51b95', '3d91fa85', 'd38aa58d', 'd38aa58d', '46003790', '46003790', 'd38aa58d', '46003790', '5d5de21c', '5d5de21c', '5d5de21c', 'd63ef163', 'd63ef163', 'd63ef163', 'dba996ef', 'dba996ef', 'dba996ef']"
blk_2716351795387343113,"['bbb51b95', 'bbb51b95', '3d91fa85', 'bbb51b95', 'd38aa58d', '46003790', 'd38aa58d', '46003790', 'd38aa58d', '46003790', '5d5de21c', '5d5de21c', '5d5de21c']"
blk_7686754573358394688,"['bbb51b95', 'bbb51b95', 'bbb51b95', '3d91fa85', 'd38aa58d', '46003790', 'd38aa58d', '46003790', '5d5de21c', '5d5de21c', 'd38aa58d', '46003790', '5d5de21c']"
blk_7204588497353203073,"['bbb51b95', 'bbb51b95', '3d91fa85', 'bbb51b95', 'd38aa58d', '46003790', 'd38aa58d', '46003790', 'd38aa58d', '46003790', '5d5de21c', '5d5de21c', '5d5de21c']"
blk_-6339034986314758754,"['3d91fa85', 'bbb51b95', 'bbb51b95', 'bbb51b95', '5d5de21c', '5d5de21c', 'd38aa58d', '46003790', 'd38aa58d', '46003790', 'd38aa58d', '46003790', '5d5de21c', '32777b38']"
blk_-8139987466994268044,"['bbb51b95', 'bbb51b95', 'bbb51b95', '3d91fa85', 'd38aa58d', 'd38aa58d', '46003790', '46003790', 'd38aa58d', '46003790', '5d5de21c', '5d5de21c', '5d5de21c']"
blk_6783048527784069984,"['3d91fa85', 'bbb51b95', 'bbb51b95', 'bbb51b95', '5d5de21c', '5d5de21c', '5d5de21c', 'd38aa58d', '46003790', 'd38aa58d', '46003790', 'd38aa58d', '46003790']"
blk_-6165018592041523294,"['bbb51b95', 'bbb51b95', 'bbb51b95', '3d91fa85', 'd38aa58d', '46003790', 'd38aa58d', '46003790', '5d5de21c', '5d5de21c', 'd38aa58d', '46003790', '5d5de21c']"
blk_-391764539008440135,"['bbb51b95', '3d91fa85', 'bbb51b95', 'bbb51b95', 'd38aa58d', '46003790', 'd38aa58d', '46003790', 'd38aa58d', '46003790', '5d5de21c', '5d5de21c', '5d5de21c', '32777b38']"
blk_3198810599414906401,"['bbb51b95', 'bbb51b95', '3d91fa85', 'bbb51b95', 'd38aa58d', '46003790', 'd38aa58d', '46003790', 'd38aa58d', '46003790', '5d5de21c', '5d5de21c', '5d5de21c']"
blk_-4291117831125838295,"['bbb51b95', '3d91fa85', 'bbb51b95', 'bbb51b95', '5d5de21c', 'd38aa58d', '46003790', 'd38aa58d', '46003790', 'd38aa58d', '46003790', '5d5de21c', '5d5de21c', '32777b38', '32777b38', 'a333d363', '4dec0816']"
blk_1490869842858683600,"['bbb51b95', '3d91fa85', 'bbb51b95', 'bbb51b95', 'd38aa58d', '46003790', 'd38aa58d', '46003790', '5d5de21c', 'd38aa58d', '46003790', '5d5de21c', '5d5de21c']"
blk_-3856980065400789033,"['bbb51b95', 'bbb51b95', '3d91fa85', 'bbb51b95', 'd38aa58d', '46003790', 'd38aa58d', '46003790', 'd38aa58d', '46003790', '5d5de21c', '5d5de21c', '5d5de21c', '4dec0816']"
blk_5834837691708437956,"['3d91fa85', 'bbb51b95', 'bbb51b95', 'bbb51b95', '5d5de21c', '5d5de21c', 'd38aa58d', '46003790', 'd38aa58d', '46003790', 'd38aa58d', '46003790', '5d5de21c', 'a333d363', '4dec0816', 'a333d363']"
blk_6381803040740104923,"['bbb51b95', '3d91fa85', 'bbb51b95', 'bbb51b95', 'd38aa58d', '46003790', 'd38aa58d', '46003790', 'd38aa58d', '46003790', '5d5de21c', '5d5de21c', '5d5de21c']"
blk_220596406882316808,"['bbb51b95', 'bbb51b95', '3d91fa85', 'bbb51b95', 'd38aa58d', '46003790', 'd38aa58d', '46003790', 'd38aa58d', '46003790', '5d5de21c', '5d5de21c', '5d5de21c']"
blk_-8083762816553025000,"['3d91fa85', 'bbb51b95', 'bbb51b95', 'bbb51b95', '5d5de21c', '5d5de21c', 'd38aa58d', '46003790', 'd38aa58d', '46003790', 'd38aa58d', '46003790', '5d5de21c']"
blk_7735692005828469892,"['bbb51b95', 'bbb51b95', 'bbb51b95', '3d91fa85', 'd38aa58d', '46003790', 'd38aa58d', '46003790', 'd38aa58d', '46003790', '5d5de21c', '5d5de21c', '5d5de21c']"
blk_-8829653244608129052,"['bbb51b95', 'bbb51b95', 'bbb51b95', '3d91fa85', 'd38aa58d', '46003790', 'd38aa58d', '46003790', 'd38aa58d', '46003790', '5d5de21c', '5d5de21c', '5d5de21c']"
blk_1917942083030170486,"['3d91fa85', 'bbb51b95', 'bbb51b95', 'bbb51b95', '5d5de21c', 'd38aa58d', '46003790', 'd38aa58d', '46003790', 'd38aa58d', '46003790', '5d5de21c', '5d5de21c']"
blk_4478634550859154433,"['3d91fa85', 'bbb51b95', 'bbb51b95', 'bbb51b95', '5d5de21c', '5d5de21c', 'd38aa58d', '46003790', 'd38aa58d', '46003790', 'd38aa58d', '46003790', '5d5de21c', 'a333d363', 'a333d363', '4dec0816']"
blk_5196294179668169959,"['bbb51b95', 'bbb51b95', 'bbb51b95', '3d91fa85', 'd38aa58d', '46003790', 'd38aa58d', '46003790', 'd38aa58d', '46003790', '5d5de21c', '5d5de21c', '5d5de21c']"
blk_5853420733337427946,"['bbb51b95', 'bbb51b95', '3d91fa85', 'bbb51b95', 'd38aa58d', '46003790', 'd38aa58d', '46003790', 'd38aa58d', '46003790', '5d5de21c', '5d5de21c', '5d5de21c', '32777b38', '32777b38', '32777b38', 'a333d363', 'a333d363', '4dec0816']"
blk_7967063641792746250,"['3d91fa85', 'bbb51b95', 'bbb51b95', 'bbb51b95', '5d5de21c', '5d5de21c', '5d5de21c', 'd38aa58d', '46003790', 'd38aa58d', '46003790', 'd38aa58d', '46003790', 'a333d363']"
blk_-8226962138421285574,"['bbb51b95', 'bbb51b95', '3d91fa85', 'bbb51b95', 'd38aa58d', '46003790', 'd38aa58d', '46003790', '5d5de21c', '5d5de21c', '5d5de21c', 'd38aa58d', '46003790', '4dec0816']"
blk_-1115981843892615051,"['bbb51b95', 'bbb51b95', 'bbb51b95', '3d91fa85', 'd38aa58d', '46003790', 'd38aa58d', '46003790', 'd38aa58d', '46003790', '5d5de21c', '5d5de21c', '5d5de21c', 'a333d363', '4dec0816']"
blk_9117303522558887771,"['3d91fa85', 'bbb51b95', 'bbb51b95', 'bbb51b95', '5d5de21c', '5d5de21c', 'd38aa58d', '46003790', 'd38aa58d', '46003790', '5d5de21c', 'd38aa58d', '46003790']"
blk_-2369854471019321327,"['bbb51b95', '3d91fa85', 'bbb51b95', 'bbb51b95', 'd38aa58d', '46003790', 'd38aa58d', '46003790', '5d5de21c', '5d5de21c', '5d5de21c', 'd38aa58d', '46003790', 'a333d363', '4dec0816']"
blk_1090803732355800468,"['bbb51b95', 'bbb51b95', '3d91fa85', 'bbb51b95', 'd38aa58d', '46003790', 'd38aa58d', '46003790', 'd38aa58d', '46003790', '5d5de21c', '5d5de21c', '5d5de21c']"
blk_3384776625398073841,"['bbb51b95', '3d91fa85', 'bbb51b95', 'bbb51b95', 'd38aa58d', '46003790', 'd38aa58d', '46003790', 'd38aa58d', '46003790', '5d5de21c', '5d5de21c', '5d5de21c']"
blk_-4309533009150715785,"['3d91fa85', 'bbb51b95', 'bbb51b95', 'bbb51b95', '5d5de21c', '5d5de21c', '5d5de21c', 'd38aa58d', '46003790', 'd38aa58d', '46003790', 'd38aa58d', '46003790', 'a333d363', '4dec0816']"
blk_7885407380384246631,"['3d91fa85', 'bbb51b95', 'bbb51b95', 'bbb51b95', '5d5de21c', '5d5de21c', '5d5de21c', 'd38aa58d', '46003790', 'd38aa58d', '46003790', 'd38aa58d', '46003790', '32777b38']"
blk_-5896428915600870805,"['3d91fa85', 'bbb51b95', 'bbb51b95', 'bbb51b95', '5d5de21c', '5d5de21c', '5d5de21c', 'd38aa58d', '46003790', 'd38aa58d', '46003790', 'd38aa58d', '46003790']"
blk_1965068621495376663,"['3d91fa85', 'bbb51b95', 'bbb51b95', 'bbb51b95', '5d5de21c', 'd38aa58d', '46003790', 'd38aa58d', '46003790', '5d5de21c', '5d5de21c', 'd38aa58d', '46003790']"
blk_-8504641398453051746,"['3d91fa85', 'bbb51b95', 'bbb51b95', 'bbb51b95', '5d5de21c', '5d5de21c', '5d5de21c', 'd38aa58d', '46003790', 'd38aa58d', '46003790', 'd38aa58d', '46003790', '32777b38']"
blk_2780835854715626149,"['bbb51b95', 'bbb51b95', 'bbb51b95', '3d91fa85', 'd38aa58d', '46003790', 'd38aa58d', '46003790', '5d5de21c', '5d5de21c', 'd38aa58d', '46003790', '5d5de21c', 'a333d363']"
blk_7236230406991522928,"['3d91fa85', 'bbb51b95', 'bbb51b95', 'bbb51b95', '5d5de21c', '5d5de21c', '5d5de21c', 'd38aa58d', '46003790', 'd38aa58d', '46003790', 'd38aa58d', '46003790', 'a333d363', 'a333d363', '4dec0816']"
blk_-7237250031783302307,"['bbb51b95', '3d91fa85', 'bbb51b95', 'bbb51b95', 'd38aa58d', '46003790', 'd38aa58d', '46003790', 'd38aa58d', '46003790', '5d5de21c', '5d5de21c', '5d5de21c', '4dec0816']"
blk_6535859509395422402,"['bbb51b95', 'bbb51b95', 'bbb51b95', '3d91fa85', 'd38aa58d', '46003790', 'd38aa58d', '46003790', 'd38aa58d', '46003790', '5d5de21c', '5d5de21c', '5d5de21c']"
blk_6189580832860802662,"['bbb51b95', 'bbb51b95', '3d91fa85', 'bbb51b95', 'd38aa58d', '46003790', 'd38aa58d', '46003790', 'd38aa58d', '46003790', '5d5de21c', '5d5de21c', '5d5de21c']"
blk_-4584855773241513688,"['bbb51b95', '3d91fa85', 'bbb51b95', 'bbb51b95', '46003790', 'd38aa58d', '46003790', '5d5de21c', '5d5de21c', 'd38aa58d', 'd38aa58d', '46003790', '5d5de21c']"
blk_-702966940024075040,"['bbb51b95', 'bbb51b95', '3d91fa85', 'bbb51b95', 'd38aa58d', '46003790', 'd38aa58d', '46003790', '5d5de21c', 'd38aa58d', '46003790', '5d5de21c', '5d5de21c']"
blk_3393205056585679151,"['3d91fa85', 'bbb51b95', 'bbb51b95', 'bbb51b95', 'd38aa58d', '46003790', '5d5de21c', '5d5de21c', '5d5de21c', 'd38aa58d', '46003790', 'd38aa58d', '46003790']"
blk_3388894763630026706,"['bbb51b95', 'bbb51b95', 'bbb51b95', '3d91fa85', '46003790', '5d5de21c', 'd38aa58d', 'd38aa58d', '46003790', 'd38aa58d', '46003790', '5d5de21c', '5d5de21c']"
blk_8359326049667575169,"['bbb51b95', 'bbb51b95', 'bbb51b95', '3d91fa85', 'd38aa58d', '46003790', 'd38aa58d', '46003790', 'd38aa58d', '46003790', '5d5de21c', '5d5de21c', '5d5de21c', 'a333d363']"
blk_-1951640212284621158,"['bbb51b95', 'bbb51b95', '3d91fa85', 'bbb51b95', 'd38aa58d', '46003790', 'd38aa58d', '46003790', 'd38aa58d', '46003790', '5d5de21c', '5d5de21c', '5d5de21c']"
blk_8923633946608121410,"['bbb51b95', '3d91fa85', 'bbb51b95', 'bbb51b95', 'd38aa58d', '46003790', 'd38aa58d', '46003790', 'd38aa58d', '46003790', '5d5de21c', '5d5de21c', '5d5de21c', 'a333d363']"
blk_-4197519785557339695,"['3d91fa85', 'bbb51b95', 'bbb51b95', 'bbb51b95', '5d5de21c', '5d5de21c', '5d5de21c', 'd38aa58d', '46003790', 'd38aa58d', '46003790', 'd38aa58d', '46003790']"
blk_5670446276803083774,"['3d91fa85', 'bbb51b95', 'bbb51b95', 'bbb51b95', 'd38aa58d', '46003790', '5d5de21c', '5d5de21c', '5d5de21c', 'd38aa58d', '46003790', 'd38aa58d', '46003790']"
blk_-2786408031062577003,"['3d91fa85', 'bbb51b95', 'bbb51b95', 'bbb51b95', '5d5de21c', 'd38aa58d', '46003790', '5d5de21c', '5d5de21c', 'd38aa58d', '46003790', 'd38aa58d', '46003790']"
blk_-601059329402845801,"['bbb51b95', 'bbb51b95', '3d91fa85', 'bbb51b95', 'd38aa58d', '46003790', 'd38aa58d', '46003790', '5d5de21c', '5d5de21c', 'd38aa58d', '46003790', '5d5de21c']"
blk_-3880411222887502886,"['3d91fa85', 'bbb51b95', 'bbb51b95', 'bbb51b95', 'd38aa58d', '46003790', 'd38aa58d', '46003790', 'd38aa58d', '46003790', '5d5de21c', '5d5de21c', '5d5de21c']"
blk_6719598038796541967,"['bbb51b95', 'bbb51b95', '3d91fa85', 'bbb51b95', 'd38aa58d', '46003790', 'd38aa58d', '46003790', 'd38aa58d', '46003790', '5d5de21c', '5d5de21c', '5d5de21c', '4dec0816']"
blk_-6844576641803297962,"['bbb51b95', 'bbb51b95', 'bbb51b95', '3d91fa85', '46003790', 'd38aa58d', 'd38aa58d', '46003790', 'd38aa58d', '46003790', '5d5de21c', '5d5de21c', '5d5de21c', 'd63ef163', 'd63ef163', 'd63ef163', 'dba996ef', 'dba996ef', 'dba996ef']"
blk_-3079466550910207678,"['bbb51b95', 'bbb51b95', 'bbb51b95', '3d91fa85', 'd38aa58d', '46003790', 'd38aa58d', '46003790', 'd38aa58d', '46003790', '5d5de21c', '5d5de21c', '5d5de21c', 'd63ef163', 'd63ef163', 'd63ef163', 'dba996ef', 'dba996ef', 'dba996ef']"
blk_-347778603631995190,"['3d91fa85', 'bbb51b95', 'bbb51b95', 'bbb51b95', '5d5de21c', '5d5de21c', '5d5de21c', 'd38aa58d', '46003790', 'd38aa58d', '46003790', 'd38aa58d', '46003790']"
blk_-4069695984484627927,"['bbb51b95', 'bbb51b95', '3d91fa85', 'bbb51b95', 'd38aa58d', '46003790', 'd38aa58d', '46003790', 'd38aa58d', '46003790', '5d5de21c', '5d5de21c', '5d5de21c']"
blk_7907872138053946835,"['bbb51b95', '3d91fa85', 'bbb51b95', 'bbb51b95', 'd38aa58d', '46003790', 'd38aa58d', '46003790', 'd38aa58d', '46003790', '5d5de21c', '5d5de21c', '5d5de21c']"
blk_1917965187472638556,"['bbb51b95', '3d91fa85', 'bbb51b95', 'bbb51b95', 'd38aa58d', '46003790', 'd38aa58d', '46003790', 'd38aa58d', '46003790', '5d5de21c', '5d5de21c', '5d5de21c']"
blk_-2591255629200976360,"['3d91fa85', 'bbb51b95', 'bbb51b95', 'bbb51b95', '5d5de21c', '5d5de21c', '5d5de21c', 'd38aa58d', '46003790', 'd38aa58d', '46003790', 'd38aa58d', '46003790']"
blk_558756423651863775,"['bbb51b95', 'bbb51b95', 'bbb51b95', '3d91fa85', 'd38aa58d', '46003790', 'd38aa58d', '46003790', '5d5de21c', '5d5de21c', 'd38aa58d', '46003790', '5d5de21c']"
blk_2781654299820299181,"['3d91fa85', 'bbb51b95', 'bbb51b95', 'bbb51b95', '5d5de21c', '5d5de21c', 'd38aa58d', '46003790', 'd38aa58d', '46003790', 'd38aa58d', '46003790', '5d5de21c']"
blk_-7030541352884993329,"['bbb51b95', 'bbb51b95', '3d91fa85', 'bbb51b95', 'd38aa58d', '46003790', 'd38aa58d', '46003790', 'd38aa58d', '46003790', '5d5de21c', '5d5de21c', '5d5de21c', 'a333d363', '4dec0816']"
blk_-4477763137617323029,"['bbb51b95', 'bbb51b95', 'bbb51b95', '3d91fa85', 'd38aa58d', '46003790', 'd38aa58d', '46003790', 'd38aa58d', '46003790', '5d5de21c', '5d5de21c', '5d5de21c', '32777b38']"
blk_4646428186591836826,"['3d91fa85', 'bbb51b95', 'bbb51b95', 'bbb51b95', '5d5de21c', '5d5de21c', '5d5de21c', 'd38aa58d', '46003790', 'd38aa58d', '46003790', 'd38aa58d', '46003790', '32777b38']"
blk_2188590512425122814,"['bbb51b95', '3d91fa85', 'bbb51b95', 'bbb51b95', 'd38aa58d', '46003790', 'd38aa58d', '46003790', 'd38aa58d', '46003790', '5d5de21c', '5d5de21c', '5d5de21c']"
blk_3794317127404700707,"['bbb51b95', 'bbb51b95', '3d91fa85', 'bbb51b95', 'd38aa58d', '46003790', 'd38aa58d', '46003790', '5d5de21c', '5d5de21c', 'd38aa58d', '46003790', '5d5de21c', '32777b38', 'a333d363', '4dec0816', 'a333d363']"
blk_-5849458398723079509,"['bbb51b95', 'bbb51b95', '3d91fa85', 'bbb51b95', 'd38aa58d', '46003790', 'd38aa58d', '46003790', 'd38aa58d', '46003790', '5d5de21c', '5d5de21c', '5d5de21c']"
blk_9073591520339130159,"['3d91fa85', 'bbb51b95', 'bbb51b95', 'bbb51b95', '5d5de21c', '5d5de21c', '5d5de21c', 'd38aa58d', '46003790', 'd38aa58d', '46003790', 'd38aa58d', '46003790', 'a333d363', '4dec0816']"
blk_-7691567375504065639,"['bbb51b95', 'bbb51b95', '3d91fa85', 'bbb51b95', 'd38aa58d', '46003790', 'd38aa58d', '46003790', 'd38aa58d', '46003790', '5d5de21c', '5d5de21c', '5d5de21c']"
blk_-3677454271482657138,"['3d91fa85', 'bbb51b95', 'bbb51b95', '5d5de21c', '5d5de21c', '5d5de21c', 'bbb51b95', 'd38aa58d', '46003790', 'd38aa58d', '46003790', 'd38aa58d', '46003790', '4dec0816']"
blk_6074006697169159089,"['bbb51b95', 'bbb51b95', '3d91fa85', 'bbb51b95', 'd38aa58d', '46003790', 'd38aa58d', '46003790', '5d5de21c', '5d5de21c', 'd38aa58d', '46003790', '5d5de21c', '32777b38']"
blk_-5634322248667463339,"['bbb51b95', 'bbb51b95', '3d91fa85', 'bbb51b95', 'd38aa58d', '46003790', 'd38aa58d', '46003790', 'd38aa58d', '46003790', '5d5de21c', '5d5de21c', '5d5de21c', 'a333d363', '4dec0816']"
blk_5787126569453735548,"['bbb51b95', '3d91fa85', 'bbb51b95', 'bbb51b95', 'd38aa58d', '46003790', 'd38aa58d', '46003790', '5d5de21c', '5d5de21c', 'd38aa58d', '46003790', '5d5de21c', 'a333d363']"
blk_-526885292746901377,"['bbb51b95', '3d91fa85', 'bbb51b95', 'bbb51b95', 'd38aa58d', '46003790', 'd38aa58d', '46003790', 'd38aa58d', '46003790', '5d5de21c', '5d5de21c', '5d5de21c', '4dec0816']"
blk_-8027178851297508929,"['bbb51b95', 'bbb51b95', 'bbb51b95', '3d91fa85', 'd38aa58d', '46003790', 'd38aa58d', '46003790', 'd38aa58d', '46003790', '5d5de21c', '5d5de21c', '5d5de21c', 'a333d363', '4dec0816']"
blk_-2957144248186357891,"['bbb51b95', 'bbb51b95', '3d91fa85', 'bbb51b95', 'd38aa58d', '46003790', 'd38aa58d', '46003790', 'd38aa58d', '46003790', '5d5de21c', '5d5de21c', '5d5de21c']"
blk_-8149731557034209013,"['bbb51b95', 'bbb51b95', '3d91fa85', 'bbb51b95', 'd38aa58d', '46003790', 'd38aa58d', '46003790', 'd38aa58d', '46003790', '5d5de21c', '5d5de21c', '5d5de21c', 'd63ef163', 'd63ef163', 'd63ef163', 'dba996ef', 'dba996ef', 'dba996ef']"
blk_-2795889121386981685,"['bbb51b95', 'bbb51b95', '3d91fa85', 'bbb51b95', 'd38aa58d', '46003790', 'd38aa58d', '46003790', 'd38aa58d', '46003790', '5d5de21c', '5d5de21c', '5d5de21c', 'a333d363', '4dec0816', '32777b38']"
blk_-2600060195211446201,"['bbb51b95', 'bbb51b95', 'bbb51b95', '3d91fa85', 'd38aa58d', '46003790', 'd38aa58d', '46003790', 'd38aa58d', '46003790', '5d5de21c', '5d5de21c', '5d5de21c', 'a333d363', '4dec0816']"
blk_-2467495105749176812,"['bbb51b95', 'bbb51b95', 'bbb51b95', '3d91fa85', 'd38aa58d', '46003790', 'd38aa58d', '46003790', 'd38aa58d', '46003790', '5d5de21c', '5d5de21c', '5d5de21c']"
blk_8696319528036917515,"['bbb51b95', '3d91fa85', 'bbb51b95', 'bbb51b95', 'd38aa58d', '46003790', 'd38aa58d', '46003790', 'd38aa58d', '46003790', '5d5de21c', '5d5de21c', '5d5de21c', 'd63ef163', 'd63ef163', 'd63ef163', 'dba996ef', 'dba996ef', 'dba996ef']"
blk_6871240616099513095,"['bbb51b95', 'bbb51b95', '3d91fa85', 'bbb51b95', 'd38aa58d', '46003790', 'd38aa58d', '46003790', 'd38aa58d', '46003790', '5d5de21c', '5d5de21c', '5d5de21c']"
blk_-8831475085471422540,"['bbb51b95', 'bbb51b95', 'bbb51b95', '3d91fa85', 'd38aa58d', '46003790', '5d5de21c', '5d5de21c', 'd38aa58d', '46003790', 'd38aa58d', '46003790', '5d5de21c', '32777b38']"
blk_-6744278923299206128,"['3d91fa85', 'bbb51b95', 'bbb51b95', 'bbb51b95', '5d5de21c', 'd38aa58d', '46003790', '5d5de21c', '5d5de21c', 'd38aa58d', '46003790', 'd38aa58d', '46003790']"
blk_5377492254972095921,"['3d91fa85', 'bbb51b95', 'bbb51b95', 'bbb51b95', 'd38aa58d', '46003790', '5d5de21c', '5d5de21c', 'd38aa58d', '46003790', 'd38aa58d', '46003790', '5d5de21c']"
blk_5774840220474304341,"['3d91fa85', 'bbb51b95', 'bbb51b95', 'bbb51b95', '5d5de21c', '5d5de21c', 'd38aa58d', '46003790', 'd38aa58d', '46003790', 'd38aa58d', '46003790', '5d5de21c']"
blk_-7398990814668248670,"['bbb51b95', '3d91fa85', 'bbb51b95', 'bbb51b95', 'd38aa58d', '46003790', '5d5de21c', '5d5de21c', '5d5de21c', 'd38aa58d', '46003790', 'd38aa58d', '46003790', 'a333d363', '4dec0816']"
blk_-2917316986379668508,"['3d91fa85', 'bbb51b95', 'bbb51b95', 'bbb51b95', 'd38aa58d', '46003790', 'd38aa58d', '46003790', 'd38aa58d', '46003790', '5d5de21c', '5d5de21c', '5d5de21c', 'a333d363', '4dec0816']"
blk_271651136994946938,"['3d91fa85', 'bbb51b95', 'bbb51b95', 'bbb51b95', '5d5de21c', 'd38aa58d', '46003790', '5d5de21c', 'd38aa58d', '46003790', 'd38aa58d', '46003790', '5d5de21c', 'a333d363', '4dec0816']"
blk_1031079026435740813,"['3d91fa85', 'bbb51b95', 'bbb51b95', 'bbb51b95', '5d5de21c', '5d5de21c', '5d5de21c', 'd38aa58d', 'd38aa58d', '46003790', '46003790', 'd38aa58d', '46003790']"
blk_6551384030610454982,"['3d91fa85', 'bbb51b95', 'bbb51b95', 'bbb51b95', '5d5de21c', '5d5de21c', '5d5de21c', 'd38aa58d', '46003790', 'd38aa58d', 'd38aa58d', '46003790', '46003790']"
blk_2881351744244975647,"['bbb51b95', 'bbb51b95', '3d91fa85', 'bbb51b95', 'd38aa58d', '46003790', 'd38aa58d', '46003790', '5d5de21c', '5d5de21c', '5d5de21c', 'd38aa58d', '46003790']"
blk_-2039143917191720298,"['bbb51b95', 'bbb51b95', 'bbb51b95', '3d91fa85', 'd38aa58d', '46003790', 'd38aa58d', '46003790', 'd38aa58d', '46003790', '5d5de21c', '5d5de21c', '5d5de21c', '4dec0816']"
blk_-4297153347509416026,"['3d91fa85', 'bbb51b95', 'bbb51b95', 'bbb51b95', 'd38aa58d', '46003790', '46003790', '5d5de21c', 'd38aa58d', '46003790', 'd38aa58d', '5d5de21c', '5d5de21c']"
blk_8090321999675611115,"['bbb51b95', '3d91fa85', 'bbb51b95', 'bbb51b95', 'd38aa58d', '46003790', 'd38aa58d', '46003790', 'd38aa58d', '46003790', '5d5de21c', '5d5de21c', '5d5de21c']"
blk_-1688512777375226352,"['3d91fa85', 'bbb51b95', 'bbb51b95', 'bbb51b95', '5d5de21c', '5d5de21c', '5d5de21c', 'd38aa58d', '46003790', 'd38aa58d', '46003790', 'd38aa58d', '46003790']"
blk_-3281829824775751454,"['bbb51b95', 'bbb51b95', '3d91fa85', 'bbb51b95', 'd38aa58d', '46003790', 'd38aa58d', '46003790', 'd38aa58d', '46003790', '5d5de21c', '5d5de21c', '5d5de21c', 'a333d363']"
blk_-4288174974433984471,"['3d91fa85', 'bbb51b95', 'bbb51b95', 'bbb51b95', 'd38aa58d', '46003790', 'd38aa58d', '46003790', '5d5de21c', '5d5de21c', '5d5de21c', 'd38aa58d', '46003790']"
blk_-3298192730012389498,"['3d91fa85', 'bbb51b95', 'bbb51b95', 'bbb51b95', '5d5de21c', '5d5de21c', '5d5de21c', 'd38aa58d', '46003790', 'd38aa58d', '46003790', 'd38aa58d', '46003790']"
blk_1702234764343907102,"['bbb51b95', 'bbb51b95', 'bbb51b95', '3d91fa85', 'd38aa58d', '46003790', 'd38aa58d', '46003790', 'd38aa58d', '46003790', '5d5de21c', '5d5de21c', '5d5de21c']"
blk_2194832177007610471,"['bbb51b95', '3d91fa85', 'bbb51b95', 'bbb51b95', 'd38aa58d', '46003790', 'd38aa58d', '46003790', 'd38aa58d', '46003790', '5d5de21c', '5d5de21c', '5d5de21c', '4dec0816']"
blk_-3620130116081708382,"['bbb51b95', '3d91fa85', 'bbb51b95', 'bbb51b95', '46003790', 'd38aa58d', '46003790', '5d5de21c', '5d5de21c', 'd38aa58d', 'd38aa58d', '46003790', '5d5de21c', '32777b38', '32777b38']"
blk_3518776847560055315,"['3d91fa85', 'bbb51b95', 'bbb51b95', 'bbb51b95', '5d5de21c', '5d5de21c', '5d5de21c', 'd38aa58d', '46003790', 'd38aa58d', '46003790', 'd38aa58d', '46003790']"
blk_-7892363843336794108,"['3d91fa85', 'bbb51b95', 'bbb51b95', 'bbb51b95', '5d5de21c', '5d5de21c', '5d5de21c', 'd38aa58d', '46003790', 'd38aa58d', '46003790', 'd38aa58d', '46003790', 'a333d363', 'a333d363', '4dec0816']"
blk_-8444775424859039587,"['bbb51b95', 'bbb51b95', 'bbb51b95', '3d91fa85', 'd38aa58d', '46003790', 'd38aa58d', '46003790', 'd38aa58d', '46003790', '5d5de21c', '5d5de21c', '5d5de21c']"
blk_-9011700146785330963,"['bbb51b95', 'bbb51b95', '3d91fa85', 'bbb51b95', 'd38aa58d', '46003790', '5d5de21c', 'd38aa58d', '46003790', 'd38aa58d', '46003790', '5d5de21c', '5d5de21c']"
blk_4167888059421568018,"['bbb51b95', 'bbb51b95', '3d91fa85', 'bbb51b95', 'd38aa58d', '46003790', 'd38aa58d', '46003790', 'd38aa58d', '46003790', '5d5de21c', '5d5de21c', '5d5de21c']"
blk_-243518633461176795,"['3d91fa85', 'bbb51b95', 'bbb51b95', 'bbb51b95', 'd38aa58d', '46003790', '5d5de21c', 'd38aa58d', '46003790', 'd38aa58d', '46003790', '5d5de21c', '5d5de21c', 'a333d363', '4dec0816', 'a333d363']"
blk_-8289730481161260228,"['3d91fa85', 'bbb51b95', 'bbb51b95', 'bbb51b95', '5d5de21c', '5d5de21c', '5d5de21c', 'd38aa58d', '46003790', 'd38aa58d', '46003790', 'd38aa58d', '46003790', 'a333d363', '4dec0816', 'a333d363']"
blk_390041891822253193,"['bbb51b95', '3d91fa85', 'bbb51b95', 'bbb51b95', 'd38aa58d', '46003790', 'd38aa58d', '46003790', 'd38aa58d', '46003790', '5d5de21c', '5d5de21c', '5d5de21c', 'a333d363']"
blk_-6136097913725831077,"['bbb51b95', '3d91fa85', 'bbb51b95', 'bbb51b95', 'd38aa58d', '46003790', 'd38aa58d', '46003790', 'd38aa58d', '46003790', '5d5de21c', '5d5de21c', '5d5de21c']"
blk_-4009554808884625148,"['bbb51b95', 'bbb51b95', 'bbb51b95', '3d91fa85', 'd38aa58d', '46003790', 'd38aa58d', '46003790', '5d5de21c', '5d5de21c', 'd38aa58d', '46003790', '5d5de21c']"
blk_545768470617214434,"['bbb51b95', 'bbb51b95', 'bbb51b95', '3d91fa85', 'd38aa58d', '46003790', 'd38aa58d', '46003790', 'd38aa58d', '46003790', '5d5de21c', '5d5de21c', '5d5de21c', 'd63ef163', 'd63ef163', 'd63ef163', 'dba996ef', 'dba996ef', 'dba996ef']"
blk_6244124156840726054,"['3d91fa85', 'bbb51b95', 'bbb51b95', 'bbb51b95', '46003790', 'd38aa58d', '46003790', '5d5de21c', 'd38aa58d', '46003790', '5d5de21c', '5d5de21c', 'd38aa58d', '32777b38', 'a333d363', 'a333d363', '4dec0816']"
blk_-4070266013673504406,"['3d91fa85', 'bbb51b95', 'bbb51b95', 'bbb51b95', 'd38aa58d', '46003790', 'd38aa58d', '46003790', 'd38aa58d', '46003790', '5d5de21c', '5d5de21c', '5d5de21c']"
blk_8128184111296286526,"['bbb51b95', 'bbb51b95', 'bbb51b95', '3d91fa85', 'd38aa58d', '46003790', '46003790', '5d5de21c', '5d5de21c', 'd38aa58d', 'd38aa58d', '46003790', '5d5de21c', 'a333d363']"
blk_2130141398091260911,"['bbb51b95', 'bbb51b95', 'bbb51b95', '3d91fa85', 'd38aa58d', '46003790', 'd38aa58d', '46003790', 'd38aa58d', '46003790', '5d5de21c', '5d5de21c', '5d5de21c', 'd63ef163', 'd63ef163', 'd63ef163', 'dba996ef', 'dba996ef', 'dba996ef']"
blk_-8839671726397009390,"['bbb51b95', '3d91fa85', 'bbb51b95', 'bbb51b95', 'd38aa58d', 'd38aa58d', '46003790', '46003790', '5d5de21c', '5d5de21c', 'd38aa58d', '46003790', '5d5de21c']"
blk_2779064638270060354,"['bbb51b95', 'bbb51b95', 'bbb51b95', '3d91fa85', 'd38aa58d', '46003790', 'd38aa58d', '46003790', 'd38aa58d', '46003790', '5d5de21c', '5d5de21c', '5d5de21c']"
blk_-1212570168009319061,"['bbb51b95', 'bbb51b95', 'bbb51b95', '3d91fa85', 'd38aa58d', '46003790', 'd38aa58d', '46003790', 'd38aa58d', '46003790', '5d5de21c', '5d5de21c', '5d5de21c']"
blk_-5996099592659422228,"['3d91fa85', 'bbb51b95', 'bbb51b95', 'bbb51b95', 'd38aa58d', '46003790', '5d5de21c', '5d5de21c', '5d5de21c', 'd38aa58d', '46003790', 'd38aa58d', '46003790', 'a333d363']"
blk_4732174945220557221,"['3d91fa85', 'bbb51b95', 'bbb51b95', 'bbb51b95', '5d5de21c', '5d5de21c', '5d5de21c', 'd38aa58d', '46003790', 'd38aa58d', '46003790', 'd38aa58d', '46003790']"
blk_5104538975541223864,"['3d91fa85', 'bbb51b95', 'bbb51b95', 'bbb51b95', '5d5de21c', '5d5de21c', 'd38aa58d', '46003790', 'd38aa58d', '46003790', 'd38aa58d', '46003790', '5d5de21c']"
blk_2285564087757647419,"['bbb51b95', 'bbb51b95', 'bbb51b95', '3d91fa85', 'd38aa58d', '46003790', 'd38aa58d', '46003790', 'd38aa58d', '46003790', '5d5de21c', '5d5de21c', '5d5de21c']"
blk_8998555981899750538,"['bbb51b95', '3d91fa85', 'bbb51b95', 'bbb51b95', 'd38aa58d', '46003790', 'd38aa58d', '46003790', 'd38aa58d', '46003790', '5d5de21c', '5d5de21c', '5d5de21c']"
blk_128406034921219037,"['3d91fa85', 'bbb51b95', 'bbb51b95', 'bbb51b95', '5d5de21c', 'd38aa58d', '46003790', '5d5de21c', '5d5de21c', 'd38aa58d', '46003790', 'd38aa58d', '46003790']"
blk_-4167776793348631801,"['bbb51b95', 'bbb51b95', '3d91fa85', 'bbb51b95', 'd38aa58d', '46003790', '5d5de21c', 'd38aa58d', '46003790', 'd38aa58d', '46003790', '5d5de21c', '5d5de21c']"
blk_5060921336069752884,"['bbb51b95', 'bbb51b95', '3d91fa85', 'bbb51b95', 'd38aa58d', '46003790', 'd38aa58d', '46003790', 'd38aa58d', '46003790', '5d5de21c', '5d5de21c', '5d5de21c']"
blk_-497304182631818274,"['3d91fa85', 'bbb51b95', 'bbb51b95', 'bbb51b95', '5d5de21c', '5d5de21c', '5d5de21c', 'd38aa58d', '46003790', 'd38aa58d', '46003790', 'd38aa58d', '46003790']"
blk_986434307908357051,"['bbb51b95', 'bbb51b95', 'bbb51b95', '3d91fa85', 'd38aa58d', '46003790', 'd38aa58d', '46003790', 'd38aa58d', '46003790', '5d5de21c', '5d5de21c', '5d5de21c']"
blk_3594894242818954441,"['bbb51b95', 'bbb51b95', 'bbb51b95', '3d91fa85', 'd38aa58d', '46003790', 'd38aa58d', '46003790', 'd38aa58d', '46003790', '5d5de21c', '5d5de21c', '5d5de21c']"
blk_-3200626104355528341,"['bbb51b95', '3d91fa85', 'bbb51b95', 'bbb51b95', 'd38aa58d', '46003790', 'd38aa58d', '46003790', 'd38aa58d', '46003790', '5d5de21c', '5d5de21c', '5d5de21c', '32777b38']"
blk_-7591110579688364856,"['bbb51b95', 'bbb51b95', '3d91fa85', 'bbb51b95', 'd38aa58d', '46003790', 'd38aa58d', '46003790', 'd38aa58d', '46003790', '5d5de21c', '5d5de21c', '5d5de21c']"
blk_2211025359861918799,"['bbb51b95', 'bbb51b95', '3d91fa85', 'bbb51b95', 'd38aa58d', '46003790', 'd38aa58d', '46003790', 'd38aa58d', '46003790', '5d5de21c', '5d5de21c', '5d5de21c', '4dec0816']"
blk_157215572218366588,"['bbb51b95', 'bbb51b95', '3d91fa85', 'bbb51b95', 'd38aa58d', '46003790', 'd38aa58d', '46003790', 'd38aa58d', '46003790', '5d5de21c', '5d5de21c', '5d5de21c']"
blk_-492333039995915591,"['3d91fa85', 'bbb51b95', 'bbb51b95', 'bbb51b95', 'd38aa58d', '46003790', '5d5de21c', '5d5de21c', '5d5de21c', 'd38aa58d', '46003790', 'd38aa58d', '46003790']"
blk_-2618613639588073189,"['3d91fa85', 'bbb51b95', 'bbb51b95', 'bbb51b95', '5d5de21c', '5d5de21c', '5d5de21c', 'd38aa58d', '46003790', 'd38aa58d', '46003790', 'd38aa58d', '46003790']"
blk_-4425116297166526474,"['3d91fa85', 'bbb51b95', 'bbb51b95', 'bbb51b95', '5d5de21c', '46003790', 'd38aa58d', '46003790', '5d5de21c', '5d5de21c', 'd38aa58d', 'd38aa58d', '46003790', '32777b38', 'a333d363', '4dec0816', 'a333d363']"
blk_-426007697826415262,"['bbb51b95', 'bbb51b95', 'bbb51b95', '3d91fa85', 'd38aa58d', '46003790', 'd38aa58d', '46003790', 'd38aa58d', '46003790', '5d5de21c', '5d5de21c', '5d5de21c']"
blk_9122768775547620171,"['bbb51b95', 'bbb51b95', 'bbb51b95', '3d91fa85', 'd38aa58d', '46003790', 'd38aa58d', '46003790', '5d5de21c', 'd38aa58d', '46003790', '5d5de21c', '5d5de21c']"
blk_4609624417179815409,"['bbb51b95', 'bbb51b95', '3d91fa85', 'bbb51b95', 'd38aa58d', '46003790', 'd38aa58d', '46003790', 'd38aa58d', '46003790', '5d5de21c', '5d5de21c', '5d5de21c']"
blk_3399519255226453422,"['bbb51b95', 'bbb51b95', 'bbb51b95', '3d91fa85', 'd38aa58d', '46003790', '46003790', '5d5de21c', '5d5de21c', 'd38aa58d', 'd38aa58d', '46003790', '5d5de21c']"
blk_-3390284740849109712,"['bbb51b95', 'bbb51b95', 'bbb51b95', '3d91fa85', 'd38aa58d', '46003790', 'd38aa58d', '46003790', 'd38aa58d', '46003790', '5d5de21c', '5d5de21c', '5d5de21c', '4dec0816']"
blk_8447955597186737616,"['3d91fa85', 'bbb51b95', 'bbb51b95', 'bbb51b95', '5d5de21c', '5d5de21c', 'd38aa58d', '46003790', 'd38aa58d', '46003790', 'd38aa58d', '46003790', '5d5de21c']"
blk_2993263322620884441,"['bbb51b95', 'bbb51b95', 'bbb51b95', '3d91fa85', 'd38aa58d', '46003790', '46003790', '5d5de21c', '5d5de21c', 'd38aa58d', 'd38aa58d', '46003790', '5d5de21c']"
blk_3283065696283949789,"['bbb51b95', '3d91fa85', 'bbb51b95', 'bbb51b95', '5d5de21c', '5d5de21c', 'd38aa58d', '46003790', 'd38aa58d', '46003790', 'd38aa58d', '46003790', '5d5de21c']"
blk_-6609965253870581471,"['3d91fa85', 'bbb51b95', 'bbb51b95', 'bbb51b95', '5d5de21c', '5d5de21c', '5d5de21c', 'd38aa58d', '46003790', 'd38aa58d', '46003790', 'd38aa58d', '46003790', '32777b38']"
blk_1107186981624229499,"['bbb51b95', 'bbb51b95', '3d91fa85', 'bbb51b95', 'd38aa58d', '46003790', 'd38aa58d', '46003790', 'd38aa58d', '46003790', '5d5de21c', '5d5de21c', '5d5de21c', '32777b38', '32777b38']"
blk_4978170652468425022,"['bbb51b95', '3d91fa85', 'bbb51b95', 'bbb51b95', 'd38aa58d', '46003790', 'd38aa58d', '46003790', 'd38aa58d', '46003790', '5d5de21c', '5d5de21c', '5d5de21c', 'a333d363', '4dec0816']"
blk_-4988806150874083606,"['3d91fa85', 'bbb51b95', 'bbb51b95', 'bbb51b95', '5d5de21c', '5d5de21c', '5d5de21c', 'd38aa58d', '46003790', 'd38aa58d', '46003790', 'd38aa58d', '46003790']"
blk_-1811275674483983865,"['bbb51b95', '3d91fa85', 'bbb51b95', 'bbb51b95', 'd38aa58d', '46003790', '5d5de21c', '5d5de21c', '5d5de21c', 'd38aa58d', '46003790', 'd38aa58d', '46003790']"
blk_6584236988776624936,"['bbb51b95', 'bbb51b95', 'bbb51b95', '3d91fa85', 'd38aa58d', '46003790', 'd38aa58d', '46003790', 'd38aa58d', '46003790', '5d5de21c', '5d5de21c', '5d5de21c']"
blk_-7236698869542329517,"['3d91fa85', 'bbb51b95', 'bbb51b95', 'bbb51b95', '5d5de21c', '5d5de21c', '5d5de21c', 'd38aa58d', '46003790', 'd38aa58d', '46003790', 'd38aa58d', '46003790']"
blk_4899422175444840750,"['bbb51b95', 'bbb51b95', '3d91fa85', 'bbb51b95', 'd38aa58d', '46003790', 'd38aa58d', '46003790', '5d5de21c', '5d5de21c', '5d5de21c', 'd38aa58d', '46003790', '4dec0816']"
blk_-131317149349049701,"['3d91fa85', 'bbb51b95', 'bbb51b95', 'bbb51b95', '5d5de21c', '5d5de21c', 'd38aa58d', '46003790', 'd38aa58d', '46003790', '5d5de21c', 'd38aa58d', '46003790']"
blk_-3007111924548688966,"['3d91fa85', 'bbb51b95', 'bbb51b95', 'bbb51b95', '5d5de21c', 'd38aa58d', '46003790', 'd38aa58d', '46003790', 'd38aa58d', '46003790', '5d5de21c', '5d5de21c']"
blk_-7706605952584901106,"['3d91fa85', 'bbb51b95', 'bbb51b95', 'bbb51b95', 'd38aa58d', '46003790', '5d5de21c', 'd38aa58d', '46003790', 'd38aa58d', '46003790', '5d5de21c', '5d5de21c']"
blk_4873497393136465350,"['bbb51b95', 'bbb51b95', '3d91fa85', 'bbb51b95', 'd38aa58d', '46003790', 'd38aa58d', '46003790', 'd38aa58d', '46003790', '5d5de21c', '5d5de21c', '5d5de21c']"
blk_-4176601331624439439,"['bbb51b95', 'bbb51b95', 'bbb51b95', '3d91fa85', 'd38aa58d', '46003790', '46003790', '5d5de21c', '5d5de21c', 'd38aa58d', 'd38aa58d', '46003790', '5d5de21c']"
blk_3343680342566530057,"['3d91fa85', 'bbb51b95', 'bbb51b95', 'bbb51b95', 'd38aa58d', '46003790', 'd38aa58d', '46003790', 'd38aa58d', '46003790', '5d5de21c', '5d5de21c', '5d5de21c']"
blk_4464679447161061787,"['bbb51b95', 'bbb51b95', '3d91fa85', 'bbb51b95', '5d5de21c', 'd38aa58d', '46003790', 'd38aa58d', '46003790', '5d5de21c', 'd38aa58d', '46003790', '5d5de21c', '32777b38', 'a333d363', 'a333d363', '4dec0816']"
blk_-5237908108862005516,"['bbb51b95', 'bbb51b95', 'bbb51b95', '3d91fa85', 'd38aa58d', '46003790', 'd38aa58d', '46003790', 'd38aa58d', '46003790', '5d5de21c', '5d5de21c', '5d5de21c']"
blk_6272544484909172337,"['bbb51b95', 'bbb51b95', 'bbb51b95', '3d91fa85', 'd38aa58d', '46003790', 'd38aa58d', '46003790', '5d5de21c', '5d5de21c', 'd38aa58d', '46003790', '5d5de21c']"
blk_-3009375617770940708,"['3d91fa85', 'bbb51b95', 'bbb51b95', 'bbb51b95', '5d5de21c', '5d5de21c', 'd38aa58d', '46003790', 'd38aa58d', '46003790', 'd38aa58d', '46003790', '5d5de21c', 'a333d363', '4dec0816', 'a333d363']"
blk_4594293532864322184,"['bbb51b95', '3d91fa85', 'bbb51b95', 'bbb51b95', 'd38aa58d', '46003790', 'd38aa58d', '46003790', 'd38aa58d', '46003790', '5d5de21c', '5d5de21c', '5d5de21c']"
blk_-6701288740236137958,"['3d91fa85', 'bbb51b95', 'bbb51b95', 'bbb51b95', '5d5de21c', '46003790', '5d5de21c', '5d5de21c', 'd38aa58d', 'd38aa58d', '46003790', 'd38aa58d', '46003790']"
blk_-1799574027171763534,"['bbb51b95', 'bbb51b95', 'bbb51b95', '3d91fa85', 'd38aa58d', '46003790', 'd38aa58d', '46003790', 'd38aa58d', '46003790', '5d5de21c', '5d5de21c', '5d5de21c', '4dec0816']"
blk_-1844906869068926304,"['3d91fa85', 'bbb51b95', 'bbb51b95', 'bbb51b95', '5d5de21c', '5d5de21c', 'd38aa58d', '46003790', 'd38aa58d', '46003790', 'd38aa58d', '46003790', '5d5de21c', '4dec0816']"
blk_-7043849028182763919,"['bbb51b95', '3d91fa85', 'bbb51b95', 'bbb51b95', 'd38aa58d', '46003790', 'd38aa58d', '46003790', 'd38aa58d', '46003790', '5d5de21c', '5d5de21c', '5d5de21c']"
blk_765644769128692214,"['bbb51b95', 'bbb51b95', '3d91fa85', 'bbb51b95', 'd38aa58d', '46003790', 'd38aa58d', '46003790', 'd38aa58d', '46003790', '5d5de21c', '5d5de21c', '5d5de21c', 'a333d363', '4dec0816']"
blk_-3683609970181301423,"['bbb51b95', 'bbb51b95', '3d91fa85', 'bbb51b95', 'd38aa58d', '46003790', 'd38aa58d', '46003790', 'd38aa58d', '46003790', '5d5de21c', '5d5de21c', '5d5de21c']"
blk_5149579995382008959,"['bbb51b95', '3d91fa85', 'bbb51b95', 'bbb51b95', 'd38aa58d', '46003790', 'd38aa58d', '46003790', 'd38aa58d', '46003790', '5d5de21c', '5d5de21c', '5d5de21c']"
blk_-4253878020757255362,"['bbb51b95', 'bbb51b95', '3d91fa85', 'bbb51b95', 'd38aa58d', '46003790', 'd38aa58d', '46003790', 'd38aa58d', '46003790', '5d5de21c', '5d5de21c', '5d5de21c']"
blk_7859981215820637753,"['3d91fa85', 'bbb51b95', 'bbb51b95', 'bbb51b95', '5d5de21c', '5d5de21c', '5d5de21c', 'd38aa58d', '46003790', 'd38aa58d', '46003790', 'd38aa58d', '46003790', 'a333d363', '4dec0816']"
blk_-3530259413165847948,"['3d91fa85', 'bbb51b95', 'bbb51b95', 'bbb51b95', '5d5de21c', '5d5de21c', '5d5de21c', 'd38aa58d', '46003790', 'd38aa58d', '46003790', 'd38aa58d', '46003790']"
blk_1389786741029106594,"['bbb51b95', 'bbb51b95', 'bbb51b95', '3d91fa85', 'd38aa58d', '46003790', 'd38aa58d', '46003790', '5d5de21c', '5d5de21c', 'd38aa58d', '46003790', '5d5de21c']"
blk_8958656584705305202,"['bbb51b95', 'bbb51b95', '3d91fa85', 'bbb51b95', 'd38aa58d', '46003790', 'd38aa58d', '46003790', 'd38aa58d', '46003790', '5d5de21c', '5d5de21c', '5d5de21c', 'd63ef163', 'd63ef163', 'd63ef163', 'dba996ef', 'dba996ef', 'dba996ef']"
blk_6892267403886146264,"['3d91fa85', 'bbb51b95', 'bbb51b95', 'bbb51b95', 'd38aa58d', '46003790', 'd38aa58d', '46003790', 'd38aa58d', '46003790', '5d5de21c', '5d5de21c', '5d5de21c', 'a333d363', '4dec0816']"
blk_-6831502802155211678,"['bbb51b95', 'bbb51b95', 'bbb51b95', '3d91fa85', 'd38aa58d', '46003790', 'd38aa58d', '46003790', 'd38aa58d', '46003790', '5d5de21c', '5d5de21c', '5d5de21c']"
blk_8814444344378441276,"['3d91fa85', 'bbb51b95', 'bbb51b95', 'bbb51b95', '5d5de21c', '5d5de21c', '5d5de21c', 'd38aa58d', '46003790', 'd38aa58d', '46003790', 'd38aa58d', '46003790']"
blk_-6834326647217998635,"['bbb51b95', 'bbb51b95', '3d91fa85', 'bbb51b95', 'd38aa58d', '46003790', '46003790', '5d5de21c', '5d5de21c', 'd38aa58d', '46003790', 'd38aa58d', '5d5de21c']"
blk_4115699214508258959,"['bbb51b95', 'bbb51b95', 'bbb51b95', '3d91fa85', '46003790', 'd38aa58d', '46003790', '5d5de21c', '5d5de21c', 'd38aa58d', 'd38aa58d', '46003790', '5d5de21c', 'd63ef163', 'd63ef163', 'd63ef163', 'dba996ef', 'dba996ef', 'dba996ef']"
blk_-3502375343569822610,"['bbb51b95', '3d91fa85', 'bbb51b95', 'bbb51b95', 'd38aa58d', '46003790', 'd38aa58d', '46003790', '5d5de21c', '5d5de21c', 'd38aa58d', '46003790', '5d5de21c']"
blk_2161599912554578992,"['bbb51b95', '3d91fa85', 'bbb51b95', 'bbb51b95', 'd38aa58d', '46003790', 'd38aa58d', '46003790', 'd38aa58d', '46003790', '5d5de21c', '5d5de21c', '5d5de21c']"
blk_-2879817893623258983,"['3d91fa85', 'bbb51b95', 'bbb51b95', 'bbb51b95', '5d5de21c', '5d5de21c', '5d5de21c', 'd38aa58d', 'd38aa58d', '46003790', '46003790', 'd38aa58d', '46003790', 'a333d363', '4dec0816', 'a333d363']"
blk_-5296680575852708455,"['bbb51b95', 'bbb51b95', 'bbb51b95', '3d91fa85', 'd38aa58d', '46003790', '5d5de21c', 'd38aa58d', '46003790', 'd38aa58d', '46003790', '5d5de21c', '5d5de21c']"
blk_-808859981883006808,"['bbb51b95', 'bbb51b95', 'bbb51b95', '3d91fa85', 'd38aa58d', '46003790', 'd38aa58d', '46003790', 'd38aa58d', '46003790', '5d5de21c', '5d5de21c', '5d5de21c']"
blk_7630637349388182168,"['3d91fa85', 'bbb51b95', 'bbb51b95', 'bbb51b95', '5d5de21c', '5d5de21c', '5d5de21c', 'd38aa58d', '46003790', 'd38aa58d', '46003790', 'd38aa58d', '46003790']"
blk_7817883278186104089,"['3d91fa85', 'bbb51b95', 'bbb51b95', 'bbb51b95', '5d5de21c', '5d5de21c', '5d5de21c', 'd38aa58d', '46003790', 'd38aa58d', '46003790', 'd38aa58d', '46003790', 'a333d363']"
blk_3421474393357772548,"['bbb51b95', 'bbb51b95', '3d91fa85', 'bbb51b95', 'd38aa58d', '46003790', 'd38aa58d', '46003790', 'd38aa58d', '46003790', '5d5de21c', '5d5de21c', '5d5de21c']"
blk_1986462947246429683,"['bbb51b95', '3d91fa85', 'bbb51b95', 'bbb51b95', 'd38aa58d', '46003790', 'd38aa58d', '46003790', 'd38aa58d', '46003790', '5d5de21c', '5d5de21c', '5d5de21c']"
blk_-5637706441572601696,"['bbb51b95', '3d91fa85', 'bbb51b95', 'bbb51b95', 'd38aa58d', '46003790', 'd38aa58d', '46003790', 'd38aa58d', '46003790', '5d5de21c', '5d5de21c', '5d5de21c']"
blk_-8416775038129068543,"['bbb51b95', 'bbb51b95', 'bbb51b95', '3d91fa85', 'd38aa58d', '46003790', 'd38aa58d', '46003790', 'd38aa58d', '46003790', '5d5de21c', '5d5de21c', '5d5de21c']"
blk_-6855680613076083008,"['bbb51b95', '3d91fa85', 'bbb51b95', 'bbb51b95', 'd38aa58d', '46003790', 'd38aa58d', '46003790', '5d5de21c', 'd38aa58d', '46003790', '5d5de21c', '5d5de21c', '32777b38', '32777b38', '32777b38']"
blk_-5280341960228427483,"['bbb51b95', '3d91fa85', 'bbb51b95', 'bbb51b95', 'd38aa58d', '46003790', '5d5de21c', 'd38aa58d', '46003790', 'd38aa58d', '46003790', '5d5de21c', '5d5de21c']"
blk_4423128469105549912,"['bbb51b95', 'bbb51b95', '3d91fa85', 'bbb51b95', 'd38aa58d', '46003790', 'd38aa58d', '46003790', '5d5de21c', 'd38aa58d', '46003790', '5d5de21c', '5d5de21c']"
blk_-8977186534316631130,"['3d91fa85', 'bbb51b95', 'bbb51b95', 'bbb51b95', 'd38aa58d', '46003790', 'd38aa58d', '46003790', 'd38aa58d', '46003790', '5d5de21c', '5d5de21c', '5d5de21c']"
blk_7256656846728727093,"['bbb51b95', '3d91fa85', 'bbb51b95', 'bbb51b95', 'd38aa58d', '46003790', '5d5de21c', '5d5de21c', 'd38aa58d', '46003790', '5d5de21c', 'd38aa58d', '46003790']"
blk_-1466747712876013749,"['bbb51b95', '3d91fa85', 'bbb51b95', 'bbb51b95', 'd38aa58d', '46003790', 'd38aa58d', '46003790', 'd38aa58d', '46003790', '5d5de21c', '5d5de21c', '5d5de21c', '32777b38']"
blk_1567972527195198699,"['bbb51b95', 'bbb51b95', '3d91fa85', 'bbb51b95', 'd38aa58d', '46003790', 'd38aa58d', '46003790', 'd38aa58d', '46003790', '5d5de21c', '5d5de21c', '5d5de21c', 'a333d363', '4dec0816']"
blk_-1176383523340436931,"['3d91fa85', 'bbb51b95', 'bbb51b95', 'bbb51b95', '5d5de21c', '5d5de21c', 'd38aa58d', '46003790', 'd38aa58d', '46003790', 'd38aa58d', '46003790', '5d5de21c', 'a333d363']"
blk_9176165650198046,"['3d91fa85', 'bbb51b95', 'bbb51b95', 'bbb51b95', '5d5de21c', '5d5de21c', '5d5de21c', 'd38aa58d', '46003790', 'd38aa58d', '46003790', 'd38aa58d', '46003790', 'a333d363']"
blk_-5561435215997050244,"['bbb51b95', 'bbb51b95', 'bbb51b95', '3d91fa85', 'd38aa58d', '46003790', 'd38aa58d', '46003790', '5d5de21c', '5d5de21c', 'd38aa58d', '46003790', '5d5de21c', '32777b38']"
blk_-4787897371940589076,"['bbb51b95', 'bbb51b95', 'bbb51b95', '3d91fa85', 'd38aa58d', '46003790', 'd38aa58d', '46003790', 'd38aa58d', '46003790', '5d5de21c', '5d5de21c', '5d5de21c']"
blk_-3754868378037086354,"['3d91fa85', 'bbb51b95', 'bbb51b95', 'bbb51b95', '5d5de21c', '5d5de21c', 'd38aa58d', '46003790', 'd38aa58d', '46003790', 'd38aa58d', '46003790', '5d5de21c']"
blk_7627103388641684748,"['bbb51b95', 'bbb51b95', 'bbb51b95', '3d91fa85', 'd38aa58d', '46003790', 'd38aa58d', '46003790', 'd38aa58d', '46003790', '5d5de21c', '5d5de21c', '5d5de21c']"
blk_-4488922018807123630,"['3d91fa85', 'bbb51b95', 'bbb51b95', 'bbb51b95', '5d5de21c', '5d5de21c', 'd38aa58d', '46003790', 'd38aa58d', '46003790', 'd38aa58d', '46003790', '5d5de21c', 'a333d363', '4dec0816', 'a333d363']"
blk_-4943675143773750874,"['3d91fa85', 'bbb51b95', 'bbb51b95', 'bbb51b95', '5d5de21c', '5d5de21c', '5d5de21c', 'd38aa58d', '46003790', 'd38aa58d', '46003790', 'd38aa58d', '46003790', '32777b38']"
blk_-4730005863496346867,"['bbb51b95', '3d91fa85', 'bbb51b95', 'bbb51b95', 'd38aa58d', '46003790', 'd38aa58d', '46003790', 'd38aa58d', '46003790', '5d5de21c', '5d5de21c', '5d5de21c']"
blk_-245945992044815902,"['bbb51b95', '3d91fa85', 'bbb51b95', 'bbb51b95', 'd38aa58d', '46003790', '5d5de21c', 'd38aa58d', '46003790', 'd38aa58d', '46003790', '5d5de21c', '5d5de21c']"
blk_-2727614758587946493,"['bbb51b95', '3d91fa85', 'bbb51b95', 'bbb51b95', 'd38aa58d', '46003790', 'd38aa58d', '46003790', 'd38aa58d', '46003790', '5d5de21c', '5d5de21c', '5d5de21c', '4dec0816']"
blk_-1306698171756425124,"['bbb51b95', 'bbb51b95', 'bbb51b95', '3d91fa85', 'd38aa58d', '46003790', 'd38aa58d', '46003790', 'd38aa58d', '46003790', '5d5de21c', '5d5de21c', '5d5de21c']"
blk_2904038965566495537,"['3d91fa85', 'bbb51b95', 'bbb51b95', 'bbb51b95', '5d5de21c', '5d5de21c', 'd38aa58d', '46003790', 'd38aa58d', '46003790', 'd38aa58d', '46003790', '5d5de21c']"
blk_-8889476680624664813,"['3d91fa85', 'bbb51b95', 'bbb51b95', 'bbb51b95', '5d5de21c', '5d5de21c', 'd38aa58d', '46003790', 'd38aa58d', '46003790', '5d5de21c', 'd38aa58d', '46003790', 'a333d363', '4dec0816', 'a333d363']"
blk_5161605804706762172,"['3d91fa85', 'bbb51b95', 'bbb51b95', 'bbb51b95', '5d5de21c', '5d5de21c', '5d5de21c', 'd38aa58d', '46003790', 'd38aa58d', '46003790', 'd38aa58d', '46003790', 'a333d363', '4dec0816']"
blk_8668364843404410416,"['bbb51b95', 'bbb51b95', 'bbb51b95', '3d91fa85', 'd38aa58d', '46003790', '5d5de21c', '5d5de21c', 'd38aa58d', '46003790', 'd38aa58d', '46003790', '5d5de21c']"
blk_-5703674298784130972,"['bbb51b95', 'bbb51b95', 'bbb51b95', '3d91fa85', '5d5de21c', '5d5de21c', 'd38aa58d', '46003790', 'd38aa58d', '46003790', 'd38aa58d', '46003790', '5d5de21c', 'a333d363']"
blk_-2508551994245383413,"['bbb51b95', 'bbb51b95', 'bbb51b95', '3d91fa85', 'd38aa58d', '46003790', 'd38aa58d', '46003790', 'd38aa58d', '46003790', '5d5de21c', '5d5de21c', '5d5de21c']"
blk_3923907115902510385,"['bbb51b95', '3d91fa85', 'bbb51b95', 'bbb51b95', 'd38aa58d', '46003790', 'd38aa58d', '46003790', 'd38aa58d', '46003790', '5d5de21c', '5d5de21c', '5d5de21c']"
blk_7935557329621574108,"['bbb51b95', '3d91fa85', 'bbb51b95', 'bbb51b95', 'd38aa58d', '46003790', 'd38aa58d', '46003790', 'd38aa58d', '46003790', '5d5de21c', '5d5de21c', '5d5de21c', 'a333d363', '4dec0816']"
blk_-5104307498462463319,"['3d91fa85', 'bbb51b95', 'bbb51b95', 'bbb51b95', '5d5de21c', '5d5de21c', '5d5de21c', 'd38aa58d', '46003790', 'd38aa58d', '46003790', 'd38aa58d', '46003790']"
blk_8180862996577386823,"['3d91fa85', 'bbb51b95', 'bbb51b95', 'bbb51b95', '5d5de21c', '5d5de21c', '5d5de21c', 'd38aa58d', '46003790', 'd38aa58d', '46003790', 'd38aa58d', '46003790', 'a333d363', '4dec0816']"
blk_-2429298547086800018,"['bbb51b95', '3d91fa85', 'bbb51b95', 'bbb51b95', 'd38aa58d', '46003790', 'd38aa58d', '46003790', 'd38aa58d', '46003790', '5d5de21c', '5d5de21c', '5d5de21c']"
blk_2184825733963280434,"['bbb51b95', 'bbb51b95', 'bbb51b95', '3d91fa85', 'd38aa58d', '46003790', 'd38aa58d', '46003790', 'd38aa58d', '46003790', '5d5de21c', '5d5de21c', '5d5de21c']"
blk_-7831074003113920747,"['bbb51b95', 'bbb51b95', 'bbb51b95', '3d91fa85', 'd38aa58d', '46003790', 'd38aa58d', '46003790', 'd38aa58d', '46003790', '5d5de21c', '5d5de21c', '5d5de21c', 'd63ef163', 'd63ef163', 'd63ef163', 'dba996ef', 'dba996ef', 'dba996ef']"
blk_-8130910895347126837,"['3d91fa85', 'bbb51b95', 'bbb51b95', 'bbb51b95', '5d5de21c', '5d5de21c', '5d5de21c', 'd38aa58d', '46003790', 'd38aa58d', '46003790', 'd38aa58d', '46003790', 'a333d363', 'a333d363', '4dec0816']"
blk_-8318187259485999869,"['bbb51b95', 'bbb51b95', 'bbb51b95', '3d91fa85', 'd38aa58d', '46003790', 'd38aa58d', '46003790', '5d5de21c', '5d5de21c', 'd38aa58d', '46003790', '5d5de21c']"
blk_-5151714183399086516,"['bbb51b95', 'bbb51b95', 'bbb51b95', '3d91fa85', 'd38aa58d', '46003790', 'd38aa58d', '46003790', 'd38aa58d', '46003790', '5d5de21c', '5d5de21c', '5d5de21c', '32777b38', '32777b38', '32777b38']"
blk_3654697356714411872,"['bbb51b95', 'bbb51b95', '3d91fa85', 'bbb51b95', 'd38aa58d', '46003790', 'd38aa58d', '46003790', 'd38aa58d', '46003790', '5d5de21c', '5d5de21c', '5d5de21c']"
blk_-641791157291483653,"['bbb51b95', 'bbb51b95', 'bbb51b95', '3d91fa85', 'd38aa58d', '46003790', 'd38aa58d', '46003790', '5d5de21c', '5d5de21c', 'd38aa58d', '46003790', '5d5de21c']"
blk_-1804467150075179526,"['bbb51b95', 'bbb51b95', '3d91fa85', 'bbb51b95', 'd38aa58d', '46003790', 'd38aa58d', '46003790', 'd38aa58d', '46003790', '5d5de21c', '5d5de21c', '5d5de21c']"
blk_6302475351805264960,"['bbb51b95', '3d91fa85', 'bbb51b95', 'bbb51b95', 'd38aa58d', '46003790', 'd38aa58d', '46003790', 'd38aa58d', '46003790', '5d5de21c', '5d5de21c', '5d5de21c']"
blk_-6859739094645113083,"['bbb51b95', 'bbb51b95', 'bbb51b95', '3d91fa85', 'd38aa58d', '46003790', 'd38aa58d', '46003790', 'd38aa58d', '46003790', '5d5de21c', '5d5de21c', '5d5de21c']"
blk_-8594922601344835286,"['bbb51b95', '3d91fa85', 'bbb51b95', 'bbb51b95', 'd38aa58d', '46003790', 'd38aa58d', '46003790', 'd38aa58d', '46003790', '5d5de21c', '5d5de21c', '5d5de21c', 'd63ef163', 'd63ef163', 'd63ef163', 'dba996ef', 'dba996ef', 'dba996ef']"
blk_4340353933262504963,"['bbb51b95', '3d91fa85', 'bbb51b95', 'bbb51b95', 'd38aa58d', '46003790', 'd38aa58d', '46003790', 'd38aa58d', '46003790', '5d5de21c', '5d5de21c', '5d5de21c', 'a333d363', '4dec0816']"
blk_5808778259521940235,"['bbb51b95', '3d91fa85', 'bbb51b95', 'bbb51b95', 'd38aa58d', '46003790', 'd38aa58d', '46003790', 'd38aa58d', '46003790', '5d5de21c', '5d5de21c', '5d5de21c', 'a333d363', '4dec0816']"
blk_2326656173549621851,"['bbb51b95', 'bbb51b95', '3d91fa85', 'bbb51b95', 'd38aa58d', '46003790', 'd38aa58d', '46003790', 'd38aa58d', '46003790', '5d5de21c', '5d5de21c', '5d5de21c']"
blk_8277655720312785906,"['3d91fa85', 'bbb51b95', 'bbb51b95', 'bbb51b95', '5d5de21c', '5d5de21c', '5d5de21c', 'd38aa58d', '46003790', 'd38aa58d', '46003790', 'd38aa58d', '46003790']"
blk_-6660011212133780869,"['bbb51b95', '3d91fa85', 'bbb51b95', 'bbb51b95', 'd38aa58d', '46003790', 'd38aa58d', '46003790', 'd38aa58d', '46003790', '5d5de21c', '5d5de21c', '5d5de21c']"
blk_3240210533909340791,"['3d91fa85', 'bbb51b95', 'bbb51b95', 'bbb51b95', '5d5de21c', '5d5de21c', '5d5de21c', 'd38aa58d', '46003790', 'd38aa58d', '46003790', 'd38aa58d', '46003790', 'a333d363', 'a333d363', '4dec0816']"
blk_-5049072429598153654,"['bbb51b95', '3d91fa85', 'bbb51b95', 'bbb51b95', 'd38aa58d', '46003790', 'd38aa58d', '46003790', 'd38aa58d', '46003790', '5d5de21c', '5d5de21c', '5d5de21c']"
blk_-3088723452270623299,"['bbb51b95', '3d91fa85', 'bbb51b95', 'bbb51b95', 'd38aa58d', '46003790', 'd38aa58d', '46003790', 'd38aa58d', '46003790', '5d5de21c', '5d5de21c', '5d5de21c']"
blk_8026466674001363449,"['bbb51b95', 'bbb51b95', '3d91fa85', 'bbb51b95', 'd38aa58d', '46003790', 'd38aa58d', '46003790', 'd38aa58d', '46003790', '5d5de21c', '5d5de21c', '5d5de21c', '32777b38', '32777b38', '32777b38', 'a333d363', 'a333d363', 'a333d363', 'a333d363', 'a333d363', 'a333d363', 'a333d363', 'a333d363', 'a333d363', 'a333d363', 'a333d363', 'a333d363', 'a333d363', 'a333d363', '4dec0816', 'a333d363']"
blk_-1626340715627889482,"['bbb51b95', 'bbb51b95', '3d91fa85', 'bbb51b95', 'd38aa58d', '46003790', 'd38aa58d', '46003790', 'd38aa58d', '46003790', '5d5de21c', '5d5de21c', '5d5de21c', '32777b38', '32777b38', '32777b38', 'a333d363']"
blk_18501380964002150,"['3d91fa85', 'bbb51b95', 'bbb51b95', 'bbb51b95', '5d5de21c', '5d5de21c', '5d5de21c', 'd38aa58d', '46003790', 'd38aa58d', '46003790', 'd38aa58d', '46003790', 'a333d363', '4dec0816']"
blk_8401371331006112265,"['3d91fa85', 'bbb51b95', 'bbb51b95', 'bbb51b95', '5d5de21c', '5d5de21c', 'd38aa58d', '46003790', 'd38aa58d', '46003790', '5d5de21c', 'd38aa58d', '46003790']"
blk_-6259300403781626188,"['bbb51b95', 'bbb51b95', '3d91fa85', 'bbb51b95', 'd38aa58d', '46003790', 'd38aa58d', '46003790', 'd38aa58d', '46003790', '5d5de21c', '5d5de21c', '5d5de21c']"
blk_-4990946733615195938,"['3d91fa85', 'bbb51b95', 'bbb51b95', 'bbb51b95', 'd38aa58d', '46003790', 'd38aa58d', '46003790', 'd38aa58d', '46003790', '5d5de21c', '5d5de21c', '5d5de21c']"
blk_8389321782246488701,"['3d91fa85', 'bbb51b95', 'bbb51b95', 'bbb51b95', '5d5de21c', '5d5de21c', '5d5de21c', 'd38aa58d', '46003790', 'd38aa58d', '46003790', 'd38aa58d', '46003790']"
blk_-4144819700697431269,"['bbb51b95', 'bbb51b95', '3d91fa85', 'bbb51b95', 'd38aa58d', '46003790', 'd38aa58d', '46003790', 'd38aa58d', '46003790', '5d5de21c', '5d5de21c', '5d5de21c']"
blk_-6769263557244607757,"['3d91fa85', 'bbb51b95', 'bbb51b95', 'bbb51b95', '5d5de21c', '5d5de21c', '5d5de21c', 'd38aa58d', '46003790', 'd38aa58d', '46003790', 'd38aa58d', '46003790']"
blk_-7021578158506556251,"['bbb51b95', 'bbb51b95', 'bbb51b95', '3d91fa85', 'd38aa58d', '46003790', 'd38aa58d', '46003790', '46003790', '5d5de21c', '5d5de21c', '5d5de21c', 'd38aa58d', '4dec0816']"
blk_-1183841750369178627,"['bbb51b95', '3d91fa85', 'bbb51b95', 'bbb51b95', 'd38aa58d', '46003790', '5d5de21c', 'd38aa58d', '46003790', 'd38aa58d', '46003790', '5d5de21c', '5d5de21c']"
blk_8252838905305716195,"['bbb51b95', '3d91fa85', 'bbb51b95', 'bbb51b95', 'd38aa58d', '46003790', 'd38aa58d', '46003790', 'd38aa58d', '46003790', '5d5de21c', '5d5de21c', '5d5de21c', '32777b38']"
blk_2239450809810509251,"['3d91fa85', 'bbb51b95', 'bbb51b95', 'bbb51b95', '5d5de21c', '5d5de21c', '5d5de21c', 'd38aa58d', '46003790', 'd38aa58d', '46003790', 'd38aa58d', '46003790']"
blk_3852361123259357360,"['3d91fa85', 'bbb51b95', 'bbb51b95', 'bbb51b95', '5d5de21c', '5d5de21c', '5d5de21c', 'd38aa58d', '46003790', 'd38aa58d', '46003790', 'd38aa58d', '46003790']"
blk_-3252806531878469396,"['bbb51b95', 'bbb51b95', '3d91fa85', 'bbb51b95', 'd38aa58d', '46003790', 'd38aa58d', '46003790', 'd38aa58d', '46003790', '5d5de21c', '5d5de21c', '5d5de21c']"
blk_-2822251966109001360,"['bbb51b95', '3d91fa85', 'bbb51b95', 'bbb51b95', 'd38aa58d', '46003790', 'd38aa58d', '46003790', 'd38aa58d', '46003790', '5d5de21c', '5d5de21c', '5d5de21c']"
blk_4886628570338862885,"['3d91fa85', 'bbb51b95', 'bbb51b95', 'bbb51b95', '5d5de21c', '5d5de21c', '5d5de21c', 'd38aa58d', '46003790', 'd38aa58d', '46003790', 'd38aa58d', '46003790']"
blk_3945253184603474433,"['bbb51b95', 'bbb51b95', 'bbb51b95', '3d91fa85', 'd38aa58d', '46003790', 'd38aa58d', '46003790', 'd38aa58d', '46003790', '5d5de21c', '5d5de21c', '5d5de21c']"
blk_-7665514251587532582,"['bbb51b95', 'bbb51b95', '3d91fa85', 'bbb51b95', 'd38aa58d', '46003790', 'd38aa58d', '46003790', 'd38aa58d', '46003790', '5d5de21c', '5d5de21c', '5d5de21c']"
blk_-3298896705972974881,"['3d91fa85', 'bbb51b95', 'bbb51b95', 'bbb51b95', '5d5de21c', '5d5de21c', 'd38aa58d', '46003790', 'd38aa58d', '46003790', '5d5de21c', 'd38aa58d', '46003790']"
blk_2935588581476951391,"['bbb51b95', 'bbb51b95', 'bbb51b95', '3d91fa85', 'd38aa58d', '46003790', '5d5de21c', 'd38aa58d', '46003790', 'd38aa58d', '46003790', '5d5de21c', '5d5de21c']"
blk_3653414434030400501,"['bbb51b95', 'bbb51b95', '3d91fa85', 'bbb51b95', 'd38aa58d', '46003790', '5d5de21c', 'd38aa58d', '46003790', 'd38aa58d', '46003790', '5d5de21c', '5d5de21c', '32777b38', 'a333d363', '4dec0816', 'a333d363']"
blk_-4409547460242622091,"['3d91fa85', 'bbb51b95', 'bbb51b95', 'bbb51b95', '5d5de21c', '5d5de21c', '5d5de21c', 'd38aa58d', '46003790', 'd38aa58d', '46003790', 'd38aa58d', '46003790']"
blk_7730784436309299541,"['3d91fa85', 'bbb51b95', 'bbb51b95', 'bbb51b95', '5d5de21c', '5d5de21c', '5d5de21c', 'd38aa58d', '46003790', 'd38aa58d', '46003790', 'd38aa58d', '46003790', '4dec0816']"
blk_-4962511616183260829,"['3d91fa85', 'bbb51b95', 'bbb51b95', 'bbb51b95', '5d5de21c', '46003790', 'd38aa58d', '46003790', '5d5de21c', '5d5de21c', 'd38aa58d', 'd38aa58d', '46003790', '32777b38']"
blk_8375841637710724835,"['bbb51b95', 'bbb51b95', 'bbb51b95', '3d91fa85', 'd38aa58d', '46003790', 'd38aa58d', '46003790', 'd38aa58d', '46003790', '5d5de21c', '5d5de21c', '5d5de21c']"
blk_8215954742563006973,"['bbb51b95', '3d91fa85', 'bbb51b95', 'bbb51b95', 'd38aa58d', '46003790', 'd38aa58d', '46003790', '5d5de21c', '5d5de21c', 'd38aa58d', '46003790', '5d5de21c', '32777b38', 'a333d363', 'a333d363', '4dec0816']"
blk_1680596225375575002,"['bbb51b95', 'bbb51b95', 'bbb51b95', '3d91fa85', 'd38aa58d', '46003790', 'd38aa58d', '46003790', '5d5de21c', '5d5de21c', 'd38aa58d', '46003790', '5d5de21c']"
blk_5472849291585868925,"['3d91fa85', 'bbb51b95', 'bbb51b95', 'bbb51b95', '5d5de21c', '5d5de21c', '5d5de21c', 'd38aa58d', '46003790', 'd38aa58d', '46003790', 'd38aa58d', '46003790', 'a333d363', '4dec0816', 'a333d363']"
blk_6328378525539702752,"['bbb51b95', 'bbb51b95', '3d91fa85', 'bbb51b95', 'd38aa58d', '46003790', 'd38aa58d', '46003790', 'd38aa58d', '46003790', '5d5de21c', '5d5de21c', '5d5de21c', '4dec0816']"
blk_-5840479443841614101,"['3d91fa85', 'bbb51b95', 'bbb51b95', 'bbb51b95', '5d5de21c', '5d5de21c', 'd38aa58d', '46003790', 'd38aa58d', '46003790', 'd38aa58d', '46003790', '5d5de21c', 'a333d363', '4dec0816', 'a333d363']"
blk_9056234168800671271,"['bbb51b95', 'bbb51b95', '3d91fa85', 'bbb51b95', 'd38aa58d', '46003790', 'd38aa58d', '46003790', 'd38aa58d', '46003790', '5d5de21c', '5d5de21c', '5d5de21c', 'd63ef163', 'd63ef163', 'd63ef163', 'dba996ef', 'dba996ef', 'dba996ef']"
blk_-5353598530270659557,"['3d91fa85', 'bbb51b95', 'bbb51b95', 'bbb51b95', '5d5de21c', '5d5de21c', '5d5de21c', 'd38aa58d', '46003790', 'd38aa58d', '46003790', 'd38aa58d', '46003790', '4dec0816']"
blk_6218957502976373935,"['bbb51b95', '3d91fa85', 'bbb51b95', 'bbb51b95', '46003790', 'd38aa58d', '46003790', '5d5de21c', '5d5de21c', 'd38aa58d', 'd38aa58d', '46003790', '5d5de21c']"
blk_-1866337823186710053,"['bbb51b95', 'bbb51b95', 'bbb51b95', '3d91fa85', 'd38aa58d', '46003790', 'd38aa58d', '46003790', 'd38aa58d', '46003790', '5d5de21c', '5d5de21c', '5d5de21c', '4dec0816']"
blk_8159671216254404303,"['3d91fa85', 'bbb51b95', 'bbb51b95', 'bbb51b95', '5d5de21c', '5d5de21c', '5d5de21c', 'd38aa58d', '46003790', 'd38aa58d', '46003790', 'd38aa58d', '46003790']"
blk_-5030269563236528562,"['3d91fa85', 'bbb51b95', 'bbb51b95', 'bbb51b95', '5d5de21c', '5d5de21c', '5d5de21c', 'd38aa58d', '46003790', 'd38aa58d', '46003790', 'd38aa58d', '46003790']"
blk_-3620320421349072632,"['bbb51b95', '3d91fa85', 'bbb51b95', 'bbb51b95', 'd38aa58d', '46003790', '5d5de21c', 'd38aa58d', '46003790', 'd38aa58d', '46003790', '5d5de21c', '5d5de21c']"
blk_7612820608086368199,"['bbb51b95', 'bbb51b95', 'bbb51b95', '3d91fa85', 'd38aa58d', '46003790', 'd38aa58d', '46003790', 'd38aa58d', '46003790', '5d5de21c', '5d5de21c', '5d5de21c']"
blk_-6368514123360147788,"['bbb51b95', 'bbb51b95', '3d91fa85', 'bbb51b95', 'd38aa58d', '46003790', 'd38aa58d', '46003790', 'd38aa58d', '46003790', '5d5de21c', '5d5de21c', '5d5de21c']"
blk_8480833839045258100,"['bbb51b95', '3d91fa85', 'bbb51b95', 'bbb51b95', 'd38aa58d', '46003790', 'd38aa58d', '46003790', '5d5de21c', '5d5de21c', 'd38aa58d', '46003790', '5d5de21c']"
blk_2761087256610113287,"['bbb51b95', 'bbb51b95', '3d91fa85', 'bbb51b95', 'd38aa58d', '46003790', 'd38aa58d', '46003790', 'd38aa58d', '46003790', '5d5de21c', '5d5de21c', '5d5de21c']"
blk_5798371238942664035,"['bbb51b95', 'bbb51b95', '3d91fa85', 'bbb51b95', 'd38aa58d', '46003790', 'd38aa58d', '46003790', 'd38aa58d', '46003790', '5d5de21c', '5d5de21c', '5d5de21c']"
blk_-5348352794286613026,"['bbb51b95', 'bbb51b95', '3d91fa85', 'bbb51b95', 'd38aa58d', '46003790', 'd38aa58d', '46003790', 'd38aa58d', '46003790', '5d5de21c', '5d5de21c', '5d5de21c']"
blk_7872358926514928799,"['bbb51b95', 'bbb51b95', 'bbb51b95', '3d91fa85', 'd38aa58d', '46003790', 'd38aa58d', '46003790', 'd38aa58d', '46003790', '5d5de21c', '5d5de21c', '5d5de21c']"
blk_-4506075318418091964,"['bbb51b95', 'bbb51b95', '3d91fa85', 'bbb51b95', 'd38aa58d', '46003790', 'd38aa58d', '46003790', 'd38aa58d', '46003790', '5d5de21c', '5d5de21c', '5d5de21c']"
blk_-2647863524000609999,"['bbb51b95', 'bbb51b95', 'bbb51b95', '3d91fa85', 'd38aa58d', '46003790', 'd38aa58d', '46003790', '5d5de21c', '5d5de21c', 'd38aa58d', '46003790', '5d5de21c', '32777b38']"
blk_-8128246595632555494,"['3d91fa85', 'bbb51b95', 'bbb51b95', 'bbb51b95', '5d5de21c', '5d5de21c', '5d5de21c', 'd38aa58d', '46003790', 'd38aa58d', '46003790', 'd38aa58d', '46003790']"
blk_3272634274111971715,"['3d91fa85', 'bbb51b95', 'bbb51b95', 'bbb51b95', '5d5de21c', '5d5de21c', '5d5de21c', 'd38aa58d', '46003790', 'd38aa58d', '46003790', 'd38aa58d', '46003790', 'a333d363', '4dec0816', 'a333d363']"
blk_8599403536886308219,"['bbb51b95', 'bbb51b95', '3d91fa85', 'bbb51b95', 'd38aa58d', '46003790', 'd38aa58d', '46003790', 'd38aa58d', '46003790', '5d5de21c', '5d5de21c', '5d5de21c', 'a333d363']"
blk_-5666216346192194610,"['bbb51b95', '3d91fa85', 'bbb51b95', 'bbb51b95', 'd38aa58d', '46003790', 'd38aa58d', '46003790', 'd38aa58d', '46003790', '5d5de21c', '5d5de21c', '5d5de21c']"
blk_-3555315173317801634,"['bbb51b95', 'bbb51b95', '3d91fa85', 'bbb51b95', 'd38aa58d', '46003790', 'd38aa58d', '46003790', 'd38aa58d', '46003790', '5d5de21c', '5d5de21c', '5d5de21c']"
blk_-1581763908160328965,"['bbb51b95', '3d91fa85', 'bbb51b95', 'bbb51b95', 'd38aa58d', '46003790', 'd38aa58d', '46003790', '5d5de21c', 'd38aa58d', '46003790', '5d5de21c', '5d5de21c']"
blk_-5979196638476434920,"['bbb51b95', 'bbb51b95', 'bbb51b95', '3d91fa85', 'd38aa58d', '46003790', 'd38aa58d', '46003790', 'd38aa58d', '46003790', '5d5de21c', '5d5de21c', '5d5de21c', '4dec0816']"
blk_8622360973365526185,"['3d91fa85', 'bbb51b95', 'bbb51b95', 'bbb51b95', '5d5de21c', '5d5de21c', '5d5de21c', 'd38aa58d', '46003790', 'd38aa58d', '46003790', 'd38aa58d', '46003790', 'a333d363']"
blk_-388638034974982070,"['3d91fa85', 'bbb51b95', 'bbb51b95', 'bbb51b95', '5d5de21c', '5d5de21c', '5d5de21c', 'd38aa58d', '46003790', 'd38aa58d', '46003790', 'd38aa58d', '46003790', '32777b38', '4dec0816']"
blk_833180601621708184,"['3d91fa85', 'bbb51b95', 'bbb51b95', 'bbb51b95', '5d5de21c', '5d5de21c', '5d5de21c', 'd38aa58d', '46003790', 'd38aa58d', '46003790', 'd38aa58d', '46003790']"
blk_-5704227645362474955,"['bbb51b95', '3d91fa85', 'bbb51b95', 'bbb51b95', 'd38aa58d', '46003790', 'd38aa58d', '46003790', 'd38aa58d', '46003790', '5d5de21c', '5d5de21c', '5d5de21c', '32777b38']"
blk_3582004239879770494,"['3d91fa85', 'bbb51b95', 'bbb51b95', 'bbb51b95', '5d5de21c', '5d5de21c', '5d5de21c', 'd38aa58d', '46003790', 'd38aa58d', '46003790', 'd38aa58d', '46003790']"
blk_6383650193018539779,"['bbb51b95', 'bbb51b95', '3d91fa85', 'bbb51b95', '46003790', '5d5de21c', 'd38aa58d', '46003790', 'd38aa58d', '46003790', 'd38aa58d', '5d5de21c', '5d5de21c']"
blk_3247945352751174549,"['bbb51b95', 'bbb51b95', 'bbb51b95', '3d91fa85', 'd38aa58d', '46003790', 'd38aa58d', '46003790', 'd38aa58d', '46003790', '5d5de21c', '5d5de21c', '5d5de21c']"
blk_-1481234291079638794,"['bbb51b95', '3d91fa85', 'bbb51b95', 'bbb51b95', 'd38aa58d', '46003790', 'd38aa58d', '46003790', 'd38aa58d', '46003790', '5d5de21c', '5d5de21c', '5d5de21c']"
blk_-6610740339710112867,"['bbb51b95', '3d91fa85', 'bbb51b95', 'bbb51b95', 'd38aa58d', '46003790', 'd38aa58d', '46003790', '5d5de21c', '5d5de21c', 'd38aa58d', '46003790', '5d5de21c', '32777b38']"
blk_-1367080958467114914,"['bbb51b95', 'bbb51b95', 'bbb51b95', '3d91fa85', 'd38aa58d', '46003790', 'd38aa58d', 'd38aa58d', '46003790', '46003790', '5d5de21c', '5d5de21c', '5d5de21c']"
blk_8461475652042164677,"['bbb51b95', 'bbb51b95', '3d91fa85', 'bbb51b95', 'd38aa58d', '46003790', 'd38aa58d', '46003790', 'd38aa58d', '46003790', '5d5de21c', '5d5de21c', '5d5de21c']"
blk_-8372968462378908906,"['3d91fa85', 'bbb51b95', 'bbb51b95', 'bbb51b95', '5d5de21c', '5d5de21c', 'd38aa58d', '46003790', 'd38aa58d', '46003790', 'd38aa58d', '46003790', '5d5de21c']"
blk_-3316550426331290374,"['bbb51b95', '3d91fa85', 'bbb51b95', 'bbb51b95', 'd38aa58d', '46003790', 'd38aa58d', '46003790', 'd38aa58d', '46003790', '5d5de21c', '5d5de21c', '5d5de21c']"
blk_1447001274902055614,"['3d91fa85', 'bbb51b95', 'bbb51b95', 'bbb51b95', '5d5de21c', 'd38aa58d', '46003790', 'd38aa58d', '46003790', 'd38aa58d', '46003790', '5d5de21c', '5d5de21c', '32777b38', '32777b38']"
blk_2569212355019730339,"['bbb51b95', 'bbb51b95', '3d91fa85', 'bbb51b95', 'd38aa58d', '46003790', 'd38aa58d', '46003790', 'd38aa58d', '46003790', '5d5de21c', '5d5de21c', '5d5de21c', 'a333d363']"
blk_-3629506731414662544,"['bbb51b95', 'bbb51b95', '3d91fa85', 'bbb51b95', 'd38aa58d', '46003790', '46003790', 'd38aa58d', '46003790', '5d5de21c', '5d5de21c', '5d5de21c', 'd38aa58d', 'a333d363', '4dec0816']"
blk_-6674210641051412762,"['3d91fa85', 'bbb51b95', 'bbb51b95', 'bbb51b95', 'd38aa58d', '46003790', '5d5de21c', '5d5de21c', '5d5de21c', 'd38aa58d', '46003790', 'd38aa58d', '46003790', '32777b38']"
blk_6875726275176374587,"['bbb51b95', 'bbb51b95', '3d91fa85', 'bbb51b95', 'd38aa58d', '46003790', 'd38aa58d', '46003790', 'd38aa58d', '46003790', '5d5de21c', '5d5de21c', '5d5de21c']"
blk_-1690165472423758790,"['bbb51b95', 'bbb51b95', '3d91fa85', 'bbb51b95', 'd38aa58d', '46003790', 'd38aa58d', '46003790', 'd38aa58d', '46003790', '5d5de21c', '5d5de21c', '5d5de21c', 'd63ef163', 'd63ef163', 'd63ef163', 'dba996ef', 'dba996ef', 'dba996ef']"
blk_1337314519473329748,"['bbb51b95', 'bbb51b95', 'bbb51b95', '3d91fa85', 'd38aa58d', '46003790', 'd38aa58d', '46003790', 'd38aa58d', '46003790', '5d5de21c', '5d5de21c', '5d5de21c', 'd63ef163', 'd63ef163', 'd63ef163', 'dba996ef', 'dba996ef', 'dba996ef']"
blk_-1548346834251221499,"['bbb51b95', 'bbb51b95', '3d91fa85', 'bbb51b95', 'd38aa58d', 'd38aa58d', '46003790', '46003790', 'd38aa58d', '46003790', '5d5de21c', '5d5de21c', '5d5de21c', '32777b38', '32777b38', '32777b38', 'a333d363', 'a333d363', '4dec0816', 'a333d363', 'a333d363', 'a333d363', 'a333d363', 'a333d363', 'a333d363', 'a333d363', 'a333d363', 'a333d363', 'a333d363', 'a333d363', 'a333d363', 'a333d363']"
blk_3390400062011513772,"['3d91fa85', 'bbb51b95', 'bbb51b95', 'bbb51b95', '5d5de21c', '46003790', '5d5de21c', '5d5de21c', 'd38aa58d', 'd38aa58d', '46003790', 'd38aa58d', '46003790']"
blk_-6560897404653310191,"['3d91fa85', 'bbb51b95', 'bbb51b95', 'bbb51b95', 'd38aa58d', '46003790', 'd38aa58d', '46003790', 'd38aa58d', '46003790', '5d5de21c', '5d5de21c', '5d5de21c', '32777b38', 'a333d363', '4dec0816', 'a333d363']"
blk_6288758030718855145,"['bbb51b95', 'bbb51b95', '3d91fa85', 'bbb51b95', 'd38aa58d', '46003790', 'd38aa58d', '46003790', 'd38aa58d', '46003790', '5d5de21c', '5d5de21c', '5d5de21c']"
blk_-5042396407016695242,"['3d91fa85', 'bbb51b95', 'bbb51b95', 'bbb51b95', '5d5de21c', '5d5de21c', 'd38aa58d', '46003790', 'd38aa58d', '46003790', '5d5de21c', 'd38aa58d', '46003790']"
blk_2848792666494920534,"['bbb51b95', 'bbb51b95', '3d91fa85', 'bbb51b95', 'd38aa58d', '46003790', 'd38aa58d', '46003790', 'd38aa58d', '46003790', '5d5de21c', '5d5de21c', '5d5de21c']"
blk_-3181988259999374367,"['bbb51b95', '3d91fa85', 'bbb51b95', 'bbb51b95', '46003790', 'd38aa58d', '5d5de21c', '46003790', 'd38aa58d', '46003790', 'd38aa58d', '5d5de21c', '5d5de21c']"
blk_4582886850828427546,"['3d91fa85', 'bbb51b95', 'bbb51b95', 'bbb51b95', '5d5de21c', '5d5de21c', '5d5de21c', 'd38aa58d', '46003790', 'd38aa58d', '46003790', 'd38aa58d', '46003790']"
blk_-7815925657982350627,"['bbb51b95', 'bbb51b95', 'bbb51b95', '3d91fa85', 'd38aa58d', '46003790', 'd38aa58d', '46003790', 'd38aa58d', '46003790', '5d5de21c', '5d5de21c', '5d5de21c', '4dec0816']"
blk_-609327544520324179,"['bbb51b95', '3d91fa85', 'bbb51b95', 'bbb51b95', '46003790', 'd38aa58d', '46003790', 'd38aa58d', '46003790', '5d5de21c', '5d5de21c', 'd38aa58d', '5d5de21c']"
blk_-1509580174105644963,"['bbb51b95', 'bbb51b95', '3d91fa85', 'bbb51b95', 'd38aa58d', '46003790', 'd38aa58d', '46003790', 'd38aa58d', '46003790', '5d5de21c', '5d5de21c', '5d5de21c']"
blk_-3176061874814406068,"['bbb51b95', 'bbb51b95', 'bbb51b95', '3d91fa85', 'd38aa58d', '46003790', '5d5de21c', 'd38aa58d', '46003790', 'd38aa58d', '46003790', '5d5de21c', '5d5de21c']"
blk_6363625118205918423,"['bbb51b95', 'bbb51b95', '3d91fa85', 'bbb51b95', 'd38aa58d', '46003790', 'd38aa58d', '46003790', 'd38aa58d', '46003790', '5d5de21c', '5d5de21c', '5d5de21c']"
blk_-4899701171103985823,"['3d91fa85', 'bbb51b95', 'bbb51b95', 'bbb51b95', '5d5de21c', '5d5de21c', '5d5de21c', 'd38aa58d', '46003790', 'd38aa58d', '46003790', 'd38aa58d', '46003790']"
blk_5203387885736230829,"['bbb51b95', '3d91fa85', 'bbb51b95', 'bbb51b95', 'd38aa58d', '46003790', 'd38aa58d', '46003790', 'd38aa58d', '46003790', '5d5de21c', '5d5de21c', '5d5de21c', 'd63ef163', 'd63ef163', 'd63ef163', 'dba996ef', 'dba996ef', 'dba996ef']"
blk_-5799432420911843706,"['bbb51b95', '3d91fa85', 'bbb51b95', 'bbb51b95', '46003790', 'd38aa58d', '46003790', 'd38aa58d', '46003790', '5d5de21c', '5d5de21c', 'd38aa58d', '5d5de21c']"
blk_-8508057853272918816,"['bbb51b95', 'bbb51b95', '3d91fa85', 'bbb51b95', 'd38aa58d', '46003790', 'd38aa58d', '46003790', 'd38aa58d', '46003790', '5d5de21c', '5d5de21c', '5d5de21c', '32777b38', '32777b38', '32777b38', 'a333d363', 'a333d363', '4dec0816']"
blk_-6081157065294361731,"['3d91fa85', 'bbb51b95', 'bbb51b95', 'bbb51b95', '5d5de21c', '5d5de21c', '5d5de21c', 'd38aa58d', '46003790', 'd38aa58d', '46003790', 'd38aa58d', '46003790', '32777b38']"
blk_-5391806271705251766,"['bbb51b95', 'bbb51b95', 'bbb51b95', '3d91fa85', 'd38aa58d', '46003790', 'd38aa58d', '46003790', 'd38aa58d', '46003790', '5d5de21c', '5d5de21c', '5d5de21c', '4dec0816']"
blk_1719683110850422972,"['bbb51b95', 'bbb51b95', 'bbb51b95', '3d91fa85', 'd38aa58d', '46003790', 'd38aa58d', '46003790', 'd38aa58d', '46003790', '5d5de21c', '5d5de21c', '5d5de21c']"
blk_-2072287430257737206,"['3d91fa85', 'bbb51b95', 'bbb51b95', 'bbb51b95', '5d5de21c', '5d5de21c', 'd38aa58d', '46003790', 'd38aa58d', '46003790', '5d5de21c', 'd38aa58d', '46003790']"
blk_770430912278129893,"['3d91fa85', 'bbb51b95', 'bbb51b95', 'bbb51b95', '5d5de21c', '5d5de21c', 'd38aa58d', '46003790', 'd38aa58d', '46003790', '5d5de21c', 'd38aa58d', '46003790']"
blk_4214076171735877702,"['bbb51b95', '3d91fa85', 'bbb51b95', 'bbb51b95', 'd38aa58d', '46003790', 'd38aa58d', '46003790', '5d5de21c', '5d5de21c', 'd38aa58d', '46003790', '5d5de21c']"
blk_4927899767326864343,"['3d91fa85', 'bbb51b95', 'bbb51b95', 'bbb51b95', '5d5de21c', '5d5de21c', 'd38aa58d', '46003790', 'd38aa58d', '46003790', 'd38aa58d', '46003790', '5d5de21c', '32777b38']"
blk_115148535065401054,"['3d91fa85', 'bbb51b95', 'bbb51b95', 'bbb51b95', '5d5de21c', '5d5de21c', 'd38aa58d', '46003790', 'd38aa58d', '46003790', 'd38aa58d', '46003790', '5d5de21c']"
blk_2962963042531212879,"['3d91fa85', 'bbb51b95', 'bbb51b95', 'bbb51b95', '5d5de21c', '5d5de21c', '5d5de21c', 'd38aa58d', '46003790', 'd38aa58d', '46003790', 'd38aa58d', '46003790']"
blk_-8566255574704704050,"['3d91fa85', 'bbb51b95', 'bbb51b95', 'bbb51b95', 'd38aa58d', '46003790', 'd38aa58d', '46003790', '5d5de21c', '5d5de21c', 'd38aa58d', '46003790', '5d5de21c']"
blk_-3857141320181385052,"['bbb51b95', 'bbb51b95', '3d91fa85', 'bbb51b95', 'd38aa58d', '46003790', 'd38aa58d', '46003790', 'd38aa58d', '46003790', '5d5de21c', '5d5de21c', '5d5de21c']"
blk_-3535944153098894305,"['bbb51b95', 'bbb51b95', 'bbb51b95', '3d91fa85', 'd38aa58d', '46003790', 'd38aa58d', '46003790', 'd38aa58d', '46003790', '5d5de21c', '5d5de21c', '5d5de21c']"
blk_-4362403665399639839,"['3d91fa85', 'bbb51b95', 'bbb51b95', 'bbb51b95', '5d5de21c', '5d5de21c', '5d5de21c', 'd38aa58d', '46003790', 'd38aa58d', '46003790', 'd38aa58d', '46003790']"
blk_-462025714622527699,"['3d91fa85', 'bbb51b95', 'bbb51b95', 'bbb51b95', '5d5de21c', '5d5de21c', '5d5de21c', 'd38aa58d', '46003790', 'd38aa58d', '46003790', 'd38aa58d', '46003790']"
blk_5465712723516064342,"['bbb51b95', 'bbb51b95', '3d91fa85', 'bbb51b95', 'd38aa58d', '46003790', 'd38aa58d', '46003790', 'd38aa58d', '46003790', '5d5de21c', '5d5de21c', '5d5de21c']"
blk_-9189353097696258673,"['bbb51b95', '3d91fa85', 'bbb51b95', 'bbb51b95', '46003790', 'd38aa58d', '46003790', '5d5de21c', '5d5de21c', 'd38aa58d', 'd38aa58d', '46003790', '5d5de21c']"
blk_-6642078136783443218,"['3d91fa85', 'bbb51b95', 'bbb51b95', 'bbb51b95', '5d5de21c', 'd38aa58d', '46003790', 'd38aa58d', '46003790', '5d5de21c', '5d5de21c', 'd38aa58d', '46003790', 'a333d363']"
blk_-8841816597347150114,"['bbb51b95', 'bbb51b95', 'bbb51b95', '3d91fa85', 'd38aa58d', '46003790', 'd38aa58d', '46003790', 'd38aa58d', '46003790', '5d5de21c', '5d5de21c', '5d5de21c', 'a333d363', '4dec0816']"
blk_-1004987827044286237,"['bbb51b95', '3d91fa85', 'bbb51b95', 'bbb51b95', 'd38aa58d', '46003790', 'd38aa58d', '46003790', 'd38aa58d', '46003790', '5d5de21c', '5d5de21c', '5d5de21c']"
blk_7197539865857965481,"['bbb51b95', 'bbb51b95', '3d91fa85', 'bbb51b95', 'd38aa58d', '46003790', 'd38aa58d', '46003790', 'd38aa58d', '46003790', '5d5de21c', '5d5de21c', '5d5de21c']"
blk_-8108413775351568654,"['3d91fa85', 'bbb51b95', 'bbb51b95', 'bbb51b95', '5d5de21c', '5d5de21c', 'd38aa58d', '46003790', 'd38aa58d', '46003790', 'd38aa58d', '46003790', '5d5de21c']"
blk_3784495107381485980,"['bbb51b95', '3d91fa85', 'bbb51b95', 'bbb51b95', 'd38aa58d', '46003790', 'd38aa58d', '46003790', 'd38aa58d', '46003790', '5d5de21c', '5d5de21c', '5d5de21c']"
blk_5989691242733051547,"['bbb51b95', 'bbb51b95', 'bbb51b95', '3d91fa85', 'd38aa58d', '46003790', 'd38aa58d', '46003790', '5d5de21c', 'd38aa58d', '46003790', '5d5de21c', '5d5de21c']"
blk_-2286172208837758248,"['3d91fa85', 'bbb51b95', 'bbb51b95', 'bbb51b95', 'd38aa58d', '46003790', '5d5de21c', '5d5de21c', '5d5de21c', 'd38aa58d', '46003790', 'd38aa58d', '46003790']"
blk_2189174526985381475,"['bbb51b95', 'bbb51b95', '3d91fa85', 'bbb51b95', 'd38aa58d', '46003790', 'd38aa58d', 'd38aa58d', '46003790', '46003790', '5d5de21c', '5d5de21c', '5d5de21c', '32777b38', 'a333d363', 'a333d363', '4dec0816']"
blk_-4785113439200960105,"['3d91fa85', 'bbb51b95', 'bbb51b95', 'bbb51b95', '5d5de21c', '5d5de21c', '5d5de21c', 'd38aa58d', '46003790', 'd38aa58d', '46003790', 'd38aa58d', '46003790']"
blk_878581439869159398,"['bbb51b95', 'bbb51b95', 'bbb51b95', '3d91fa85', 'd38aa58d', '46003790', 'd38aa58d', '46003790', 'd38aa58d', '46003790', '5d5de21c', '5d5de21c', '5d5de21c']"
blk_1079062196178133512,"['bbb51b95', '3d91fa85', 'bbb51b95', 'bbb51b95', 'd38aa58d', '46003790', 'd38aa58d', 'd38aa58d', '46003790', '46003790', '5d5de21c', '5d5de21c', '5d5de21c', '32777b38', 'a333d363', '4dec0816', 'a333d363']"
blk_-5311614625617531862,"['bbb51b95', 'bbb51b95', 'bbb51b95', '3d91fa85', 'd38aa58d', '46003790', 'd38aa58d', '46003790', '5d5de21c', '5d5de21c', 'd38aa58d', '46003790', '5d5de21c']"
blk_-6016640865047100365,"['bbb51b95', '3d91fa85', 'bbb51b95', 'bbb51b95', 'd38aa58d', '46003790', 'd38aa58d', '46003790', 'd38aa58d', '46003790', '5d5de21c', '5d5de21c', '5d5de21c']"
blk_8373747884437580305,"['bbb51b95', 'bbb51b95', 'bbb51b95', '3d91fa85', 'd38aa58d', '46003790', 'd38aa58d', '46003790', 'd38aa58d', '46003790', '5d5de21c', '5d5de21c', '5d5de21c']"
blk_1694634485472016494,"['3d91fa85', 'bbb51b95', 'bbb51b95', 'bbb51b95', '5d5de21c', '5d5de21c', '5d5de21c', 'd38aa58d', 'd38aa58d', '46003790', '46003790', 'd38aa58d', '46003790', 'a333d363', '4dec0816', 'a333d363']"
blk_-3669603836016974866,"['bbb51b95', 'bbb51b95', '3d91fa85', 'bbb51b95', 'd38aa58d', '46003790', 'd38aa58d', '46003790', '5d5de21c', '5d5de21c', 'd38aa58d', '46003790', '5d5de21c']"
blk_5263934012916769971,"['bbb51b95', 'bbb51b95', 'bbb51b95', '3d91fa85', 'd38aa58d', '46003790', 'd38aa58d', '46003790', 'd38aa58d', '46003790', '5d5de21c', '5d5de21c', '5d5de21c']"
blk_-996675768144631582,"['bbb51b95', 'bbb51b95', '3d91fa85', 'bbb51b95', 'd38aa58d', 'd38aa58d', '46003790', '46003790', 'd38aa58d', '46003790', '5d5de21c', '5d5de21c', '5d5de21c', '4dec0816']"
blk_-2968866727664751713,"['bbb51b95', '3d91fa85', 'bbb51b95', 'bbb51b95', 'd38aa58d', '46003790', 'd38aa58d', '46003790', '46003790', '5d5de21c', '5d5de21c', '5d5de21c', 'd38aa58d']"
blk_-7889959679543813422,"['3d91fa85', 'bbb51b95', 'bbb51b95', 'bbb51b95', '5d5de21c', '5d5de21c', '5d5de21c', 'd38aa58d', '46003790', 'd38aa58d', '46003790', 'd38aa58d', '46003790', 'a333d363', '4dec0816', 'a333d363']"
blk_-4896343875963279452,"['3d91fa85', 'bbb51b95', 'bbb51b95', 'bbb51b95', '5d5de21c', '5d5de21c', 'd38aa58d', '46003790', 'd38aa58d', '46003790', '5d5de21c', 'd38aa58d', '46003790']"
blk_4469926898327392469,"['bbb51b95', '3d91fa85', 'bbb51b95', 'bbb51b95', 'd38aa58d', '46003790', 'd38aa58d', '46003790', 'd38aa58d', '46003790', '5d5de21c', '5d5de21c', '5d5de21c']"
blk_-9179669726036525881,"['3d91fa85', 'bbb51b95', 'bbb51b95', 'bbb51b95', '5d5de21c', '5d5de21c', '5d5de21c', 'd38aa58d', '46003790', 'd38aa58d', '46003790', 'd38aa58d', '46003790', 'a333d363', '4dec0816', 'a333d363']"
blk_-653221830137407297,"['3d91fa85', 'bbb51b95', 'bbb51b95', 'bbb51b95', '5d5de21c', '5d5de21c', '5d5de21c', 'd38aa58d', '46003790', 'd38aa58d', '46003790', 'd38aa58d', '46003790']"
blk_-3250116940218836857,"['3d91fa85', 'bbb51b95', 'bbb51b95', 'bbb51b95', '5d5de21c', '5d5de21c', 'd38aa58d', '46003790', 'd38aa58d', '46003790', 'd38aa58d', '46003790', '5d5de21c']"
blk_6282089834495728094,"['bbb51b95', '3d91fa85', 'bbb51b95', 'bbb51b95', 'd38aa58d', '46003790', 'd38aa58d', '46003790', 'd38aa58d', '46003790', '5d5de21c', '5d5de21c', '5d5de21c']"
blk_204956455949232941,"['bbb51b95', 'bbb51b95', '3d91fa85', 'bbb51b95', 'd38aa58d', '46003790', 'd38aa58d', '46003790', 'd38aa58d', '46003790', '5d5de21c', '5d5de21c', '5d5de21c']"
blk_-2599505374754142610,"['bbb51b95', 'bbb51b95', '3d91fa85', 'bbb51b95', 'd38aa58d', '46003790', 'd38aa58d', '46003790', 'd38aa58d', '46003790', '5d5de21c', '5d5de21c', '5d5de21c']"
blk_-710476562385878432,"['bbb51b95', 'bbb51b95', 'bbb51b95', '3d91fa85', 'd38aa58d', '46003790', '46003790', 'd38aa58d', '46003790', '5d5de21c', '5d5de21c', '5d5de21c', 'd38aa58d']"
blk_-1803291864762202122,"['bbb51b95', 'bbb51b95', 'bbb51b95', '3d91fa85', 'd38aa58d', '46003790', 'd38aa58d', '46003790', 'd38aa58d', '46003790', '5d5de21c', '5d5de21c', '5d5de21c']"
blk_-1858666683316134684,"['bbb51b95', 'bbb51b95', '3d91fa85', 'bbb51b95', 'd38aa58d', '46003790', '5d5de21c', 'd38aa58d', '46003790', 'd38aa58d', '46003790', '5d5de21c', '5d5de21c']"
blk_5164231823332768140,"['bbb51b95', 'bbb51b95', '3d91fa85', 'bbb51b95', 'd38aa58d', '46003790', 'd38aa58d', '46003790', '5d5de21c', '5d5de21c', 'd38aa58d', '46003790', '5d5de21c']"
blk_-4454815329197088080,"['3d91fa85', 'bbb51b95', 'bbb51b95', 'bbb51b95', '5d5de21c', '5d5de21c', '5d5de21c', 'd38aa58d', 'd38aa58d', '46003790', '46003790', 'd38aa58d', '46003790']"
blk_-7607820020386002831,"['3d91fa85', 'bbb51b95', 'bbb51b95', 'bbb51b95', 'd38aa58d', '46003790', 'd38aa58d', '46003790', 'd38aa58d', '46003790', '5d5de21c', '5d5de21c', '5d5de21c']"
blk_-4706055847985364221,"['bbb51b95', 'bbb51b95', '3d91fa85', 'bbb51b95', 'd38aa58d', '46003790', 'd38aa58d', 'd38aa58d', '46003790', '46003790', '5d5de21c', '5d5de21c', '5d5de21c']"
blk_7183348168665263943,"['3d91fa85', 'bbb51b95', 'bbb51b95', 'bbb51b95', '5d5de21c', 'd38aa58d', '46003790', 'd38aa58d', '46003790', '5d5de21c', '5d5de21c', 'd38aa58d', '46003790']"
blk_1494599440949494485,"['bbb51b95', 'bbb51b95', 'bbb51b95', '3d91fa85', 'd38aa58d', '46003790', '5d5de21c', 'd38aa58d', '46003790', 'd38aa58d', '46003790', '5d5de21c', '5d5de21c']"
blk_4085139613270908133,"['bbb51b95', '3d91fa85', 'bbb51b95', 'bbb51b95', 'd38aa58d', '46003790', 'd38aa58d', '46003790', 'd38aa58d', '46003790', '5d5de21c', '5d5de21c', '5d5de21c']"
blk_-5634458031699912463,"['bbb51b95', 'bbb51b95', '3d91fa85', 'bbb51b95', 'd38aa58d', '46003790', 'd38aa58d', '46003790', 'd38aa58d', '46003790', '5d5de21c', '5d5de21c', '5d5de21c']"
blk_8586790715086121468,"['3d91fa85', 'bbb51b95', 'bbb51b95', 'bbb51b95', 'd38aa58d', '46003790', '5d5de21c', '5d5de21c', 'd38aa58d', '46003790', 'd38aa58d', '46003790', '5d5de21c']"
blk_-4323037545001091353,"['bbb51b95', 'bbb51b95', 'bbb51b95', '3d91fa85', 'd38aa58d', '46003790', 'd38aa58d', '46003790', 'd38aa58d', '46003790', '5d5de21c', '5d5de21c', '5d5de21c']"
blk_-4343721075315480226,"['bbb51b95', 'bbb51b95', 'bbb51b95', '3d91fa85', 'd38aa58d', '46003790', 'd38aa58d', '46003790', 'd38aa58d', '46003790', '5d5de21c', '5d5de21c', '5d5de21c']"
blk_-2744021066218325984,"['bbb51b95', 'bbb51b95', 'bbb51b95', '3d91fa85', 'd38aa58d', '46003790', '46003790', 'd38aa58d', '46003790', '5d5de21c', '5d5de21c', 'd38aa58d', '5d5de21c', '32777b38']"
blk_3802315292472896295,"['bbb51b95', '3d91fa85', 'bbb51b95', 'bbb51b95', 'd38aa58d', '46003790', 'd38aa58d', '46003790', 'd38aa58d', '46003790', '5d5de21c', '5d5de21c', '5d5de21c', 'a333d363']"
blk_6364143606406715972,"['3d91fa85', 'bbb51b95', 'bbb51b95', 'bbb51b95', '5d5de21c', 'd38aa58d', '46003790', '5d5de21c', '5d5de21c', 'd38aa58d', '46003790', 'd38aa58d', '46003790']"
blk_5072343318986466335,"['bbb51b95', 'bbb51b95', 'bbb51b95', '3d91fa85', 'd38aa58d', '46003790', 'd38aa58d', '46003790', 'd38aa58d', '46003790', '5d5de21c', '5d5de21c', '5d5de21c']"
blk_3988933106814687817,"['bbb51b95', 'bbb51b95', '3d91fa85', 'bbb51b95', 'd38aa58d', '46003790', 'd38aa58d', '46003790', '5d5de21c', '5d5de21c', 'd38aa58d', '46003790', '5d5de21c', 'a333d363']"
blk_5119198598659672818,"['bbb51b95', 'bbb51b95', '3d91fa85', 'bbb51b95', 'd38aa58d', '46003790', 'd38aa58d', '46003790', 'd38aa58d', '46003790', '5d5de21c', '5d5de21c', '5d5de21c', 'a333d363', '4dec0816']"
blk_-4969235823780020247,"['bbb51b95', 'bbb51b95', '3d91fa85', 'bbb51b95', 'd38aa58d', '46003790', 'd38aa58d', '46003790', '5d5de21c', '5d5de21c', 'd38aa58d', '46003790', '5d5de21c', '32777b38', '32777b38', '32777b38']"
blk_-1830550164389209066,"['bbb51b95', 'bbb51b95', 'bbb51b95', '3d91fa85', 'd38aa58d', '46003790', 'd38aa58d', '46003790', 'd38aa58d', '46003790', '5d5de21c', '5d5de21c', '5d5de21c']"
blk_6829605341559658739,"['bbb51b95', 'bbb51b95', '3d91fa85', 'bbb51b95', 'd38aa58d', '46003790', 'd38aa58d', '46003790', 'd38aa58d', '46003790', '5d5de21c', '5d5de21c', '5d5de21c']"
blk_-7115798254211678858,"['3d91fa85', 'bbb51b95', 'bbb51b95', 'bbb51b95', 'd38aa58d', '46003790', 'd38aa58d', '46003790', '5d5de21c', '5d5de21c', 'd38aa58d', '46003790', '5d5de21c']"
blk_2439242834066341567,"['bbb51b95', 'bbb51b95', 'bbb51b95', '3d91fa85', 'd38aa58d', '46003790', 'd38aa58d', '46003790', 'd38aa58d', '46003790', '5d5de21c', '5d5de21c', '5d5de21c']"
blk_-7239412806660071951,"['bbb51b95', '3d91fa85', 'bbb51b95', 'bbb51b95', 'd38aa58d', '46003790', 'd38aa58d', '46003790', 'd38aa58d', '46003790', '5d5de21c', '5d5de21c', '5d5de21c']"
blk_928819964064602304,"['bbb51b95', 'bbb51b95', 'bbb51b95', '3d91fa85', 'd38aa58d', '46003790', 'd38aa58d', '46003790', 'd38aa58d', '46003790', '5d5de21c', '5d5de21c', '5d5de21c', 'a333d363', '4dec0816']"
blk_3468575596223411945,"['bbb51b95', 'bbb51b95', '3d91fa85', 'bbb51b95', 'd38aa58d', '46003790', 'd38aa58d', '46003790', '5d5de21c', '5d5de21c', 'd38aa58d', '46003790', '5d5de21c']"
blk_-1458055971078870192,"['bbb51b95', 'bbb51b95', 'bbb51b95', '3d91fa85', 'd38aa58d', '46003790', 'd38aa58d', '46003790', '5d5de21c', '5d5de21c', 'd38aa58d', '46003790', '5d5de21c']"
blk_5656471127353900642,"['3d91fa85', 'bbb51b95', 'bbb51b95', 'bbb51b95', '5d5de21c', '5d5de21c', '5d5de21c', 'd38aa58d', '46003790', 'd38aa58d', '46003790', 'd38aa58d', '46003790']"
blk_8329466570315019834,"['bbb51b95', 'bbb51b95', '3d91fa85', 'bbb51b95', 'd38aa58d', '46003790', 'd38aa58d', '46003790', 'd38aa58d', '46003790', '5d5de21c', '5d5de21c', '5d5de21c']"
blk_5156246201555231847,"['bbb51b95', '3d91fa85', 'bbb51b95', 'bbb51b95', '5d5de21c', '5d5de21c', '5d5de21c', 'd38aa58d', '46003790', 'd38aa58d', 'd38aa58d', '46003790', '46003790', '32777b38', '32777b38']"
blk_-7688131058001573023,"['bbb51b95', 'bbb51b95', 'bbb51b95', '3d91fa85', 'd38aa58d', '46003790', '5d5de21c', 'd38aa58d', '46003790', 'd38aa58d', '46003790', '5d5de21c', '5d5de21c', 'a333d363']"
blk_-792281489508548940,"['bbb51b95', '3d91fa85', 'bbb51b95', 'bbb51b95', 'd38aa58d', '46003790', 'd38aa58d', '46003790', 'd38aa58d', '46003790', '5d5de21c', '5d5de21c', '5d5de21c']"
blk_-5313589127038476006,"['3d91fa85', 'bbb51b95', 'bbb51b95', 'bbb51b95', '5d5de21c', '5d5de21c', '5d5de21c', 'd38aa58d', '46003790', 'd38aa58d', '46003790', 'd38aa58d', '46003790']"
blk_1871435637573387663,"['bbb51b95', 'bbb51b95', 'bbb51b95', '3d91fa85', 'd38aa58d', '46003790', 'd38aa58d', '46003790', '5d5de21c', '5d5de21c', 'd38aa58d', '46003790', '5d5de21c']"
blk_-7896665939960869356,"['bbb51b95', 'bbb51b95', 'bbb51b95', '3d91fa85', 'd38aa58d', '46003790', 'd38aa58d', '46003790', 'd38aa58d', '46003790', '5d5de21c', '5d5de21c', '5d5de21c']"
blk_-8381037049128597315,"['bbb51b95', 'bbb51b95', 'bbb51b95', '3d91fa85', 'd38aa58d', '46003790', 'd38aa58d', '46003790', 'd38aa58d', '46003790', '5d5de21c', '5d5de21c', '5d5de21c']"
blk_1038603902414757864,"['3d91fa85', 'bbb51b95', 'bbb51b95', 'bbb51b95', '5d5de21c', 'd38aa58d', '46003790', 'd38aa58d', '46003790', '5d5de21c', '5d5de21c', 'd38aa58d', '46003790', 'a333d363', 'a333d363', '4dec0816']"
blk_7770207014991031294,"['bbb51b95', 'bbb51b95', 'bbb51b95', '3d91fa85', 'd38aa58d', '46003790', 'd38aa58d', '46003790', 'd38aa58d', '46003790', '5d5de21c', '5d5de21c', '5d5de21c', 'd63ef163', 'd63ef163', 'd63ef163', 'dba996ef', 'dba996ef', 'dba996ef']"
blk_3680024452357540754,"['bbb51b95', 'bbb51b95', 'bbb51b95', '3d91fa85', 'd38aa58d', '46003790', 'd38aa58d', '46003790', 'd38aa58d', '46003790', '5d5de21c', '5d5de21c', '5d5de21c']"
blk_6115271592090178946,"['3d91fa85', 'bbb51b95', 'bbb51b95', 'bbb51b95', '5d5de21c', '5d5de21c', '5d5de21c', 'd38aa58d', '46003790', 'd38aa58d', '46003790', 'd38aa58d', '46003790']"
blk_1563203023277051961,"['bbb51b95', '3d91fa85', 'bbb51b95', 'bbb51b95', 'd38aa58d', '46003790', 'd38aa58d', '46003790', '46003790', '5d5de21c', '5d5de21c', 'd38aa58d', '5d5de21c', 'd63ef163', 'd63ef163', 'd63ef163', 'dba996ef', 'dba996ef', 'dba996ef']"
blk_4355820301877312752,"['3d91fa85', 'bbb51b95', 'bbb51b95', 'bbb51b95', '5d5de21c', '5d5de21c', '5d5de21c', 'd38aa58d', '46003790', 'd38aa58d', '46003790', 'd38aa58d', '46003790']"
blk_-7338424835328213231,"['bbb51b95', 'bbb51b95', 'bbb51b95', '3d91fa85', 'd38aa58d', '46003790', 'd38aa58d', '46003790', '5d5de21c', 'd38aa58d', '46003790', '5d5de21c', '5d5de21c']"
blk_6061677308722416604,"['bbb51b95', '3d91fa85', 'bbb51b95', 'bbb51b95', 'd38aa58d', '46003790', 'd38aa58d', '46003790', 'd38aa58d', '46003790', '5d5de21c', '5d5de21c', '5d5de21c']"
blk_640128091219935230,"['bbb51b95', 'bbb51b95', 'bbb51b95', '3d91fa85', 'd38aa58d', '46003790', '5d5de21c', 'd38aa58d', '46003790', 'd38aa58d', '46003790', '5d5de21c', '5d5de21c']"
blk_-242971666081970345,"['3d91fa85', 'bbb51b95', 'bbb51b95', 'bbb51b95', '5d5de21c', '5d5de21c', '5d5de21c', 'd38aa58d', '46003790', 'd38aa58d', '46003790', 'd38aa58d', '46003790']"
blk_-7845228756659474655,"['bbb51b95', 'bbb51b95', 'bbb51b95', '3d91fa85', 'd38aa58d', '46003790', 'd38aa58d', '46003790', 'd38aa58d', '46003790', '5d5de21c', '5d5de21c', '5d5de21c']"
blk_3414857446441822669,"['bbb51b95', 'bbb51b95', '3d91fa85', 'bbb51b95', 'd38aa58d', '46003790', 'd38aa58d', '46003790', 'd38aa58d', '46003790', '5d5de21c', '5d5de21c', '5d5de21c', '4dec0816']"
blk_-7674090579761995800,"['bbb51b95', 'bbb51b95', '3d91fa85', 'bbb51b95', 'd38aa58d', '46003790', 'd38aa58d', '46003790', 'd38aa58d', '46003790', '5d5de21c', '5d5de21c', '5d5de21c', '4dec0816']"
blk_2874252973741139786,"['3d91fa85', 'bbb51b95', 'bbb51b95', 'bbb51b95', '5d5de21c', '5d5de21c', '5d5de21c', 'd38aa58d', '46003790', 'd38aa58d', '46003790', 'd38aa58d', '46003790', 'a333d363', '4dec0816']"
blk_-7660193828821971101,"['bbb51b95', 'bbb51b95', 'bbb51b95', '3d91fa85', 'd38aa58d', 'd38aa58d', '46003790', '46003790', 'd38aa58d', '46003790', '5d5de21c', '5d5de21c', '5d5de21c', '32777b38', '32777b38', '32777b38', 'a333d363']"
blk_6338671125685552396,"['3d91fa85', 'bbb51b95', 'bbb51b95', 'bbb51b95', '5d5de21c', '5d5de21c', 'd38aa58d', '46003790', 'd38aa58d', '46003790', '5d5de21c', 'd38aa58d', '46003790']"
blk_-8846121185153254258,"['bbb51b95', 'bbb51b95', '3d91fa85', 'bbb51b95', 'd38aa58d', '46003790', 'd38aa58d', '46003790', 'd38aa58d', '46003790', '5d5de21c', '5d5de21c', '5d5de21c', 'd63ef163', 'd63ef163', 'd63ef163', 'dba996ef', 'dba996ef', 'dba996ef']"
blk_4150273461823187768,"['3d91fa85', 'bbb51b95', 'bbb51b95', 'bbb51b95', '5d5de21c', '5d5de21c', '46003790', 'd38aa58d', 'd38aa58d', '46003790', '46003790', '5d5de21c', 'd38aa58d']"
blk_-7954286615122649821,"['bbb51b95', 'bbb51b95', '3d91fa85', 'bbb51b95', 'd38aa58d', '46003790', 'd38aa58d', '46003790', 'd38aa58d', '46003790', '5d5de21c', '5d5de21c', '5d5de21c']"
blk_6354700802989696437,"['bbb51b95', '3d91fa85', 'bbb51b95', 'bbb51b95', 'd38aa58d', '46003790', 'd38aa58d', '46003790', 'd38aa58d', '46003790', '5d5de21c', '5d5de21c', '5d5de21c']"
blk_6102031606570288077,"['bbb51b95', '3d91fa85', 'bbb51b95', 'bbb51b95', '5d5de21c', 'd38aa58d', '46003790', 'd38aa58d', '46003790', 'd38aa58d', '46003790', '5d5de21c', '5d5de21c']"
blk_4286887770593516283,"['3d91fa85', 'bbb51b95', 'bbb51b95', 'bbb51b95', 'd38aa58d', '46003790', '5d5de21c', '5d5de21c', '5d5de21c', 'd38aa58d', '46003790', 'd38aa58d', '46003790']"
blk_9034439880537804662,"['bbb51b95', 'bbb51b95', 'bbb51b95', '3d91fa85', 'd38aa58d', 'd38aa58d', '46003790', '46003790', 'd38aa58d', '46003790', '5d5de21c', '5d5de21c', '5d5de21c']"
blk_-1160412431336181781,"['bbb51b95', 'bbb51b95', '3d91fa85', 'bbb51b95', 'd38aa58d', '46003790', '5d5de21c', 'd38aa58d', '46003790', 'd38aa58d', '46003790', '5d5de21c', '5d5de21c']"
blk_4967468927883539607,"['3d91fa85', 'bbb51b95', 'bbb51b95', 'bbb51b95', '5d5de21c', 'd38aa58d', '46003790', 'd38aa58d', '46003790', '5d5de21c', 'd38aa58d', '46003790', '5d5de21c', '32777b38', 'a333d363']"
blk_8356007357403371376,"['bbb51b95', 'bbb51b95', '3d91fa85', 'bbb51b95', 'd38aa58d', '46003790', 'd38aa58d', '46003790', 'd38aa58d', '46003790', '5d5de21c', '5d5de21c', '5d5de21c']"
blk_8666724727822724461,"['3d91fa85', 'bbb51b95', 'bbb51b95', 'bbb51b95', '5d5de21c', 'd38aa58d', '46003790', '5d5de21c', '5d5de21c', 'd38aa58d', '46003790', 'd38aa58d', '46003790', 'a333d363']"
blk_8536936214337886202,"['bbb51b95', 'bbb51b95', 'bbb51b95', '3d91fa85', 'd38aa58d', '46003790', 'd38aa58d', '46003790', 'd38aa58d', '46003790', '5d5de21c', '5d5de21c', '5d5de21c']"
blk_7313657922326433895,"['bbb51b95', 'bbb51b95', 'bbb51b95', '3d91fa85', 'd38aa58d', '46003790', 'd38aa58d', '46003790', 'd38aa58d', '46003790', '5d5de21c', '5d5de21c', '5d5de21c']"
blk_-7573136957607285266,"['bbb51b95', 'bbb51b95', '3d91fa85', 'bbb51b95', 'd38aa58d', '46003790', 'd38aa58d', '46003790', 'd38aa58d', '46003790', '5d5de21c', '5d5de21c', '5d5de21c', '32777b38']"
blk_9124473846275025491,"['bbb51b95', 'bbb51b95', 'bbb51b95', '3d91fa85', 'd38aa58d', '46003790', 'd38aa58d', '46003790', 'd38aa58d', '46003790', '5d5de21c', '5d5de21c', '5d5de21c']"
blk_6363652339482454703,"['bbb51b95', 'bbb51b95', '3d91fa85', 'bbb51b95', 'd38aa58d', '46003790', 'd38aa58d', '46003790', 'd38aa58d', '46003790', '5d5de21c', '5d5de21c', '5d5de21c']"
blk_-7712920232905687547,"['bbb51b95', 'bbb51b95', 'bbb51b95', '3d91fa85', 'd38aa58d', '46003790', 'd38aa58d', '46003790', 'd38aa58d', '46003790', '5d5de21c', '5d5de21c', '5d5de21c']"
blk_4913253334710795547,"['bbb51b95', 'bbb51b95', '3d91fa85', 'bbb51b95', 'd38aa58d', '46003790', 'd38aa58d', '46003790', 'd38aa58d', '46003790', '5d5de21c', '5d5de21c', '5d5de21c']"
blk_-1714884173502467046,"['3d91fa85', 'bbb51b95', 'bbb51b95', 'bbb51b95', '5d5de21c', 'd38aa58d', '46003790', 'd38aa58d', '46003790', '5d5de21c', '5d5de21c', 'd38aa58d', '46003790']"
blk_-1399692562855116535,"['bbb51b95', 'bbb51b95', 'bbb51b95', '3d91fa85', 'd38aa58d', '46003790', 'd38aa58d', '46003790', 'd38aa58d', '46003790', '5d5de21c', '5d5de21c', '5d5de21c']"
blk_-1235272432107085959,"['bbb51b95', 'bbb51b95', '3d91fa85', 'bbb51b95', 'd38aa58d', '46003790', 'd38aa58d', '46003790', '5d5de21c', 'd38aa58d', '46003790', '5d5de21c', '5d5de21c']"
blk_-6384188908822008602,"['bbb51b95', 'bbb51b95', '3d91fa85', 'bbb51b95', 'd38aa58d', '46003790', 'd38aa58d', 'd38aa58d', '46003790', '46003790', '5d5de21c', '5d5de21c', '5d5de21c', 'a333d363', '4dec0816']"
blk_5312012145691435477,"['bbb51b95', 'bbb51b95', 'bbb51b95', '3d91fa85', 'd38aa58d', '46003790', 'd38aa58d', '46003790', 'd38aa58d', '46003790', '5d5de21c', '5d5de21c', '5d5de21c']"
blk_-8760087796706230024,"['bbb51b95', 'bbb51b95', 'bbb51b95', '3d91fa85', 'd38aa58d', '46003790', 'd38aa58d', '46003790', 'd38aa58d', '46003790', '5d5de21c', '5d5de21c', '5d5de21c', 'd63ef163', 'd63ef163', 'd63ef163', 'dba996ef', 'dba996ef', 'dba996ef']"
blk_8078643219945400073,"['bbb51b95', 'bbb51b95', '3d91fa85', 'bbb51b95', 'd38aa58d', '46003790', 'd38aa58d', '46003790', 'd38aa58d', '46003790', '5d5de21c', '5d5de21c', '5d5de21c', '32777b38']"
blk_-4026330115303607086,"['bbb51b95', 'bbb51b95', 'bbb51b95', '3d91fa85', 'd38aa58d', '46003790', 'd38aa58d', 'd38aa58d', '46003790', '46003790', '5d5de21c', '5d5de21c', '5d5de21c', '32777b38', '32777b38', '32777b38', 'a333d363']"
blk_155941754525046120,"['bbb51b95', '3d91fa85', 'bbb51b95', 'bbb51b95', '5d5de21c', '5d5de21c', 'd38aa58d', '46003790', 'd38aa58d', '46003790', '5d5de21c', 'd38aa58d', '46003790']"
blk_-2910067197740872545,"['3d91fa85', 'bbb51b95', 'bbb51b95', 'bbb51b95', 'd38aa58d', '46003790', '5d5de21c', '5d5de21c', '5d5de21c', 'd38aa58d', '46003790', 'd38aa58d', '46003790', 'a333d363']"
blk_852751620494653032,"['3d91fa85', 'bbb51b95', 'bbb51b95', 'bbb51b95', '5d5de21c', '5d5de21c', '5d5de21c', 'd38aa58d', '46003790', 'd38aa58d', '46003790', 'd38aa58d', '46003790']"
blk_-9199763208060966748,"['bbb51b95', '3d91fa85', 'bbb51b95', 'bbb51b95', 'd38aa58d', '46003790', '5d5de21c', 'd38aa58d', '46003790', 'd38aa58d', '46003790', '5d5de21c', '5d5de21c']"
blk_-1606731773582670547,"['bbb51b95', 'bbb51b95', 'bbb51b95', '3d91fa85', 'd38aa58d', '46003790', 'd38aa58d', '46003790', 'd38aa58d', '46003790', '5d5de21c', '5d5de21c', '5d5de21c']"
blk_6179789421874735316,"['bbb51b95', 'bbb51b95', '3d91fa85', 'bbb51b95', 'd38aa58d', '46003790', 'd38aa58d', '46003790', 'd38aa58d', '46003790', '5d5de21c', '5d5de21c', '5d5de21c']"
blk_1668871792386605869,"['bbb51b95', 'bbb51b95', '3d91fa85', 'bbb51b95', 'd38aa58d', '46003790', 'd38aa58d', '46003790', 'd38aa58d', '46003790', '5d5de21c', '5d5de21c', '5d5de21c', 'a333d363', '4dec0816']"
blk_8626328952828122951,"['bbb51b95', 'bbb51b95', '3d91fa85', 'bbb51b95', 'd38aa58d', '46003790', 'd38aa58d', '46003790', '5d5de21c', 'd38aa58d', '46003790', '5d5de21c', '5d5de21c']"
blk_-2805577906701610135,"['bbb51b95', '3d91fa85', 'bbb51b95', 'bbb51b95', 'd38aa58d', '46003790', 'd38aa58d', '46003790', 'd38aa58d', '46003790', '5d5de21c', '5d5de21c', '5d5de21c']"
blk_-5384307213260832244,"['3d91fa85', 'bbb51b95', 'bbb51b95', 'bbb51b95', 'd38aa58d', '46003790', 'd38aa58d', '46003790', 'd38aa58d', '46003790', '5d5de21c', '5d5de21c', '5d5de21c']"
blk_6285549892133025931,"['3d91fa85', 'bbb51b95', 'bbb51b95', 'bbb51b95', '5d5de21c', '5d5de21c', 'd38aa58d', '46003790', 'd38aa58d', '46003790', 'd38aa58d', '46003790', '5d5de21c', 'a333d363', 'a333d363', '4dec0816']"
blk_8551706172434307092,"['bbb51b95', 'bbb51b95', 'bbb51b95', '3d91fa85', 'd38aa58d', '46003790', 'd38aa58d', '46003790', 'd38aa58d', '46003790', '5d5de21c', '5d5de21c', '5d5de21c', 'a333d363']"
blk_1240498719540558549,"['bbb51b95', 'bbb51b95', '3d91fa85', 'bbb51b95', 'd38aa58d', '46003790', 'd38aa58d', '46003790', '5d5de21c', '5d5de21c', '5d5de21c', 'd38aa58d', '46003790', 'a333d363', '4dec0816']"
blk_1156234702439814567,"['3d91fa85', 'bbb51b95', 'bbb51b95', 'bbb51b95', '5d5de21c', '5d5de21c', 'd38aa58d', '46003790', 'd38aa58d', '46003790', 'd38aa58d', '46003790', '5d5de21c']"
blk_-1919607432131961429,"['bbb51b95', 'bbb51b95', '3d91fa85', 'bbb51b95', '46003790', 'd38aa58d', '46003790', 'd38aa58d', 'd38aa58d', '46003790', '5d5de21c', '5d5de21c', '5d5de21c']"
blk_-2004990983068843926,"['3d91fa85', 'bbb51b95', 'bbb51b95', 'bbb51b95', '5d5de21c', '5d5de21c', '5d5de21c', 'd38aa58d', '46003790', 'd38aa58d', '46003790', 'd38aa58d', '46003790']"
blk_-7003628760569817401,"['bbb51b95', 'bbb51b95', '3d91fa85', 'bbb51b95', 'd38aa58d', '46003790', 'd38aa58d', '46003790', 'd38aa58d', '46003790', '5d5de21c', '5d5de21c', '5d5de21c', 'a333d363', '4dec0816']"
blk_3101640100225034985,"['bbb51b95', 'bbb51b95', '3d91fa85', 'bbb51b95', 'd38aa58d', '46003790', 'd38aa58d', '46003790', 'd38aa58d', '46003790', '5d5de21c', '5d5de21c', '5d5de21c']"
blk_1071314277212151008,"['bbb51b95', '3d91fa85', 'bbb51b95', 'bbb51b95', 'd38aa58d', '46003790', 'd38aa58d', '46003790', 'd38aa58d', '46003790', '5d5de21c', '5d5de21c', '5d5de21c']"
blk_8134049072541904964,"['3d91fa85', 'bbb51b95', 'bbb51b95', 'bbb51b95', '5d5de21c', '5d5de21c', '5d5de21c', 'd38aa58d', '46003790', 'd38aa58d', '46003790', 'd38aa58d', '46003790']"
blk_-1529016843251694549,"['bbb51b95', 'bbb51b95', 'bbb51b95', '3d91fa85', 'd38aa58d', '46003790', 'd38aa58d', '46003790', 'd38aa58d', '46003790', '5d5de21c', '5d5de21c', '5d5de21c', 'a333d363', '4dec0816']"
blk_8215644873702962150,"['bbb51b95', 'bbb51b95', 'bbb51b95', '3d91fa85', 'd38aa58d', '46003790', 'd38aa58d', '46003790', 'd38aa58d', '46003790', '5d5de21c', '5d5de21c', '5d5de21c']"
blk_1416648329956155178,"['bbb51b95', '3d91fa85', 'bbb51b95', 'bbb51b95', 'd38aa58d', '46003790', '5d5de21c', 'd38aa58d', '46003790', 'd38aa58d', '46003790', '5d5de21c', '5d5de21c', 'a333d363', '4dec0816']"
blk_-6004719982658727637,"['3d91fa85', 'bbb51b95', 'bbb51b95', 'bbb51b95', '5d5de21c', '5d5de21c', '5d5de21c', 'd38aa58d', '46003790', 'd38aa58d', '46003790', 'd38aa58d', '46003790']"
blk_-2071422880652174442,"['bbb51b95', 'bbb51b95', 'bbb51b95', '3d91fa85', 'd38aa58d', '46003790', 'd38aa58d', '46003790', 'd38aa58d', '46003790', '5d5de21c', '5d5de21c', '5d5de21c']"
blk_7381098552867264682,"['bbb51b95', '3d91fa85', 'bbb51b95', 'bbb51b95', 'd38aa58d', '46003790', '5d5de21c', 'd38aa58d', '46003790', 'd38aa58d', '46003790', '5d5de21c', '5d5de21c', 'a333d363', '4dec0816']"
blk_-3399240657627286836,"['bbb51b95', 'bbb51b95', 'bbb51b95', '3d91fa85', 'd38aa58d', '46003790', 'd38aa58d', '46003790', 'd38aa58d', '46003790', '5d5de21c', '5d5de21c', '5d5de21c']"
blk_3930322437221504900,"['3d91fa85', 'bbb51b95', 'bbb51b95', 'bbb51b95', 'd38aa58d', '46003790', 'd38aa58d', '46003790', 'd38aa58d', '46003790', '5d5de21c', '5d5de21c', '5d5de21c']"
blk_5161535612032572360,"['bbb51b95', 'bbb51b95', '3d91fa85', 'bbb51b95', 'd38aa58d', '46003790', 'd38aa58d', '46003790', 'd38aa58d', '46003790', '5d5de21c', '5d5de21c', '5d5de21c', '32777b38']"
blk_-8806482532556067392,"['bbb51b95', 'bbb51b95', '3d91fa85', 'bbb51b95', 'd38aa58d', '46003790', 'd38aa58d', '46003790', '5d5de21c', '5d5de21c', 'd38aa58d', '46003790', '5d5de21c']"
blk_35862164589565487,"['bbb51b95', 'bbb51b95', '3d91fa85', 'bbb51b95', 'd38aa58d', '46003790', '5d5de21c', 'd38aa58d', '46003790', 'd38aa58d', '46003790', '5d5de21c', '5d5de21c', 'a333d363', '4dec0816']"
blk_3544666882427051217,"['bbb51b95', '3d91fa85', 'bbb51b95', 'bbb51b95', 'd38aa58d', '46003790', 'd38aa58d', '46003790', 'd38aa58d', '46003790', '5d5de21c', '5d5de21c', '5d5de21c']"
blk_2884359235897506198,"['3d91fa85', 'bbb51b95', 'bbb51b95', 'bbb51b95', '5d5de21c', '5d5de21c', '5d5de21c', 'd38aa58d', '46003790', 'd38aa58d', '46003790', 'd38aa58d', '46003790']"
blk_-1243660561514232076,"['3d91fa85', 'bbb51b95', 'bbb51b95', 'bbb51b95', '5d5de21c', '5d5de21c', '5d5de21c', 'd38aa58d', '46003790', 'd38aa58d', '46003790', 'd38aa58d', '46003790']"
blk_-7381676327533691089,"['3d91fa85', 'bbb51b95', 'bbb51b95', 'bbb51b95', 'd38aa58d', '46003790', 'd38aa58d', '46003790', 'd38aa58d', '46003790', '5d5de21c', '5d5de21c', '5d5de21c']"
blk_-6311982189736272237,"['bbb51b95', 'bbb51b95', '3d91fa85', 'bbb51b95', 'd38aa58d', '46003790', 'd38aa58d', '46003790', '5d5de21c', '5d5de21c', 'd38aa58d', '46003790', '5d5de21c']"
blk_7003432620397283456,"['3d91fa85', 'bbb51b95', 'bbb51b95', 'bbb51b95', '5d5de21c', '5d5de21c', '5d5de21c', 'd38aa58d', '46003790', 'd38aa58d', '46003790', '46003790', 'd38aa58d']"
blk_4038672314214420373,"['3d91fa85', 'bbb51b95', 'bbb51b95', 'bbb51b95', '5d5de21c', '5d5de21c', '5d5de21c', 'd38aa58d', '46003790', 'd38aa58d', '46003790', 'd38aa58d', '46003790']"
blk_-879068191804015898,"['3d91fa85', 'bbb51b95', 'bbb51b95', 'bbb51b95', '5d5de21c', '5d5de21c', '5d5de21c', 'd38aa58d', '46003790', 'd38aa58d', '46003790', 'd38aa58d', '46003790', 'a333d363', '4dec0816', 'a333d363']"
blk_8488302981811129417,"['3d91fa85', 'bbb51b95', 'bbb51b95', 'bbb51b95', '5d5de21c', '5d5de21c', 'd38aa58d', '46003790', 'd38aa58d', '46003790', '5d5de21c', 'd38aa58d', '46003790']"
blk_1765542111964241134,"['3d91fa85', 'bbb51b95', 'bbb51b95', 'bbb51b95', 'd38aa58d', '46003790', 'd38aa58d', '46003790', 'd38aa58d', '46003790', '5d5de21c', '5d5de21c', '5d5de21c']"
blk_-128339166801086086,"['bbb51b95', 'bbb51b95', 'bbb51b95', '3d91fa85', 'd38aa58d', '46003790', 'd38aa58d', '46003790', 'd38aa58d', '46003790', '5d5de21c', '5d5de21c', '5d5de21c']"
blk_-870451614540766772,"['bbb51b95', 'bbb51b95', '3d91fa85', 'bbb51b95', 'd38aa58d', '46003790', 'd38aa58d', '46003790', 'd38aa58d', '46003790', '5d5de21c', '5d5de21c', '5d5de21c']"
blk_-1422689669599506787,"['bbb51b95', 'bbb51b95', 'bbb51b95', '3d91fa85', 'd38aa58d', '46003790', 'd38aa58d', '46003790', '5d5de21c', '5d5de21c', 'd38aa58d', '46003790', '5d5de21c']"
blk_4544363058314623463,"['bbb51b95', '3d91fa85', 'bbb51b95', 'bbb51b95', 'd38aa58d', '46003790', 'd38aa58d', '46003790', '5d5de21c', 'd38aa58d', '46003790', '5d5de21c', '5d5de21c']"
blk_7862861694792243360,"['3d91fa85', 'bbb51b95', 'bbb51b95', 'bbb51b95', '5d5de21c', '5d5de21c', '5d5de21c', 'd38aa58d', '46003790', 'd38aa58d', '46003790', 'd38aa58d', '46003790']"
blk_1223085503032144591,"['bbb51b95', 'bbb51b95', '3d91fa85', 'bbb51b95', 'd38aa58d', '46003790', 'd38aa58d', '46003790', 'd38aa58d', '46003790', '5d5de21c', '5d5de21c', '5d5de21c', 'a333d363']"
blk_5205355815794506932,"['3d91fa85', 'bbb51b95', 'bbb51b95', 'bbb51b95', '5d5de21c', 'd38aa58d', '46003790', '5d5de21c', '5d5de21c', 'd38aa58d', '46003790', 'd38aa58d', '46003790']"
blk_2048012530158158807,"['bbb51b95', 'bbb51b95', '3d91fa85', 'bbb51b95', 'd38aa58d', '46003790', 'd38aa58d', '46003790', '5d5de21c', '5d5de21c', '5d5de21c', 'd38aa58d', '46003790', 'a333d363', '4dec0816']"
blk_6041887779680929914,"['bbb51b95', 'bbb51b95', 'bbb51b95', '3d91fa85', 'd38aa58d', '46003790', 'd38aa58d', '46003790', 'd38aa58d', '46003790', '5d5de21c', '5d5de21c', '5d5de21c', '32777b38']"
blk_744256489514988550,"['3d91fa85', 'bbb51b95', 'bbb51b95', 'bbb51b95', '5d5de21c', '5d5de21c', 'd38aa58d', '46003790', '5d5de21c', 'd38aa58d', '46003790', 'd38aa58d', '46003790', '32777b38', '32777b38']"
blk_-529561454604787020,"['3d91fa85', 'bbb51b95', 'bbb51b95', 'bbb51b95', '5d5de21c', '5d5de21c', 'd38aa58d', '46003790', 'd38aa58d', '46003790', '5d5de21c', 'd38aa58d', '46003790']"
blk_-8930548935056486241,"['3d91fa85', 'bbb51b95', 'bbb51b95', 'bbb51b95', '5d5de21c', '5d5de21c', 'd38aa58d', '46003790', 'd38aa58d', '46003790', '5d5de21c', 'd38aa58d', '46003790']"
blk_-6189358149023819005,"['bbb51b95', '3d91fa85', 'bbb51b95', 'bbb51b95', 'd38aa58d', '46003790', 'd38aa58d', '46003790', 'd38aa58d', '46003790', '5d5de21c', '5d5de21c', '5d5de21c', '4dec0816']"
blk_3898390984210310059,"['bbb51b95', 'bbb51b95', 'bbb51b95', '3d91fa85', 'd38aa58d', '46003790', 'd38aa58d', '46003790', 'd38aa58d', '46003790', '5d5de21c', '5d5de21c', '5d5de21c', 'd63ef163', 'd63ef163', 'd63ef163', 'dba996ef', 'dba996ef', 'dba996ef']"
blk_-8762002834824934927,"['bbb51b95', '3d91fa85', 'bbb51b95', 'bbb51b95', 'd38aa58d', '46003790', 'd38aa58d', '46003790', 'd38aa58d', '46003790', '5d5de21c', '5d5de21c', '5d5de21c']"
blk_2838909936102494041,"['3d91fa85', 'bbb51b95', 'bbb51b95', 'bbb51b95', 'd38aa58d', '46003790', 'd38aa58d', '46003790', '5d5de21c', '5d5de21c', 'd38aa58d', '46003790', '5d5de21c']"
blk_2888538711863010768,"['3d91fa85', 'bbb51b95', 'bbb51b95', 'bbb51b95', '5d5de21c', '5d5de21c', '5d5de21c', 'd38aa58d', '46003790', 'd38aa58d', '46003790', 'd38aa58d', '46003790']"
blk_3437732522439073906,"['bbb51b95', '3d91fa85', 'bbb51b95', 'bbb51b95', 'd38aa58d', '46003790', 'd38aa58d', '46003790', 'd38aa58d', '46003790', '5d5de21c', '5d5de21c', '5d5de21c']"
blk_-4269309499662410128,"['3d91fa85', 'bbb51b95', 'bbb51b95', 'bbb51b95', '5d5de21c', '5d5de21c', '5d5de21c', 'd38aa58d', '46003790', 'd38aa58d', '46003790', 'd38aa58d', '46003790']"
blk_1560805258722810940,"['3d91fa85', 'bbb51b95', 'bbb51b95', 'bbb51b95', 'd38aa58d', '46003790', 'd38aa58d', '46003790', 'd38aa58d', '46003790', '5d5de21c', '5d5de21c', '5d5de21c']"
blk_-522320472794175992,"['bbb51b95', '3d91fa85', 'bbb51b95', 'bbb51b95', 'd38aa58d', '46003790', 'd38aa58d', '46003790', 'd38aa58d', '46003790', '5d5de21c', '5d5de21c', '5d5de21c']"
blk_-1542013861216914729,"['3d91fa85', 'bbb51b95', 'bbb51b95', 'bbb51b95', '5d5de21c', 'd38aa58d', '46003790', 'd38aa58d', '46003790', 'd38aa58d', '46003790', '5d5de21c', '5d5de21c', '32777b38', '32777b38']"
blk_-3124341881513221564,"['bbb51b95', '3d91fa85', 'bbb51b95', 'bbb51b95', 'd38aa58d', '46003790', '5d5de21c', 'd38aa58d', '46003790', 'd38aa58d', '46003790', '5d5de21c', '5d5de21c']"
blk_-3604593726357275552,"['bbb51b95', '3d91fa85', 'bbb51b95', 'bbb51b95', 'd38aa58d', '46003790', 'd38aa58d', '46003790', 'd38aa58d', '46003790', '5d5de21c', '5d5de21c', '5d5de21c']"
blk_7862150400244894553,"['bbb51b95', '3d91fa85', 'bbb51b95', 'bbb51b95', 'd38aa58d', '46003790', 'd38aa58d', '46003790', 'd38aa58d', '46003790', '5d5de21c', '5d5de21c', '5d5de21c']"
blk_3006319756402353842,"['bbb51b95', 'bbb51b95', 'bbb51b95', '3d91fa85', 'd38aa58d', 'd38aa58d', '46003790', '46003790', 'd38aa58d', '46003790', '5d5de21c', '5d5de21c', '5d5de21c']"
blk_8473853412339672967,"['3d91fa85', 'bbb51b95', 'bbb51b95', 'bbb51b95', '5d5de21c', '5d5de21c', 'd38aa58d', '46003790', 'd38aa58d', '46003790', '5d5de21c', 'd38aa58d', '46003790', '32777b38', 'a333d363', 'a333d363', '4dec0816']"
blk_1976154661884606803,"['3d91fa85', 'bbb51b95', 'bbb51b95', 'bbb51b95', 'd38aa58d', '46003790', 'd38aa58d', '46003790', 'd38aa58d', '46003790', '5d5de21c', '5d5de21c', '5d5de21c']"
blk_7533569637385995960,"['3d91fa85', 'bbb51b95', 'bbb51b95', 'bbb51b95', '5d5de21c', '5d5de21c', 'd38aa58d', '46003790', 'd38aa58d', '46003790', 'd38aa58d', '46003790', '5d5de21c']"
blk_-7769966723412899303,"['3d91fa85', 'bbb51b95', 'bbb51b95', 'bbb51b95', '5d5de21c', '5d5de21c', '5d5de21c', 'd38aa58d', '46003790', 'd38aa58d', '46003790', 'd38aa58d', '46003790']"
blk_4238680023789166505,"['bbb51b95', '3d91fa85', 'bbb51b95', 'bbb51b95', '5d5de21c', '5d5de21c', '5d5de21c', 'd38aa58d', '46003790', 'd38aa58d', '46003790', 'd38aa58d', '46003790', 'a333d363']"
blk_6941294836718071090,"['bbb51b95', 'bbb51b95', '3d91fa85', 'bbb51b95', 'd38aa58d', '46003790', '5d5de21c', 'd38aa58d', '46003790', 'd38aa58d', '46003790', '5d5de21c', '5d5de21c']"
blk_-2089936693225163501,"['bbb51b95', 'bbb51b95', '3d91fa85', 'bbb51b95', 'd38aa58d', '46003790', 'd38aa58d', '46003790', 'd38aa58d', '46003790', '5d5de21c', '5d5de21c', '5d5de21c']"
blk_-8458626373759003290,"['bbb51b95', 'bbb51b95', 'bbb51b95', '3d91fa85', 'd38aa58d', '46003790', 'd38aa58d', '46003790', 'd38aa58d', '46003790', '5d5de21c', '5d5de21c', '5d5de21c']"
blk_-7202752893129370880,"['3d91fa85', 'bbb51b95', 'bbb51b95', 'bbb51b95', 'd38aa58d', '46003790', 'd38aa58d', '46003790', 'd38aa58d', '46003790', '5d5de21c', '5d5de21c', '5d5de21c']"
blk_-3700551451744771590,"['bbb51b95', 'bbb51b95', 'bbb51b95', '3d91fa85', 'd38aa58d', '46003790', 'd38aa58d', '46003790', 'd38aa58d', '46003790', '5d5de21c', '5d5de21c', '5d5de21c', '4dec0816']"
blk_-2801583948965423603,"['bbb51b95', 'bbb51b95', 'bbb51b95', '3d91fa85', 'd38aa58d', '46003790', 'd38aa58d', '46003790', 'd38aa58d', '46003790', '5d5de21c', '5d5de21c', '5d5de21c', '32777b38', 'a333d363', '4dec0816']"
blk_3125560976454213739,"['3d91fa85', 'bbb51b95', 'bbb51b95', 'bbb51b95', '5d5de21c', '5d5de21c', '5d5de21c', 'd38aa58d', '46003790', 'd38aa58d', '46003790', 'd38aa58d', '46003790', 'a333d363', '4dec0816', 'a333d363']"
blk_-1961058572808696429,"['bbb51b95', 'bbb51b95', '3d91fa85', 'bbb51b95', 'd38aa58d', '46003790', 'd38aa58d', '46003790', 'd38aa58d', '46003790', '5d5de21c', '5d5de21c', '5d5de21c', 'd63ef163', 'd63ef163', 'd63ef163', 'dba996ef', 'dba996ef', 'dba996ef']"
blk_8245176888463908788,"['3d91fa85', 'bbb51b95', 'bbb51b95', 'bbb51b95', '5d5de21c', '5d5de21c', '5d5de21c', 'd38aa58d', '46003790', 'd38aa58d', '46003790', 'd38aa58d', '46003790', 'a333d363', '4dec0816', 'a333d363']"
blk_7344607226478980656,"['3d91fa85', 'bbb51b95', 'bbb51b95', 'bbb51b95', '5d5de21c', 'd38aa58d', '46003790', '5d5de21c', '5d5de21c', 'd38aa58d', '46003790', '46003790', 'd38aa58d']"
blk_-1529161126428526593,"['bbb51b95', 'bbb51b95', '3d91fa85', 'bbb51b95', 'd38aa58d', '46003790', 'd38aa58d', '46003790', 'd38aa58d', '46003790', '5d5de21c', '5d5de21c', '5d5de21c']"
blk_7843290202709542026,"['3d91fa85', 'bbb51b95', 'bbb51b95', 'bbb51b95', '5d5de21c', 'd38aa58d', '46003790', '5d5de21c', '5d5de21c', 'd38aa58d', '46003790', 'd38aa58d', '46003790']"
blk_-3421113522824780330,"['bbb51b95', '3d91fa85', 'bbb51b95', 'bbb51b95', 'd38aa58d', '46003790', 'd38aa58d', '46003790', 'd38aa58d', '46003790', '5d5de21c', '5d5de21c', '5d5de21c']"
blk_6946890916918161642,"['bbb51b95', 'bbb51b95', 'bbb51b95', '3d91fa85', 'd38aa58d', 'd38aa58d', '46003790', '46003790', 'd38aa58d', '46003790', '5d5de21c', '5d5de21c', '5d5de21c']"
blk_-3942072305748698431,"['3d91fa85', 'bbb51b95', 'bbb51b95', 'bbb51b95', '5d5de21c', '5d5de21c', 'd38aa58d', '46003790', '5d5de21c', 'd38aa58d', '46003790', 'd38aa58d', '46003790']"
blk_-7662067490198025515,"['bbb51b95', '3d91fa85', 'bbb51b95', 'bbb51b95', 'd38aa58d', '46003790', 'd38aa58d', '46003790', 'd38aa58d', '46003790', '5d5de21c', '5d5de21c', '5d5de21c']"
blk_6002353197820786796,"['bbb51b95', 'bbb51b95', '3d91fa85', 'bbb51b95', 'd38aa58d', '46003790', 'd38aa58d', '46003790', 'd38aa58d', '46003790', '5d5de21c', '5d5de21c', '5d5de21c']"
blk_-4917509153767079107,"['3d91fa85', 'bbb51b95', 'bbb51b95', 'bbb51b95', '5d5de21c', '5d5de21c', 'd38aa58d', '46003790', 'd38aa58d', '46003790', 'd38aa58d', '46003790', '5d5de21c', '32777b38']"
blk_1558881466535310195,"['bbb51b95', 'bbb51b95', '3d91fa85', 'bbb51b95', 'd38aa58d', '46003790', 'd38aa58d', '46003790', 'd38aa58d', '46003790', '5d5de21c', '5d5de21c', '5d5de21c']"
blk_3060470379936502081,"['bbb51b95', '3d91fa85', 'bbb51b95', 'bbb51b95', 'd38aa58d', '46003790', 'd38aa58d', '46003790', '5d5de21c', '5d5de21c', 'd38aa58d', '46003790', '5d5de21c']"
blk_5937442465411972192,"['3d91fa85', 'bbb51b95', 'bbb51b95', 'bbb51b95', '5d5de21c', 'd38aa58d', '46003790', 'd38aa58d', '46003790', 'd38aa58d', '46003790', '5d5de21c', '5d5de21c']"
blk_-4461480221432897046,"['bbb51b95', 'bbb51b95', 'bbb51b95', '3d91fa85', 'd38aa58d', '46003790', 'd38aa58d', '46003790', 'd38aa58d', '46003790', '5d5de21c', '5d5de21c', '5d5de21c', '32777b38']"
blk_6542865191188106493,"['bbb51b95', 'bbb51b95', '3d91fa85', 'bbb51b95', 'd38aa58d', '46003790', 'd38aa58d', '46003790', 'd38aa58d', '46003790', '5d5de21c', '5d5de21c', '5d5de21c']"
blk_7015713252378684421,"['bbb51b95', '3d91fa85', 'bbb51b95', 'bbb51b95', 'd38aa58d', '46003790', 'd38aa58d', '46003790', 'd38aa58d', '46003790', '5d5de21c', '5d5de21c', '5d5de21c', '4dec0816']"
blk_469131034673797968,"['3d91fa85', 'bbb51b95', 'bbb51b95', 'bbb51b95', '5d5de21c', 'd38aa58d', '46003790', 'd38aa58d', '46003790', '5d5de21c', '5d5de21c', 'd38aa58d', '46003790', 'a333d363']"
blk_-7345979176029777434,"['bbb51b95', 'bbb51b95', 'bbb51b95', '3d91fa85', 'd38aa58d', '46003790', 'd38aa58d', '46003790', 'd38aa58d', '46003790', '5d5de21c', '5d5de21c', '5d5de21c']"
blk_7352081550334378737,"['bbb51b95', '3d91fa85', 'bbb51b95', 'bbb51b95', 'd38aa58d', '46003790', 'd38aa58d', '46003790', 'd38aa58d', '46003790', '5d5de21c', '5d5de21c', '5d5de21c']"
blk_-2004690836347883559,"['bbb51b95', '3d91fa85', 'bbb51b95', 'bbb51b95', '46003790', 'd38aa58d', '46003790', '5d5de21c', '5d5de21c', 'd38aa58d', 'd38aa58d', '46003790', '5d5de21c']"
blk_2665644069729452251,"['bbb51b95', 'bbb51b95', 'bbb51b95', '3d91fa85', 'd38aa58d', '46003790', 'd38aa58d', '46003790', '5d5de21c', '5d5de21c', 'd38aa58d', '46003790', '5d5de21c', 'd63ef163', 'd63ef163', 'd63ef163', 'dba996ef', 'dba996ef', 'dba996ef']"
blk_7993889203577068463,"['3d91fa85', 'bbb51b95', 'bbb51b95', 'bbb51b95', '5d5de21c', '5d5de21c', '5d5de21c', 'd38aa58d', '46003790', 'd38aa58d', '46003790', 'd38aa58d', '46003790']"
blk_-7010204858306047201,"['bbb51b95', '3d91fa85', 'bbb51b95', 'bbb51b95', 'd38aa58d', '46003790', 'd38aa58d', '46003790', 'd38aa58d', '46003790', '5d5de21c', '5d5de21c', '5d5de21c']"
blk_3044905999156777867,"['bbb51b95', 'bbb51b95', 'bbb51b95', '3d91fa85', 'd38aa58d', '46003790', 'd38aa58d', '46003790', 'd38aa58d', '46003790', '5d5de21c', '5d5de21c', '5d5de21c']"
blk_2739914033458682080,"['3d91fa85', 'bbb51b95', 'bbb51b95', 'bbb51b95', 'd38aa58d', '46003790', 'd38aa58d', '46003790', '5d5de21c', 'd38aa58d', '46003790', '5d5de21c', '5d5de21c']"
blk_-5912999755522282446,"['bbb51b95', 'bbb51b95', '3d91fa85', 'bbb51b95', 'd38aa58d', '46003790', 'd38aa58d', '46003790', 'd38aa58d', '46003790', '5d5de21c', '5d5de21c', '5d5de21c', '32777b38', 'a333d363']"
blk_-691383397791617596,"['3d91fa85', 'bbb51b95', 'bbb51b95', 'bbb51b95', '5d5de21c', '5d5de21c', 'd38aa58d', '46003790', 'd38aa58d', '46003790', '5d5de21c', 'd38aa58d', '46003790']"
blk_-2372313007853063339,"['bbb51b95', 'bbb51b95', '3d91fa85', 'bbb51b95', 'd38aa58d', '46003790', '5d5de21c', 'd38aa58d', '46003790', 'd38aa58d', '46003790', '5d5de21c', '5d5de21c']"
blk_3954426575663319870,"['bbb51b95', 'bbb51b95', 'bbb51b95', '3d91fa85', 'd38aa58d', '46003790', 'd38aa58d', '46003790', 'd38aa58d', '46003790', '5d5de21c', '5d5de21c', '5d5de21c']"
blk_-6679496801331520613,"['3d91fa85', 'bbb51b95', 'bbb51b95', 'bbb51b95', '5d5de21c', '5d5de21c', '5d5de21c', 'd38aa58d', '46003790', 'd38aa58d', '46003790', 'd38aa58d', '46003790', 'a333d363', '4dec0816']"
blk_1304141239490952688,"['bbb51b95', 'bbb51b95', 'bbb51b95', '3d91fa85', 'd38aa58d', '46003790', '46003790', '5d5de21c', 'd38aa58d', '46003790', 'd38aa58d', '5d5de21c', '5d5de21c', 'a333d363', '32777b38']"
blk_-6419298172027602972,"['bbb51b95', 'bbb51b95', 'bbb51b95', '3d91fa85', 'd38aa58d', '46003790', 'd38aa58d', '46003790', 'd38aa58d', '46003790', '5d5de21c', '5d5de21c', '5d5de21c']"
blk_-1671237164557940178,"['bbb51b95', 'bbb51b95', 'bbb51b95', '3d91fa85', 'd38aa58d', '46003790', 'd38aa58d', '46003790', 'd38aa58d', '46003790', '5d5de21c', '5d5de21c', '5d5de21c']"
blk_-7194071163982392993,"['bbb51b95', 'bbb51b95', 'bbb51b95', '3d91fa85', 'd38aa58d', '46003790', 'd38aa58d', '46003790', 'd38aa58d', '46003790', '5d5de21c', '5d5de21c', '5d5de21c']"
blk_-6742986629304373462,"['3d91fa85', 'bbb51b95', 'bbb51b95', 'bbb51b95', '5d5de21c', '5d5de21c', '5d5de21c', 'd38aa58d', '46003790', 'd38aa58d', '46003790', 'd38aa58d', '46003790']"
blk_-655080501729639035,"['3d91fa85', 'bbb51b95', 'bbb51b95', 'bbb51b95', '5d5de21c', '5d5de21c', 'd38aa58d', '46003790', 'd38aa58d', '46003790', 'd38aa58d', '46003790', '5d5de21c', 'a333d363']"
blk_1926369683104962726,"['3d91fa85', 'bbb51b95', 'bbb51b95', 'bbb51b95', 'd38aa58d', '46003790', '5d5de21c', '5d5de21c', '5d5de21c', 'd38aa58d', '46003790', 'd38aa58d', '46003790']"
blk_-4291721194132295418,"['3d91fa85', 'bbb51b95', 'bbb51b95', 'bbb51b95', '5d5de21c', '5d5de21c', '5d5de21c', 'd38aa58d', '46003790', 'd38aa58d', '46003790', 'd38aa58d', '46003790']"
blk_-3221549398022673135,"['bbb51b95', '3d91fa85', 'bbb51b95', 'bbb51b95', 'd38aa58d', '46003790', 'd38aa58d', '46003790', '5d5de21c', '5d5de21c', 'd38aa58d', '46003790', '5d5de21c']"
blk_6742868940439692725,"['bbb51b95', 'bbb51b95', '3d91fa85', 'bbb51b95', 'd38aa58d', '46003790', 'd38aa58d', '46003790', 'd38aa58d', '46003790', '5d5de21c', '5d5de21c', '5d5de21c', '4dec0816']"
blk_3780860465656264148,"['bbb51b95', 'bbb51b95', 'bbb51b95', '3d91fa85', 'd38aa58d', '46003790', 'd38aa58d', '46003790', 'd38aa58d', '46003790', '5d5de21c', '5d5de21c', '5d5de21c']"
blk_-4494690798655582437,"['3d91fa85', 'bbb51b95', 'bbb51b95', 'bbb51b95', '5d5de21c', '5d5de21c', 'd38aa58d', '46003790', 'd38aa58d', '46003790', 'd38aa58d', '46003790', '5d5de21c']"
blk_8257551289469425716,"['3d91fa85', 'bbb51b95', 'bbb51b95', 'bbb51b95', '5d5de21c', '46003790', '5d5de21c', '5d5de21c', 'd38aa58d', '46003790', 'd38aa58d', '46003790', 'd38aa58d']"
blk_6542481861159518858,"['bbb51b95', 'bbb51b95', 'bbb51b95', '3d91fa85', 'd38aa58d', '46003790', 'd38aa58d', '46003790', 'd38aa58d', '46003790', '5d5de21c', '5d5de21c', '5d5de21c']"
blk_7821587816221664900,"['3d91fa85', 'bbb51b95', 'bbb51b95', 'bbb51b95', '5d5de21c', '5d5de21c', 'd38aa58d', '46003790', 'd38aa58d', '46003790', '5d5de21c', 'd38aa58d', '46003790']"
blk_1379370538503813166,"['3d91fa85', 'bbb51b95', 'bbb51b95', 'bbb51b95', '5d5de21c', 'd38aa58d', '46003790', '5d5de21c', '5d5de21c', 'd38aa58d', '46003790', 'd38aa58d', '46003790']"
blk_1998424538687454859,"['bbb51b95', '3d91fa85', 'bbb51b95', 'bbb51b95', 'd38aa58d', '46003790', 'd38aa58d', '46003790', 'd38aa58d', '46003790', '5d5de21c', '5d5de21c', '5d5de21c', '32777b38', '32777b38', '32777b38', 'a333d363', 'a333d363', 'a333d363', 'a333d363', 'a333d363', 'a333d363', 'a333d363', 'a333d363', 'a333d363', 'a333d363', '4dec0816', 'a333d363', 'a333d363', 'a333d363', 'a333d363', 'a333d363']"
blk_-451042187848242018,"['bbb51b95', 'bbb51b95', 'bbb51b95', '3d91fa85', 'd38aa58d', '46003790', 'd38aa58d', '46003790', '5d5de21c', 'd38aa58d', '46003790', '5d5de21c', '5d5de21c']"
blk_7063998312831920483,"['bbb51b95', 'bbb51b95', 'bbb51b95', '3d91fa85', 'd38aa58d', '46003790', 'd38aa58d', '46003790', '5d5de21c', '5d5de21c', 'd38aa58d', '46003790', '5d5de21c']"
blk_-7815333120055433362,"['bbb51b95', 'bbb51b95', 'bbb51b95', '3d91fa85', 'd38aa58d', '46003790', 'd38aa58d', '46003790', 'd38aa58d', '46003790', '5d5de21c', '5d5de21c', '5d5de21c', 'a333d363']"
blk_-737307861659897655,"['bbb51b95', '3d91fa85', 'bbb51b95', 'bbb51b95', 'd38aa58d', '46003790', 'd38aa58d', '46003790', '5d5de21c', '5d5de21c', 'd38aa58d', '46003790', '5d5de21c', '32777b38']"
blk_673476706497929834,"['3d91fa85', 'bbb51b95', 'bbb51b95', 'bbb51b95', '5d5de21c', '5d5de21c', 'd38aa58d', '46003790', 'd38aa58d', '46003790', '5d5de21c', 'd38aa58d', '46003790']"
blk_-8839640649614986953,"['bbb51b95', '3d91fa85', 'bbb51b95', 'bbb51b95', 'd38aa58d', '46003790', '5d5de21c', '5d5de21c', 'd38aa58d', '46003790', 'd38aa58d', '46003790', '5d5de21c', 'a333d363', '4dec0816']"
blk_-3052709327264099432,"['3d91fa85', 'bbb51b95', 'bbb51b95', 'bbb51b95', '5d5de21c', '5d5de21c', 'd38aa58d', '46003790', 'd38aa58d', '46003790', 'd38aa58d', '46003790', '5d5de21c']"
blk_2091919705352310885,"['bbb51b95', 'bbb51b95', '3d91fa85', 'bbb51b95', 'd38aa58d', '46003790', 'd38aa58d', '46003790', 'd38aa58d', '46003790', '5d5de21c', '5d5de21c', '5d5de21c', 'a333d363', '4dec0816']"
blk_-6416626017173664421,"['bbb51b95', 'bbb51b95', 'bbb51b95', '3d91fa85', 'd38aa58d', '46003790', 'd38aa58d', '46003790', 'd38aa58d', '46003790', '5d5de21c', '5d5de21c', '5d5de21c']"
blk_2519867749497411393,"['3d91fa85', 'bbb51b95', 'bbb51b95', 'bbb51b95', 'd38aa58d', '46003790', 'd38aa58d', '46003790', '5d5de21c', '5d5de21c', 'd38aa58d', '46003790', '5d5de21c', '32777b38', '32777b38', 'a333d363', 'a333d363', '4dec0816']"
blk_6055791339647806565,"['bbb51b95', 'bbb51b95', 'bbb51b95', '3d91fa85', 'd38aa58d', '46003790', 'd38aa58d', '46003790', 'd38aa58d', '46003790', '5d5de21c', '5d5de21c', '5d5de21c']"
blk_3814370497934205891,"['bbb51b95', 'bbb51b95', 'bbb51b95', '3d91fa85', 'd38aa58d', '46003790', 'd38aa58d', '46003790', 'd38aa58d', '46003790', '5d5de21c', '5d5de21c', '5d5de21c']"
blk_8700949524758501442,"['bbb51b95', 'bbb51b95', '3d91fa85', 'bbb51b95', 'd38aa58d', '46003790', 'd38aa58d', '46003790', 'd38aa58d', '46003790', '5d5de21c', '5d5de21c', '5d5de21c', 'a333d363']"
blk_801785394486806968,"['3d91fa85', 'bbb51b95', 'bbb51b95', 'bbb51b95', '5d5de21c', 'd38aa58d', '46003790', '5d5de21c', 'd38aa58d', '46003790', 'd38aa58d', '46003790', '5d5de21c', 'a333d363', 'a333d363', '4dec0816']"
blk_-2545383396237071971,"['bbb51b95', 'bbb51b95', '3d91fa85', 'bbb51b95', 'd38aa58d', '46003790', 'd38aa58d', '46003790', 'd38aa58d', '46003790', '5d5de21c', '5d5de21c', '5d5de21c']"
blk_-8547115572218536162,"['bbb51b95', '3d91fa85', 'bbb51b95', 'bbb51b95', 'd38aa58d', '46003790', 'd38aa58d', '46003790', 'd38aa58d', '46003790', '5d5de21c', '5d5de21c', '5d5de21c', 'a333d363']"
blk_6853491638365344464,"['bbb51b95', 'bbb51b95', 'bbb51b95', '3d91fa85', 'd38aa58d', '46003790', 'd38aa58d', '46003790', 'd38aa58d', '46003790', '5d5de21c', '5d5de21c', '5d5de21c']"
blk_7749071229956466906,"['3d91fa85', 'bbb51b95', 'bbb51b95', 'bbb51b95', '5d5de21c', '5d5de21c', '5d5de21c', 'd38aa58d', '46003790', 'd38aa58d', '46003790', 'd38aa58d', '46003790']"
blk_-6356829318654548039,"['bbb51b95', 'bbb51b95', 'bbb51b95', '3d91fa85', 'd38aa58d', '46003790', '46003790', 'd38aa58d', 'd38aa58d', '46003790', '5d5de21c', '5d5de21c', '5d5de21c']"
blk_5694984491814648154,"['bbb51b95', 'bbb51b95', 'bbb51b95', '3d91fa85', 'd38aa58d', '46003790', 'd38aa58d', '46003790', 'd38aa58d', '46003790', '5d5de21c', '5d5de21c', '5d5de21c']"
blk_8813088321971066291,"['3d91fa85', 'bbb51b95', 'bbb51b95', 'bbb51b95', '5d5de21c', 'd38aa58d', '46003790', '5d5de21c', '5d5de21c', 'd38aa58d', '46003790', 'd38aa58d', '46003790', '32777b38']"
blk_-6372514895280668656,"['bbb51b95', '3d91fa85', 'bbb51b95', 'bbb51b95', 'd38aa58d', '46003790', 'd38aa58d', '46003790', 'd38aa58d', '46003790', '5d5de21c', '5d5de21c', '5d5de21c']"
blk_2260576740749849268,"['3d91fa85', 'bbb51b95', 'bbb51b95', 'bbb51b95', '728076ac', '5d5de21c', '5d5de21c', '5d5de21c', 'd38aa58d', '46003790', 'd38aa58d', '46003790', 'd38aa58d', '46003790', '40651754', 'bbb51b95', '5d5de21c', '44614d71', '9c784e29', 'dba996ef', 'a333d363', '4dec0816']"
blk_6895445978681195314,"['bbb51b95', 'bbb51b95', 'bbb51b95', '3d91fa85', 'd38aa58d', '46003790', 'd38aa58d', '46003790', 'd38aa58d', '46003790', '5d5de21c', '5d5de21c', '5d5de21c']"
blk_-5519259383711660348,"['3d91fa85', 'bbb51b95', 'bbb51b95', 'bbb51b95', '5d5de21c', '5d5de21c', '5d5de21c', 'd38aa58d', '46003790', 'd38aa58d', '46003790', 'd38aa58d', '46003790', 'a333d363']"
blk_-8301076875000291686,"['bbb51b95', '3d91fa85', 'bbb51b95', 'bbb51b95', 'd38aa58d', '46003790', 'd38aa58d', '46003790', 'd38aa58d', '46003790', '5d5de21c', '5d5de21c', '5d5de21c']"
blk_-3452739620182870084,"['3d91fa85', 'bbb51b95', 'bbb51b95', 'bbb51b95', 'd38aa58d', '46003790', 'd38aa58d', '46003790', 'd38aa58d', '46003790', '5d5de21c', '5d5de21c', '5d5de21c', 'a333d363', '4dec0816']"
blk_3969850602129867493,"['bbb51b95', 'bbb51b95', 'bbb51b95', '3d91fa85', 'd38aa58d', '46003790', 'd38aa58d', '46003790', 'd38aa58d', '46003790', '728076ac', '5d5de21c', '5d5de21c', '5d5de21c', 'bbb51b95', '40651754', '44614d71', '9c784e29', '5d5de21c', 'dba996ef', 'a333d363', '4dec0816']"
blk_-5354228676218401511,"['3d91fa85', 'bbb51b95', 'bbb51b95', 'bbb51b95', 'd38aa58d', '46003790', 'd38aa58d', '46003790', 'd38aa58d', '46003790', '5d5de21c', '5d5de21c', '5d5de21c']"
blk_7261387290766240083,"['bbb51b95', 'bbb51b95', '3d91fa85', 'bbb51b95', 'd38aa58d', '46003790', 'd38aa58d', '46003790', 'd38aa58d', '46003790', '5d5de21c', '5d5de21c', '5d5de21c']"
blk_1345489356665887136,"['bbb51b95', 'bbb51b95', '3d91fa85', 'bbb51b95', '46003790', '5d5de21c', 'd38aa58d', '46003790', 'd38aa58d', 'd38aa58d', '46003790', '5d5de21c', '5d5de21c', '32777b38', 'a333d363']"
blk_-984360882040771024,"['3d91fa85', 'bbb51b95', 'bbb51b95', 'bbb51b95', '5d5de21c', '5d5de21c', '5d5de21c', 'd38aa58d', '46003790', 'd38aa58d', '46003790', 'd38aa58d', '46003790']"
blk_4560358157376239059,"['3d91fa85', 'bbb51b95', 'bbb51b95', 'bbb51b95', '5d5de21c', 'd38aa58d', '46003790', '5d5de21c', '5d5de21c', 'd38aa58d', '46003790', 'd38aa58d', '46003790']"
blk_-2493691860067351954,"['bbb51b95', 'bbb51b95', 'bbb51b95', '3d91fa85', 'd38aa58d', '46003790', 'd38aa58d', '46003790', 'd38aa58d', '46003790', '5d5de21c', '5d5de21c', '5d5de21c', 'd63ef163', 'd63ef163', 'd63ef163', 'dba996ef', 'dba996ef', 'dba996ef']"
blk_9093692318125569322,"['bbb51b95', 'bbb51b95', '3d91fa85', 'bbb51b95', 'd38aa58d', '46003790', 'd38aa58d', '46003790', 'd38aa58d', '46003790', '5d5de21c', '5d5de21c', '5d5de21c']"
blk_-770059028889437281,"['3d91fa85', 'bbb51b95', 'bbb51b95', 'bbb51b95', '5d5de21c', '5d5de21c', 'd38aa58d', '46003790', 'd38aa58d', '46003790', 'd38aa58d', '46003790', '5d5de21c']"
blk_4771380972429014730,"['3d91fa85', 'bbb51b95', 'bbb51b95', 'bbb51b95', '5d5de21c', '5d5de21c', '5d5de21c', 'd38aa58d', '46003790', 'd38aa58d', '46003790', 'd38aa58d', '46003790']"
blk_-7941000619643330562,"['bbb51b95', '3d91fa85', 'bbb51b95', 'bbb51b95', 'd38aa58d', '46003790', 'd38aa58d', 'd38aa58d', '46003790', '46003790', '5d5de21c', '5d5de21c', '5d5de21c']"
blk_401393628452937419,"['bbb51b95', '3d91fa85', 'bbb51b95', 'bbb51b95', '5d5de21c', 'd38aa58d', '46003790', 'd38aa58d', '46003790', 'd38aa58d', '46003790', '5d5de21c', '5d5de21c', '32777b38', 'a333d363', '4dec0816', 'a333d363']"
blk_-3974188965466190872,"['bbb51b95', 'bbb51b95', '3d91fa85', 'bbb51b95', 'd38aa58d', '46003790', 'd38aa58d', '46003790', 'd38aa58d', '46003790', '5d5de21c', '5d5de21c', '5d5de21c']"
blk_1698579826275292872,"['bbb51b95', 'bbb51b95', 'bbb51b95', '3d91fa85', 'd38aa58d', '46003790', 'd38aa58d', '46003790', 'd38aa58d', '46003790', '5d5de21c', '5d5de21c', '5d5de21c']"
blk_9058324765573689213,"['3d91fa85', 'bbb51b95', 'bbb51b95', 'bbb51b95', '5d5de21c', '5d5de21c', '5d5de21c', 'd38aa58d', '46003790', 'd38aa58d', '46003790', 'd38aa58d', '46003790']"
blk_-7830755405319927223,"['bbb51b95', '3d91fa85', 'bbb51b95', 'bbb51b95', 'd38aa58d', '46003790', 'd38aa58d', '46003790', '5d5de21c', '5d5de21c', 'd38aa58d', '46003790', '5d5de21c', '32777b38', 'a333d363', '4dec0816', 'a333d363']"
blk_-7741220128145037955,"['bbb51b95', 'bbb51b95', '3d91fa85', 'bbb51b95', 'd38aa58d', '46003790', 'd38aa58d', '46003790', 'd38aa58d', '46003790', '5d5de21c', '5d5de21c', '5d5de21c']"
blk_-7529143730774940036,"['bbb51b95', '3d91fa85', 'bbb51b95', 'bbb51b95', 'd38aa58d', '46003790', 'd38aa58d', '46003790', 'd38aa58d', '46003790', '5d5de21c', '5d5de21c', '5d5de21c']"
blk_-9194939916982030076,"['bbb51b95', 'bbb51b95', '3d91fa85', 'bbb51b95', 'd38aa58d', '46003790', 'd38aa58d', '46003790', 'd38aa58d', '46003790', '5d5de21c', '5d5de21c', '5d5de21c']"
blk_-8465511734335085712,"['bbb51b95', '3d91fa85', 'bbb51b95', 'bbb51b95', 'd38aa58d', '46003790', 'd38aa58d', '46003790', 'd38aa58d', '46003790', '5d5de21c', '5d5de21c', '5d5de21c']"
blk_-4046398033108051666,"['bbb51b95', 'bbb51b95', 'bbb51b95', '3d91fa85', '46003790', 'd38aa58d', '46003790', 'd38aa58d', '46003790', '5d5de21c', 'd38aa58d', '5d5de21c', '5d5de21c']"
blk_5063960959116879365,"['bbb51b95', '3d91fa85', 'bbb51b95', 'bbb51b95', 'd38aa58d', '46003790', 'd38aa58d', '46003790', '46003790', '5d5de21c', '5d5de21c', 'd38aa58d', '5d5de21c']"
blk_7725051099637983648,"['bbb51b95', 'bbb51b95', '3d91fa85', 'bbb51b95', 'd38aa58d', '46003790', 'd38aa58d', '46003790', '5d5de21c', '5d5de21c', 'd38aa58d', '46003790', '5d5de21c']"
blk_-2244869696190821911,"['3d91fa85', 'bbb51b95', 'bbb51b95', 'bbb51b95', '5d5de21c', '5d5de21c', '5d5de21c', 'd38aa58d', '46003790', 'd38aa58d', '46003790', 'd38aa58d', '46003790']"
blk_8638458482910259584,"['bbb51b95', 'bbb51b95', 'bbb51b95', '3d91fa85', 'd38aa58d', '46003790', 'd38aa58d', '46003790', 'd38aa58d', '46003790', '5d5de21c', '5d5de21c', '5d5de21c']"
blk_-6053814279960041019,"['3d91fa85', 'bbb51b95', 'bbb51b95', 'bbb51b95', '5d5de21c', '5d5de21c', '5d5de21c', 'd38aa58d', '46003790', 'd38aa58d', '46003790', 'd38aa58d', '46003790', '4dec0816']"
blk_7831723236519119657,"['bbb51b95', 'bbb51b95', '3d91fa85', 'bbb51b95', 'd38aa58d', '46003790', 'd38aa58d', '46003790', 'd38aa58d', '46003790', '5d5de21c', '5d5de21c', '5d5de21c']"
blk_-5217835816179127285,"['bbb51b95', 'bbb51b95', '3d91fa85', 'bbb51b95', 'd38aa58d', '46003790', 'd38aa58d', '46003790', '5d5de21c', '5d5de21c', 'd38aa58d', '46003790', '5d5de21c']"
blk_3992864360725375550,"['3d91fa85', 'bbb51b95', 'bbb51b95', 'bbb51b95', '5d5de21c', '5d5de21c', '5d5de21c', 'd38aa58d', '46003790', 'd38aa58d', '46003790', 'd38aa58d', '46003790']"
blk_-8232516398434686347,"['bbb51b95', 'bbb51b95', 'bbb51b95', '3d91fa85', 'd38aa58d', '46003790', 'd38aa58d', '46003790', 'd38aa58d', '46003790', '5d5de21c', '5d5de21c', '5d5de21c']"
blk_-6304142085174265203,"['bbb51b95', '3d91fa85', 'bbb51b95', 'bbb51b95', 'd38aa58d', '46003790', 'd38aa58d', 'd38aa58d', '46003790', '46003790', '5d5de21c', '5d5de21c', '5d5de21c', '32777b38']"
blk_-4292103160769565108,"['3d91fa85', 'bbb51b95', 'bbb51b95', 'bbb51b95', 'd38aa58d', '46003790', 'd38aa58d', '46003790', 'd38aa58d', '46003790', '5d5de21c', '5d5de21c', '5d5de21c', '32777b38']"
blk_-2855698167785823543,"['bbb51b95', 'bbb51b95', 'bbb51b95', '3d91fa85', 'd38aa58d', '46003790', 'd38aa58d', '46003790', 'd38aa58d', '46003790', '5d5de21c', '5d5de21c', '5d5de21c']"
blk_-5305875350878715541,"['3d91fa85', 'bbb51b95', 'bbb51b95', 'bbb51b95', '5d5de21c', '5d5de21c', '5d5de21c', 'd38aa58d', '46003790', 'd38aa58d', '46003790', 'd38aa58d', '46003790']"
blk_-4622181428492372406,"['bbb51b95', 'bbb51b95', '3d91fa85', 'bbb51b95', 'd38aa58d', '46003790', 'd38aa58d', '46003790', '5d5de21c', '5d5de21c', 'd38aa58d', '46003790', '5d5de21c']"
blk_1922160892392721327,"['3d91fa85', 'bbb51b95', 'bbb51b95', 'bbb51b95', '5d5de21c', '5d5de21c', 'd38aa58d', '46003790', 'd38aa58d', '46003790', 'd38aa58d', '46003790', '5d5de21c']"
blk_-6702107054530792075,"['bbb51b95', 'bbb51b95', '3d91fa85', 'bbb51b95', 'd38aa58d', '46003790', 'd38aa58d', '46003790', 'd38aa58d', '46003790', '5d5de21c', '5d5de21c', '5d5de21c']"
blk_4562181774475561281,"['3d91fa85', 'bbb51b95', 'bbb51b95', 'bbb51b95', 'd38aa58d', '46003790', 'd38aa58d', '46003790', '5d5de21c', '5d5de21c', 'd38aa58d', '46003790', '5d5de21c', '32777b38', '32777b38', '32777b38']"
blk_3631290281183978540,"['bbb51b95', '3d91fa85', 'bbb51b95', 'bbb51b95', 'd38aa58d', '46003790', 'd38aa58d', '46003790', 'd38aa58d', '46003790', '5d5de21c', '5d5de21c', '5d5de21c', 'a333d363', '4dec0816']"
blk_6538303874964921590,"['bbb51b95', 'bbb51b95', '3d91fa85', 'bbb51b95', 'd38aa58d', '46003790', 'd38aa58d', '46003790', '5d5de21c', '5d5de21c', 'd38aa58d', '46003790', '5d5de21c']"
blk_-516678925512502105,"['bbb51b95', 'bbb51b95', 'bbb51b95', '3d91fa85', 'd38aa58d', '46003790', 'd38aa58d', '46003790', 'd38aa58d', '46003790', '5d5de21c', '5d5de21c', '5d5de21c']"
blk_3335701655378473596,"['3d91fa85', 'bbb51b95', 'bbb51b95', 'bbb51b95', '5d5de21c', '5d5de21c', 'd38aa58d', 'd38aa58d', '46003790', '46003790', '5d5de21c', 'd38aa58d', '46003790']"
blk_-7986976371603664466,"['bbb51b95', 'bbb51b95', 'bbb51b95', '3d91fa85', 'd38aa58d', '46003790', 'd38aa58d', '46003790', 'd38aa58d', '46003790', '5d5de21c', '5d5de21c', '5d5de21c']"
blk_-1618076664849090522,"['bbb51b95', '3d91fa85', 'bbb51b95', 'bbb51b95', 'd38aa58d', '46003790', 'd38aa58d', '46003790', 'd38aa58d', '46003790', '5d5de21c', '5d5de21c', '5d5de21c']"
blk_-7642705442613438372,"['bbb51b95', '3d91fa85', 'bbb51b95', 'bbb51b95', 'd38aa58d', '46003790', 'd38aa58d', '46003790', 'd38aa58d', '46003790', '5d5de21c', '5d5de21c', '5d5de21c']"
blk_-7153134765346615016,"['bbb51b95', '3d91fa85', 'bbb51b95', 'bbb51b95', 'd38aa58d', '46003790', 'd38aa58d', '46003790', 'd38aa58d', '46003790', '5d5de21c', '5d5de21c', '5d5de21c']"
blk_-6212252239896226225,"['bbb51b95', '3d91fa85', 'bbb51b95', 'bbb51b95', 'd38aa58d', '46003790', 'd38aa58d', '46003790', 'd38aa58d', '46003790', '5d5de21c', '5d5de21c', '5d5de21c', 'a333d363', '4dec0816']"
blk_8763318191335591415,"['bbb51b95', '3d91fa85', 'bbb51b95', 'bbb51b95', '46003790', 'd38aa58d', '46003790', '5d5de21c', 'd38aa58d', '46003790', 'd38aa58d', '5d5de21c', '5d5de21c']"
blk_-1246168175979743775,"['bbb51b95', 'bbb51b95', 'bbb51b95', '3d91fa85', 'd38aa58d', '46003790', 'd38aa58d', '46003790', 'd38aa58d', '46003790', '5d5de21c', '5d5de21c', '5d5de21c', 'd63ef163', 'd63ef163', 'd63ef163', 'dba996ef', 'dba996ef', 'dba996ef']"
blk_4654689358572097664,"['bbb51b95', 'bbb51b95', 'bbb51b95', '3d91fa85', 'd38aa58d', '46003790', 'd38aa58d', '46003790', '5d5de21c', '5d5de21c', 'd38aa58d', '46003790', '5d5de21c']"
blk_7070992271084999091,"['3d91fa85', 'bbb51b95', 'bbb51b95', 'bbb51b95', '5d5de21c', 'd38aa58d', '46003790', '5d5de21c', '5d5de21c', 'd38aa58d', '46003790', 'd38aa58d', '46003790']"
blk_-4294221217075755250,"['bbb51b95', '3d91fa85', 'bbb51b95', 'bbb51b95', 'd38aa58d', '46003790', 'd38aa58d', '46003790', '5d5de21c', 'd38aa58d', '46003790', '5d5de21c', '5d5de21c']"
blk_406724576314439625,"['bbb51b95', 'bbb51b95', 'bbb51b95', '3d91fa85', 'd38aa58d', '46003790', 'd38aa58d', '46003790', '5d5de21c', 'd38aa58d', '46003790', '5d5de21c', '5d5de21c']"
blk_-3234487697883416564,"['bbb51b95', '3d91fa85', 'bbb51b95', 'bbb51b95', 'd38aa58d', '46003790', 'd38aa58d', '46003790', 'd38aa58d', '46003790', '5d5de21c', '5d5de21c', '5d5de21c']"
blk_182307023976029230,"['3d91fa85', 'bbb51b95', 'bbb51b95', 'bbb51b95', 'd38aa58d', '46003790', 'd38aa58d', '46003790', '5d5de21c', 'd38aa58d', '46003790', '5d5de21c', '5d5de21c']"
blk_-1461632302439230824,"['3d91fa85', 'bbb51b95', 'bbb51b95', 'bbb51b95', 'd38aa58d', '46003790', 'd38aa58d', '46003790', 'd38aa58d', '46003790', '5d5de21c', '5d5de21c', '5d5de21c']"
blk_-2427195479541586086,"['bbb51b95', '3d91fa85', 'bbb51b95', 'bbb51b95', 'd38aa58d', '46003790', 'd38aa58d', '46003790', 'd38aa58d', '46003790', '5d5de21c', '5d5de21c', '5d5de21c']"
blk_-8910965008661320718,"['3d91fa85', 'bbb51b95', 'bbb51b95', 'bbb51b95', '5d5de21c', '5d5de21c', 'd38aa58d', '46003790', 'd38aa58d', '46003790', 'd38aa58d', '46003790', '5d5de21c']"
blk_-2204995146652735082,"['3d91fa85', 'bbb51b95', 'bbb51b95', 'bbb51b95', 'd38aa58d', '46003790', 'd38aa58d', '46003790', 'd38aa58d', '46003790', '5d5de21c', '5d5de21c', '5d5de21c', '32777b38']"
blk_-241342447359692259,"['bbb51b95', 'd38aa58d', '46003790', 'bbb51b95', 'd38aa58d', '46003790', 'bbb51b95', 'd38aa58d', '46003790', '3d91fa85', '5d5de21c', '5d5de21c', '5d5de21c', '4dec0816']"
blk_-5284050808644949,"['bbb51b95', 'bbb51b95', 'bbb51b95', '3d91fa85', '46003790', 'd38aa58d', '46003790', 'd38aa58d', 'd38aa58d', '46003790', '5d5de21c', '5d5de21c', '5d5de21c', '4dec0816']"
blk_-2392663591495690183,"['3d91fa85', 'bbb51b95', 'bbb51b95', 'bbb51b95', '5d5de21c', '5d5de21c', 'd38aa58d', '46003790', 'd38aa58d', '46003790', '5d5de21c', 'd38aa58d', '46003790']"
blk_4845477247445346914,"['bbb51b95', 'bbb51b95', 'bbb51b95', '3d91fa85', 'd38aa58d', '46003790', '5d5de21c', 'd38aa58d', '46003790', 'd38aa58d', '46003790', '5d5de21c', '5d5de21c', '32777b38', '32777b38', '32777b38', 'a333d363', 'a333d363', 'a333d363', 'a333d363', 'a333d363', 'a333d363', 'a333d363', 'a333d363', 'a333d363', 'a333d363', 'a333d363', 'a333d363', 'a333d363', '4dec0816', 'a333d363', 'a333d363']"
blk_4367800033260794525,"['bbb51b95', 'bbb51b95', '3d91fa85', 'bbb51b95', 'd38aa58d', '46003790', 'd38aa58d', '46003790', 'd38aa58d', '46003790', '5d5de21c', '5d5de21c', '5d5de21c', '32777b38', '32777b38', 'a333d363', 'a333d363', '4dec0816']"
blk_786160760328581919,"['bbb51b95', 'bbb51b95', 'bbb51b95', '3d91fa85', 'd38aa58d', '46003790', 'd38aa58d', '46003790', 'd38aa58d', '46003790', '5d5de21c', '5d5de21c', '5d5de21c', 'a333d363']"
blk_-5671895892153119162,"['bbb51b95', '3d91fa85', 'bbb51b95', 'bbb51b95', 'd38aa58d', '46003790', 'd38aa58d', '46003790', '46003790', '5d5de21c', '5d5de21c', 'd38aa58d', '5d5de21c', '32777b38', '32777b38', '32777b38', 'a333d363']"
blk_-5758400055570531686,"['bbb51b95', 'bbb51b95', 'bbb51b95', '3d91fa85', 'd38aa58d', '46003790', 'd38aa58d', '46003790', 'd38aa58d', '46003790', '5d5de21c', '5d5de21c', '5d5de21c', 'a333d363', '4dec0816']"
blk_4304357438181997841,"['bbb51b95', 'bbb51b95', 'bbb51b95', '3d91fa85', 'd38aa58d', '46003790', 'd38aa58d', '46003790', 'd38aa58d', '46003790', '5d5de21c', '5d5de21c', '5d5de21c', 'd63ef163', 'd63ef163', 'd63ef163', 'dba996ef', 'dba996ef', 'dba996ef']"
blk_-4204310416103592953,"['bbb51b95', '3d91fa85', 'bbb51b95', 'bbb51b95', 'd38aa58d', '46003790', 'd38aa58d', '46003790', 'd38aa58d', '46003790', '5d5de21c', '5d5de21c', '5d5de21c']"
blk_1113941221727287345,"['bbb51b95', 'bbb51b95', 'bbb51b95', '3d91fa85', 'd38aa58d', '46003790', 'd38aa58d', '46003790', 'd38aa58d', '46003790', '5d5de21c', '5d5de21c', '5d5de21c', 'd63ef163', 'd63ef163', 'd63ef163', 'dba996ef', 'dba996ef', 'dba996ef']"
blk_6339076645422370560,"['bbb51b95', 'bbb51b95', '3d91fa85', 'bbb51b95', 'd38aa58d', '46003790', '46003790', '5d5de21c', '5d5de21c', 'd38aa58d', 'd38aa58d', '46003790', '5d5de21c']"
blk_4764647601593962120,"['3d91fa85', 'bbb51b95', 'bbb51b95', 'bbb51b95', '5d5de21c', '5d5de21c', '5d5de21c', 'd38aa58d', '46003790', 'd38aa58d', '46003790', 'd38aa58d', '46003790']"
blk_-3071554315129153051,"['3d91fa85', 'bbb51b95', 'bbb51b95', 'bbb51b95', '5d5de21c', '5d5de21c', '5d5de21c', 'd38aa58d', '46003790', 'd38aa58d', '46003790', 'd38aa58d', '46003790']"
blk_-1861986952871407475,"['bbb51b95', '3d91fa85', 'bbb51b95', 'bbb51b95', 'd38aa58d', '46003790', 'd38aa58d', '46003790', '5d5de21c', '5d5de21c', '5d5de21c', 'd38aa58d', '46003790']"
blk_2582956025316264408,"['bbb51b95', '3d91fa85', 'bbb51b95', 'bbb51b95', 'd38aa58d', '46003790', 'd38aa58d', '46003790', 'd38aa58d', '46003790', '5d5de21c', '5d5de21c', '5d5de21c', '32777b38']"
blk_2900801017630132152,"['bbb51b95', '3d91fa85', 'bbb51b95', 'bbb51b95', 'd38aa58d', '46003790', '46003790', 'd38aa58d', '46003790', '5d5de21c', '5d5de21c', 'd38aa58d', '5d5de21c', 'a333d363']"
blk_-3253398110955344926,"['bbb51b95', 'bbb51b95', 'bbb51b95', '3d91fa85', 'd38aa58d', '46003790', 'd38aa58d', '46003790', 'd38aa58d', '46003790', '5d5de21c', '5d5de21c', '5d5de21c', '32777b38', '32777b38', '32777b38']"
blk_7373552687636226736,"['3d91fa85', 'bbb51b95', 'bbb51b95', 'bbb51b95', '5d5de21c', '5d5de21c', 'd38aa58d', '46003790', 'd38aa58d', '46003790', '5d5de21c', 'd38aa58d', '46003790', '32777b38', 'a333d363', '4dec0816', 'a333d363']"
blk_-5133019947889911505,"['3d91fa85', 'bbb51b95', 'bbb51b95', 'bbb51b95', 'd38aa58d', '46003790', '5d5de21c', 'd38aa58d', '46003790', '5d5de21c', '5d5de21c', 'd38aa58d', '46003790']"
blk_5532482641533800175,"['3d91fa85', 'bbb51b95', 'bbb51b95', 'bbb51b95', '5d5de21c', '5d5de21c', '5d5de21c', 'd38aa58d', '46003790', 'd38aa58d', '46003790', 'd38aa58d', '46003790', '32777b38']"
blk_2935193680666672570,"['bbb51b95', '3d91fa85', 'bbb51b95', 'bbb51b95', 'd38aa58d', '46003790', 'd38aa58d', '46003790', '5d5de21c', '5d5de21c', 'd38aa58d', '46003790', '5d5de21c', '32777b38']"
blk_-2051798540969599312,"['3d91fa85', 'bbb51b95', 'bbb51b95', 'bbb51b95', 'd38aa58d', '46003790', 'd38aa58d', '46003790', '5d5de21c', '5d5de21c', '5d5de21c', 'd38aa58d', '46003790']"
blk_214813996377811146,"['bbb51b95', 'bbb51b95', '3d91fa85', 'bbb51b95', 'd38aa58d', '46003790', 'd38aa58d', '46003790', '5d5de21c', '5d5de21c', '5d5de21c', 'd38aa58d', '46003790', 'a333d363', '4dec0816']"
blk_7299630758708378783,"['bbb51b95', '3d91fa85', 'bbb51b95', 'bbb51b95', 'd38aa58d', '46003790', 'd38aa58d', '46003790', 'd38aa58d', '46003790', '5d5de21c', '5d5de21c', '5d5de21c']"
blk_806024008538162099,"['3d91fa85', 'bbb51b95', 'bbb51b95', 'bbb51b95', '5d5de21c', 'd38aa58d', '46003790', '46003790', '5d5de21c', '5d5de21c', 'd38aa58d', 'd38aa58d', '46003790']"
blk_7574789240887264910,"['3d91fa85', 'bbb51b95', 'bbb51b95', 'bbb51b95', '5d5de21c', '5d5de21c', 'd38aa58d', '46003790', 'd38aa58d', '46003790', '5d5de21c', 'd38aa58d', '46003790']"
blk_-8655954963011766782,"['3d91fa85', 'bbb51b95', 'bbb51b95', 'bbb51b95', '5d5de21c', '5d5de21c', '5d5de21c', 'd38aa58d', '46003790', 'd38aa58d', '46003790', 'd38aa58d', '46003790']"
blk_4888826200941028173,"['3d91fa85', 'bbb51b95', 'bbb51b95', 'bbb51b95', '5d5de21c', '5d5de21c', 'd38aa58d', '46003790', 'd38aa58d', '46003790', '5d5de21c', 'd38aa58d', '46003790']"
blk_-2962618090498827051,"['3d91fa85', 'bbb51b95', 'bbb51b95', 'bbb51b95', 'd38aa58d', '46003790', 'd38aa58d', '46003790', 'd38aa58d', '46003790', '5d5de21c', '5d5de21c', '5d5de21c']"
blk_-4275852495633603866,"['3d91fa85', 'bbb51b95', 'bbb51b95', 'bbb51b95', '5d5de21c', '5d5de21c', '5d5de21c', 'd38aa58d', 'd38aa58d', '46003790', '46003790', 'd38aa58d', '46003790', '32777b38']"
blk_1448518747635991976,"['bbb51b95', 'bbb51b95', '3d91fa85', 'bbb51b95', 'd38aa58d', '46003790', 'd38aa58d', '46003790', '5d5de21c', 'd38aa58d', '46003790', '5d5de21c', '5d5de21c']"
blk_-3723956919266858076,"['3d91fa85', 'bbb51b95', 'bbb51b95', 'bbb51b95', '5d5de21c', '5d5de21c', '5d5de21c', 'd38aa58d', '46003790', 'd38aa58d', '46003790', 'd38aa58d', '46003790']"
blk_-4732437307409549439,"['bbb51b95', 'bbb51b95', 'bbb51b95', '3d91fa85', 'd38aa58d', '46003790', 'd38aa58d', '46003790', 'd38aa58d', '46003790', '5d5de21c', '5d5de21c', '5d5de21c']"
blk_8219273241978335197,"['bbb51b95', '3d91fa85', 'bbb51b95', 'bbb51b95', 'd38aa58d', '46003790', 'd38aa58d', '46003790', 'd38aa58d', '46003790', '5d5de21c', '5d5de21c', '5d5de21c', 'd63ef163', 'd63ef163', 'd63ef163', 'dba996ef', 'dba996ef', 'dba996ef']"
blk_-1944084613954633532,"['bbb51b95', 'bbb51b95', 'bbb51b95', '3d91fa85', 'd38aa58d', '46003790', 'd38aa58d', '46003790', 'd38aa58d', '46003790', '5d5de21c', '5d5de21c', '5d5de21c']"
blk_7833764151991791635,"['bbb51b95', 'bbb51b95', '3d91fa85', 'bbb51b95', '46003790', '5d5de21c', 'd38aa58d', 'd38aa58d', '46003790', '46003790', 'd38aa58d', '5d5de21c', '5d5de21c', 'a333d363']"
blk_-805755989459232726,"['bbb51b95', 'bbb51b95', 'bbb51b95', '3d91fa85', 'd38aa58d', '46003790', 'd38aa58d', '46003790', 'd38aa58d', '46003790', '5d5de21c', '5d5de21c', '5d5de21c']"
blk_1251131987543164969,"['bbb51b95', 'bbb51b95', 'bbb51b95', '3d91fa85', 'd38aa58d', '46003790', 'd38aa58d', '46003790', 'd38aa58d', '46003790', '5d5de21c', '5d5de21c', '5d5de21c', '4dec0816']"
blk_5225963380394762286,"['3d91fa85', 'bbb51b95', 'bbb51b95', 'bbb51b95', 'd38aa58d', '46003790', 'd38aa58d', '46003790', 'd38aa58d', '46003790', '5d5de21c', '5d5de21c', '5d5de21c']"
blk_7247346047876918722,"['3d91fa85', 'bbb51b95', 'bbb51b95', 'bbb51b95', '5d5de21c', '5d5de21c', '5d5de21c', 'd38aa58d', '46003790', 'd38aa58d', '46003790', 'd38aa58d', '46003790', 'a333d363', 'a333d363', '4dec0816']"
blk_-2401982565072561558,"['bbb51b95', 'bbb51b95', 'bbb51b95', '3d91fa85', 'd38aa58d', '46003790', 'd38aa58d', '46003790', 'd38aa58d', '46003790', '5d5de21c', '5d5de21c', '5d5de21c']"
blk_-8685407548981150122,"['bbb51b95', '3d91fa85', 'bbb51b95', 'bbb51b95', 'd38aa58d', '46003790', 'd38aa58d', '46003790', 'd38aa58d', '46003790', '5d5de21c', '5d5de21c', '5d5de21c', '4dec0816']"
blk_1724438108703349443,"['3d91fa85', 'bbb51b95', 'bbb51b95', 'bbb51b95', '5d5de21c', 'd38aa58d', '46003790', 'd38aa58d', '46003790', '5d5de21c', '5d5de21c', 'd38aa58d', '46003790', '32777b38']"
blk_4905710957092011772,"['bbb51b95', 'bbb51b95', 'bbb51b95', '3d91fa85', 'd38aa58d', '46003790', 'd38aa58d', '46003790', '5d5de21c', 'd38aa58d', '46003790', '5d5de21c', '5d5de21c']"
blk_-2115763910453772113,"['3d91fa85', 'bbb51b95', 'bbb51b95', 'bbb51b95', '5d5de21c', '5d5de21c', 'd38aa58d', '46003790', '46003790', 'd38aa58d', '46003790', 'd38aa58d', '5d5de21c']"
blk_-7371515213367238424,"['bbb51b95', 'd38aa58d', '46003790', 'bbb51b95', 'd38aa58d', '46003790', 'bbb51b95', 'd38aa58d', '46003790', '5d5de21c', '5d5de21c', '5d5de21c', '3d91fa85', '4dec0816']"
blk_7517866065084200653,"['bbb51b95', 'bbb51b95', '3d91fa85', 'bbb51b95', 'd38aa58d', '46003790', 'd38aa58d', '46003790', 'd38aa58d', '46003790', '5d5de21c', '5d5de21c', '5d5de21c']"
blk_-6816014919196711738,"['bbb51b95', 'bbb51b95', 'bbb51b95', '3d91fa85', 'd38aa58d', '46003790', 'd38aa58d', '46003790', '5d5de21c', 'd38aa58d', '46003790', '5d5de21c', '5d5de21c']"
blk_6978089113055623322,"['bbb51b95', 'bbb51b95', 'bbb51b95', '3d91fa85', 'd38aa58d', '46003790', 'd38aa58d', '46003790', 'd38aa58d', '46003790', '5d5de21c', '5d5de21c', '5d5de21c']"
blk_3678158718307508415,"['bbb51b95', 'bbb51b95', '3d91fa85', 'bbb51b95', 'd38aa58d', '46003790', 'd38aa58d', '46003790', '5d5de21c', '5d5de21c', 'd38aa58d', '46003790', '5d5de21c']"
blk_5885453818565639287,"['3d91fa85', 'bbb51b95', 'bbb51b95', 'bbb51b95', '5d5de21c', '5d5de21c', 'd38aa58d', '46003790', 'd38aa58d', '46003790', 'd38aa58d', '46003790', '5d5de21c']"
blk_3929977658066016367,"['bbb51b95', 'bbb51b95', 'bbb51b95', '3d91fa85', 'd38aa58d', '46003790', '5d5de21c', 'd38aa58d', '46003790', 'd38aa58d', '46003790', '5d5de21c', '5d5de21c']"
blk_-2995066397043527790,"['bbb51b95', '3d91fa85', 'bbb51b95', 'bbb51b95', '5d5de21c', 'd38aa58d', '46003790', 'd38aa58d', '46003790', 'd38aa58d', '46003790', '5d5de21c', '5d5de21c', '32777b38', 'a333d363', '4dec0816', 'a333d363']"
blk_9088079548642753442,"['3d91fa85', 'bbb51b95', 'bbb51b95', 'bbb51b95', '5d5de21c', '5d5de21c', '5d5de21c', 'd38aa58d', '46003790', 'd38aa58d', '46003790', 'd38aa58d', '46003790', 'a333d363', '4dec0816']"
blk_1237182022056916855,"['bbb51b95', 'bbb51b95', 'bbb51b95', '3d91fa85', 'd38aa58d', '46003790', 'd38aa58d', '46003790', 'd38aa58d', '46003790', '5d5de21c', '5d5de21c', '5d5de21c']"
blk_251253676484915451,"['bbb51b95', '3d91fa85', 'bbb51b95', 'bbb51b95', 'd38aa58d', '46003790', '5d5de21c', 'd38aa58d', '46003790', 'd38aa58d', '46003790', '5d5de21c', '5d5de21c', '32777b38', 'a333d363', '4dec0816', '32777b38', 'a333d363']"
blk_4800820314682347637,"['bbb51b95', 'bbb51b95', 'bbb51b95', '3d91fa85', 'd38aa58d', '46003790', 'd38aa58d', '46003790', 'd38aa58d', '46003790', '5d5de21c', '5d5de21c', '5d5de21c', 'a333d363', '4dec0816']"
blk_-6684970157344798225,"['bbb51b95', '3d91fa85', 'bbb51b95', 'bbb51b95', 'd38aa58d', '46003790', 'd38aa58d', '46003790', 'd38aa58d', '46003790', '5d5de21c', '5d5de21c', '5d5de21c']"
blk_1316425991649367138,"['bbb51b95', 'd38aa58d', '46003790', 'bbb51b95', 'd38aa58d', '46003790', 'bbb51b95', 'd38aa58d', '46003790', '3d91fa85', '5d5de21c', '5d5de21c', '5d5de21c', '4dec0816']"
blk_-5735757112628280506,"['3d91fa85', 'bbb51b95', 'bbb51b95', 'bbb51b95', '5d5de21c', '46003790', '5d5de21c', '5d5de21c', 'd38aa58d', '46003790', 'd38aa58d', 'd38aa58d', '46003790', '32777b38']"
blk_-8142077439251381717,"['bbb51b95', 'bbb51b95', 'bbb51b95', '3d91fa85', 'd38aa58d', '46003790', 'd38aa58d', '46003790', 'd38aa58d', '46003790', '5d5de21c', '5d5de21c', '5d5de21c', 'd63ef163', 'd63ef163', 'd63ef163', 'dba996ef', 'dba996ef', 'dba996ef']"
blk_9055844147435141,"['bbb51b95', 'bbb51b95', 'bbb51b95', '3d91fa85', 'd38aa58d', '46003790', 'd38aa58d', '46003790', 'd38aa58d', '46003790', '5d5de21c', '5d5de21c', '5d5de21c']"
blk_8217472834568903987,"['3d91fa85', 'bbb51b95', 'bbb51b95', 'bbb51b95', '5d5de21c', '5d5de21c', 'd38aa58d', 'd38aa58d', '46003790', '46003790', '5d5de21c', 'd38aa58d', '46003790']"
blk_9063326479591238543,"['3d91fa85', 'bbb51b95', 'bbb51b95', 'bbb51b95', '5d5de21c', '5d5de21c', '5d5de21c', 'd38aa58d', '46003790', 'd38aa58d', '46003790', 'd38aa58d', '46003790']"
blk_-4557521928988038038,"['bbb51b95', 'bbb51b95', 'bbb51b95', '3d91fa85', 'd38aa58d', '46003790', 'd38aa58d', '46003790', 'd38aa58d', '46003790', '5d5de21c', '5d5de21c', '5d5de21c']"
blk_-1631142089391510712,"['bbb51b95', 'bbb51b95', '3d91fa85', 'bbb51b95', 'd38aa58d', '46003790', 'd38aa58d', '46003790', 'd38aa58d', '46003790', '5d5de21c', '5d5de21c', '5d5de21c']"
blk_-5455807602691305730,"['3d91fa85', 'bbb51b95', 'bbb51b95', 'bbb51b95', '5d5de21c', '5d5de21c', 'd38aa58d', '46003790', 'd38aa58d', '46003790', 'd38aa58d', '46003790', '5d5de21c', '32777b38']"
blk_2977279593601223297,"['bbb51b95', 'bbb51b95', '3d91fa85', 'bbb51b95', 'd38aa58d', '46003790', 'd38aa58d', '46003790', 'd38aa58d', '46003790', '5d5de21c', '5d5de21c', '5d5de21c']"
blk_-1473851343677754933,"['bbb51b95', 'bbb51b95', '3d91fa85', 'bbb51b95', 'd38aa58d', '46003790', 'd38aa58d', '46003790', 'd38aa58d', '46003790', '5d5de21c', '5d5de21c', '5d5de21c']"
blk_6961916728958662219,"['3d91fa85', 'bbb51b95', 'bbb51b95', 'bbb51b95', '5d5de21c', '5d5de21c', '5d5de21c', 'd38aa58d', '46003790', 'd38aa58d', '46003790', 'd38aa58d', '46003790']"
blk_-5952280959644561827,"['bbb51b95', '3d91fa85', 'bbb51b95', 'bbb51b95', 'd38aa58d', '46003790', 'd38aa58d', '46003790', 'd38aa58d', '46003790', '5d5de21c', '5d5de21c', '5d5de21c']"
blk_91449688610429996,"['bbb51b95', 'bbb51b95', '3d91fa85', 'bbb51b95', 'd38aa58d', '46003790', '46003790', '5d5de21c', 'd38aa58d', '46003790', 'd38aa58d', '5d5de21c', '5d5de21c']"
blk_-3308787041219496292,"['bbb51b95', '3d91fa85', 'bbb51b95', 'bbb51b95', 'd38aa58d', '46003790', 'd38aa58d', '46003790', 'd38aa58d', '46003790', '5d5de21c', '5d5de21c', '5d5de21c']"
blk_7468581872339863000,"['bbb51b95', '3d91fa85', 'bbb51b95', 'bbb51b95', 'd38aa58d', '46003790', 'd38aa58d', '46003790', 'd38aa58d', '46003790', '5d5de21c', '5d5de21c', '5d5de21c']"
blk_-6719495905951913811,"['bbb51b95', 'bbb51b95', '3d91fa85', 'bbb51b95', 'd38aa58d', '46003790', 'd38aa58d', '46003790', 'd38aa58d', '46003790', '5d5de21c', '5d5de21c', '5d5de21c', 'a333d363', '4dec0816']"
blk_248958152944908748,"['bbb51b95', '3d91fa85', 'bbb51b95', 'bbb51b95', 'd38aa58d', '46003790', 'd38aa58d', '46003790', '5d5de21c', '5d5de21c', '5d5de21c', 'd38aa58d', '46003790', 'a333d363', 'a333d363', '4dec0816']"
blk_4281943247872097287,"['bbb51b95', 'bbb51b95', '3d91fa85', 'bbb51b95', 'd38aa58d', '46003790', 'd38aa58d', '46003790', 'd38aa58d', '46003790', '5d5de21c', '5d5de21c', '5d5de21c']"
blk_2635228183618658474,"['bbb51b95', 'bbb51b95', '3d91fa85', 'bbb51b95', 'd38aa58d', '46003790', 'd38aa58d', '46003790', 'd38aa58d', '46003790', '5d5de21c', '5d5de21c', '5d5de21c']"
blk_2481446123753364108,"['3d91fa85', 'bbb51b95', 'bbb51b95', 'bbb51b95', '5d5de21c', '5d5de21c', '5d5de21c', 'd38aa58d', '46003790', 'd38aa58d', '46003790', 'd38aa58d', '46003790']"
blk_493913424142633871,"['3d91fa85', 'bbb51b95', 'bbb51b95', 'bbb51b95', '46003790', '5d5de21c', '5d5de21c', '5d5de21c', 'd38aa58d', '46003790', 'd38aa58d', '46003790', 'd38aa58d', '32777b38']"
blk_1898072937838519788,"['3d91fa85', 'bbb51b95', 'bbb51b95', 'bbb51b95', '5d5de21c', '5d5de21c', 'd38aa58d', '46003790', 'd38aa58d', '46003790', '5d5de21c', 'd38aa58d', '46003790']"
blk_1093274635781608977,"['bbb51b95', '3d91fa85', 'bbb51b95', 'bbb51b95', 'd38aa58d', '46003790', 'd38aa58d', '46003790', 'd38aa58d', '46003790', '5d5de21c', '5d5de21c', '5d5de21c']"
blk_-7843060032595837132,"['3d91fa85', 'bbb51b95', 'bbb51b95', 'bbb51b95', 'd38aa58d', '46003790', 'd38aa58d', '46003790', 'd38aa58d', '46003790', '5d5de21c', '5d5de21c', '5d5de21c']"
blk_8397739899225167211,"['3d91fa85', 'bbb51b95', 'bbb51b95', 'bbb51b95', 'd38aa58d', '46003790', 'd38aa58d', '46003790', 'd38aa58d', '46003790', '5d5de21c', '5d5de21c', '5d5de21c']"
blk_-2800949732588642940,"['bbb51b95', 'bbb51b95', '3d91fa85', 'bbb51b95', 'd38aa58d', '46003790', 'd38aa58d', '46003790', 'd38aa58d', '46003790', '5d5de21c', '5d5de21c', '5d5de21c']"
blk_6122321441386847083,"['bbb51b95', '3d91fa85', 'bbb51b95', 'bbb51b95', 'd38aa58d', '46003790', 'd38aa58d', '46003790', 'd38aa58d', '46003790', '5d5de21c', '5d5de21c', '5d5de21c', '32777b38', '32777b38', 'a333d363', 'a333d363', '4dec0816']"
blk_-1719866866874396389,"['3d91fa85', 'bbb51b95', 'bbb51b95', 'bbb51b95', '5d5de21c', '5d5de21c', '5d5de21c', 'd38aa58d', '46003790', 'd38aa58d', '46003790', 'd38aa58d', '46003790']"
blk_6988340654333493941,"['bbb51b95', 'bbb51b95', '3d91fa85', 'bbb51b95', 'd38aa58d', '46003790', 'd38aa58d', '46003790', 'd38aa58d', '46003790', '5d5de21c', '5d5de21c', '5d5de21c']"
blk_-2157425491351831344,"['bbb51b95', 'bbb51b95', 'bbb51b95', '3d91fa85', 'd38aa58d', '46003790', 'd38aa58d', '46003790', 'd38aa58d', '46003790', '5d5de21c', '5d5de21c', '5d5de21c']"
blk_-585435908261559161,"['bbb51b95', '3d91fa85', 'bbb51b95', 'bbb51b95', 'd38aa58d', '46003790', 'd38aa58d', '46003790', 'd38aa58d', '46003790', '5d5de21c', '5d5de21c', '5d5de21c', '32777b38']"
blk_3610334138234294321,"['bbb51b95', 'bbb51b95', 'bbb51b95', '3d91fa85', 'd38aa58d', '46003790', 'd38aa58d', '46003790', 'd38aa58d', '46003790', '5d5de21c', '5d5de21c', '5d5de21c']"
blk_5108085912717582808,"['3d91fa85', 'bbb51b95', 'bbb51b95', 'bbb51b95', '5d5de21c', '5d5de21c', '5d5de21c', 'd38aa58d', '46003790', 'd38aa58d', '46003790', 'd38aa58d', '46003790', '32777b38', '4dec0816']"
blk_-8121347312630077177,"['bbb51b95', 'bbb51b95', '3d91fa85', 'bbb51b95', 'd38aa58d', '46003790', 'd38aa58d', '46003790', '5d5de21c', '5d5de21c', 'd38aa58d', '46003790', '5d5de21c']"
blk_-2808511413713011288,"['bbb51b95', '3d91fa85', 'bbb51b95', 'bbb51b95', 'd38aa58d', '46003790', 'd38aa58d', '46003790', '5d5de21c', '5d5de21c', 'd38aa58d', '46003790', '5d5de21c']"
blk_848674036648252980,"['3d91fa85', 'bbb51b95', 'bbb51b95', 'bbb51b95', '5d5de21c', '5d5de21c', '5d5de21c', 'd38aa58d', '46003790', 'd38aa58d', '46003790', 'd38aa58d', '46003790']"
blk_-7319469840441695080,"['bbb51b95', '3d91fa85', 'bbb51b95', 'bbb51b95', 'd38aa58d', '46003790', 'd38aa58d', '46003790', 'd38aa58d', '46003790', '5d5de21c', '5d5de21c', '5d5de21c', '32777b38']"
blk_2184883463130872486,"['bbb51b95', 'bbb51b95', '3d91fa85', 'bbb51b95', 'd38aa58d', '46003790', 'd38aa58d', '46003790', 'd38aa58d', '46003790', '5d5de21c', '5d5de21c', '5d5de21c', '32777b38', '32777b38', 'a333d363', 'a333d363', '4dec0816']"
blk_853905232645675499,"['bbb51b95', 'bbb51b95', 'bbb51b95', '3d91fa85', 'd38aa58d', '46003790', 'd38aa58d', '46003790', 'd38aa58d', '46003790', '5d5de21c', '5d5de21c', '5d5de21c', '32777b38', '32777b38', '32777b38']"
blk_-2850072772817942243,"['bbb51b95', 'bbb51b95', '3d91fa85', 'bbb51b95', 'd38aa58d', '46003790', 'd38aa58d', '46003790', 'd38aa58d', '46003790', '5d5de21c', '5d5de21c', '5d5de21c', 'd63ef163', 'd63ef163', 'd63ef163', 'dba996ef', 'dba996ef', 'dba996ef']"
blk_8261666005778386684,"['3d91fa85', 'bbb51b95', 'bbb51b95', 'bbb51b95', '5d5de21c', '5d5de21c', '5d5de21c', 'd38aa58d', '46003790', 'd38aa58d', '46003790', 'd38aa58d', '46003790', '32777b38']"
blk_-1125562161725129359,"['3d91fa85', 'bbb51b95', 'bbb51b95', 'bbb51b95', '5d5de21c', '5d5de21c', 'd38aa58d', '46003790', 'd38aa58d', '46003790', 'd38aa58d', '46003790', '5d5de21c', 'a333d363', '4dec0816', 'a333d363']"
blk_-2106700463197263851,"['bbb51b95', '3d91fa85', 'bbb51b95', 'bbb51b95', 'd38aa58d', '46003790', '46003790', '5d5de21c', 'd38aa58d', '46003790', 'd38aa58d', '5d5de21c', '5d5de21c']"
blk_6226278936934395302,"['bbb51b95', 'bbb51b95', 'bbb51b95', '3d91fa85', 'd38aa58d', '46003790', 'd38aa58d', '46003790', 'd38aa58d', '46003790', '5d5de21c', '5d5de21c', '5d5de21c']"
blk_8336082978549165516,"['3d91fa85', 'bbb51b95', 'bbb51b95', 'bbb51b95', '5d5de21c', '5d5de21c', '5d5de21c', 'd38aa58d', '46003790', 'd38aa58d', '46003790', 'd38aa58d', '46003790']"
blk_-7305090016643184712,"['3d91fa85', 'bbb51b95', 'bbb51b95', 'bbb51b95', '5d5de21c', '46003790', 'd38aa58d', '46003790', '5d5de21c', '5d5de21c', 'd38aa58d', 'd38aa58d', '46003790', '32777b38']"
blk_-1554916750603620083,"['bbb51b95', '3d91fa85', 'bbb51b95', 'bbb51b95', 'd38aa58d', '46003790', 'd38aa58d', '46003790', 'd38aa58d', '46003790', '5d5de21c', '5d5de21c', '5d5de21c']"
blk_-19861982254312148,"['bbb51b95', '3d91fa85', 'bbb51b95', 'bbb51b95', 'd38aa58d', '46003790', 'd38aa58d', '46003790', 'd38aa58d', '46003790', '5d5de21c', '5d5de21c', '5d5de21c', '32777b38']"
blk_3171592537054674477,"['3d91fa85', 'bbb51b95', 'bbb51b95', 'bbb51b95', '5d5de21c', '5d5de21c', 'd38aa58d', '46003790', 'd38aa58d', '46003790', '5d5de21c', 'd38aa58d', '46003790']"
blk_-8710263081272832773,"['bbb51b95', 'bbb51b95', 'bbb51b95', '3d91fa85', 'd38aa58d', '46003790', 'd38aa58d', '46003790', 'd38aa58d', '46003790', '5d5de21c', '5d5de21c', '5d5de21c']"
blk_8658501883565862507,"['bbb51b95', 'bbb51b95', 'bbb51b95', '3d91fa85', 'd38aa58d', '46003790', 'd38aa58d', '46003790', 'd38aa58d', '46003790', '5d5de21c', '5d5de21c', '5d5de21c']"
blk_6465997636981905450,"['3d91fa85', 'bbb51b95', 'bbb51b95', 'bbb51b95', 'd38aa58d', '46003790', 'd38aa58d', '46003790', 'd38aa58d', '46003790', '5d5de21c', '5d5de21c', '5d5de21c']"
blk_8725991956742230727,"['bbb51b95', 'bbb51b95', '3d91fa85', 'bbb51b95', 'd38aa58d', '46003790', 'd38aa58d', '46003790', 'd38aa58d', '46003790', '5d5de21c', '5d5de21c', '5d5de21c']"
blk_3909662950839306365,"['bbb51b95', '3d91fa85', 'bbb51b95', 'bbb51b95', 'd38aa58d', '46003790', 'd38aa58d', '46003790', 'd38aa58d', '46003790', '5d5de21c', '5d5de21c', '5d5de21c']"
blk_6144750186989915407,"['3d91fa85', 'bbb51b95', 'bbb51b95', 'bbb51b95', 'd38aa58d', '46003790', '46003790', '5d5de21c', 'd38aa58d', 'd38aa58d', '46003790', '5d5de21c', '5d5de21c']"
blk_7987384809651689104,"['bbb51b95', 'bbb51b95', '3d91fa85', 'bbb51b95', 'd38aa58d', '46003790', 'd38aa58d', '46003790', '5d5de21c', '5d5de21c', 'd38aa58d', '46003790', '5d5de21c']"
blk_-1382408528847375736,"['3d91fa85', 'bbb51b95', 'bbb51b95', 'bbb51b95', '5d5de21c', '5d5de21c', '5d5de21c', 'd38aa58d', '46003790', 'd38aa58d', '46003790', 'd38aa58d', '46003790', '32777b38', 'a333d363', 'a333d363']"
blk_-6601562807662708606,"['bbb51b95', 'bbb51b95', 'bbb51b95', '3d91fa85', 'd38aa58d', '46003790', 'd38aa58d', '46003790', '5d5de21c', '5d5de21c', 'd38aa58d', '46003790', '5d5de21c']"
blk_2784795689110131087,"['bbb51b95', 'bbb51b95', '3d91fa85', 'bbb51b95', '46003790', '5d5de21c', 'd38aa58d', 'd38aa58d', '46003790', 'd38aa58d', '46003790', '5d5de21c', '5d5de21c', 'a333d363', '4dec0816']"
blk_-2223410426670398594,"['3d91fa85', 'bbb51b95', 'bbb51b95', 'bbb51b95', 'd38aa58d', '46003790', '5d5de21c', 'd38aa58d', '46003790', 'd38aa58d', '46003790', '5d5de21c', '5d5de21c', 'a333d363', '4dec0816']"
blk_1526108794769513416,"['bbb51b95', 'bbb51b95', '3d91fa85', 'bbb51b95', 'd38aa58d', '46003790', 'd38aa58d', '46003790', 'd38aa58d', '46003790', '5d5de21c', '5d5de21c', '5d5de21c']"
blk_7832787659189498413,"['3d91fa85', 'bbb51b95', 'bbb51b95', 'bbb51b95', '5d5de21c', '5d5de21c', '5d5de21c', 'd38aa58d', '46003790', 'd38aa58d', '46003790', 'd38aa58d', '46003790']"
blk_2472106705556587986,"['3d91fa85', 'bbb51b95', 'bbb51b95', 'bbb51b95', '5d5de21c', 'd38aa58d', '46003790', '5d5de21c', '5d5de21c', 'd38aa58d', '46003790', 'd38aa58d', '46003790']"
blk_-2463788115499759143,"['bbb51b95', '3d91fa85', 'bbb51b95', 'bbb51b95', 'd38aa58d', '46003790', 'd38aa58d', '46003790', '5d5de21c', '5d5de21c', 'd38aa58d', '46003790', '5d5de21c']"
blk_5853202594500111668,"['3d91fa85', 'bbb51b95', 'bbb51b95', 'bbb51b95', '5d5de21c', '5d5de21c', '5d5de21c', 'd38aa58d', '46003790', 'd38aa58d', '46003790', 'd38aa58d', '46003790', '4dec0816']"
blk_-699557503738578829,"['bbb51b95', '3d91fa85', 'bbb51b95', 'bbb51b95', 'd38aa58d', '46003790', 'd38aa58d', '46003790', 'd38aa58d', '46003790', '5d5de21c', '5d5de21c', '5d5de21c']"
blk_1496301526161628664,"['bbb51b95', 'bbb51b95', '3d91fa85', 'bbb51b95', 'd38aa58d', '46003790', 'd38aa58d', '46003790', 'd38aa58d', '46003790', '5d5de21c', '5d5de21c', '5d5de21c', '32777b38']"
blk_4268669957473316726,"['bbb51b95', 'bbb51b95', '3d91fa85', 'bbb51b95', 'd38aa58d', '46003790', 'd38aa58d', '46003790', 'd38aa58d', '46003790', '5d5de21c', '5d5de21c', '5d5de21c']"
blk_8015913224713045110,"['3d91fa85', 'bbb51b95', 'bbb51b95', 'bbb51b95', '5d5de21c', '5d5de21c', '5d5de21c', '46003790', 'd38aa58d', '46003790', 'd38aa58d', '46003790', 'd38aa58d']"
blk_-715403788829056759,"['3d91fa85', 'bbb51b95', 'bbb51b95', 'bbb51b95', '5d5de21c', '5d5de21c', '5d5de21c', 'd38aa58d', '46003790', 'd38aa58d', '46003790', 'd38aa58d', '46003790']"
blk_8630340789237588598,"['3d91fa85', 'bbb51b95', 'bbb51b95', 'bbb51b95', '5d5de21c', '5d5de21c', '5d5de21c', 'd38aa58d', '46003790', 'd38aa58d', '46003790', 'd38aa58d', '46003790']"
blk_3307747428928506928,"['bbb51b95', '3d91fa85', 'bbb51b95', 'bbb51b95', 'd38aa58d', '46003790', 'd38aa58d', '46003790', 'd38aa58d', '46003790', '5d5de21c', '5d5de21c', '5d5de21c']"
blk_6499668930433708416,"['3d91fa85', 'bbb51b95', 'bbb51b95', 'bbb51b95', '5d5de21c', '5d5de21c', 'd38aa58d', '46003790', 'd38aa58d', '46003790', '5d5de21c', 'd38aa58d', '46003790']"
blk_-2852960356069865309,"['bbb51b95', 'bbb51b95', 'bbb51b95', '3d91fa85', 'd38aa58d', '46003790', 'd38aa58d', '46003790', 'd38aa58d', '46003790', '5d5de21c', '5d5de21c', '5d5de21c', '4dec0816']"
blk_-222029290677631349,"['3d91fa85', 'bbb51b95', 'bbb51b95', 'bbb51b95', '5d5de21c', '5d5de21c', 'd38aa58d', '46003790', 'd38aa58d', '46003790', '5d5de21c', 'd38aa58d', '46003790']"
blk_-5736996957920833186,"['bbb51b95', '3d91fa85', 'bbb51b95', 'bbb51b95', 'd38aa58d', '46003790', '5d5de21c', 'd38aa58d', '46003790', 'd38aa58d', '46003790', '5d5de21c', '5d5de21c']"
blk_2207414845570239472,"['3d91fa85', 'bbb51b95', 'bbb51b95', 'bbb51b95', '5d5de21c', '5d5de21c', 'd38aa58d', '46003790', 'd38aa58d', '46003790', 'd38aa58d', '46003790', '5d5de21c', 'a333d363', '4dec0816']"
blk_5177989508742084140,"['bbb51b95', '3d91fa85', 'bbb51b95', 'bbb51b95', 'd38aa58d', '46003790', 'd38aa58d', '46003790', '5d5de21c', '5d5de21c', 'd38aa58d', '46003790', '5d5de21c']"
blk_-5590642171403201200,"['3d91fa85', 'bbb51b95', 'bbb51b95', 'bbb51b95', '5d5de21c', '5d5de21c', 'd38aa58d', '46003790', 'd38aa58d', '46003790', '5d5de21c', 'd38aa58d', '46003790']"
blk_6330910503783990988,"['bbb51b95', 'bbb51b95', 'bbb51b95', '3d91fa85', 'd38aa58d', '46003790', 'd38aa58d', '46003790', 'd38aa58d', '46003790', '5d5de21c', '5d5de21c', '5d5de21c']"
blk_-8661928741228897647,"['bbb51b95', 'bbb51b95', 'bbb51b95', '3d91fa85', '46003790', 'd38aa58d', '46003790', 'd38aa58d', '46003790', '5d5de21c', '5d5de21c', 'd38aa58d', '5d5de21c']"
blk_1756405765835991300,"['bbb51b95', 'bbb51b95', '3d91fa85', 'bbb51b95', 'd38aa58d', '46003790', 'd38aa58d', '46003790', 'd38aa58d', '46003790', '5d5de21c', '5d5de21c', '5d5de21c']"
blk_-1292287615514703051,"['3d91fa85', 'bbb51b95', 'bbb51b95', 'bbb51b95', 'd38aa58d', '46003790', 'd38aa58d', '46003790', 'd38aa58d', '46003790', '5d5de21c', '5d5de21c', '5d5de21c']"
blk_-7362445433118491770,"['3d91fa85', 'bbb51b95', 'bbb51b95', 'bbb51b95', '5d5de21c', '5d5de21c', '5d5de21c', 'd38aa58d', '46003790', 'd38aa58d', '46003790', 'd38aa58d', '46003790']"
blk_-7341176716998911665,"['bbb51b95', '3d91fa85', 'bbb51b95', 'bbb51b95', 'd38aa58d', '46003790', 'd38aa58d', '46003790', 'd38aa58d', '46003790', '5d5de21c', '5d5de21c', '5d5de21c']"
blk_-5037056168444409071,"['bbb51b95', 'bbb51b95', '3d91fa85', 'bbb51b95', 'd38aa58d', '46003790', '46003790', '5d5de21c', '5d5de21c', 'd38aa58d', '46003790', 'd38aa58d', '5d5de21c', 'a333d363']"
blk_-1651685261008708491,"['bbb51b95', 'bbb51b95', '3d91fa85', 'bbb51b95', 'd38aa58d', '46003790', 'd38aa58d', '46003790', 'd38aa58d', '46003790', '5d5de21c', '5d5de21c', '5d5de21c']"
blk_1501186957439786881,"['3d91fa85', 'bbb51b95', 'bbb51b95', 'bbb51b95', '5d5de21c', '5d5de21c', '5d5de21c', 'd38aa58d', '46003790', 'd38aa58d', '46003790', 'd38aa58d', '46003790', 'a333d363', 'a333d363', '4dec0816']"
blk_-2526202700678875466,"['bbb51b95', 'bbb51b95', '3d91fa85', 'bbb51b95', 'd38aa58d', '46003790', 'd38aa58d', 'd38aa58d', '46003790', '46003790', '5d5de21c', '5d5de21c', '5d5de21c', '32777b38', '32777b38', 'a333d363', 'a333d363', '4dec0816']"
blk_7473974560860523575,"['bbb51b95', 'bbb51b95', 'bbb51b95', '3d91fa85', 'd38aa58d', '46003790', 'd38aa58d', '46003790', 'd38aa58d', '46003790', '5d5de21c', '5d5de21c', '5d5de21c', 'a333d363']"
blk_36455684225874687,"['bbb51b95', '3d91fa85', 'bbb51b95', 'bbb51b95', 'd38aa58d', '46003790', 'd38aa58d', '46003790', 'd38aa58d', '46003790', '5d5de21c', '5d5de21c', '5d5de21c']"
blk_-7117667397172401703,"['3d91fa85', 'bbb51b95', 'bbb51b95', 'bbb51b95', '5d5de21c', 'd38aa58d', '46003790', 'd38aa58d', '46003790', 'd38aa58d', '46003790', '5d5de21c', '5d5de21c']"
blk_753943616576816056,"['3d91fa85', 'bbb51b95', 'bbb51b95', 'bbb51b95', '5d5de21c', '5d5de21c', '5d5de21c', 'd38aa58d', '46003790', 'd38aa58d', '46003790', '46003790', 'd38aa58d', '4dec0816']"
blk_-9106397459029350676,"['3d91fa85', 'bbb51b95', 'bbb51b95', 'bbb51b95', 'd38aa58d', '46003790', 'd38aa58d', '46003790', 'd38aa58d', '46003790', '5d5de21c', '5d5de21c', '5d5de21c']"
blk_-2190210906526916834,"['3d91fa85', 'bbb51b95', 'bbb51b95', 'bbb51b95', '5d5de21c', 'd38aa58d', 'd38aa58d', '46003790', '46003790', '5d5de21c', '5d5de21c', 'd38aa58d', '46003790', '32777b38', 'a333d363', '4dec0816', 'a333d363']"
blk_-5236658276870048808,"['bbb51b95', '3d91fa85', 'bbb51b95', 'bbb51b95', 'd38aa58d', '46003790', '5d5de21c', 'd38aa58d', '46003790', 'd38aa58d', '46003790', '5d5de21c', '5d5de21c']"
blk_5385955113851389958,"['3d91fa85', 'bbb51b95', 'bbb51b95', 'bbb51b95', 'd38aa58d', '46003790', 'd38aa58d', '46003790', 'd38aa58d', '46003790', '5d5de21c', '5d5de21c', '5d5de21c']"
blk_6665363191484733384,"['bbb51b95', '3d91fa85', 'bbb51b95', 'bbb51b95', 'd38aa58d', '46003790', 'd38aa58d', '46003790', 'd38aa58d', '46003790', '5d5de21c', '5d5de21c', '5d5de21c']"
blk_-4059713688628942881,"['3d91fa85', 'bbb51b95', 'bbb51b95', 'bbb51b95', '5d5de21c', '5d5de21c', '5d5de21c', 'd38aa58d', '46003790', 'd38aa58d', '46003790', 'd38aa58d', '46003790']"
blk_-336161216697523732,"['bbb51b95', 'bbb51b95', 'bbb51b95', '3d91fa85', 'd38aa58d', '46003790', 'd38aa58d', '46003790', '5d5de21c', 'd38aa58d', '46003790', '5d5de21c', '5d5de21c']"
blk_-6398971560504640772,"['bbb51b95', 'bbb51b95', 'bbb51b95', '3d91fa85', 'd38aa58d', '46003790', 'd38aa58d', '46003790', 'd38aa58d', '46003790', '5d5de21c', '5d5de21c', '5d5de21c']"
blk_-1033668505248182574,"['bbb51b95', '3d91fa85', 'bbb51b95', 'bbb51b95', 'd38aa58d', '46003790', 'd38aa58d', '46003790', '5d5de21c', '5d5de21c', 'd38aa58d', '46003790', '5d5de21c']"
blk_-3856276480487626089,"['3d91fa85', 'bbb51b95', 'bbb51b95', 'bbb51b95', 'd38aa58d', '46003790', 'd38aa58d', '46003790', 'd38aa58d', '46003790', '5d5de21c', '5d5de21c', '5d5de21c']"
blk_-6895448787282506220,"['bbb51b95', 'bbb51b95', 'bbb51b95', '3d91fa85', 'd38aa58d', '46003790', 'd38aa58d', '46003790', 'd38aa58d', '46003790', '5d5de21c', '5d5de21c', '5d5de21c']"
blk_-7135910460514718943,"['bbb51b95', '3d91fa85', 'bbb51b95', 'bbb51b95', '46003790', 'd38aa58d', '46003790', 'd38aa58d', 'd38aa58d', '46003790', '5d5de21c', '5d5de21c', '5d5de21c', '32777b38']"
blk_-5817585425122958877,"['bbb51b95', 'bbb51b95', '3d91fa85', 'bbb51b95', 'd38aa58d', '46003790', 'd38aa58d', '46003790', 'd38aa58d', '46003790', '5d5de21c', '5d5de21c', '5d5de21c']"
blk_8908135258702454202,"['bbb51b95', '3d91fa85', 'bbb51b95', 'bbb51b95', 'd38aa58d', '46003790', 'd38aa58d', '46003790', 'd38aa58d', '46003790', '5d5de21c', '5d5de21c', '5d5de21c']"
blk_-8302836691553357183,"['bbb51b95', 'bbb51b95', '3d91fa85', 'bbb51b95', 'd38aa58d', '46003790', 'd38aa58d', '46003790', 'd38aa58d', '46003790', '5d5de21c', '5d5de21c', '5d5de21c']"
blk_9065804751799571675,"['bbb51b95', 'bbb51b95', 'bbb51b95', '3d91fa85', 'd38aa58d', '46003790', 'd38aa58d', '46003790', 'd38aa58d', '46003790', '5d5de21c', '5d5de21c', '5d5de21c']"
blk_-5081120059203528918,"['bbb51b95', 'bbb51b95', '3d91fa85', 'bbb51b95', 'd38aa58d', '46003790', 'd38aa58d', '46003790', 'd38aa58d', '46003790', '5d5de21c', '5d5de21c', '5d5de21c']"
blk_4403780569739022312,"['bbb51b95', '3d91fa85', 'bbb51b95', 'bbb51b95', 'd38aa58d', '46003790', 'd38aa58d', '46003790', 'd38aa58d', '46003790', '5d5de21c', '5d5de21c', '5d5de21c']"
blk_7049923910433551108,"['bbb51b95', 'bbb51b95', 'bbb51b95', '3d91fa85', 'd38aa58d', '46003790', 'd38aa58d', '46003790', 'd38aa58d', '46003790', '5d5de21c', '5d5de21c', '5d5de21c', 'd63ef163', 'd63ef163', 'd63ef163', 'dba996ef', 'dba996ef', 'dba996ef']"
blk_5007231503291574783,"['3d91fa85', 'bbb51b95', 'bbb51b95', 'bbb51b95', '5d5de21c', 'd38aa58d', '46003790', 'd38aa58d', '46003790', 'd38aa58d', '46003790', '5d5de21c', '5d5de21c']"
blk_-779647660556005986,"['bbb51b95', '3d91fa85', 'bbb51b95', 'bbb51b95', 'd38aa58d', '46003790', 'd38aa58d', '46003790', 'd38aa58d', '46003790', '5d5de21c', '5d5de21c', '5d5de21c']"
blk_6815240481500824336,"['3d91fa85', 'bbb51b95', 'bbb51b95', 'bbb51b95', '5d5de21c', '5d5de21c', 'd38aa58d', '46003790', 'd38aa58d', '46003790', '5d5de21c', 'd38aa58d', '46003790']"
blk_9124889016996815054,"['bbb51b95', 'bbb51b95', 'bbb51b95', '3d91fa85', 'd38aa58d', '46003790', 'd38aa58d', '46003790', 'd38aa58d', '46003790', '5d5de21c', '5d5de21c', '5d5de21c']"
blk_-4204305913336923535,"['3d91fa85', 'bbb51b95', 'bbb51b95', 'bbb51b95', '5d5de21c', '5d5de21c', '5d5de21c', 'd38aa58d', '46003790', 'd38aa58d', '46003790', 'd38aa58d', '46003790', '32777b38', 'a333d363', '4dec0816', 'a333d363']"
blk_-5931943601285802889,"['bbb51b95', '3d91fa85', 'bbb51b95', 'bbb51b95', '46003790', '5d5de21c', 'd38aa58d', '46003790', 'd38aa58d', 'd38aa58d', '46003790', '5d5de21c', '5d5de21c']"
blk_-3622318404778951084,"['bbb51b95', 'bbb51b95', '3d91fa85', 'bbb51b95', 'd38aa58d', '46003790', 'd38aa58d', '46003790', 'd38aa58d', '46003790', '5d5de21c', '5d5de21c', '5d5de21c', 'a333d363', '4dec0816']"
blk_-8985949782239394588,"['bbb51b95', '3d91fa85', 'bbb51b95', 'bbb51b95', 'd38aa58d', '46003790', 'd38aa58d', '46003790', 'd38aa58d', '46003790', '5d5de21c', '5d5de21c', '5d5de21c', '32777b38', '32777b38', '32777b38', 'a333d363', 'a333d363', '4dec0816']"
blk_7422369107557435635,"['bbb51b95', '3d91fa85', 'bbb51b95', 'bbb51b95', 'd38aa58d', '46003790', 'd38aa58d', '46003790', 'd38aa58d', '46003790', '5d5de21c', '5d5de21c', '5d5de21c', '4dec0816']"
blk_6167170083658676028,"['bbb51b95', 'bbb51b95', 'bbb51b95', '3d91fa85', 'd38aa58d', '46003790', 'd38aa58d', '46003790', 'd38aa58d', '46003790', '5d5de21c', '5d5de21c', '5d5de21c', '4dec0816']"
blk_4384494847800021475,"['bbb51b95', '3d91fa85', 'bbb51b95', 'bbb51b95', 'd38aa58d', '46003790', 'd38aa58d', '46003790', 'd38aa58d', '46003790', '5d5de21c', '5d5de21c', '5d5de21c']"
blk_3435266294881217340,"['bbb51b95', '3d91fa85', 'bbb51b95', 'bbb51b95', 'd38aa58d', '46003790', 'd38aa58d', '46003790', 'd38aa58d', '46003790', '5d5de21c', '5d5de21c', '5d5de21c']"
blk_-1431802758722489564,"['bbb51b95', 'bbb51b95', 'bbb51b95', '3d91fa85', 'd38aa58d', '46003790', 'd38aa58d', '46003790', 'd38aa58d', '46003790', '5d5de21c', '5d5de21c', '5d5de21c']"
blk_-4674176591892748676,"['bbb51b95', 'bbb51b95', '3d91fa85', 'bbb51b95', 'd38aa58d', '46003790', 'd38aa58d', '46003790', 'd38aa58d', '46003790', '5d5de21c', '5d5de21c', '5d5de21c']"
blk_5547460823094152510,"['bbb51b95', '3d91fa85', 'bbb51b95', 'bbb51b95', 'd38aa58d', '46003790', '5d5de21c', 'd38aa58d', '46003790', '5d5de21c', '5d5de21c', 'd38aa58d', '46003790']"
blk_-5470493594323624992,"['bbb51b95', '3d91fa85', 'bbb51b95', 'bbb51b95', 'd38aa58d', '46003790', 'd38aa58d', '46003790', 'd38aa58d', '46003790', '5d5de21c', '5d5de21c', '5d5de21c', '4dec0816']"
blk_609449383895008716,"['bbb51b95', 'bbb51b95', 'bbb51b95', '3d91fa85', 'd38aa58d', '46003790', 'd38aa58d', '46003790', 'd38aa58d', '46003790', '5d5de21c', '5d5de21c', '5d5de21c']"
blk_8246125309994852697,"['bbb51b95', 'bbb51b95', 'bbb51b95', '3d91fa85', 'd38aa58d', '46003790', 'd38aa58d', '46003790', '5d5de21c', '5d5de21c', 'd38aa58d', '46003790', '5d5de21c']"
blk_5503428787324305145,"['3d91fa85', 'bbb51b95', 'bbb51b95', 'bbb51b95', '5d5de21c', 'd38aa58d', '46003790', '5d5de21c', '5d5de21c', 'd38aa58d', '46003790', 'd38aa58d', '46003790']"
blk_-1330444106981027534,"['3d91fa85', 'bbb51b95', 'bbb51b95', 'bbb51b95', '5d5de21c', '5d5de21c', 'd38aa58d', '46003790', 'd38aa58d', '46003790', 'd38aa58d', '46003790', '5d5de21c', 'a333d363', '4dec0816', 'a333d363']"
blk_782689782697384575,"['bbb51b95', 'bbb51b95', 'bbb51b95', '3d91fa85', 'd38aa58d', '46003790', 'd38aa58d', '46003790', 'd38aa58d', '46003790', '5d5de21c', '5d5de21c', '5d5de21c', 'a333d363', '4dec0816']"
blk_-1842412442823494938,"['bbb51b95', 'bbb51b95', '3d91fa85', 'bbb51b95', 'd38aa58d', '46003790', 'd38aa58d', '46003790', 'd38aa58d', '46003790', '5d5de21c', '5d5de21c', '5d5de21c']"
blk_5528835497664878134,"['3d91fa85', 'bbb51b95', 'bbb51b95', 'bbb51b95', 'd38aa58d', 'd38aa58d', '46003790', '46003790', 'd38aa58d', '46003790', '5d5de21c', '5d5de21c', '5d5de21c', '32777b38', 'a333d363', '4dec0816', 'a333d363']"
blk_-7575245190408192321,"['bbb51b95', 'd38aa58d', '46003790', 'bbb51b95', 'd38aa58d', '46003790', 'bbb51b95', 'd38aa58d', '46003790', '5d5de21c', '5d5de21c', '3d91fa85', '5d5de21c', '4dec0816']"
blk_8115669002949705059,"['bbb51b95', 'bbb51b95', 'bbb51b95', '3d91fa85', 'd38aa58d', '46003790', 'd38aa58d', '46003790', 'd38aa58d', '46003790', '5d5de21c', '5d5de21c', '5d5de21c']"
blk_2321441547186134207,"['bbb51b95', '3d91fa85', 'bbb51b95', 'bbb51b95', 'd38aa58d', '46003790', '5d5de21c', 'd38aa58d', '46003790', 'd38aa58d', '46003790', '5d5de21c', '5d5de21c']"
blk_-7211671430749144556,"['bbb51b95', 'bbb51b95', 'bbb51b95', '3d91fa85', 'd38aa58d', '46003790', 'd38aa58d', '46003790', 'd38aa58d', '46003790', '5d5de21c', '5d5de21c', '5d5de21c']"
blk_4440995973025767434,"['bbb51b95', 'bbb51b95', 'bbb51b95', '3d91fa85', 'd38aa58d', '46003790', 'd38aa58d', '46003790', 'd38aa58d', '46003790', '5d5de21c', '5d5de21c', '5d5de21c', 'a333d363']"
blk_3651560455085083182,"['bbb51b95', '3d91fa85', 'bbb51b95', 'bbb51b95', 'd38aa58d', '46003790', 'd38aa58d', '46003790', 'd38aa58d', '46003790', '5d5de21c', '5d5de21c', '5d5de21c']"
blk_-9031517211610764321,"['3d91fa85', 'bbb51b95', 'bbb51b95', 'bbb51b95', '5d5de21c', '5d5de21c', 'd38aa58d', '46003790', 'd38aa58d', '46003790', 'd38aa58d', '46003790', '5d5de21c', 'a333d363', 'a333d363', '4dec0816']"
blk_2950027591334363799,"['3d91fa85', 'bbb51b95', 'bbb51b95', 'bbb51b95', '5d5de21c', '5d5de21c', 'd38aa58d', '46003790', 'd38aa58d', '46003790', 'd38aa58d', '46003790', '5d5de21c', '32777b38']"
blk_5603783715346298163,"['3d91fa85', 'bbb51b95', 'bbb51b95', 'bbb51b95', '5d5de21c', '5d5de21c', '5d5de21c', 'd38aa58d', '46003790', '46003790', 'd38aa58d', '46003790', 'd38aa58d', 'a333d363', '4dec0816', 'a333d363']"
blk_1326374929166714291,"['bbb51b95', '3d91fa85', 'bbb51b95', 'bbb51b95', 'd38aa58d', '46003790', 'd38aa58d', '46003790', '5d5de21c', 'd38aa58d', '46003790', '5d5de21c', '5d5de21c', '32777b38']"
blk_-8921451406546043152,"['bbb51b95', '3d91fa85', 'bbb51b95', 'bbb51b95', 'd38aa58d', '46003790', 'd38aa58d', '46003790', 'd38aa58d', '46003790', '5d5de21c', '5d5de21c', '5d5de21c']"
blk_-5044921633687303958,"['bbb51b95', 'bbb51b95', '3d91fa85', 'bbb51b95', 'd38aa58d', '46003790', 'd38aa58d', '46003790', 'd38aa58d', '46003790', '5d5de21c', '5d5de21c', '5d5de21c']"
blk_-1952885854595040069,"['bbb51b95', '3d91fa85', 'bbb51b95', 'bbb51b95', 'd38aa58d', '46003790', 'd38aa58d', '46003790', '5d5de21c', 'd38aa58d', '46003790', '5d5de21c', '5d5de21c']"
blk_-8544864090486454378,"['3d91fa85', 'bbb51b95', 'bbb51b95', 'bbb51b95', '5d5de21c', '5d5de21c', '46003790', 'd38aa58d', '46003790', 'd38aa58d', '46003790', '5d5de21c', 'd38aa58d', '32777b38']"
blk_9094878492484904655,"['bbb51b95', '3d91fa85', 'bbb51b95', 'bbb51b95', 'd38aa58d', '46003790', 'd38aa58d', '46003790', 'd38aa58d', '46003790', '5d5de21c', '5d5de21c', '5d5de21c', '32777b38']"
blk_-2719304497973020166,"['bbb51b95', 'bbb51b95', '3d91fa85', 'bbb51b95', 'd38aa58d', '46003790', 'd38aa58d', '46003790', '5d5de21c', '5d5de21c', 'd38aa58d', '46003790', '5d5de21c', 'a333d363']"
blk_-7484681598819435049,"['bbb51b95', 'bbb51b95', '3d91fa85', 'bbb51b95', 'd38aa58d', '46003790', 'd38aa58d', '46003790', 'd38aa58d', '46003790', '5d5de21c', '5d5de21c', '5d5de21c']"
blk_-2990853721347107363,"['bbb51b95', '3d91fa85', 'bbb51b95', 'bbb51b95', 'd38aa58d', '46003790', 'd38aa58d', '46003790', 'd38aa58d', '46003790', '5d5de21c', '5d5de21c', '5d5de21c']"
blk_-860867545572869811,"['3d91fa85', 'bbb51b95', 'bbb51b95', 'bbb51b95', '5d5de21c', '5d5de21c', '5d5de21c', 'd38aa58d', '46003790', 'd38aa58d', '46003790', 'd38aa58d', '46003790']"
blk_-2711226281981814510,"['3d91fa85', 'bbb51b95', 'bbb51b95', 'bbb51b95', '5d5de21c', '5d5de21c', 'd38aa58d', '46003790', 'd38aa58d', '46003790', '5d5de21c', 'd38aa58d', '46003790', 'a333d363']"
blk_8964594020462326253,"['bbb51b95', 'bbb51b95', '3d91fa85', 'bbb51b95', 'd38aa58d', '46003790', 'd38aa58d', '46003790', 'd38aa58d', '46003790', '5d5de21c', '5d5de21c', '5d5de21c']"
blk_-8801912968907570809,"['bbb51b95', 'bbb51b95', 'bbb51b95', '3d91fa85', 'd38aa58d', '46003790', 'd38aa58d', '46003790', 'd38aa58d', '46003790', '5d5de21c', '5d5de21c', '5d5de21c']"
blk_-8050488950678281259,"['3d91fa85', 'bbb51b95', 'bbb51b95', 'bbb51b95', 'd38aa58d', '46003790', 'd38aa58d', '46003790', 'd38aa58d', '46003790', '5d5de21c', '5d5de21c', '5d5de21c']"
blk_783765763564471237,"['bbb51b95', 'bbb51b95', '3d91fa85', 'bbb51b95', 'd38aa58d', '46003790', 'd38aa58d', '46003790', 'd38aa58d', '46003790', '5d5de21c', '5d5de21c', '5d5de21c']"
blk_1568457131008515654,"['3d91fa85', 'bbb51b95', 'bbb51b95', 'bbb51b95', '5d5de21c', '5d5de21c', '5d5de21c', 'd38aa58d', '46003790', 'd38aa58d', '46003790', 'd38aa58d', '46003790']"
blk_7979505857781754448,"['bbb51b95', '3d91fa85', 'bbb51b95', 'bbb51b95', 'd38aa58d', '46003790', 'd38aa58d', '46003790', 'd38aa58d', '46003790', '5d5de21c', '5d5de21c', '5d5de21c', 'a333d363', '4dec0816']"
blk_4913662536361431060,"['bbb51b95', 'bbb51b95', '3d91fa85', 'bbb51b95', 'd38aa58d', '46003790', 'd38aa58d', '46003790', '5d5de21c', '5d5de21c', 'd38aa58d', '46003790', '5d5de21c', 'd63ef163', 'd63ef163', 'd63ef163', 'dba996ef', 'dba996ef', 'dba996ef']"
blk_284590682697591746,"['3d91fa85', 'bbb51b95', 'bbb51b95', 'bbb51b95', '5d5de21c', '5d5de21c', 'd38aa58d', '46003790', 'd38aa58d', '46003790', 'd38aa58d', '46003790', '5d5de21c']"
blk_4249593208455455981,"['3d91fa85', 'bbb51b95', 'bbb51b95', 'bbb51b95', '5d5de21c', 'd38aa58d', '46003790', '5d5de21c', '5d5de21c', 'd38aa58d', '46003790', 'd38aa58d', '46003790']"
blk_-811112484793995707,"['bbb51b95', '3d91fa85', 'bbb51b95', 'bbb51b95', 'd38aa58d', '46003790', 'd38aa58d', '46003790', 'd38aa58d', '46003790', '5d5de21c', '5d5de21c', '5d5de21c', '32777b38']"
blk_-2899901021285235624,"['bbb51b95', 'bbb51b95', 'bbb51b95', '3d91fa85', 'd38aa58d', '46003790', 'd38aa58d', '46003790', 'd38aa58d', '46003790', '5d5de21c', '5d5de21c', '5d5de21c']"
blk_-4774002386893526346,"['bbb51b95', 'bbb51b95', '3d91fa85', 'bbb51b95', 'd38aa58d', '46003790', 'd38aa58d', '46003790', '5d5de21c', '5d5de21c', 'd38aa58d', '46003790', '5d5de21c', 'd63ef163', 'd63ef163', 'd63ef163', 'dba996ef', 'dba996ef', 'dba996ef']"
blk_-3627676903919562622,"['bbb51b95', '3d91fa85', 'bbb51b95', 'bbb51b95', 'd38aa58d', '46003790', 'd38aa58d', '46003790', 'd38aa58d', '46003790', '5d5de21c', '5d5de21c', '5d5de21c', '32777b38']"
blk_-3460057200958827280,"['3d91fa85', 'bbb51b95', 'bbb51b95', 'bbb51b95', 'd38aa58d', '46003790', '5d5de21c', '5d5de21c', '5d5de21c', 'd38aa58d', '46003790', 'd38aa58d', '46003790']"
blk_8146895643772310792,"['bbb51b95', '3d91fa85', 'bbb51b95', 'bbb51b95', 'd38aa58d', '46003790', 'd38aa58d', '46003790', '5d5de21c', 'd38aa58d', '46003790', '5d5de21c', '5d5de21c']"
blk_-3043697933263783109,"['3d91fa85', 'bbb51b95', 'bbb51b95', 'bbb51b95', '5d5de21c', '5d5de21c', 'd38aa58d', '46003790', 'd38aa58d', '46003790', 'd38aa58d', '46003790', '5d5de21c', 'a333d363', '4dec0816']"
blk_2882457553223662695,"['bbb51b95', 'bbb51b95', 'bbb51b95', '3d91fa85', 'd38aa58d', '46003790', 'd38aa58d', '46003790', 'd38aa58d', '46003790', '5d5de21c', '5d5de21c', '5d5de21c']"
blk_-6081722372662143,"['3d91fa85', 'bbb51b95', 'bbb51b95', 'bbb51b95', '5d5de21c', '5d5de21c', '5d5de21c', 'd38aa58d', '46003790', 'd38aa58d', '46003790', 'd38aa58d', '46003790']"
blk_5453162241871056388,"['bbb51b95', '3d91fa85', 'bbb51b95', 'bbb51b95', 'd38aa58d', '46003790', 'd38aa58d', '46003790', 'd38aa58d', '46003790', '5d5de21c', '5d5de21c', '5d5de21c', 'a333d363', '4dec0816']"
blk_623186214004429084,"['bbb51b95', '3d91fa85', 'bbb51b95', 'bbb51b95', 'd38aa58d', '46003790', 'd38aa58d', '46003790', '5d5de21c', 'd38aa58d', '46003790', '5d5de21c', '5d5de21c', 'a333d363', '4dec0816']"
blk_53340957242751299,"['3d91fa85', 'bbb51b95', 'bbb51b95', 'bbb51b95', '5d5de21c', '5d5de21c', '5d5de21c', 'd38aa58d', '46003790', 'd38aa58d', '46003790', 'd38aa58d', '46003790']"
blk_1482761895879589630,"['bbb51b95', 'bbb51b95', 'bbb51b95', '3d91fa85', 'd38aa58d', '46003790', 'd38aa58d', '46003790', 'd38aa58d', '46003790', '5d5de21c', '5d5de21c', '5d5de21c']"
blk_-3687728800753069025,"['bbb51b95', '3d91fa85', 'bbb51b95', 'bbb51b95', 'd38aa58d', '46003790', '5d5de21c', 'd38aa58d', '46003790', 'd38aa58d', '46003790', '5d5de21c', '5d5de21c']"
blk_8877658334334332970,"['bbb51b95', 'bbb51b95', 'bbb51b95', '3d91fa85', 'd38aa58d', '46003790', 'd38aa58d', '46003790', 'd38aa58d', '46003790', '5d5de21c', '5d5de21c', '5d5de21c']"
blk_-7203134810459649332,"['3d91fa85', 'bbb51b95', 'bbb51b95', 'bbb51b95', '5d5de21c', '5d5de21c', '5d5de21c', 'd38aa58d', '46003790', 'd38aa58d', '46003790', 'd38aa58d', '46003790']"
blk_7690025722356290513,"['3d91fa85', 'bbb51b95', 'bbb51b95', 'bbb51b95', '5d5de21c', '5d5de21c', 'd38aa58d', '46003790', 'd38aa58d', '46003790', '5d5de21c', 'd38aa58d', '46003790']"
blk_-8214124507304035352,"['bbb51b95', 'bbb51b95', 'bbb51b95', '3d91fa85', 'd38aa58d', '46003790', '5d5de21c', '46003790', '5d5de21c', 'd38aa58d', 'd38aa58d', '46003790', '5d5de21c', 'a333d363', '4dec0816']"
blk_-1933632674553764145,"['bbb51b95', 'bbb51b95', 'bbb51b95', '3d91fa85', 'd38aa58d', '46003790', '46003790', '5d5de21c', '5d5de21c', 'd38aa58d', '46003790', 'd38aa58d', '5d5de21c']"
blk_6469618469617362035,"['3d91fa85', 'bbb51b95', 'bbb51b95', 'bbb51b95', 'd38aa58d', '46003790', 'd38aa58d', '46003790', 'd38aa58d', '46003790', '5d5de21c', '5d5de21c', '5d5de21c']"
blk_191031677791825817,"['3d91fa85', 'bbb51b95', 'bbb51b95', 'bbb51b95', '5d5de21c', '5d5de21c', 'd38aa58d', '46003790', 'd38aa58d', '46003790', 'd38aa58d', '46003790', '5d5de21c']"
blk_-2347410753546585946,"['3d91fa85', 'bbb51b95', 'bbb51b95', 'bbb51b95', '5d5de21c', '5d5de21c', '5d5de21c', 'd38aa58d', '46003790', 'd38aa58d', '46003790', 'd38aa58d', '46003790', 'a333d363', '4dec0816', 'a333d363']"
blk_-2578284704587842133,"['bbb51b95', 'bbb51b95', 'bbb51b95', '3d91fa85', 'd38aa58d', '46003790', 'd38aa58d', '46003790', '5d5de21c', '5d5de21c', 'd38aa58d', '46003790', '5d5de21c']"
blk_3618846178546802674,"['3d91fa85', 'bbb51b95', 'bbb51b95', 'bbb51b95', 'd38aa58d', '46003790', 'd38aa58d', '46003790', 'd38aa58d', '46003790', '5d5de21c', '5d5de21c', '5d5de21c', 'a333d363', '4dec0816']"
blk_-5857948298919154703,"['3d91fa85', 'bbb51b95', 'bbb51b95', 'bbb51b95', '5d5de21c', '5d5de21c', '5d5de21c', 'd38aa58d', '46003790', 'd38aa58d', '46003790', 'd38aa58d', '46003790']"
blk_3271316884215508216,"['3d91fa85', 'bbb51b95', 'bbb51b95', 'bbb51b95', '5d5de21c', '5d5de21c', '5d5de21c', 'd38aa58d', '46003790', 'd38aa58d', '46003790', 'd38aa58d', '46003790']"
blk_6895412489770798862,"['3d91fa85', 'bbb51b95', 'bbb51b95', 'bbb51b95', '5d5de21c', '5d5de21c', '5d5de21c', 'd38aa58d', '46003790', 'd38aa58d', '46003790', 'd38aa58d', '46003790']"
blk_-7035121283604334547,"['bbb51b95', '3d91fa85', 'bbb51b95', 'bbb51b95', 'd38aa58d', '46003790', 'd38aa58d', '46003790', 'd38aa58d', '46003790', '5d5de21c', '5d5de21c', '5d5de21c']"
blk_-5380095802830347737,"['3d91fa85', 'bbb51b95', 'bbb51b95', 'bbb51b95', '5d5de21c', 'd38aa58d', '46003790', 'd38aa58d', '46003790', '5d5de21c', '5d5de21c', 'd38aa58d', '46003790']"
blk_3001641809063596027,"['3d91fa85', 'bbb51b95', 'bbb51b95', 'bbb51b95', '5d5de21c', '5d5de21c', '5d5de21c', 'd38aa58d', '46003790', 'd38aa58d', '46003790', 'd38aa58d', '46003790']"
blk_-5615355573091936272,"['3d91fa85', 'bbb51b95', 'bbb51b95', 'bbb51b95', '5d5de21c', '5d5de21c', '5d5de21c', 'd38aa58d', '46003790', 'd38aa58d', '46003790', 'd38aa58d', '46003790']"
blk_8483178890789394917,"['bbb51b95', 'bbb51b95', 'bbb51b95', '3d91fa85', 'd38aa58d', '46003790', 'd38aa58d', '46003790', 'd38aa58d', '46003790', '5d5de21c', '5d5de21c', '5d5de21c']"
blk_-1096181722456352147,"['3d91fa85', 'bbb51b95', 'bbb51b95', 'bbb51b95', '5d5de21c', '5d5de21c', '5d5de21c', 'd38aa58d', '46003790', 'd38aa58d', '46003790', 'd38aa58d', '46003790', 'a333d363', '4dec0816']"
blk_-3479302248496865120,"['3d91fa85', 'bbb51b95', 'bbb51b95', 'bbb51b95', 'd38aa58d', '46003790', 'd38aa58d', '46003790', 'd38aa58d', '46003790', '5d5de21c', '5d5de21c', '5d5de21c', 'a333d363']"
blk_8655659741968697191,"['3d91fa85', 'bbb51b95', 'bbb51b95', 'bbb51b95', 'd38aa58d', '46003790', 'd38aa58d', '46003790', '5d5de21c', '5d5de21c', 'd38aa58d', '46003790', '5d5de21c']"
blk_3032600068787433219,"['3d91fa85', 'bbb51b95', 'bbb51b95', 'bbb51b95', '5d5de21c', 'd38aa58d', '46003790', 'd38aa58d', '46003790', 'd38aa58d', '46003790', '5d5de21c', '5d5de21c', 'a333d363', '4dec0816', 'a333d363']"
blk_-7843800433184836825,"['bbb51b95', 'bbb51b95', 'bbb51b95', '3d91fa85', 'd38aa58d', '46003790', 'd38aa58d', '46003790', '5d5de21c', '5d5de21c', 'd38aa58d', '46003790', '5d5de21c']"
blk_-6680807759335848837,"['3d91fa85', 'bbb51b95', 'bbb51b95', 'bbb51b95', '5d5de21c', '5d5de21c', 'd38aa58d', '46003790', 'd38aa58d', '46003790', '5d5de21c', 'd38aa58d', '46003790', 'a333d363', '4dec0816']"
blk_-7438537327504120044,"['bbb51b95', '3d91fa85', 'bbb51b95', 'bbb51b95', 'd38aa58d', '46003790', 'd38aa58d', '46003790', 'd38aa58d', '46003790', '5d5de21c', '5d5de21c', '5d5de21c']"
blk_2371490368327268726,"['bbb51b95', '3d91fa85', 'bbb51b95', 'bbb51b95', 'd38aa58d', '46003790', 'd38aa58d', '46003790', '46003790', '5d5de21c', '5d5de21c', '5d5de21c', 'd38aa58d']"
blk_-8915432886053520684,"['bbb51b95', 'bbb51b95', 'bbb51b95', '3d91fa85', 'd38aa58d', '46003790', 'd38aa58d', '46003790', 'd38aa58d', '46003790', '5d5de21c', '5d5de21c', '5d5de21c']"
blk_376705001625755893,"['3d91fa85', 'bbb51b95', 'bbb51b95', 'bbb51b95', '5d5de21c', '5d5de21c', 'd38aa58d', '46003790', 'd38aa58d', '46003790', 'd38aa58d', '46003790', '5d5de21c']"
blk_-81097212660210087,"['3d91fa85', 'bbb51b95', 'bbb51b95', 'bbb51b95', '5d5de21c', '5d5de21c', '5d5de21c', 'd38aa58d', '46003790', 'd38aa58d', '46003790', 'd38aa58d', '46003790']"
blk_-6567679340508854110,"['3d91fa85', 'bbb51b95', 'bbb51b95', 'bbb51b95', '5d5de21c', '5d5de21c', '5d5de21c', 'd38aa58d', '46003790', 'd38aa58d', '46003790', 'd38aa58d', '46003790']"
blk_7576981849855618528,"['bbb51b95', 'bbb51b95', 'bbb51b95', '3d91fa85', 'd38aa58d', '46003790', 'd38aa58d', '46003790', 'd38aa58d', '46003790', '5d5de21c', '5d5de21c', '5d5de21c']"
blk_-3443869707407490925,"['bbb51b95', '3d91fa85', 'bbb51b95', 'bbb51b95', 'd38aa58d', '46003790', 'd38aa58d', '46003790', 'd38aa58d', '46003790', '5d5de21c', '5d5de21c', '5d5de21c', '32777b38', '32777b38', '32777b38', 'a333d363']"
blk_2842872532223948022,"['bbb51b95', '3d91fa85', 'bbb51b95', 'bbb51b95', 'd38aa58d', '46003790', 'd38aa58d', '46003790', 'd38aa58d', '46003790', '5d5de21c', '5d5de21c', '5d5de21c']"
blk_3331467972037340966,"['bbb51b95', '3d91fa85', 'bbb51b95', 'bbb51b95', 'd38aa58d', '46003790', 'd38aa58d', '46003790', '5d5de21c', 'd38aa58d', '46003790', '5d5de21c', '5d5de21c', 'a333d363', '4dec0816']"
blk_-6868760186451944798,"['3d91fa85', 'bbb51b95', 'bbb51b95', 'bbb51b95', '46003790', '5d5de21c', '5d5de21c', '5d5de21c', 'd38aa58d', '46003790', 'd38aa58d', '46003790', 'd38aa58d', '4dec0816']"
blk_4506126119349763629,"['3d91fa85', 'bbb51b95', 'bbb51b95', 'bbb51b95', 'd38aa58d', '46003790', 'd38aa58d', '46003790', 'd38aa58d', '46003790', '5d5de21c', '5d5de21c', '5d5de21c']"
blk_-6330466374530457545,"['3d91fa85', 'bbb51b95', 'bbb51b95', 'bbb51b95', '46003790', '5d5de21c', 'd38aa58d', 'd38aa58d', '46003790', 'd38aa58d', '46003790', '5d5de21c', '5d5de21c']"
blk_-1371067878956097548,"['bbb51b95', 'bbb51b95', '3d91fa85', 'bbb51b95', 'd38aa58d', '46003790', 'd38aa58d', '46003790', '5d5de21c', '5d5de21c', 'd38aa58d', '46003790', '5d5de21c']"
blk_-900626878812151003,"['bbb51b95', 'bbb51b95', 'bbb51b95', '3d91fa85', 'd38aa58d', '46003790', 'd38aa58d', '46003790', 'd38aa58d', '46003790', '5d5de21c', '5d5de21c', '5d5de21c']"
blk_733009712497441188,"['3d91fa85', 'bbb51b95', 'bbb51b95', 'bbb51b95', '5d5de21c', '5d5de21c', '5d5de21c', 'd38aa58d', '46003790', 'd38aa58d', '46003790', 'd38aa58d', '46003790']"
blk_-3059860459862831216,"['3d91fa85', 'bbb51b95', 'bbb51b95', 'bbb51b95', '5d5de21c', '5d5de21c', '5d5de21c', 'd38aa58d', '46003790', 'd38aa58d', '46003790', 'd38aa58d', '46003790', 'a333d363', 'a333d363', '4dec0816']"
blk_2868964671196725754,"['3d91fa85', 'bbb51b95', 'bbb51b95', 'bbb51b95', '5d5de21c', 'd38aa58d', '46003790', '5d5de21c', '5d5de21c', 'd38aa58d', '46003790', 'd38aa58d', '46003790', '4dec0816']"
blk_5894874236190922749,"['3d91fa85', 'bbb51b95', 'bbb51b95', 'bbb51b95', '5d5de21c', '5d5de21c', '5d5de21c', 'd38aa58d', '46003790', 'd38aa58d', '46003790', 'd38aa58d', '46003790', '32777b38']"
blk_3027196590237552745,"['bbb51b95', 'bbb51b95', 'bbb51b95', '3d91fa85', 'd38aa58d', '46003790', 'd38aa58d', '46003790', 'd38aa58d', '46003790', '5d5de21c', '5d5de21c', '5d5de21c', 'd63ef163', 'd63ef163', 'd63ef163', 'dba996ef', 'dba996ef', 'dba996ef']"
blk_4120496098966221325,"['bbb51b95', '3d91fa85', 'bbb51b95', 'bbb51b95', 'd38aa58d', '46003790', '5d5de21c', '5d5de21c', 'd38aa58d', '46003790', 'd38aa58d', '46003790', '5d5de21c']"
blk_1039794176405544419,"['bbb51b95', '3d91fa85', 'bbb51b95', 'bbb51b95', 'd38aa58d', '46003790', 'd38aa58d', '46003790', 'd38aa58d', '46003790', '5d5de21c', '5d5de21c', '5d5de21c']"
blk_-3036939637666562874,"['3d91fa85', 'bbb51b95', 'bbb51b95', 'bbb51b95', '5d5de21c', 'd38aa58d', '46003790', '5d5de21c', 'd38aa58d', '46003790', 'd38aa58d', '46003790', '5d5de21c']"
blk_1505710729616382661,"['3d91fa85', 'bbb51b95', 'bbb51b95', 'bbb51b95', '5d5de21c', '5d5de21c', '5d5de21c', 'd38aa58d', '46003790', 'd38aa58d', '46003790', 'd38aa58d', '46003790', '32777b38', 'a333d363']"
blk_4833200478948385444,"['3d91fa85', 'bbb51b95', 'bbb51b95', 'bbb51b95', '5d5de21c', 'd38aa58d', '46003790', '5d5de21c', '5d5de21c', 'd38aa58d', '46003790', 'd38aa58d', '46003790', 'a333d363']"
blk_-9056148797991220378,"['bbb51b95', '3d91fa85', 'bbb51b95', 'bbb51b95', 'd38aa58d', '46003790', 'd38aa58d', '46003790', 'd38aa58d', '46003790', '5d5de21c', '5d5de21c', '5d5de21c', 'a333d363', '4dec0816', 'a333d363']"
blk_-1507992907930766879,"['3d91fa85', 'bbb51b95', 'bbb51b95', 'bbb51b95', '5d5de21c', '5d5de21c', 'd38aa58d', 'd38aa58d', 'd38aa58d', '46003790', '46003790', '46003790', '5d5de21c']"
blk_5553118946337311034,"['3d91fa85', 'bbb51b95', 'bbb51b95', 'bbb51b95', '5d5de21c', '5d5de21c', 'd38aa58d', 'd38aa58d', '46003790', '46003790', 'd38aa58d', '46003790', '5d5de21c', '32777b38', 'a333d363', '4dec0816', 'a333d363']"
blk_-8063518465769810034,"['3d91fa85', 'bbb51b95', 'bbb51b95', 'bbb51b95', '5d5de21c', '5d5de21c', '5d5de21c', 'd38aa58d', '46003790', 'd38aa58d', '46003790', 'd38aa58d', '46003790']"
blk_-27502291035805148,"['bbb51b95', 'bbb51b95', 'bbb51b95', '3d91fa85', 'd38aa58d', '46003790', 'd38aa58d', '46003790', 'd38aa58d', '46003790', '5d5de21c', '5d5de21c', '5d5de21c']"
blk_3357291355077062480,"['bbb51b95', 'bbb51b95', 'bbb51b95', '3d91fa85', '46003790', 'd38aa58d', '46003790', 'd38aa58d', 'd38aa58d', '46003790', '5d5de21c', '5d5de21c', '5d5de21c']"
blk_-3284696823131819641,"['bbb51b95', 'bbb51b95', '3d91fa85', 'bbb51b95', 'd38aa58d', '46003790', 'd38aa58d', '46003790', '5d5de21c', '5d5de21c', 'd38aa58d', '46003790', '5d5de21c']"
blk_-5417213231525710329,"['bbb51b95', 'bbb51b95', 'bbb51b95', '3d91fa85', 'd38aa58d', '46003790', 'd38aa58d', '46003790', 'd38aa58d', '46003790', '5d5de21c', '5d5de21c', '5d5de21c']"
blk_-7961711927880879794,"['bbb51b95', 'bbb51b95', '3d91fa85', 'bbb51b95', 'd38aa58d', '46003790', 'd38aa58d', '46003790', 'd38aa58d', '46003790', '5d5de21c', '5d5de21c', '5d5de21c']"
blk_5388226659240130778,"['3d91fa85', 'bbb51b95', 'bbb51b95', 'bbb51b95', '5d5de21c', 'd38aa58d', '46003790', '5d5de21c', '5d5de21c', 'd38aa58d', '46003790', 'd38aa58d', '46003790']"
blk_6645253488581285601,"['bbb51b95', '3d91fa85', 'bbb51b95', 'bbb51b95', '46003790', 'd38aa58d', '46003790', 'd38aa58d', '46003790', '5d5de21c', 'd38aa58d', '5d5de21c', '5d5de21c']"
blk_5040486050903919751,"['3d91fa85', 'bbb51b95', 'bbb51b95', 'bbb51b95', '5d5de21c', '5d5de21c', '5d5de21c', 'd38aa58d', '46003790', 'd38aa58d', '46003790', 'd38aa58d', '46003790']"
blk_5848064719520997328,"['3d91fa85', 'bbb51b95', 'bbb51b95', 'bbb51b95', '5d5de21c', '5d5de21c', 'd38aa58d', '46003790', 'd38aa58d', '46003790', '5d5de21c', 'd38aa58d', '46003790', 'a333d363']"
blk_3621450241470200056,"['3d91fa85', 'bbb51b95', 'bbb51b95', 'bbb51b95', '5d5de21c', '5d5de21c', '5d5de21c', 'd38aa58d', '46003790', 'd38aa58d', '46003790', 'd38aa58d', '46003790']"
blk_-1359499337916161404,"['bbb51b95', 'bbb51b95', 'bbb51b95', '3d91fa85', 'd38aa58d', '46003790', 'd38aa58d', '46003790', 'd38aa58d', '46003790', '5d5de21c', '5d5de21c', '5d5de21c']"
blk_-4132726984985171024,"['3d91fa85', 'bbb51b95', 'bbb51b95', 'bbb51b95', '5d5de21c', '5d5de21c', '5d5de21c', 'd38aa58d', '46003790', 'd38aa58d', '46003790', 'd38aa58d', '46003790', '32777b38']"
blk_202775205339732566,"['bbb51b95', 'bbb51b95', '3d91fa85', 'bbb51b95', 'd38aa58d', '46003790', '5d5de21c', 'd38aa58d', '46003790', 'd38aa58d', '46003790', '5d5de21c', '5d5de21c']"
blk_-8299756537692182980,"['3d91fa85', 'bbb51b95', 'bbb51b95', 'bbb51b95', '5d5de21c', '5d5de21c', 'd38aa58d', '46003790', 'd38aa58d', '46003790', '5d5de21c', 'd38aa58d', '46003790']"
blk_-3263172125224740489,"['3d91fa85', 'bbb51b95', 'bbb51b95', 'bbb51b95', 'd38aa58d', '46003790', 'd38aa58d', '46003790', '46003790', '5d5de21c', '5d5de21c', 'd38aa58d', '5d5de21c']"
blk_-5978452670423711843,"['3d91fa85', 'bbb51b95', 'bbb51b95', 'bbb51b95', '5d5de21c', 'd38aa58d', '46003790', '5d5de21c', '5d5de21c', 'd38aa58d', '46003790', 'd38aa58d', '46003790', 'a333d363', '4dec0816', 'a333d363']"
blk_2221775105544933826,"['bbb51b95', 'bbb51b95', '3d91fa85', 'bbb51b95', 'd38aa58d', '46003790', 'd38aa58d', '46003790', 'd38aa58d', '46003790', '5d5de21c', '5d5de21c', '5d5de21c', '32777b38', '32777b38', '32777b38', 'a333d363', 'a333d363', 'a333d363', 'a333d363', 'a333d363', 'a333d363', 'a333d363', 'a333d363', 'a333d363', 'a333d363', 'a333d363', '4dec0816', 'a333d363', 'a333d363', 'a333d363', 'a333d363']"
blk_2584548279712494945,"['bbb51b95', '3d91fa85', 'bbb51b95', 'bbb51b95', 'd38aa58d', '46003790', 'd38aa58d', '46003790', 'd38aa58d', '46003790', '5d5de21c', '5d5de21c', '5d5de21c']"
blk_-5848980204606193508,"['3d91fa85', 'bbb51b95', 'bbb51b95', 'bbb51b95', '5d5de21c', '5d5de21c', '5d5de21c', 'd38aa58d', '46003790', 'd38aa58d', '46003790', 'd38aa58d', '46003790']"
blk_-443851237938591358,"['3d91fa85', 'bbb51b95', 'bbb51b95', 'bbb51b95', '5d5de21c', '5d5de21c', 'd38aa58d', '46003790', '5d5de21c', 'd38aa58d', '46003790', 'd38aa58d', '46003790']"
blk_2027747144866292291,"['bbb51b95', 'bbb51b95', '3d91fa85', 'bbb51b95', 'd38aa58d', '46003790', '5d5de21c', 'd38aa58d', '46003790', 'd38aa58d', '46003790', '5d5de21c', '5d5de21c']"
blk_904439934440603618,"['3d91fa85', 'bbb51b95', 'bbb51b95', 'bbb51b95', '5d5de21c', '5d5de21c', '5d5de21c', 'd38aa58d', 'd38aa58d', '46003790', '46003790', 'd38aa58d', '46003790']"
blk_1064397556105035769,"['bbb51b95', '3d91fa85', 'bbb51b95', 'bbb51b95', 'd38aa58d', '46003790', 'd38aa58d', '46003790', 'd38aa58d', '46003790', '5d5de21c', '5d5de21c', '5d5de21c']"
blk_3168706053159008653,"['bbb51b95', 'bbb51b95', 'bbb51b95', '3d91fa85', 'd38aa58d', '46003790', 'd38aa58d', '46003790', 'd38aa58d', '46003790', '5d5de21c', '5d5de21c', '5d5de21c']"
blk_7546313736559942852,"['3d91fa85', 'bbb51b95', 'bbb51b95', 'bbb51b95', '5d5de21c', '5d5de21c', '5d5de21c', 'd38aa58d', '46003790', 'd38aa58d', '46003790', 'd38aa58d', '46003790']"
blk_-4882613253477752464,"['3d91fa85', 'bbb51b95', 'bbb51b95', 'bbb51b95', '5d5de21c', '5d5de21c', 'd38aa58d', '46003790', 'd38aa58d', '46003790', '5d5de21c', 'd38aa58d', '46003790']"
blk_-8798022276184704499,"['bbb51b95', '3d91fa85', 'bbb51b95', 'bbb51b95', 'd38aa58d', '46003790', 'd38aa58d', '46003790', '5d5de21c', '5d5de21c', 'd38aa58d', '46003790', '5d5de21c', '4dec0816']"
blk_9129871288621650617,"['bbb51b95', 'bbb51b95', '3d91fa85', 'bbb51b95', 'd38aa58d', '46003790', 'd38aa58d', '46003790', 'd38aa58d', '46003790', '5d5de21c', '5d5de21c', '5d5de21c']"
blk_-8938716863738676686,"['bbb51b95', 'bbb51b95', '3d91fa85', 'bbb51b95', 'd38aa58d', '46003790', 'd38aa58d', '46003790', 'd38aa58d', '46003790', '5d5de21c', '5d5de21c', '5d5de21c']"
blk_-87567434298488634,"['3d91fa85', 'bbb51b95', 'bbb51b95', 'bbb51b95', '5d5de21c', '5d5de21c', 'd38aa58d', '46003790', 'd38aa58d', '46003790', 'd38aa58d', '46003790', '5d5de21c', 'a333d363', '4dec0816', 'a333d363']"
blk_-6029280107803421476,"['bbb51b95', 'bbb51b95', '3d91fa85', 'bbb51b95', 'd38aa58d', '46003790', 'd38aa58d', '46003790', 'd38aa58d', '46003790', '5d5de21c', '5d5de21c', '5d5de21c', 'd63ef163', 'd63ef163', 'd63ef163', 'dba996ef', 'dba996ef', 'dba996ef']"
blk_3370231443845648581,"['bbb51b95', 'bbb51b95', 'bbb51b95', '3d91fa85', 'd38aa58d', '46003790', 'd38aa58d', '46003790', 'd38aa58d', '46003790', '5d5de21c', '5d5de21c', '5d5de21c']"
blk_998616522916827124,"['3d91fa85', 'bbb51b95', 'bbb51b95', 'bbb51b95', '5d5de21c', 'd38aa58d', '46003790', '5d5de21c', '5d5de21c', 'd38aa58d', '46003790', 'd38aa58d', '46003790']"
blk_-7720726744364548543,"['3d91fa85', 'bbb51b95', 'bbb51b95', 'bbb51b95', 'd38aa58d', '46003790', 'd38aa58d', '46003790', 'd38aa58d', '46003790', '5d5de21c', '5d5de21c', '5d5de21c', '4dec0816']"
blk_-112456699682122181,"['bbb51b95', 'bbb51b95', '3d91fa85', 'bbb51b95', 'd38aa58d', '46003790', 'd38aa58d', '46003790', 'd38aa58d', '46003790', '5d5de21c', '5d5de21c', '5d5de21c', '32777b38']"
blk_5394034233852587500,"['bbb51b95', 'bbb51b95', 'bbb51b95', '3d91fa85', 'd38aa58d', '46003790', 'd38aa58d', '46003790', '5d5de21c', 'd38aa58d', '46003790', '5d5de21c', '5d5de21c']"
blk_-7827099936537135850,"['bbb51b95', 'bbb51b95', '3d91fa85', 'bbb51b95', 'd38aa58d', '46003790', 'd38aa58d', '46003790', 'd38aa58d', '46003790', '5d5de21c', '5d5de21c', '5d5de21c', 'a333d363', '4dec0816', 'a333d363']"
blk_9129127214166210921,"['bbb51b95', '3d91fa85', 'bbb51b95', 'bbb51b95', 'd38aa58d', '46003790', 'd38aa58d', '46003790', 'd38aa58d', '46003790', '5d5de21c', '5d5de21c', '5d5de21c']"
blk_6659553125920358257,"['3d91fa85', 'bbb51b95', 'bbb51b95', 'bbb51b95', '5d5de21c', 'd38aa58d', '46003790', '5d5de21c', '5d5de21c', 'd38aa58d', '46003790', 'd38aa58d', '46003790']"
blk_144185915860574661,"['bbb51b95', 'bbb51b95', '3d91fa85', 'bbb51b95', 'd38aa58d', '46003790', 'd38aa58d', '46003790', 'd38aa58d', '46003790', '5d5de21c', '5d5de21c', '5d5de21c']"
blk_-2881790577387457980,"['3d91fa85', 'bbb51b95', 'bbb51b95', 'bbb51b95', '5d5de21c', '5d5de21c', 'd38aa58d', '46003790', 'd38aa58d', '46003790', '5d5de21c', 'd38aa58d', '46003790']"
blk_1741042936232160509,"['3d91fa85', 'bbb51b95', 'bbb51b95', 'bbb51b95', '5d5de21c', '5d5de21c', 'd38aa58d', '46003790', 'd38aa58d', '46003790', 'd38aa58d', '46003790', '5d5de21c']"
blk_8465336617830732846,"['bbb51b95', '3d91fa85', 'bbb51b95', 'bbb51b95', 'd38aa58d', '46003790', 'd38aa58d', '46003790', '5d5de21c', '5d5de21c', '5d5de21c', 'd38aa58d', '46003790', '32777b38', 'a333d363']"
blk_8323405458603632511,"['3d91fa85', 'bbb51b95', 'bbb51b95', 'bbb51b95', 'd38aa58d', '46003790', 'd38aa58d', '46003790', 'd38aa58d', '46003790', '5d5de21c', '5d5de21c', '5d5de21c']"
blk_4500418358035509923,"['bbb51b95', '3d91fa85', 'bbb51b95', 'bbb51b95', 'd38aa58d', '46003790', 'd38aa58d', '46003790', '5d5de21c', '5d5de21c', 'd38aa58d', '46003790', '5d5de21c']"
blk_-2434649700528222291,"['3d91fa85', 'bbb51b95', 'bbb51b95', 'bbb51b95', '5d5de21c', '5d5de21c', 'd38aa58d', '46003790', 'd38aa58d', '46003790', 'd38aa58d', '46003790', '5d5de21c', '32777b38', 'a333d363', '4dec0816', 'a333d363']"
blk_-6527648102618629492,"['bbb51b95', 'bbb51b95', '3d91fa85', 'bbb51b95', 'd38aa58d', 'd38aa58d', '46003790', '46003790', 'd38aa58d', '46003790', '5d5de21c', '5d5de21c', '5d5de21c']"
blk_5550466155013174880,"['bbb51b95', '3d91fa85', 'bbb51b95', 'bbb51b95', 'd38aa58d', '46003790', 'd38aa58d', '46003790', 'd38aa58d', '46003790', '5d5de21c', '5d5de21c', '5d5de21c']"
blk_4071082175154068150,"['bbb51b95', 'bbb51b95', '3d91fa85', 'bbb51b95', 'd38aa58d', '46003790', 'd38aa58d', '46003790', '5d5de21c', '46003790', '5d5de21c', 'd38aa58d', '5d5de21c', '32777b38', '32777b38', 'a333d363', 'a333d363', '4dec0816']"
blk_-753771288252839830,"['bbb51b95', 'bbb51b95', '3d91fa85', 'bbb51b95', 'd38aa58d', '46003790', '46003790', '5d5de21c', 'd38aa58d', '46003790', 'd38aa58d', '5d5de21c', '5d5de21c']"
blk_820215882171766615,"['bbb51b95', 'bbb51b95', 'bbb51b95', '3d91fa85', 'd38aa58d', '46003790', 'd38aa58d', '46003790', 'd38aa58d', '46003790', '5d5de21c', '5d5de21c', '5d5de21c', '32777b38']"
blk_-912474310399487722,"['bbb51b95', '3d91fa85', 'bbb51b95', 'bbb51b95', 'd38aa58d', '46003790', 'd38aa58d', '46003790', 'd38aa58d', '46003790', '5d5de21c', '5d5de21c', '5d5de21c']"
blk_-3771190360470264692,"['3d91fa85', 'bbb51b95', 'bbb51b95', 'bbb51b95', '5d5de21c', '5d5de21c', '5d5de21c', 'd38aa58d', '46003790', 'd38aa58d', '46003790', 'd38aa58d', '46003790']"
blk_-6661785825013183656,"['bbb51b95', 'bbb51b95', 'bbb51b95', '3d91fa85', 'd38aa58d', '46003790', '5d5de21c', 'd38aa58d', '46003790', 'd38aa58d', '46003790', '5d5de21c', '5d5de21c', '32777b38', '32777b38', '32777b38', 'a333d363']"
blk_-127174780909697393,"['bbb51b95', 'bbb51b95', 'bbb51b95', '3d91fa85', 'd38aa58d', '46003790', 'd38aa58d', '46003790', 'd38aa58d', '46003790', '5d5de21c', '5d5de21c', '5d5de21c']"
blk_-7934752153131746718,"['bbb51b95', '3d91fa85', 'bbb51b95', 'bbb51b95', 'd38aa58d', 'd38aa58d', '46003790', '46003790', 'd38aa58d', '46003790', '5d5de21c', '5d5de21c', '5d5de21c']"
blk_5150168823824923789,"['bbb51b95', 'bbb51b95', 'bbb51b95', '3d91fa85', 'd38aa58d', '46003790', 'd38aa58d', '46003790', 'd38aa58d', '46003790', '5d5de21c', '5d5de21c', '5d5de21c']"
blk_2249882977722190804,"['bbb51b95', 'bbb51b95', '3d91fa85', 'bbb51b95', 'd38aa58d', '46003790', 'd38aa58d', '46003790', '5d5de21c', 'd38aa58d', '46003790', '5d5de21c', '5d5de21c']"
blk_-3588428175621305109,"['3d91fa85', 'bbb51b95', 'bbb51b95', 'bbb51b95', '5d5de21c', '5d5de21c', 'd38aa58d', '46003790', 'd38aa58d', '46003790', '5d5de21c', 'd38aa58d', '46003790']"
blk_8339112410022792796,"['bbb51b95', 'bbb51b95', '3d91fa85', 'bbb51b95', 'd38aa58d', '46003790', 'd38aa58d', '46003790', 'd38aa58d', '46003790', '5d5de21c', '5d5de21c', '5d5de21c', 'a333d363', '4dec0816']"
blk_2315328965921462173,"['bbb51b95', '3d91fa85', 'bbb51b95', 'bbb51b95', 'd38aa58d', '46003790', 'd38aa58d', '46003790', 'd38aa58d', '46003790', '5d5de21c', '5d5de21c', '5d5de21c']"
blk_4139091197886383131,"['bbb51b95', 'bbb51b95', '3d91fa85', 'bbb51b95', 'd38aa58d', '46003790', 'd38aa58d', '46003790', 'd38aa58d', '46003790', '5d5de21c', '5d5de21c', '5d5de21c', '32777b38', '32777b38', '32777b38', 'a333d363', 'a333d363', 'a333d363']"
blk_-6185650045780210342,"['bbb51b95', '3d91fa85', 'bbb51b95', 'bbb51b95', 'd38aa58d', '46003790', 'd38aa58d', '46003790', 'd38aa58d', '46003790', '5d5de21c', '5d5de21c', '5d5de21c']"
blk_-3883105563868090428,"['bbb51b95', 'bbb51b95', 'bbb51b95', '3d91fa85', 'd38aa58d', '46003790', 'd38aa58d', '46003790', 'd38aa58d', '46003790', '5d5de21c', '5d5de21c', '5d5de21c', '32777b38', '32777b38', 'a333d363', 'a333d363', '4dec0816']"
blk_2207454776482557536,"['bbb51b95', 'bbb51b95', '3d91fa85', 'bbb51b95', 'd38aa58d', '46003790', 'd38aa58d', '46003790', 'd38aa58d', '46003790', '5d5de21c', '5d5de21c', '5d5de21c']"
blk_4894604749909493419,"['bbb51b95', 'bbb51b95', 'bbb51b95', '3d91fa85', 'd38aa58d', '46003790', 'd38aa58d', '46003790', 'd38aa58d', '46003790', '5d5de21c', '5d5de21c', '5d5de21c', '32777b38', '32777b38']"
blk_4027506932035393946,"['bbb51b95', '3d91fa85', 'bbb51b95', 'bbb51b95', 'd38aa58d', '46003790', 'd38aa58d', '46003790', 'd38aa58d', '46003790', '5d5de21c', '5d5de21c', '5d5de21c']"
blk_8655585281099379564,"['3d91fa85', 'bbb51b95', 'bbb51b95', 'bbb51b95', '5d5de21c', '5d5de21c', 'd38aa58d', '46003790', 'd38aa58d', '46003790', 'd38aa58d', '46003790', '5d5de21c']"
blk_-7712342555173952587,"['bbb51b95', 'bbb51b95', 'bbb51b95', '3d91fa85', 'd38aa58d', '46003790', 'd38aa58d', '46003790', 'd38aa58d', '46003790', '5d5de21c', '5d5de21c', '5d5de21c']"
blk_-2543241821572037721,"['bbb51b95', 'bbb51b95', 'bbb51b95', '3d91fa85', 'd38aa58d', '46003790', 'd38aa58d', '46003790', 'd38aa58d', '46003790', '5d5de21c', '5d5de21c', '5d5de21c', 'd63ef163', 'd63ef163', 'd63ef163', 'dba996ef', 'dba996ef', 'dba996ef']"
blk_-5145636953811367541,"['bbb51b95', '3d91fa85', 'bbb51b95', 'bbb51b95', 'd38aa58d', '46003790', 'd38aa58d', '46003790', 'd38aa58d', '46003790', '5d5de21c', '5d5de21c', '5d5de21c']"
blk_4310880403339039076,"['bbb51b95', 'bbb51b95', '3d91fa85', 'bbb51b95', 'd38aa58d', '46003790', '46003790', 'd38aa58d', '46003790', '5d5de21c', '5d5de21c', '5d5de21c', 'd38aa58d']"
blk_-2459117549877491807,"['3d91fa85', 'bbb51b95', 'bbb51b95', 'bbb51b95', 'd38aa58d', '46003790', 'd38aa58d', '46003790', '5d5de21c', '5d5de21c', 'd38aa58d', '46003790', '5d5de21c', '32777b38', '32777b38', 'a333d363', 'a333d363', '4dec0816']"
blk_512822104333920623,"['3d91fa85', 'bbb51b95', 'bbb51b95', 'bbb51b95', '5d5de21c', '5d5de21c', '5d5de21c', 'd38aa58d', '46003790', 'd38aa58d', '46003790', 'd38aa58d', '46003790', 'a333d363', '4dec0816', 'a333d363']"
blk_-8383665874457471169,"['bbb51b95', 'bbb51b95', 'bbb51b95', '3d91fa85', 'd38aa58d', '46003790', 'd38aa58d', '46003790', 'd38aa58d', '46003790', '5d5de21c', '5d5de21c', '5d5de21c']"
blk_4731664104395628765,"['bbb51b95', '3d91fa85', 'bbb51b95', 'bbb51b95', 'd38aa58d', '46003790', 'd38aa58d', '46003790', 'd38aa58d', '46003790', '5d5de21c', '5d5de21c', '5d5de21c', 'a333d363']"
blk_-5995427600808125536,"['bbb51b95', '3d91fa85', 'bbb51b95', 'bbb51b95', 'd38aa58d', '46003790', 'd38aa58d', '46003790', 'd38aa58d', '46003790', '5d5de21c', '5d5de21c', '5d5de21c']"
blk_-6892402624858860770,"['bbb51b95', '3d91fa85', 'bbb51b95', 'bbb51b95', 'd38aa58d', '46003790', 'd38aa58d', '46003790', 'd38aa58d', '46003790', '5d5de21c', '5d5de21c', '5d5de21c']"
blk_-7855453372462987730,"['bbb51b95', 'bbb51b95', '3d91fa85', 'bbb51b95', 'd38aa58d', '46003790', 'd38aa58d', '46003790', '5d5de21c', '5d5de21c', '5d5de21c', 'd38aa58d', '46003790', '4dec0816']"
blk_-4477124278025955382,"['3d91fa85', 'bbb51b95', 'bbb51b95', 'bbb51b95', '5d5de21c', '5d5de21c', '5d5de21c', 'd38aa58d', 'd38aa58d', '46003790', '46003790', 'd38aa58d', '46003790', 'a333d363', '4dec0816', 'a333d363']"
blk_-3821475652589513886,"['bbb51b95', '3d91fa85', 'bbb51b95', 'bbb51b95', 'd38aa58d', '46003790', 'd38aa58d', '46003790', 'd38aa58d', '46003790', '5d5de21c', '5d5de21c', '5d5de21c', '32777b38', 'a333d363', '4dec0816']"
blk_-8343946160357031393,"['bbb51b95', '3d91fa85', 'bbb51b95', 'bbb51b95', 'd38aa58d', '46003790', 'd38aa58d', '46003790', 'd38aa58d', '46003790', '5d5de21c', '5d5de21c', '5d5de21c', '4dec0816']"
blk_-605003727679684112,"['bbb51b95', '3d91fa85', 'bbb51b95', 'bbb51b95', 'd38aa58d', '46003790', 'd38aa58d', '46003790', 'd38aa58d', '46003790', '5d5de21c', '5d5de21c', '5d5de21c']"
blk_-8315320929525959278,"['3d91fa85', 'bbb51b95', 'bbb51b95', 'bbb51b95', '5d5de21c', 'd38aa58d', '46003790', '5d5de21c', '5d5de21c', 'd38aa58d', '46003790', 'd38aa58d', '46003790', '32777b38']"
blk_2504735936125738037,"['bbb51b95', 'bbb51b95', '3d91fa85', 'bbb51b95', 'd38aa58d', '46003790', 'd38aa58d', '46003790', 'd38aa58d', '46003790', '5d5de21c', '5d5de21c', '5d5de21c']"
blk_2758738651526878872,"['3d91fa85', 'bbb51b95', 'bbb51b95', 'bbb51b95', '5d5de21c', '5d5de21c', '5d5de21c', 'd38aa58d', '46003790', 'd38aa58d', '46003790', 'd38aa58d', '46003790', 'a333d363', '4dec0816', 'a333d363']"
blk_-8177360692157206126,"['bbb51b95', 'bbb51b95', 'bbb51b95', '3d91fa85', 'd38aa58d', '46003790', 'd38aa58d', '46003790', 'd38aa58d', '46003790', '5d5de21c', '5d5de21c', '5d5de21c']"
blk_5383059978311371931,"['3d91fa85', 'bbb51b95', 'bbb51b95', 'bbb51b95', '5d5de21c', '5d5de21c', '5d5de21c', 'd38aa58d', '46003790', 'd38aa58d', '46003790', 'd38aa58d', '46003790']"
blk_-6546007546557812040,"['bbb51b95', '3d91fa85', 'bbb51b95', 'bbb51b95', 'd38aa58d', '46003790', 'd38aa58d', 'd38aa58d', '46003790', '46003790', '5d5de21c', '5d5de21c', '5d5de21c']"
blk_5681922218135074965,"['bbb51b95', 'bbb51b95', 'bbb51b95', '3d91fa85', 'd38aa58d', '46003790', 'd38aa58d', '46003790', 'd38aa58d', '46003790', '5d5de21c', '5d5de21c', '5d5de21c']"
blk_-65946170790371423,"['bbb51b95', '3d91fa85', 'bbb51b95', 'bbb51b95', 'd38aa58d', '46003790', 'd38aa58d', '46003790', '5d5de21c', '5d5de21c', 'd38aa58d', '46003790', '5d5de21c']"
blk_395387768847060753,"['bbb51b95', 'bbb51b95', '3d91fa85', 'bbb51b95', 'd38aa58d', '46003790', 'd38aa58d', '46003790', '5d5de21c', 'd38aa58d', '46003790', '5d5de21c', '5d5de21c', '32777b38']"
blk_5449801275402391312,"['bbb51b95', 'bbb51b95', '3d91fa85', 'bbb51b95', 'd38aa58d', '46003790', '46003790', '5d5de21c', '5d5de21c', 'd38aa58d', '46003790', 'd38aa58d', '5d5de21c']"
blk_-1738207421133230886,"['bbb51b95', 'bbb51b95', '3d91fa85', 'bbb51b95', 'd38aa58d', '46003790', 'd38aa58d', '46003790', 'd38aa58d', '46003790', '5d5de21c', '5d5de21c', '5d5de21c']"
blk_-651995920458227904,"['bbb51b95', 'bbb51b95', '3d91fa85', 'bbb51b95', 'd38aa58d', '46003790', 'd38aa58d', '46003790', 'd38aa58d', '46003790', '5d5de21c', '5d5de21c', '5d5de21c']"
blk_2228893527832224231,"['bbb51b95', 'bbb51b95', 'bbb51b95', '3d91fa85', 'd38aa58d', '46003790', 'd38aa58d', '46003790', 'd38aa58d', '46003790', '5d5de21c', '5d5de21c', '5d5de21c']"
blk_2313838095880432546,"['bbb51b95', 'bbb51b95', 'bbb51b95', '3d91fa85', 'd38aa58d', '46003790', 'd38aa58d', '46003790', 'd38aa58d', '46003790', '5d5de21c', '5d5de21c', '5d5de21c']"
blk_4041624061581285161,"['3d91fa85', 'bbb51b95', 'bbb51b95', 'bbb51b95', '5d5de21c', '5d5de21c', '5d5de21c', 'd38aa58d', '46003790', 'd38aa58d', '46003790', 'd38aa58d', '46003790']"
blk_4346596121125543533,"['bbb51b95', 'bbb51b95', 'bbb51b95', '3d91fa85', 'd38aa58d', '46003790', 'd38aa58d', '46003790', 'd38aa58d', '46003790', '5d5de21c', '5d5de21c', '5d5de21c', 'a333d363']"
blk_8805277023752655990,"['bbb51b95', '3d91fa85', 'bbb51b95', 'bbb51b95', 'd38aa58d', '46003790', 'd38aa58d', '46003790', 'd38aa58d', '46003790', '5d5de21c', '5d5de21c', '5d5de21c', 'd63ef163', 'd63ef163', 'd63ef163', 'dba996ef', 'dba996ef', 'dba996ef']"
blk_2401760031778138677,"['3d91fa85', 'bbb51b95', 'bbb51b95', 'bbb51b95', '5d5de21c', '5d5de21c', 'd38aa58d', 'd38aa58d', 'd38aa58d', '46003790', '46003790', '46003790', '5d5de21c', '32777b38']"
blk_-1995879756355862795,"['3d91fa85', 'bbb51b95', 'bbb51b95', 'bbb51b95', '5d5de21c', '5d5de21c', '5d5de21c', 'd38aa58d', '46003790', 'd38aa58d', '46003790', 'd38aa58d', '46003790']"
blk_-8693734342441487778,"['3d91fa85', 'bbb51b95', 'bbb51b95', 'bbb51b95', '5d5de21c', '5d5de21c', '5d5de21c', 'd38aa58d', '46003790', 'd38aa58d', '46003790', 'd38aa58d', '46003790']"
blk_-472031309301349024,"['bbb51b95', 'bbb51b95', 'bbb51b95', '3d91fa85', 'd38aa58d', '46003790', 'd38aa58d', '46003790', 'd38aa58d', '46003790', '5d5de21c', '5d5de21c', '5d5de21c']"
blk_-6507903844086589490,"['bbb51b95', 'bbb51b95', 'bbb51b95', '3d91fa85', 'd38aa58d', '46003790', 'd38aa58d', '46003790', 'd38aa58d', '46003790', '5d5de21c', '5d5de21c', '5d5de21c']"
blk_-7493465044850786953,"['bbb51b95', 'bbb51b95', 'bbb51b95', '3d91fa85', 'd38aa58d', '46003790', '5d5de21c', 'd38aa58d', '46003790', 'd38aa58d', '46003790', '5d5de21c', '5d5de21c', 'a333d363']"
blk_-5934952724907488324,"['3d91fa85', 'bbb51b95', 'bbb51b95', 'bbb51b95', '5d5de21c', '5d5de21c', '5d5de21c', 'd38aa58d', '46003790', 'd38aa58d', '46003790', 'd38aa58d', '46003790']"
blk_-8839190643750330549,"['bbb51b95', 'bbb51b95', 'bbb51b95', '3d91fa85', 'd38aa58d', '46003790', 'd38aa58d', '46003790', 'd38aa58d', '46003790', '5d5de21c', '5d5de21c', '5d5de21c']"
blk_-1679057288993234353,"['bbb51b95', 'bbb51b95', 'bbb51b95', '3d91fa85', 'd38aa58d', '46003790', 'd38aa58d', '46003790', '5d5de21c', 'd38aa58d', '46003790', '5d5de21c', '5d5de21c']"
blk_6637774942457100276,"['3d91fa85', 'bbb51b95', 'bbb51b95', 'bbb51b95', '5d5de21c', '5d5de21c', '5d5de21c', 'd38aa58d', '46003790', 'd38aa58d', '46003790', 'd38aa58d', '46003790']"
blk_5782506511440036223,"['bbb51b95', 'bbb51b95', 'bbb51b95', '3d91fa85', 'd38aa58d', '46003790', '46003790', 'd38aa58d', '46003790', '5d5de21c', '5d5de21c', 'd38aa58d', '5d5de21c']"
blk_2812625963450064098,"['3d91fa85', 'bbb51b95', 'bbb51b95', 'bbb51b95', '5d5de21c', 'd38aa58d', '46003790', '5d5de21c', '5d5de21c', 'd38aa58d', '46003790', 'd38aa58d', '46003790', '32777b38']"
blk_3860510899532241164,"['bbb51b95', 'bbb51b95', '3d91fa85', 'bbb51b95', 'd38aa58d', '46003790', 'd38aa58d', 'd38aa58d', '46003790', '46003790', '5d5de21c', '5d5de21c', '5d5de21c']"
blk_7494780718476373745,"['bbb51b95', '3d91fa85', 'bbb51b95', 'bbb51b95', 'd38aa58d', '46003790', 'd38aa58d', '46003790', 'd38aa58d', '46003790', '5d5de21c', '5d5de21c', '5d5de21c']"
blk_638362317390363424,"['bbb51b95', 'bbb51b95', 'bbb51b95', '3d91fa85', 'd38aa58d', '46003790', 'd38aa58d', '46003790', 'd38aa58d', '46003790', '5d5de21c', '5d5de21c', '5d5de21c']"
blk_6244276327695173725,"['bbb51b95', '3d91fa85', 'bbb51b95', 'bbb51b95', 'd38aa58d', '46003790', 'd38aa58d', '46003790', '5d5de21c', '5d5de21c', '5d5de21c', 'd38aa58d', '46003790', '4dec0816']"
blk_-7862321588042722760,"['3d91fa85', 'bbb51b95', 'bbb51b95', 'bbb51b95', '5d5de21c', '5d5de21c', '5d5de21c', 'd38aa58d', '46003790', 'd38aa58d', '46003790', 'd38aa58d', '46003790']"
blk_316431192550066393,"['bbb51b95', '3d91fa85', 'bbb51b95', 'bbb51b95', 'd38aa58d', '46003790', 'd38aa58d', '46003790', '5d5de21c', '5d5de21c', 'd38aa58d', '46003790', '5d5de21c']"
blk_-209496115864003727,"['bbb51b95', '3d91fa85', 'bbb51b95', 'bbb51b95', 'd38aa58d', '46003790', 'd38aa58d', '46003790', 'd38aa58d', '46003790', '5d5de21c', '5d5de21c', '5d5de21c']"
blk_-897114722484983138,"['bbb51b95', '3d91fa85', 'bbb51b95', 'bbb51b95', 'd38aa58d', '46003790', 'd38aa58d', '46003790', 'd38aa58d', '46003790', '5d5de21c', '5d5de21c', '5d5de21c']"
blk_3634448388701844078,"['bbb51b95', 'bbb51b95', 'bbb51b95', '3d91fa85', 'd38aa58d', '46003790', 'd38aa58d', '46003790', 'd38aa58d', '46003790', '5d5de21c', '5d5de21c', '5d5de21c']"
blk_1686742842650139008,"['bbb51b95', 'bbb51b95', '3d91fa85', 'bbb51b95', 'd38aa58d', '46003790', '5d5de21c', '5d5de21c', 'd38aa58d', '46003790', 'd38aa58d', '46003790', '5d5de21c', 'a333d363']"
blk_8414133049275763789,"['bbb51b95', '3d91fa85', 'bbb51b95', 'bbb51b95', 'd38aa58d', '46003790', 'd38aa58d', '46003790', 'd38aa58d', '46003790', '5d5de21c', '5d5de21c', '5d5de21c', '4dec0816']"
blk_-463158400553007438,"['bbb51b95', 'bbb51b95', '3d91fa85', 'bbb51b95', 'd38aa58d', '46003790', 'd38aa58d', '46003790', '5d5de21c', '5d5de21c', 'd38aa58d', '46003790', '5d5de21c', '32777b38', '32777b38', '32777b38', 'a333d363', 'a333d363', 'a333d363', 'a333d363', 'a333d363', 'a333d363', 'a333d363', 'a333d363', 'a333d363']"
blk_-3216468182737419580,"['bbb51b95', '3d91fa85', 'bbb51b95', 'bbb51b95', 'd38aa58d', '46003790', 'd38aa58d', '46003790', 'd38aa58d', '46003790', '5d5de21c', '5d5de21c', '5d5de21c', 'd63ef163', 'd63ef163', 'd63ef163', 'dba996ef', 'dba996ef', 'dba996ef']"
blk_-4491969325918514446,"['bbb51b95', 'bbb51b95', '3d91fa85', 'bbb51b95', 'd38aa58d', '46003790', 'd38aa58d', '46003790', 'd38aa58d', '46003790', '5d5de21c', '5d5de21c', '5d5de21c']"
blk_-5672291941384562786,"['3d91fa85', 'bbb51b95', 'bbb51b95', 'bbb51b95', '5d5de21c', 'd38aa58d', '46003790', 'd38aa58d', '46003790', '5d5de21c', '5d5de21c', 'd38aa58d', '46003790', 'a333d363', '4dec0816', 'a333d363']"
blk_2123968602440422639,"['3d91fa85', 'bbb51b95', 'bbb51b95', 'bbb51b95', '5d5de21c', 'd38aa58d', '46003790', '5d5de21c', '5d5de21c', 'd38aa58d', '46003790', 'd38aa58d', '46003790']"
blk_6438257094005592492,"['3d91fa85', 'bbb51b95', 'bbb51b95', 'bbb51b95', '5d5de21c', '5d5de21c', '5d5de21c', 'd38aa58d', '46003790', 'd38aa58d', '46003790', 'd38aa58d', '46003790', '32777b38', 'a333d363', 'a333d363', '4dec0816']"
blk_4033560828463719991,"['3d91fa85', 'bbb51b95', 'bbb51b95', 'bbb51b95', '5d5de21c', '5d5de21c', 'd38aa58d', '46003790', 'd38aa58d', '46003790', 'd38aa58d', '46003790', '5d5de21c']"
blk_5618728624637017561,"['3d91fa85', 'bbb51b95', 'bbb51b95', 'bbb51b95', '5d5de21c', '5d5de21c', '5d5de21c', 'd38aa58d', '46003790', 'd38aa58d', '46003790', 'd38aa58d', '46003790']"
blk_-3189998924026626897,"['bbb51b95', 'bbb51b95', 'bbb51b95', '3d91fa85', 'd38aa58d', '46003790', '5d5de21c', 'd38aa58d', '46003790', 'd38aa58d', '46003790', '5d5de21c', '5d5de21c']"
blk_5641067900645878180,"['3d91fa85', 'bbb51b95', 'bbb51b95', 'bbb51b95', '5d5de21c', '5d5de21c', '5d5de21c', 'd38aa58d', '46003790', 'd38aa58d', '46003790', 'd38aa58d', '46003790']"
blk_7402999640690302912,"['bbb51b95', 'bbb51b95', '3d91fa85', 'bbb51b95', 'd38aa58d', '46003790', 'd38aa58d', '46003790', 'd38aa58d', '46003790', '5d5de21c', '5d5de21c', '5d5de21c']"
blk_5664742099904530338,"['bbb51b95', 'bbb51b95', 'bbb51b95', '3d91fa85', 'd38aa58d', '46003790', '5d5de21c', '46003790', 'd38aa58d', 'd38aa58d', '46003790', '5d5de21c', '5d5de21c']"
blk_-8362420943222290830,"['bbb51b95', 'bbb51b95', '3d91fa85', 'bbb51b95', 'd38aa58d', '46003790', '5d5de21c', 'd38aa58d', '46003790', 'd38aa58d', '46003790', '5d5de21c', '5d5de21c']"
blk_-4500865352161670028,"['bbb51b95', 'bbb51b95', '3d91fa85', 'bbb51b95', 'd38aa58d', '46003790', 'd38aa58d', '46003790', 'd38aa58d', '46003790', '5d5de21c', '5d5de21c', '5d5de21c']"
blk_-7463411867162321738,"['3d91fa85', 'bbb51b95', 'bbb51b95', 'bbb51b95', '5d5de21c', '5d5de21c', '5d5de21c', 'd38aa58d', '46003790', 'd38aa58d', '46003790', 'd38aa58d', '46003790', 'a333d363', 'a333d363', '4dec0816']"
blk_-6248766353102671122,"['3d91fa85', 'bbb51b95', 'bbb51b95', 'bbb51b95', '5d5de21c', '5d5de21c', '5d5de21c', 'd38aa58d', '46003790', 'd38aa58d', '46003790', 'd38aa58d', '46003790']"
blk_583378058405243073,"['bbb51b95', 'bbb51b95', '3d91fa85', 'bbb51b95', 'd38aa58d', '46003790', 'd38aa58d', '46003790', '5d5de21c', '5d5de21c', 'd38aa58d', '46003790', '5d5de21c']"
blk_-3757338490802615086,"['bbb51b95', '3d91fa85', 'bbb51b95', 'bbb51b95', 'd38aa58d', '46003790', 'd38aa58d', '46003790', 'd38aa58d', '46003790', '5d5de21c', '5d5de21c', '5d5de21c']"
blk_-9048712760262167176,"['bbb51b95', 'bbb51b95', 'bbb51b95', '3d91fa85', 'd38aa58d', '46003790', 'd38aa58d', '46003790', 'd38aa58d', '46003790', '5d5de21c', '5d5de21c', '5d5de21c']"
blk_535650392234240246,"['bbb51b95', '3d91fa85', 'bbb51b95', 'bbb51b95', 'd38aa58d', '46003790', 'd38aa58d', '46003790', '5d5de21c', '5d5de21c', 'd38aa58d', '46003790', '5d5de21c']"
blk_6895841870911683124,"['bbb51b95', '3d91fa85', 'bbb51b95', 'bbb51b95', 'd38aa58d', '46003790', 'd38aa58d', '46003790', 'd38aa58d', '46003790', '5d5de21c', '5d5de21c', '5d5de21c', '32777b38', '32777b38']"
blk_6490161457471577138,"['bbb51b95', 'bbb51b95', '3d91fa85', 'bbb51b95', 'd38aa58d', '46003790', 'd38aa58d', '46003790', 'd38aa58d', '46003790', '5d5de21c', '5d5de21c', '5d5de21c', '4dec0816']"
blk_-1382426866461642633,"['bbb51b95', 'bbb51b95', 'bbb51b95', '3d91fa85', 'd38aa58d', '46003790', 'd38aa58d', '46003790', 'd38aa58d', '46003790', '5d5de21c', '5d5de21c', '5d5de21c']"
blk_8075814316218624941,"['3d91fa85', 'bbb51b95', 'bbb51b95', 'bbb51b95', '5d5de21c', '5d5de21c', '5d5de21c', 'd38aa58d', '46003790', 'd38aa58d', '46003790', 'd38aa58d', '46003790']"
blk_8282079458506796161,"['bbb51b95', 'bbb51b95', 'bbb51b95', '3d91fa85', 'd38aa58d', '46003790', 'd38aa58d', '46003790', 'd38aa58d', '46003790', '5d5de21c', '5d5de21c', '5d5de21c']"
blk_7599131674453576020,"['bbb51b95', '3d91fa85', 'bbb51b95', 'bbb51b95', 'd38aa58d', '46003790', 'd38aa58d', '46003790', 'd38aa58d', '46003790', '5d5de21c', '5d5de21c', '5d5de21c']"
blk_-3923931633847935508,"['bbb51b95', 'bbb51b95', '3d91fa85', 'bbb51b95', 'd38aa58d', '46003790', 'd38aa58d', '46003790', 'd38aa58d', '46003790', '5d5de21c', '5d5de21c', '5d5de21c']"
blk_6258134056314339557,"['bbb51b95', '3d91fa85', 'bbb51b95', 'bbb51b95', 'd38aa58d', '46003790', 'd38aa58d', '46003790', 'd38aa58d', '46003790', '5d5de21c', '5d5de21c', '5d5de21c', 'a333d363', '4dec0816']"
blk_6175825077510445295,"['bbb51b95', 'bbb51b95', 'bbb51b95', '3d91fa85', 'd38aa58d', '46003790', 'd38aa58d', '46003790', 'd38aa58d', '46003790', '5d5de21c', '5d5de21c', '5d5de21c']"
blk_4958010388834247896,"['bbb51b95', 'bbb51b95', 'bbb51b95', '3d91fa85', 'd38aa58d', '46003790', 'd38aa58d', '46003790', 'd38aa58d', '46003790', '5d5de21c', '5d5de21c', '5d5de21c', 'a333d363', '4dec0816']"
blk_-7682333702165719489,"['bbb51b95', 'bbb51b95', '3d91fa85', 'bbb51b95', 'd38aa58d', '46003790', '5d5de21c', 'd38aa58d', '46003790', 'd38aa58d', '46003790', '5d5de21c', '5d5de21c']"
blk_2291218604157690569,"['bbb51b95', '3d91fa85', 'bbb51b95', 'bbb51b95', 'd38aa58d', '46003790', '5d5de21c', 'd38aa58d', '46003790', 'd38aa58d', '46003790', '5d5de21c', '5d5de21c', 'a333d363', '4dec0816']"
blk_-2086542655641547070,"['bbb51b95', 'bbb51b95', '3d91fa85', 'bbb51b95', 'd38aa58d', '46003790', 'd38aa58d', '46003790', 'd38aa58d', '46003790', '5d5de21c', '5d5de21c', '5d5de21c']"
blk_8282544728070011789,"['3d91fa85', 'bbb51b95', 'bbb51b95', 'bbb51b95', '5d5de21c', '5d5de21c', 'd38aa58d', '46003790', 'd38aa58d', '46003790', 'd38aa58d', '46003790', '5d5de21c']"
blk_-6567294664548085763,"['bbb51b95', 'bbb51b95', 'bbb51b95', '3d91fa85', 'd38aa58d', '46003790', 'd38aa58d', '46003790', 'd38aa58d', '46003790', '5d5de21c', '5d5de21c', '5d5de21c']"
blk_5321490983420253611,"['3d91fa85', 'bbb51b95', 'bbb51b95', 'bbb51b95', '5d5de21c', '5d5de21c', 'd38aa58d', '46003790', 'd38aa58d', '46003790', 'd38aa58d', '46003790', '5d5de21c']"
blk_2750661528384748932,"['3d91fa85', 'bbb51b95', 'bbb51b95', 'bbb51b95', '5d5de21c', '5d5de21c', 'd38aa58d', '46003790', 'd38aa58d', '46003790', '5d5de21c', 'd38aa58d', '46003790']"
blk_-7689031213313245416,"['bbb51b95', 'bbb51b95', 'bbb51b95', '3d91fa85', 'd38aa58d', '46003790', 'd38aa58d', '46003790', 'd38aa58d', '46003790', '5d5de21c', '5d5de21c', '5d5de21c', '32777b38', '32777b38', '32777b38', 'a333d363']"
blk_3386649777823475149,"['3d91fa85', 'bbb51b95', 'bbb51b95', 'bbb51b95', '5d5de21c', '5d5de21c', '5d5de21c', 'd38aa58d', '46003790', 'd38aa58d', '46003790', 'd38aa58d', '46003790', '4dec0816']"
blk_770626007795085396,"['3d91fa85', 'bbb51b95', 'bbb51b95', 'bbb51b95', '5d5de21c', '5d5de21c', 'd38aa58d', '46003790', 'd38aa58d', '46003790', 'd38aa58d', '46003790', '5d5de21c']"
blk_2450481949305021381,"['3d91fa85', 'bbb51b95', 'bbb51b95', 'bbb51b95', '5d5de21c', '5d5de21c', '5d5de21c', 'd38aa58d', '46003790', 'd38aa58d', '46003790', 'd38aa58d', '46003790']"
blk_1492200014403123933,"['bbb51b95', 'bbb51b95', 'bbb51b95', '3d91fa85', 'd38aa58d', '46003790', 'd38aa58d', '46003790', 'd38aa58d', '46003790', '5d5de21c', '5d5de21c', '5d5de21c', 'd63ef163', 'd63ef163', 'd63ef163', 'dba996ef', 'dba996ef', 'dba996ef']"
blk_7346125682724903524,"['bbb51b95', '3d91fa85', 'bbb51b95', 'bbb51b95', 'd38aa58d', '46003790', 'd38aa58d', '46003790', 'd38aa58d', '46003790', '5d5de21c', '5d5de21c', '5d5de21c']"
blk_-5169765689745141179,"['bbb51b95', '3d91fa85', 'bbb51b95', 'bbb51b95', '5d5de21c', '5d5de21c', 'd38aa58d', '46003790', 'd38aa58d', '46003790', '5d5de21c', 'd38aa58d', '46003790']"
blk_-8245922545748154374,"['bbb51b95', '3d91fa85', 'd38aa58d', '46003790', 'bbb51b95', 'd38aa58d', '46003790', 'bbb51b95', 'd38aa58d', '46003790', '5d5de21c', '5d5de21c', '5d5de21c', '32777b38', '4dec0816']"
blk_3459584312860215270,"['bbb51b95', '3d91fa85', 'bbb51b95', 'bbb51b95', 'd38aa58d', '46003790', 'd38aa58d', '46003790', '5d5de21c', '5d5de21c', 'd38aa58d', '46003790', '5d5de21c']"
blk_-2812142493519080162,"['bbb51b95', '3d91fa85', 'bbb51b95', 'bbb51b95', 'd38aa58d', '46003790', 'd38aa58d', '46003790', 'd38aa58d', '46003790', '5d5de21c', '5d5de21c', '5d5de21c', 'a333d363', '4dec0816', 'a333d363']"
blk_-6816996897683116564,"['3d91fa85', 'bbb51b95', 'bbb51b95', 'bbb51b95', '5d5de21c', '5d5de21c', '5d5de21c', 'd38aa58d', '46003790', 'd38aa58d', '46003790', 'd38aa58d', '46003790', '32777b38', 'a333d363', '4dec0816', 'a333d363']"
blk_-4775621084671428577,"['bbb51b95', 'bbb51b95', '3d91fa85', 'bbb51b95', 'd38aa58d', '46003790', 'd38aa58d', '46003790', 'd38aa58d', '46003790', '5d5de21c', '5d5de21c', '5d5de21c']"
blk_8720005406020789554,"['bbb51b95', 'bbb51b95', 'bbb51b95', '3d91fa85', '5d5de21c', 'd38aa58d', '46003790', 'd38aa58d', '46003790', '5d5de21c', 'd38aa58d', '46003790', '5d5de21c', '32777b38', 'a333d363', 'a333d363']"
blk_-7703196719920049447,"['bbb51b95', 'bbb51b95', 'bbb51b95', '3d91fa85', 'd38aa58d', '46003790', 'd38aa58d', '46003790', '5d5de21c', '5d5de21c', 'd38aa58d', '46003790', '5d5de21c']"
blk_-5741998040676321681,"['bbb51b95', '3d91fa85', 'bbb51b95', 'bbb51b95', 'd38aa58d', '46003790', 'd38aa58d', '46003790', 'd38aa58d', '46003790', '5d5de21c', '5d5de21c', '5d5de21c', 'a333d363']"
blk_4078041013393833763,"['bbb51b95', 'bbb51b95', '3d91fa85', 'bbb51b95', 'd38aa58d', '46003790', 'd38aa58d', '46003790', 'd38aa58d', '46003790', '5d5de21c', '5d5de21c', '5d5de21c']"
blk_-8061809190706826645,"['bbb51b95', 'bbb51b95', 'bbb51b95', '3d91fa85', 'd38aa58d', '46003790', 'd38aa58d', '46003790', '5d5de21c', '5d5de21c', 'd38aa58d', '46003790', '5d5de21c']"
blk_-5925318275568355924,"['3d91fa85', 'bbb51b95', 'bbb51b95', 'bbb51b95', 'd38aa58d', '46003790', 'd38aa58d', '46003790', '5d5de21c', '5d5de21c', '5d5de21c', 'd38aa58d', '46003790']"
blk_7329555279485153857,"['bbb51b95', 'bbb51b95', '3d91fa85', 'bbb51b95', 'd38aa58d', '46003790', 'd38aa58d', '46003790', '5d5de21c', 'd38aa58d', '46003790', '5d5de21c', '5d5de21c', '32777b38']"
blk_-1868415443894608427,"['bbb51b95', '3d91fa85', 'bbb51b95', 'bbb51b95', 'd38aa58d', '46003790', 'd38aa58d', '46003790', 'd38aa58d', '46003790', '5d5de21c', '5d5de21c', '5d5de21c']"
blk_337612939776771733,"['3d91fa85', 'bbb51b95', 'bbb51b95', 'bbb51b95', '5d5de21c', 'd38aa58d', '46003790', '5d5de21c', 'd38aa58d', '46003790', 'd38aa58d', '46003790', '5d5de21c']"
blk_5894649120118616560,"['bbb51b95', 'bbb51b95', '3d91fa85', 'bbb51b95', 'd38aa58d', '46003790', 'd38aa58d', '46003790', 'd38aa58d', '46003790', '5d5de21c', '5d5de21c', '5d5de21c']"
blk_8690912510886624472,"['3d91fa85', 'bbb51b95', 'bbb51b95', 'bbb51b95', 'd38aa58d', '46003790', 'd38aa58d', '46003790', 'd38aa58d', '46003790', '5d5de21c', '5d5de21c', '5d5de21c', '32777b38', '32777b38']"
blk_-6654374773368782929,"['bbb51b95', '3d91fa85', 'bbb51b95', 'bbb51b95', 'd38aa58d', '46003790', 'd38aa58d', '46003790', 'd38aa58d', '46003790', '5d5de21c', '5d5de21c', '5d5de21c']"
blk_-9059309060904718815,"['bbb51b95', 'bbb51b95', 'bbb51b95', '3d91fa85', 'd38aa58d', '46003790', 'd38aa58d', '46003790', 'd38aa58d', '46003790', '5d5de21c', '5d5de21c', '5d5de21c']"
blk_3852941896537292855,"['bbb51b95', 'bbb51b95', '3d91fa85', 'bbb51b95', 'd38aa58d', '46003790', 'd38aa58d', '46003790', 'd38aa58d', '46003790', '5d5de21c', '5d5de21c', '5d5de21c']"
blk_8506942310598121146,"['bbb51b95', '3d91fa85', 'bbb51b95', 'bbb51b95', 'd38aa58d', '46003790', '5d5de21c', '5d5de21c', '5d5de21c', 'd38aa58d', '46003790', 'd38aa58d', '46003790']"
blk_-8676589750426692573,"['bbb51b95', 'bbb51b95', '3d91fa85', 'bbb51b95', 'd38aa58d', '46003790', 'd38aa58d', '46003790', 'd38aa58d', '46003790', '5d5de21c', '5d5de21c', '5d5de21c', '4dec0816']"
blk_4727328842521066234,"['bbb51b95', 'bbb51b95', '3d91fa85', 'bbb51b95', 'd38aa58d', '46003790', 'd38aa58d', '46003790', 'd38aa58d', '46003790', '5d5de21c', '5d5de21c', '5d5de21c']"
blk_6605094754176723572,"['3d91fa85', 'bbb51b95', 'bbb51b95', 'bbb51b95', '5d5de21c', '5d5de21c', '5d5de21c', 'd38aa58d', 'd38aa58d', '46003790', '46003790', 'd38aa58d', '46003790']"
blk_-6508226776506922223,"['bbb51b95', 'bbb51b95', '3d91fa85', 'bbb51b95', 'd38aa58d', '46003790', 'd38aa58d', '46003790', 'd38aa58d', '46003790', '5d5de21c', '5d5de21c', '5d5de21c', 'a333d363']"
blk_-4655992589674646449,"['bbb51b95', 'bbb51b95', 'bbb51b95', '3d91fa85', 'd38aa58d', '46003790', 'd38aa58d', '46003790', 'd38aa58d', '46003790', '5d5de21c', '5d5de21c', '5d5de21c', '4dec0816']"
blk_9067687070413551391,"['bbb51b95', 'bbb51b95', '3d91fa85', 'bbb51b95', 'd38aa58d', '46003790', '5d5de21c', 'd38aa58d', '46003790', '5d5de21c', 'd38aa58d', '46003790', '5d5de21c']"
blk_-4799166446191750227,"['bbb51b95', 'bbb51b95', '3d91fa85', 'bbb51b95', 'd38aa58d', '46003790', 'd38aa58d', '46003790', 'd38aa58d', '46003790', '5d5de21c', '5d5de21c', '5d5de21c']"
blk_-1434611047609846684,"['bbb51b95', '3d91fa85', 'bbb51b95', 'bbb51b95', 'd38aa58d', '46003790', 'd38aa58d', '46003790', 'd38aa58d', '46003790', '5d5de21c', '5d5de21c', '5d5de21c', '32777b38']"
blk_-6595468093118951543,"['bbb51b95', 'bbb51b95', 'bbb51b95', '3d91fa85', 'd38aa58d', '46003790', 'd38aa58d', '46003790', 'd38aa58d', '46003790', '5d5de21c', '5d5de21c', '5d5de21c', '4dec0816']"
blk_-7019475832975629467,"['bbb51b95', 'bbb51b95', 'bbb51b95', '3d91fa85', 'd38aa58d', '46003790', 'd38aa58d', '46003790', 'd38aa58d', '46003790', '5d5de21c', '5d5de21c', '5d5de21c', 'a333d363', '4dec0816']"
blk_-1700929423419481113,"['bbb51b95', 'bbb51b95', '3d91fa85', 'bbb51b95', 'd38aa58d', 'd38aa58d', '46003790', '46003790', 'd38aa58d', '46003790', '5d5de21c', '5d5de21c', '5d5de21c', '32777b38', '32777b38', '32777b38', 'a333d363']"
blk_-1697749955176536333,"['bbb51b95', '3d91fa85', 'bbb51b95', 'bbb51b95', 'd38aa58d', '46003790', 'd38aa58d', '46003790', 'd38aa58d', '46003790', '5d5de21c', '5d5de21c', '5d5de21c']"
blk_4618595281721692303,"['bbb51b95', 'bbb51b95', 'bbb51b95', '3d91fa85', 'd38aa58d', '46003790', 'd38aa58d', '46003790', 'd38aa58d', '46003790', '5d5de21c', '5d5de21c', '5d5de21c']"
blk_7543819479849324949,"['3d91fa85', 'bbb51b95', 'bbb51b95', 'bbb51b95', 'd38aa58d', '46003790', 'd38aa58d', '46003790', '5d5de21c', '5d5de21c', 'd38aa58d', '46003790', '5d5de21c']"
blk_393991141050491010,"['3d91fa85', 'bbb51b95', 'bbb51b95', 'bbb51b95', 'd38aa58d', '46003790', '5d5de21c', '5d5de21c', '5d5de21c', 'd38aa58d', '46003790', 'd38aa58d', '46003790']"
blk_8578075029725747702,"['3d91fa85', 'bbb51b95', 'bbb51b95', 'bbb51b95', '5d5de21c', 'd38aa58d', '46003790', '5d5de21c', '5d5de21c', 'd38aa58d', '46003790', 'd38aa58d', '46003790', '32777b38']"
blk_-8701804974740620461,"['3d91fa85', 'bbb51b95', 'bbb51b95', 'bbb51b95', 'd38aa58d', '46003790', '5d5de21c', '5d5de21c', '5d5de21c', 'd38aa58d', '46003790', 'd38aa58d', '46003790']"
blk_-2345462109332748686,"['3d91fa85', 'bbb51b95', 'bbb51b95', 'bbb51b95', '5d5de21c', '5d5de21c', 'd38aa58d', '46003790', 'd38aa58d', '46003790', '5d5de21c', 'd38aa58d', '46003790']"
blk_7995352047704707954,"['3d91fa85', 'bbb51b95', 'bbb51b95', 'bbb51b95', '5d5de21c', '46003790', 'd38aa58d', '46003790', '5d5de21c', '5d5de21c', 'd38aa58d', 'd38aa58d', '46003790', '32777b38', '4dec0816']"
blk_-6952295868487656571,"['bbb51b95', '3d91fa85', 'bbb51b95', 'bbb51b95', 'd38aa58d', '46003790', 'd38aa58d', '46003790', 'd38aa58d', '46003790', '5d5de21c', '5d5de21c', '5d5de21c', '32777b38', '32777b38', '32777b38']"
blk_-7121326112056019523,"['bbb51b95', '3d91fa85', 'bbb51b95', 'bbb51b95', 'd38aa58d', '46003790', 'd38aa58d', '46003790', 'd38aa58d', '46003790', '5d5de21c', '5d5de21c', '5d5de21c']"
blk_995711875564758705,"['bbb51b95', 'bbb51b95', '3d91fa85', 'bbb51b95', 'd38aa58d', '46003790', 'd38aa58d', '46003790', 'd38aa58d', '46003790', '5d5de21c', '5d5de21c', '5d5de21c']"
blk_-6577097010644714307,"['bbb51b95', '3d91fa85', 'bbb51b95', 'bbb51b95', 'd38aa58d', '46003790', 'd38aa58d', '46003790', 'd38aa58d', '46003790', '5d5de21c', '5d5de21c', '5d5de21c']"
blk_852377736895421769,"['3d91fa85', 'bbb51b95', 'bbb51b95', 'bbb51b95', '5d5de21c', '5d5de21c', '5d5de21c', 'd38aa58d', '46003790', 'd38aa58d', '46003790', 'd38aa58d', '46003790']"
blk_-1525012764682624076,"['bbb51b95', 'bbb51b95', '3d91fa85', 'bbb51b95', 'd38aa58d', '46003790', 'd38aa58d', '46003790', 'd38aa58d', '46003790', '5d5de21c', '5d5de21c', '5d5de21c', '32777b38']"
blk_-720844336009342196,"['bbb51b95', 'bbb51b95', '3d91fa85', 'bbb51b95', 'd38aa58d', '46003790', 'd38aa58d', '46003790', '5d5de21c', '5d5de21c', 'd38aa58d', '46003790', '5d5de21c']"
blk_8152248024272930347,"['bbb51b95', 'bbb51b95', '3d91fa85', 'bbb51b95', 'd38aa58d', '46003790', 'd38aa58d', '46003790', 'd38aa58d', '46003790', '5d5de21c', '5d5de21c', '5d5de21c']"
blk_-239640197640673891,"['3d91fa85', 'bbb51b95', 'bbb51b95', 'bbb51b95', '5d5de21c', '5d5de21c', 'd38aa58d', '46003790', 'd38aa58d', '46003790', '5d5de21c', 'd38aa58d', '46003790', 'a333d363', 'a333d363', '4dec0816']"
blk_5070792255564006736,"['bbb51b95', '3d91fa85', 'bbb51b95', 'bbb51b95', 'd38aa58d', '46003790', 'd38aa58d', '46003790', 'd38aa58d', '46003790', '5d5de21c', '5d5de21c', '5d5de21c', 'd63ef163', 'd63ef163', 'd63ef163', 'dba996ef', 'dba996ef', 'dba996ef']"
blk_5349632003857423503,"['3d91fa85', 'bbb51b95', 'bbb51b95', 'bbb51b95', '5d5de21c', '5d5de21c', '5d5de21c', 'd38aa58d', '46003790', 'd38aa58d', 'd38aa58d', '46003790', '46003790', '32777b38', '4dec0816']"
blk_-7698417830069390697,"['bbb51b95', 'bbb51b95', '3d91fa85', 'bbb51b95', 'd38aa58d', '46003790', 'd38aa58d', '46003790', 'd38aa58d', '46003790', '5d5de21c', '5d5de21c', '5d5de21c']"
blk_6788279105416614872,"['bbb51b95', '3d91fa85', 'bbb51b95', 'bbb51b95', 'd38aa58d', '46003790', '46003790', 'd38aa58d', '46003790', '5d5de21c', '5d5de21c', '5d5de21c', 'd38aa58d', 'd63ef163', 'd63ef163', 'd63ef163', 'dba996ef', 'dba996ef', 'dba996ef']"
blk_11422240561571616,"['3d91fa85', 'bbb51b95', 'bbb51b95', 'bbb51b95', '5d5de21c', '5d5de21c', '5d5de21c', 'd38aa58d', '46003790', 'd38aa58d', '46003790', 'd38aa58d', '46003790']"
blk_-8049605842142525932,"['3d91fa85', 'bbb51b95', 'bbb51b95', 'bbb51b95', '5d5de21c', 'd38aa58d', '46003790', '5d5de21c', 'd38aa58d', '46003790', 'd38aa58d', '46003790', '5d5de21c', '32777b38', 'a333d363', '4dec0816']"
blk_-5265559100160204198,"['bbb51b95', '3d91fa85', 'bbb51b95', 'bbb51b95', 'd38aa58d', '46003790', 'd38aa58d', '46003790', 'd38aa58d', '46003790', '5d5de21c', '5d5de21c', '5d5de21c']"
blk_1537242504662159549,"['bbb51b95', 'bbb51b95', 'bbb51b95', '3d91fa85', 'd38aa58d', '46003790', 'd38aa58d', '46003790', 'd38aa58d', '46003790', '5d5de21c', '5d5de21c', '5d5de21c']"
blk_-3357243663412200142,"['bbb51b95', '3d91fa85', 'bbb51b95', 'bbb51b95', 'd38aa58d', 'd38aa58d', '46003790', '46003790', 'd38aa58d', '46003790', '5d5de21c', '5d5de21c', '5d5de21c']"
blk_-5178175963411388482,"['bbb51b95', 'bbb51b95', '3d91fa85', 'bbb51b95', 'd38aa58d', '46003790', 'd38aa58d', '46003790', 'd38aa58d', '46003790', '5d5de21c', '5d5de21c', '5d5de21c']"
blk_-8192194817937315645,"['bbb51b95', 'bbb51b95', '3d91fa85', 'bbb51b95', 'd38aa58d', '46003790', 'd38aa58d', '46003790', 'd38aa58d', '46003790', '5d5de21c', '5d5de21c', '5d5de21c']"
blk_-6981442270274787238,"['3d91fa85', 'bbb51b95', 'bbb51b95', 'bbb51b95', '5d5de21c', '5d5de21c', '5d5de21c', 'd38aa58d', '46003790', 'd38aa58d', '46003790', 'd38aa58d', '46003790']"
blk_279160578968107453,"['bbb51b95', 'bbb51b95', '3d91fa85', 'bbb51b95', 'd38aa58d', '46003790', 'd38aa58d', '46003790', '5d5de21c', '5d5de21c', 'd38aa58d', '46003790', '5d5de21c']"
blk_-3199606369953426737,"['3d91fa85', 'bbb51b95', 'bbb51b95', 'bbb51b95', '5d5de21c', '5d5de21c', '5d5de21c', 'd38aa58d', '46003790', 'd38aa58d', '46003790', 'd38aa58d', '46003790']"
blk_-5081117124755398613,"['bbb51b95', 'bbb51b95', 'bbb51b95', '3d91fa85', 'd38aa58d', '46003790', 'd38aa58d', '46003790', 'd38aa58d', '46003790', '5d5de21c', '5d5de21c', '5d5de21c']"
blk_6825849754664003140,"['bbb51b95', '3d91fa85', 'bbb51b95', 'bbb51b95', 'd38aa58d', '46003790', 'd38aa58d', '46003790', 'd38aa58d', '46003790', '5d5de21c', '5d5de21c', '5d5de21c']"
blk_-6860243962181331342,"['bbb51b95', 'bbb51b95', '3d91fa85', 'bbb51b95', 'd38aa58d', '46003790', 'd38aa58d', '46003790', 'd38aa58d', '46003790', '5d5de21c', '5d5de21c', '5d5de21c']"
blk_-8986901184955890703,"['bbb51b95', 'bbb51b95', 'bbb51b95', '3d91fa85', 'd38aa58d', '46003790', 'd38aa58d', '46003790', 'd38aa58d', '46003790', '5d5de21c', '5d5de21c', '5d5de21c', 'a333d363', '4dec0816']"
blk_9052259508540407143,"['bbb51b95', 'bbb51b95', '3d91fa85', 'bbb51b95', 'd38aa58d', '46003790', 'd38aa58d', '46003790', '5d5de21c', 'd38aa58d', '46003790', '5d5de21c', '5d5de21c', '32777b38']"
blk_-4303791695391552080,"['bbb51b95', 'bbb51b95', '3d91fa85', 'bbb51b95', 'd38aa58d', '46003790', 'd38aa58d', '46003790', 'd38aa58d', '46003790', '5d5de21c', '5d5de21c', '5d5de21c']"
blk_-9212158688904192263,"['bbb51b95', 'bbb51b95', '3d91fa85', 'bbb51b95', 'd38aa58d', '46003790', 'd38aa58d', '46003790', 'd38aa58d', '46003790', '5d5de21c', '5d5de21c', '5d5de21c']"
blk_-7797984967924990744,"['3d91fa85', 'bbb51b95', 'bbb51b95', 'bbb51b95', '5d5de21c', '5d5de21c', '5d5de21c', 'd38aa58d', '46003790', 'd38aa58d', '46003790', 'd38aa58d', '46003790', '32777b38', 'a333d363', '4dec0816', 'a333d363']"
blk_-5457710457140604565,"['bbb51b95', '3d91fa85', 'bbb51b95', 'bbb51b95', 'd38aa58d', '46003790', 'd38aa58d', '46003790', '5d5de21c', '5d5de21c', 'd38aa58d', '46003790', '5d5de21c', 'a333d363', '4dec0816']"
blk_5023618609232201878,"['bbb51b95', 'bbb51b95', 'bbb51b95', '3d91fa85', 'd38aa58d', '46003790', 'd38aa58d', '46003790', 'd38aa58d', '46003790', '5d5de21c', '5d5de21c', '5d5de21c']"
blk_1113953907998220170,"['bbb51b95', 'bbb51b95', 'bbb51b95', '3d91fa85', '5d5de21c', 'd38aa58d', 'd38aa58d', '46003790', '46003790', '46003790', '5d5de21c', 'd38aa58d', '5d5de21c', '32777b38', 'a333d363', 'a333d363', '4dec0816']"
blk_2540681983589053398,"['bbb51b95', 'bbb51b95', 'bbb51b95', '3d91fa85', 'd38aa58d', '46003790', 'd38aa58d', '46003790', 'd38aa58d', '46003790', '5d5de21c', '5d5de21c', '5d5de21c']"
blk_6863053035539127932,"['bbb51b95', 'bbb51b95', 'bbb51b95', '3d91fa85', 'd38aa58d', '46003790', 'd38aa58d', '46003790', '5d5de21c', 'd38aa58d', '46003790', '5d5de21c', '5d5de21c']"
blk_3675622719761365419,"['bbb51b95', '3d91fa85', 'bbb51b95', 'bbb51b95', 'd38aa58d', '46003790', 'd38aa58d', '46003790', 'd38aa58d', '46003790', '5d5de21c', '5d5de21c', '5d5de21c']"
blk_3937559027023920751,"['bbb51b95', 'bbb51b95', '3d91fa85', 'bbb51b95', 'd38aa58d', '46003790', '46003790', '5d5de21c', 'd38aa58d', '46003790', 'd38aa58d', '5d5de21c', '5d5de21c']"
blk_-1131243620681674661,"['bbb51b95', 'bbb51b95', 'bbb51b95', '3d91fa85', 'd38aa58d', '46003790', 'd38aa58d', '46003790', 'd38aa58d', '46003790', '5d5de21c', '5d5de21c', '5d5de21c', '4dec0816']"
blk_5309083869927247470,"['3d91fa85', 'bbb51b95', 'bbb51b95', 'bbb51b95', '5d5de21c', '5d5de21c', '5d5de21c', 'd38aa58d', '46003790', 'd38aa58d', '46003790', 'd38aa58d', '46003790']"
blk_5594648224713970487,"['bbb51b95', 'bbb51b95', 'bbb51b95', '3d91fa85', 'd38aa58d', '46003790', 'd38aa58d', '46003790', 'd38aa58d', '46003790', '5d5de21c', '5d5de21c', '5d5de21c']"
blk_-8588908000680498,"['3d91fa85', 'bbb51b95', 'bbb51b95', 'bbb51b95', '5d5de21c', '5d5de21c', '5d5de21c', 'd38aa58d', '46003790', 'd38aa58d', '46003790', 'd38aa58d', '46003790', '32777b38', 'a333d363', '4dec0816', 'a333d363']"
blk_-7940397930102752616,"['bbb51b95', 'bbb51b95', '3d91fa85', 'bbb51b95', 'd38aa58d', '46003790', 'd38aa58d', '46003790', 'd38aa58d', '46003790', '5d5de21c', '5d5de21c', '5d5de21c', 'a333d363']"
blk_3781245579561779135,"['bbb51b95', '3d91fa85', 'bbb51b95', 'bbb51b95', 'd38aa58d', '46003790', 'd38aa58d', '46003790', 'd38aa58d', '46003790', '5d5de21c', '5d5de21c', '5d5de21c']"
blk_3881797498150982151,"['bbb51b95', 'bbb51b95', 'bbb51b95', '3d91fa85', '5d5de21c', '5d5de21c', 'd38aa58d', '46003790', 'd38aa58d', '46003790', 'd38aa58d', '46003790', '5d5de21c']"
blk_-6182066351154901795,"['bbb51b95', '3d91fa85', 'bbb51b95', 'bbb51b95', 'd38aa58d', '46003790', 'd38aa58d', '46003790', '5d5de21c', 'd38aa58d', '46003790', '5d5de21c', '5d5de21c']"
blk_-4221868686337738763,"['bbb51b95', 'bbb51b95', 'bbb51b95', '3d91fa85', 'd38aa58d', '46003790', 'd38aa58d', '46003790', '5d5de21c', '5d5de21c', 'd38aa58d', '46003790', '5d5de21c']"
blk_-7454101768985344385,"['bbb51b95', '3d91fa85', 'bbb51b95', 'bbb51b95', 'd38aa58d', '46003790', 'd38aa58d', '46003790', '5d5de21c', '5d5de21c', '5d5de21c', 'd38aa58d', '46003790']"
blk_-5581581830568822139,"['bbb51b95', 'bbb51b95', 'bbb51b95', '3d91fa85', 'd38aa58d', '46003790', 'd38aa58d', '46003790', 'd38aa58d', '46003790', '5d5de21c', '5d5de21c', '5d5de21c']"
blk_3462513401478848380,"['3d91fa85', 'bbb51b95', 'bbb51b95', 'bbb51b95', '5d5de21c', '5d5de21c', '5d5de21c', 'd38aa58d', '46003790', 'd38aa58d', '46003790', 'd38aa58d', '46003790']"
blk_7936018510823558182,"['3d91fa85', 'bbb51b95', 'bbb51b95', 'bbb51b95', '5d5de21c', '5d5de21c', 'd38aa58d', '46003790', 'd38aa58d', '46003790', 'd38aa58d', '46003790', '5d5de21c', 'd63ef163', 'd63ef163', 'd63ef163', 'dba996ef', 'dba996ef', 'dba996ef']"
blk_-5366018753229025721,"['bbb51b95', '3d91fa85', 'bbb51b95', 'bbb51b95', 'd38aa58d', '46003790', 'd38aa58d', '46003790', 'd38aa58d', '46003790', '5d5de21c', '5d5de21c', '5d5de21c']"
blk_-8607728873803949040,"['3d91fa85', 'bbb51b95', 'bbb51b95', 'bbb51b95', '5d5de21c', '5d5de21c', '5d5de21c', 'd38aa58d', '46003790', 'd38aa58d', '46003790', 'd38aa58d', '46003790', 'a333d363']"
blk_2002603567341391902,"['bbb51b95', 'bbb51b95', '3d91fa85', 'bbb51b95', 'd38aa58d', '46003790', '46003790', 'd38aa58d', '46003790', '5d5de21c', '5d5de21c', 'd38aa58d', '5d5de21c']"
blk_4126604290583148008,"['bbb51b95', 'bbb51b95', 'bbb51b95', '3d91fa85', 'd38aa58d', '46003790', 'd38aa58d', '46003790', 'd38aa58d', '46003790', '5d5de21c', '5d5de21c', '5d5de21c', 'a333d363', '4dec0816']"
blk_2303912209495265243,"['bbb51b95', 'bbb51b95', 'bbb51b95', '3d91fa85', 'd38aa58d', '46003790', 'd38aa58d', '46003790', 'd38aa58d', '46003790', '5d5de21c', '5d5de21c', '5d5de21c']"
blk_8308959711990022518,"['bbb51b95', 'bbb51b95', 'bbb51b95', '3d91fa85', 'd38aa58d', '46003790', 'd38aa58d', '46003790', '5d5de21c', '5d5de21c', 'd38aa58d', '46003790', '5d5de21c']"
blk_8868373593483263710,"['bbb51b95', '3d91fa85', 'bbb51b95', 'bbb51b95', 'd38aa58d', '46003790', '5d5de21c', 'd38aa58d', '46003790', 'd38aa58d', '46003790', '5d5de21c', '5d5de21c']"
blk_8036253845936603086,"['3d91fa85', 'bbb51b95', 'bbb51b95', 'bbb51b95', 'd38aa58d', '46003790', 'd38aa58d', '46003790', 'd38aa58d', '46003790', '5d5de21c', '5d5de21c', '5d5de21c']"
blk_7743187147171377263,"['bbb51b95', 'bbb51b95', '3d91fa85', 'bbb51b95', 'd38aa58d', '46003790', 'd38aa58d', '46003790', '5d5de21c', '5d5de21c', 'd38aa58d', '46003790', '5d5de21c', '32777b38', 'a333d363', '4dec0816']"
blk_373590136882260507,"['3d91fa85', 'bbb51b95', 'bbb51b95', 'bbb51b95', '5d5de21c', '5d5de21c', 'd38aa58d', '46003790', 'd38aa58d', '46003790', 'd38aa58d', '46003790', '5d5de21c', '32777b38', 'a333d363', '4dec0816', 'a333d363']"
blk_409700551631889400,"['bbb51b95', '3d91fa85', 'bbb51b95', 'bbb51b95', 'd38aa58d', '46003790', 'd38aa58d', '46003790', 'd38aa58d', '46003790', '5d5de21c', '5d5de21c', '5d5de21c']"
blk_-4602733821680812741,"['bbb51b95', '3d91fa85', 'bbb51b95', 'bbb51b95', '46003790', 'd38aa58d', '46003790', 'd38aa58d', 'd38aa58d', '46003790', '5d5de21c', '5d5de21c', '5d5de21c']"
blk_-356486287066206492,"['bbb51b95', '3d91fa85', 'bbb51b95', 'bbb51b95', 'd38aa58d', '46003790', 'd38aa58d', '46003790', 'd38aa58d', '46003790', '5d5de21c', '5d5de21c', '5d5de21c']"
blk_4421958324146760212,"['bbb51b95', 'bbb51b95', 'bbb51b95', '3d91fa85', 'd38aa58d', '46003790', 'd38aa58d', '46003790', 'd38aa58d', '46003790', '5d5de21c', '5d5de21c', '5d5de21c', 'a333d363', '4dec0816']"
blk_4972561566545290340,"['bbb51b95', 'bbb51b95', '3d91fa85', 'bbb51b95', 'd38aa58d', '46003790', 'd38aa58d', '46003790', '46003790', '5d5de21c', '5d5de21c', 'd38aa58d', '5d5de21c']"
blk_-4623940423453806649,"['3d91fa85', 'bbb51b95', 'bbb51b95', 'bbb51b95', '5d5de21c', '5d5de21c', 'd38aa58d', '46003790', '5d5de21c', 'd38aa58d', '46003790', 'd38aa58d', '46003790', '32777b38', 'a333d363', '4dec0816', 'a333d363']"
blk_-5818867786622401458,"['bbb51b95', '3d91fa85', 'bbb51b95', 'bbb51b95', 'd38aa58d', 'd38aa58d', '46003790', '46003790', 'd38aa58d', '46003790', '5d5de21c', '5d5de21c', '5d5de21c']"
blk_-2164717317579021980,"['bbb51b95', 'bbb51b95', 'bbb51b95', '3d91fa85', 'd38aa58d', '46003790', '46003790', '5d5de21c', 'd38aa58d', '46003790', 'd38aa58d', '5d5de21c', '5d5de21c']"
blk_2694979961601401793,"['bbb51b95', 'bbb51b95', 'bbb51b95', '3d91fa85', 'd38aa58d', '46003790', 'd38aa58d', '46003790', 'd38aa58d', '46003790', '5d5de21c', '5d5de21c', '5d5de21c']"
blk_3165722535819580901,"['bbb51b95', 'bbb51b95', '3d91fa85', 'bbb51b95', 'd38aa58d', '46003790', 'd38aa58d', '46003790', 'd38aa58d', '46003790', '5d5de21c', '5d5de21c', '5d5de21c']"
blk_4805033961532711844,"['bbb51b95', 'bbb51b95', 'bbb51b95', '3d91fa85', 'd38aa58d', '46003790', 'd38aa58d', '46003790', '5d5de21c', '5d5de21c', 'd38aa58d', '46003790', '5d5de21c']"
blk_7132759917805418067,"['bbb51b95', '3d91fa85', 'bbb51b95', 'bbb51b95', 'd38aa58d', '46003790', 'd38aa58d', '46003790', 'd38aa58d', '46003790', '5d5de21c', '5d5de21c', '5d5de21c', '32777b38', '32777b38', '32777b38', 'a333d363', 'a333d363', 'a333d363', 'a333d363', 'a333d363', 'a333d363', 'a333d363', 'a333d363', 'a333d363', '4dec0816', 'a333d363', 'a333d363', 'a333d363', 'a333d363', 'a333d363', 'a333d363']"
blk_-854411058446317019,"['3d91fa85', 'bbb51b95', 'bbb51b95', 'bbb51b95', '5d5de21c', '5d5de21c', '5d5de21c', 'd38aa58d', '46003790', 'd38aa58d', '46003790', 'd38aa58d', '46003790']"
blk_3361585935109032678,"['bbb51b95', 'bbb51b95', '3d91fa85', 'bbb51b95', 'd38aa58d', '46003790', '5d5de21c', 'd38aa58d', '46003790', 'd38aa58d', '46003790', '5d5de21c', '5d5de21c']"
blk_-1677402906393454475,"['bbb51b95', 'bbb51b95', 'bbb51b95', '3d91fa85', 'd38aa58d', '46003790', 'd38aa58d', '46003790', '5d5de21c', '5d5de21c', 'd38aa58d', '46003790', '5d5de21c', 'd63ef163', 'd63ef163', 'd63ef163', 'dba996ef', 'dba996ef', 'dba996ef']"
blk_6627278295076465794,"['bbb51b95', '3d91fa85', 'bbb51b95', 'bbb51b95', 'd38aa58d', '46003790', 'd38aa58d', '46003790', 'd38aa58d', '46003790', '5d5de21c', '5d5de21c', '5d5de21c']"
blk_6229679295089108578,"['3d91fa85', 'bbb51b95', 'bbb51b95', 'bbb51b95', '5d5de21c', '5d5de21c', '5d5de21c', 'd38aa58d', '46003790', 'd38aa58d', '46003790', 'd38aa58d', '46003790']"
blk_4369831876549054440,"['3d91fa85', 'bbb51b95', 'bbb51b95', 'bbb51b95', 'd38aa58d', '46003790', 'd38aa58d', '46003790', 'd38aa58d', '46003790', '5d5de21c', '5d5de21c', '5d5de21c', '32777b38', 'a333d363', 'a333d363', '4dec0816']"
blk_-7693681712683429580,"['bbb51b95', '3d91fa85', 'bbb51b95', 'bbb51b95', 'd38aa58d', '46003790', 'd38aa58d', '46003790', 'd38aa58d', '46003790', '5d5de21c', '5d5de21c', '5d5de21c', '32777b38', '32777b38', 'a333d363']"
blk_-3537127459246566487,"['bbb51b95', 'bbb51b95', '3d91fa85', 'bbb51b95', 'd38aa58d', '46003790', 'd38aa58d', '46003790', 'd38aa58d', '46003790', '5d5de21c', '5d5de21c', '5d5de21c', 'a333d363', '4dec0816']"
blk_3248933586585052062,"['bbb51b95', 'bbb51b95', 'bbb51b95', '3d91fa85', 'd38aa58d', '46003790', 'd38aa58d', '46003790', 'd38aa58d', '46003790', '5d5de21c', '5d5de21c', '5d5de21c']"
blk_64862365945626351,"['3d91fa85', 'bbb51b95', 'bbb51b95', 'bbb51b95', '5d5de21c', '5d5de21c', '5d5de21c', 'd38aa58d', '46003790', 'd38aa58d', '46003790', 'd38aa58d', '46003790']"
blk_-2400053002431399211,"['bbb51b95', '3d91fa85', 'bbb51b95', 'bbb51b95', 'd38aa58d', '46003790', 'd38aa58d', '46003790', 'd38aa58d', '46003790', '5d5de21c', '5d5de21c', '5d5de21c']"
blk_-7490092275394756047,"['bbb51b95', '3d91fa85', 'bbb51b95', 'bbb51b95', 'd38aa58d', '46003790', 'd38aa58d', '46003790', 'd38aa58d', '46003790', '5d5de21c', '5d5de21c', '5d5de21c']"
blk_3349998349856988516,"['bbb51b95', 'bbb51b95', '3d91fa85', 'bbb51b95', 'd38aa58d', '46003790', '5d5de21c', 'd38aa58d', '46003790', 'd38aa58d', '46003790', '5d5de21c', '5d5de21c']"
blk_-3083292829655406213,"['bbb51b95', '3d91fa85', 'bbb51b95', 'bbb51b95', 'd38aa58d', '46003790', 'd38aa58d', '46003790', 'd38aa58d', '46003790', '5d5de21c', '5d5de21c', '5d5de21c']"
blk_2829420736518025992,"['bbb51b95', 'bbb51b95', 'bbb51b95', '3d91fa85', 'd38aa58d', '46003790', 'd38aa58d', '46003790', 'd38aa58d', '46003790', '5d5de21c', '5d5de21c', '5d5de21c']"
blk_4643864662433432101,"['bbb51b95', '3d91fa85', 'bbb51b95', 'bbb51b95', 'd38aa58d', '46003790', 'd38aa58d', '46003790', 'd38aa58d', '46003790', '5d5de21c', '5d5de21c', '5d5de21c']"
blk_-5561288726746932946,"['bbb51b95', 'bbb51b95', 'bbb51b95', '3d91fa85', 'd38aa58d', '46003790', 'd38aa58d', '46003790', 'd38aa58d', '46003790', '5d5de21c', '5d5de21c', '5d5de21c', '4dec0816']"
blk_-925791580070487800,"['3d91fa85', 'bbb51b95', 'bbb51b95', 'bbb51b95', '46003790', '5d5de21c', '5d5de21c', 'd38aa58d', 'd38aa58d', '46003790', '5d5de21c', 'd38aa58d', '46003790', 'a333d363', 'a333d363', '4dec0816']"
blk_-8287899980976827003,"['3d91fa85', 'bbb51b95', 'bbb51b95', 'bbb51b95', '5d5de21c', '5d5de21c', '5d5de21c', 'd38aa58d', '46003790', 'd38aa58d', '46003790', 'd38aa58d', '46003790']"
blk_-8133330690793736037,"['3d91fa85', 'bbb51b95', 'bbb51b95', 'bbb51b95', '5d5de21c', '5d5de21c', '5d5de21c', 'd38aa58d', '46003790', 'd38aa58d', '46003790', 'd38aa58d', '46003790']"
blk_2054347890964601630,"['bbb51b95', 'bbb51b95', 'bbb51b95', '3d91fa85', 'd38aa58d', '46003790', 'd38aa58d', '46003790', 'd38aa58d', '46003790', '5d5de21c', '5d5de21c', '5d5de21c']"
blk_4970230687982154070,"['bbb51b95', 'bbb51b95', 'bbb51b95', '3d91fa85', 'd38aa58d', '46003790', 'd38aa58d', '46003790', 'd38aa58d', '46003790', '5d5de21c', '5d5de21c', '5d5de21c']"
blk_-5497312804970457023,"['3d91fa85', 'bbb51b95', 'bbb51b95', 'bbb51b95', '5d5de21c', '5d5de21c', 'd38aa58d', '46003790', 'd38aa58d', '46003790', 'd38aa58d', '46003790', '5d5de21c']"
blk_2338413164935181171,"['3d91fa85', 'bbb51b95', 'bbb51b95', 'bbb51b95', '5d5de21c', '5d5de21c', 'd38aa58d', '46003790', 'd38aa58d', '46003790', 'd38aa58d', '46003790', '5d5de21c', '32777b38', 'a333d363', '4dec0816', 'a333d363']"
blk_3555086600184707668,"['bbb51b95', 'bbb51b95', '3d91fa85', 'bbb51b95', '5d5de21c', 'd38aa58d', '46003790', 'd38aa58d', '46003790', 'd38aa58d', '46003790', '5d5de21c', '5d5de21c']"
blk_-621181643025033351,"['bbb51b95', '3d91fa85', 'bbb51b95', 'bbb51b95', 'd38aa58d', '46003790', 'd38aa58d', '46003790', 'd38aa58d', '46003790', '5d5de21c', '5d5de21c', '5d5de21c', '32777b38', 'a333d363', '4dec0816', 'a333d363']"
blk_1340591670673664016,"['bbb51b95', '3d91fa85', 'bbb51b95', 'bbb51b95', '46003790', 'd38aa58d', '46003790', 'd38aa58d', '46003790', 'd38aa58d', '5d5de21c', '5d5de21c', '5d5de21c', 'a333d363']"
blk_5174596620550461256,"['3d91fa85', 'bbb51b95', 'bbb51b95', 'bbb51b95', '46003790', 'd38aa58d', '46003790', 'd38aa58d', '46003790', '5d5de21c', '5d5de21c', '5d5de21c', 'd38aa58d']"
blk_-5888965158856980665,"['bbb51b95', '3d91fa85', 'bbb51b95', 'bbb51b95', 'd38aa58d', '46003790', 'd38aa58d', '46003790', 'd38aa58d', '46003790', '5d5de21c', '5d5de21c', '5d5de21c']"
blk_-6290631608800952376,"['3d91fa85', 'bbb51b95', 'bbb51b95', 'bbb51b95', '5d5de21c', '5d5de21c', 'd38aa58d', '46003790', 'd38aa58d', '46003790', 'd38aa58d', '46003790', '5d5de21c', '32777b38']"
blk_-8809520096403995903,"['3d91fa85', 'bbb51b95', 'bbb51b95', 'bbb51b95', '5d5de21c', '5d5de21c', '5d5de21c', 'd38aa58d', '46003790', 'd38aa58d', '46003790', 'd38aa58d', '46003790']"
blk_2223869720098192886,"['bbb51b95', 'bbb51b95', '3d91fa85', 'bbb51b95', 'd38aa58d', '46003790', 'd38aa58d', '46003790', '5d5de21c', '5d5de21c', 'd38aa58d', '46003790', '5d5de21c']"
blk_2662573255722981015,"['3d91fa85', 'bbb51b95', 'bbb51b95', 'bbb51b95', '5d5de21c', '5d5de21c', '5d5de21c', 'd38aa58d', '46003790', 'd38aa58d', '46003790', 'd38aa58d', '46003790']"
blk_7339552601395282457,"['3d91fa85', 'bbb51b95', 'bbb51b95', 'bbb51b95', 'd38aa58d', '46003790', '5d5de21c', '5d5de21c', '5d5de21c', 'd38aa58d', '46003790', 'd38aa58d', '46003790']"
blk_-5546063508337388450,"['3d91fa85', 'bbb51b95', 'bbb51b95', 'bbb51b95', '5d5de21c', '5d5de21c', '5d5de21c', 'd38aa58d', '46003790', 'd38aa58d', '46003790', 'd38aa58d', '46003790', '4dec0816']"
blk_-2762996978112065463,"['bbb51b95', 'bbb51b95', 'bbb51b95', '3d91fa85', 'd38aa58d', '46003790', '5d5de21c', 'd38aa58d', '46003790', 'd38aa58d', '46003790', '5d5de21c', '5d5de21c', '4dec0816']"
blk_1932283677747366444,"['bbb51b95', '3d91fa85', 'bbb51b95', 'bbb51b95', 'd38aa58d', '46003790', '5d5de21c', '5d5de21c', '5d5de21c', 'd38aa58d', '46003790', 'd38aa58d', '46003790']"
blk_-96467232703217128,"['bbb51b95', '3d91fa85', 'bbb51b95', 'bbb51b95', 'd38aa58d', '46003790', 'd38aa58d', '46003790', 'd38aa58d', '46003790', '5d5de21c', '5d5de21c', '5d5de21c']"
blk_2203372990219584336,"['bbb51b95', '3d91fa85', 'bbb51b95', 'bbb51b95', '5d5de21c', '5d5de21c', 'd38aa58d', '46003790', 'd38aa58d', '46003790', '5d5de21c', 'd38aa58d', '46003790']"
blk_-8669862259402612256,"['3d91fa85', 'bbb51b95', 'bbb51b95', 'bbb51b95', '5d5de21c', '5d5de21c', '46003790', 'd38aa58d', '46003790', 'd38aa58d', '46003790', '5d5de21c', 'd38aa58d']"
blk_-8560628591899539568,"['3d91fa85', 'bbb51b95', 'bbb51b95', 'bbb51b95', '5d5de21c', '5d5de21c', '5d5de21c', 'd38aa58d', '46003790', 'd38aa58d', '46003790', 'd38aa58d', '46003790']"
blk_-8032125579923015609,"['3d91fa85', 'bbb51b95', 'bbb51b95', 'bbb51b95', '5d5de21c', '5d5de21c', '5d5de21c', 'd38aa58d', 'd38aa58d', '46003790', '46003790', 'd38aa58d', '46003790']"
blk_5465402337850578055,"['3d91fa85', 'bbb51b95', 'bbb51b95', 'bbb51b95', 'd38aa58d', '46003790', 'd38aa58d', '46003790', 'd38aa58d', '46003790', '5d5de21c', '5d5de21c', '5d5de21c']"
blk_3331380958219211619,"['3d91fa85', 'bbb51b95', 'bbb51b95', 'bbb51b95', '5d5de21c', '5d5de21c', '5d5de21c', 'd38aa58d', '46003790', 'd38aa58d', '46003790', 'd38aa58d', '46003790']"
blk_1170515839692349617,"['bbb51b95', '3d91fa85', 'bbb51b95', 'bbb51b95', 'd38aa58d', '46003790', 'd38aa58d', '46003790', '5d5de21c', '5d5de21c', 'd38aa58d', '46003790', '5d5de21c']"
blk_222373778374602985,"['bbb51b95', '3d91fa85', 'bbb51b95', 'bbb51b95', '5d5de21c', 'd38aa58d', '46003790', 'd38aa58d', '46003790', 'd38aa58d', '46003790', '5d5de21c', '5d5de21c']"
blk_7906680846384606713,"['3d91fa85', 'bbb51b95', 'bbb51b95', 'bbb51b95', '5d5de21c', '5d5de21c', '5d5de21c', 'd38aa58d', '46003790', 'd38aa58d', '46003790', 'd38aa58d', '46003790', '4dec0816']"
blk_3623452277072780263,"['3d91fa85', 'bbb51b95', 'bbb51b95', 'bbb51b95', 'd38aa58d', '46003790', 'd38aa58d', '46003790', 'd38aa58d', '46003790', '5d5de21c', '5d5de21c', '5d5de21c']"
blk_2883038330077731946,"['3d91fa85', 'bbb51b95', 'bbb51b95', 'bbb51b95', 'd38aa58d', '46003790', 'd38aa58d', '46003790', 'd38aa58d', '46003790', '5d5de21c', '5d5de21c', '5d5de21c']"
blk_-1691497604051640752,"['3d91fa85', 'bbb51b95', 'bbb51b95', 'bbb51b95', '5d5de21c', '5d5de21c', 'd38aa58d', '46003790', 'd38aa58d', '46003790', '5d5de21c', 'd38aa58d', '46003790']"
blk_7672930163336263961,"['3d91fa85', 'bbb51b95', 'bbb51b95', 'bbb51b95', '5d5de21c', '5d5de21c', '5d5de21c', 'd38aa58d', '46003790', 'd38aa58d', '46003790', 'd38aa58d', '46003790']"
blk_6677181411331731790,"['bbb51b95', 'bbb51b95', 'bbb51b95', '3d91fa85', 'd38aa58d', '46003790', '5d5de21c', 'd38aa58d', '46003790', 'd38aa58d', '46003790', '5d5de21c', '5d5de21c']"
blk_8405633621086975592,"['bbb51b95', 'bbb51b95', 'bbb51b95', '3d91fa85', 'd38aa58d', '46003790', 'd38aa58d', '46003790', '5d5de21c', 'd38aa58d', '46003790', '5d5de21c', '5d5de21c']"
blk_7943845628317919269,"['3d91fa85', 'bbb51b95', 'bbb51b95', 'bbb51b95', '5d5de21c', '5d5de21c', '5d5de21c', 'd38aa58d', '46003790', 'd38aa58d', '46003790', 'd38aa58d', '46003790']"
blk_2979088635273927531,"['3d91fa85', 'bbb51b95', 'bbb51b95', 'bbb51b95', '5d5de21c', '5d5de21c', '5d5de21c', 'd38aa58d', '46003790', 'd38aa58d', '46003790', 'd38aa58d', '46003790']"
blk_-5921010469913385471,"['bbb51b95', 'bbb51b95', '3d91fa85', 'bbb51b95', 'd38aa58d', 'd38aa58d', '46003790', '46003790', 'd38aa58d', '46003790', '5d5de21c', '5d5de21c', '5d5de21c']"
blk_4220080065683639953,"['3d91fa85', 'bbb51b95', 'bbb51b95', 'bbb51b95', '5d5de21c', '5d5de21c', '5d5de21c', 'd38aa58d', '46003790', 'd38aa58d', '46003790', 'd38aa58d', '46003790']"
blk_-5267082390782019646,"['bbb51b95', '3d91fa85', 'bbb51b95', 'bbb51b95', 'd38aa58d', '46003790', 'd38aa58d', '46003790', 'd38aa58d', '46003790', '5d5de21c', '5d5de21c', '5d5de21c']"
blk_3647458337972801992,"['bbb51b95', 'bbb51b95', 'bbb51b95', '3d91fa85', 'd38aa58d', '46003790', 'd38aa58d', '46003790', 'd38aa58d', '46003790', '5d5de21c', '5d5de21c', '5d5de21c']"
blk_7648199194791710388,"['bbb51b95', 'bbb51b95', '3d91fa85', 'bbb51b95', 'd38aa58d', '46003790', 'd38aa58d', '46003790', '5d5de21c', '5d5de21c', '5d5de21c', 'd38aa58d', '46003790', 'a333d363']"
blk_9042348424950806432,"['bbb51b95', 'bbb51b95', 'bbb51b95', '3d91fa85', 'd38aa58d', '46003790', 'd38aa58d', '46003790', 'd38aa58d', '46003790', '5d5de21c', '5d5de21c', '5d5de21c', '32777b38', '32777b38', '32777b38']"
blk_2847346612985918754,"['bbb51b95', 'bbb51b95', 'bbb51b95', '3d91fa85', 'd38aa58d', '46003790', '5d5de21c', 'd38aa58d', '46003790', 'd38aa58d', '46003790', '5d5de21c', '5d5de21c']"
blk_1328580540245042388,"['bbb51b95', '3d91fa85', 'bbb51b95', 'bbb51b95', 'd38aa58d', '46003790', 'd38aa58d', '46003790', 'd38aa58d', '46003790', '5d5de21c', '5d5de21c', '5d5de21c']"
blk_1753634117108534953,"['3d91fa85', 'bbb51b95', 'bbb51b95', 'bbb51b95', '5d5de21c', '5d5de21c', '5d5de21c', 'd38aa58d', '46003790', 'd38aa58d', '46003790', 'd38aa58d', '46003790', '4dec0816']"
blk_8281365964093886388,"['bbb51b95', 'bbb51b95', 'bbb51b95', '3d91fa85', 'd38aa58d', '46003790', 'd38aa58d', '46003790', 'd38aa58d', '46003790', '5d5de21c', '5d5de21c', '5d5de21c', 'a333d363', '4dec0816']"
blk_8196467136610832358,"['3d91fa85', 'bbb51b95', 'bbb51b95', 'bbb51b95', '5d5de21c', '5d5de21c', '5d5de21c', 'd38aa58d', '46003790', 'd38aa58d', '46003790', 'd38aa58d', '46003790', 'a333d363', '4dec0816', 'a333d363']"
blk_-3434892039276033537,"['bbb51b95', 'bbb51b95', '3d91fa85', 'bbb51b95', '5d5de21c', 'd38aa58d', '46003790', '5d5de21c', 'd38aa58d', '46003790', '5d5de21c', 'd38aa58d', '46003790']"
blk_3607383128245769915,"['3d91fa85', 'bbb51b95', 'bbb51b95', 'bbb51b95', '5d5de21c', '5d5de21c', '5d5de21c', 'd38aa58d', '46003790', 'd38aa58d', '46003790', 'd38aa58d', '46003790', 'a333d363']"
blk_1365391848178134918,"['3d91fa85', 'bbb51b95', 'bbb51b95', 'bbb51b95', '5d5de21c', '5d5de21c', '5d5de21c', 'd38aa58d', '46003790', 'd38aa58d', '46003790', 'd38aa58d', '46003790']"
blk_-1679612410925609349,"['bbb51b95', '3d91fa85', 'bbb51b95', 'bbb51b95', 'd38aa58d', '46003790', 'd38aa58d', '46003790', 'd38aa58d', '46003790', '5d5de21c', '5d5de21c', '5d5de21c']"
blk_-345893738528604734,"['bbb51b95', 'bbb51b95', 'bbb51b95', '3d91fa85', 'd38aa58d', '46003790', 'd38aa58d', '46003790', 'd38aa58d', '46003790', '5d5de21c', '5d5de21c', '5d5de21c']"
blk_3167974888615449726,"['3d91fa85', 'bbb51b95', 'bbb51b95', 'bbb51b95', '5d5de21c', '5d5de21c', '5d5de21c', 'd38aa58d', '46003790', 'd38aa58d', '46003790', 'd38aa58d', '46003790']"
blk_8655082218473512524,"['bbb51b95', 'bbb51b95', '3d91fa85', 'bbb51b95', 'd38aa58d', '46003790', 'd38aa58d', '46003790', 'd38aa58d', '46003790', '5d5de21c', '5d5de21c', '5d5de21c', 'd63ef163', 'd63ef163', 'd63ef163', 'dba996ef', 'dba996ef', 'dba996ef']"
blk_4276331155130390053,"['bbb51b95', 'bbb51b95', 'bbb51b95', '3d91fa85', 'd38aa58d', '46003790', 'd38aa58d', '46003790', 'd38aa58d', '46003790', '5d5de21c', '5d5de21c', '5d5de21c']"
blk_5773198578208991909,"['bbb51b95', 'bbb51b95', '3d91fa85', 'bbb51b95', 'd38aa58d', '46003790', 'd38aa58d', '46003790', '5d5de21c', '5d5de21c', 'd38aa58d', '46003790', '5d5de21c', '32777b38']"
blk_2299971235514272566,"['3d91fa85', 'bbb51b95', 'bbb51b95', 'bbb51b95', 'd38aa58d', '46003790', 'd38aa58d', '46003790', 'd38aa58d', '46003790', '5d5de21c', '5d5de21c', '5d5de21c', 'a333d363', '4dec0816']"
blk_1750485612025959648,"['bbb51b95', '3d91fa85', 'bbb51b95', 'bbb51b95', 'd38aa58d', '46003790', 'd38aa58d', '46003790', 'd38aa58d', '46003790', '5d5de21c', '5d5de21c', '5d5de21c']"
blk_-5139777489517063680,"['3d91fa85', 'bbb51b95', 'bbb51b95', 'bbb51b95', '5d5de21c', '5d5de21c', '5d5de21c', 'd38aa58d', '46003790', 'd38aa58d', '46003790', 'd38aa58d', '46003790']"
blk_-984784414178453452,"['3d91fa85', 'bbb51b95', 'bbb51b95', 'bbb51b95', '5d5de21c', '5d5de21c', '5d5de21c', 'd38aa58d', '46003790', 'd38aa58d', '46003790', 'd38aa58d', '46003790', 'a333d363', '4dec0816', 'a333d363']"
blk_-926531026044361578,"['bbb51b95', 'bbb51b95', 'bbb51b95', '3d91fa85', 'd38aa58d', '46003790', 'd38aa58d', '46003790', '5d5de21c', '5d5de21c', 'd38aa58d', '46003790', '5d5de21c']"
blk_7576500291340137580,"['bbb51b95', 'bbb51b95', '3d91fa85', 'bbb51b95', 'd38aa58d', '46003790', 'd38aa58d', '46003790', 'd38aa58d', '46003790', '5d5de21c', '5d5de21c', '5d5de21c', '32777b38', '32777b38', '32777b38', 'a333d363', '4dec0816', 'a333d363']"
blk_3061278920289937914,"['3d91fa85', 'bbb51b95', 'bbb51b95', 'bbb51b95', '5d5de21c', '5d5de21c', 'd38aa58d', '46003790', 'd38aa58d', '46003790', 'd38aa58d', '46003790', '5d5de21c', '32777b38']"
blk_-146314912100507566,"['3d91fa85', 'bbb51b95', 'bbb51b95', 'bbb51b95', '5d5de21c', '5d5de21c', '5d5de21c', 'd38aa58d', '46003790', 'd38aa58d', '46003790', 'd38aa58d', '46003790']"
blk_7516861970835508319,"['bbb51b95', '3d91fa85', 'bbb51b95', 'bbb51b95', 'd38aa58d', '46003790', 'd38aa58d', '46003790', 'd38aa58d', '46003790', '5d5de21c', '5d5de21c', '5d5de21c', '32777b38', 'a333d363', '4dec0816', 'a333d363', '32777b38']"
blk_-6348375061810541107,"['bbb51b95', 'bbb51b95', 'bbb51b95', '3d91fa85', 'd38aa58d', '46003790', 'd38aa58d', '46003790', 'd38aa58d', '46003790', '5d5de21c', '5d5de21c', '5d5de21c']"
blk_4773128706267130170,"['bbb51b95', 'bbb51b95', '3d91fa85', 'bbb51b95', 'd38aa58d', '46003790', 'd38aa58d', '46003790', 'd38aa58d', '46003790', '5d5de21c', '5d5de21c', '5d5de21c']"
blk_1952729074874912805,"['bbb51b95', 'bbb51b95', 'bbb51b95', '3d91fa85', 'd38aa58d', '46003790', 'd38aa58d', '46003790', '5d5de21c', '5d5de21c', 'd38aa58d', '46003790', '5d5de21c']"
blk_4188093234017932988,"['3d91fa85', 'bbb51b95', 'bbb51b95', 'bbb51b95', '5d5de21c', '5d5de21c', '5d5de21c', 'd38aa58d', '46003790', 'd38aa58d', '46003790', 'd38aa58d', '46003790']"
blk_455726972106025727,"['bbb51b95', '3d91fa85', 'bbb51b95', 'bbb51b95', 'd38aa58d', '46003790', 'd38aa58d', '46003790', '5d5de21c', 'd38aa58d', '46003790', '5d5de21c', '5d5de21c', '32777b38']"
blk_-6173858027507046011,"['bbb51b95', '3d91fa85', 'bbb51b95', 'bbb51b95', 'd38aa58d', '46003790', 'd38aa58d', '46003790', 'd38aa58d', '46003790', '5d5de21c', '5d5de21c', '5d5de21c']"
blk_5975458386378513512,"['bbb51b95', 'bbb51b95', '3d91fa85', 'bbb51b95', 'd38aa58d', '46003790', 'd38aa58d', '46003790', 'd38aa58d', '46003790', '5d5de21c', '5d5de21c', '5d5de21c', 'a333d363', 'a333d363', '4dec0816']"
blk_-1982296174241158595,"['bbb51b95', 'bbb51b95', '3d91fa85', 'bbb51b95', '46003790', 'd38aa58d', '46003790', 'd38aa58d', '46003790', '5d5de21c', '5d5de21c', 'd38aa58d', '5d5de21c', 'a333d363', '4dec0816']"
blk_-5355047192795359616,"['bbb51b95', 'bbb51b95', 'bbb51b95', '3d91fa85', 'd38aa58d', '46003790', 'd38aa58d', '46003790', '5d5de21c', '5d5de21c', 'd38aa58d', '46003790', '5d5de21c']"
blk_-3558169207961653327,"['bbb51b95', 'bbb51b95', 'bbb51b95', '3d91fa85', 'd38aa58d', '46003790', 'd38aa58d', '46003790', 'd38aa58d', '46003790', '5d5de21c', '5d5de21c', '5d5de21c']"
blk_3304823388368118999,"['bbb51b95', '3d91fa85', 'bbb51b95', 'bbb51b95', 'd38aa58d', '46003790', 'd38aa58d', '46003790', '5d5de21c', 'd38aa58d', '46003790', '5d5de21c', '5d5de21c']"
blk_-8952751627486355409,"['bbb51b95', 'bbb51b95', '3d91fa85', 'bbb51b95', 'd38aa58d', '46003790', 'd38aa58d', '46003790', '5d5de21c', '5d5de21c', 'd38aa58d', '46003790', '5d5de21c']"
blk_5119717712674148000,"['3d91fa85', 'bbb51b95', 'bbb51b95', 'bbb51b95', '5d5de21c', '5d5de21c', 'd38aa58d', '46003790', 'd38aa58d', '46003790', '5d5de21c', 'd38aa58d', '46003790']"
blk_6018819750150193306,"['3d91fa85', 'bbb51b95', 'bbb51b95', 'bbb51b95', '5d5de21c', '5d5de21c', '5d5de21c', 'd38aa58d', '46003790', 'd38aa58d', 'd38aa58d', '46003790', '46003790', '32777b38', 'a333d363', '4dec0816', 'a333d363']"
blk_6287925084148497029,"['3d91fa85', 'bbb51b95', 'bbb51b95', 'bbb51b95', '5d5de21c', '5d5de21c', '5d5de21c', 'd38aa58d', '46003790', 'd38aa58d', '46003790', 'd38aa58d', '46003790', '4dec0816']"
blk_1628771941156707819,"['bbb51b95', '3d91fa85', 'bbb51b95', 'bbb51b95', 'd38aa58d', '46003790', 'd38aa58d', '46003790', 'd38aa58d', '46003790', '5d5de21c', '5d5de21c', '5d5de21c']"
blk_-6290601735914580201,"['3d91fa85', 'bbb51b95', 'bbb51b95', 'bbb51b95', '5d5de21c', '5d5de21c', 'd38aa58d', '46003790', 'd38aa58d', '46003790', '5d5de21c', 'd38aa58d', '46003790', '32777b38', '32777b38']"
blk_-5807805727280734975,"['bbb51b95', 'bbb51b95', 'bbb51b95', '3d91fa85', 'd38aa58d', '46003790', 'd38aa58d', '46003790', 'd38aa58d', '46003790', '5d5de21c', '5d5de21c', '5d5de21c']"
blk_-5319133862607995685,"['3d91fa85', 'bbb51b95', 'bbb51b95', 'bbb51b95', '5d5de21c', '5d5de21c', 'd38aa58d', '46003790', 'd38aa58d', 'd38aa58d', '46003790', '46003790', '5d5de21c']"
blk_-5770672909542783951,"['bbb51b95', '3d91fa85', 'bbb51b95', 'bbb51b95', '5d5de21c', 'd38aa58d', '46003790', '5d5de21c', '5d5de21c', 'd38aa58d', '46003790', 'd38aa58d', '46003790', 'a333d363', 'a333d363', '4dec0816']"
blk_-1832632849129820470,"['3d91fa85', 'bbb51b95', 'bbb51b95', 'bbb51b95', 'd38aa58d', '46003790', 'd38aa58d', '46003790', '5d5de21c', '5d5de21c', 'd38aa58d', '46003790', '5d5de21c']"
blk_-5357474945227393154,"['3d91fa85', 'bbb51b95', 'bbb51b95', 'bbb51b95', 'd38aa58d', '46003790', 'd38aa58d', '46003790', 'd38aa58d', '46003790', '5d5de21c', '5d5de21c', '5d5de21c', '32777b38', '32777b38']"
blk_-3894216558450318958,"['bbb51b95', 'bbb51b95', 'bbb51b95', '3d91fa85', 'd38aa58d', '46003790', 'd38aa58d', '46003790', 'd38aa58d', '46003790', '5d5de21c', '5d5de21c', '5d5de21c', '32777b38', '32777b38', 'a333d363', '4dec0816', 'a333d363']"
blk_7620431201847237773,"['bbb51b95', '3d91fa85', 'bbb51b95', 'bbb51b95', 'd38aa58d', '46003790', 'd38aa58d', '46003790', 'd38aa58d', '46003790', '5d5de21c', '5d5de21c', '5d5de21c']"
blk_-1278584374452775238,"['bbb51b95', 'bbb51b95', 'bbb51b95', '3d91fa85', 'd38aa58d', '46003790', 'd38aa58d', '46003790', 'd38aa58d', '46003790', '5d5de21c', '5d5de21c', '5d5de21c']"
blk_-7175597465593887671,"['3d91fa85', 'bbb51b95', 'bbb51b95', 'bbb51b95', 'd38aa58d', '46003790', 'd38aa58d', '46003790', '5d5de21c', '5d5de21c', '46003790', 'd38aa58d', '5d5de21c']"
blk_-6658657814872225105,"['3d91fa85', 'bbb51b95', 'bbb51b95', 'bbb51b95', '5d5de21c', '5d5de21c', 'd38aa58d', '46003790', 'd38aa58d', '46003790', '5d5de21c', 'd38aa58d', '46003790']"
blk_1037237647133394456,"['bbb51b95', 'bbb51b95', 'bbb51b95', '3d91fa85', 'd38aa58d', '46003790', 'd38aa58d', '46003790', 'd38aa58d', '46003790', '5d5de21c', '5d5de21c', '5d5de21c']"
blk_-5099902297688410603,"['bbb51b95', '3d91fa85', 'bbb51b95', 'bbb51b95', 'd38aa58d', '46003790', 'd38aa58d', '46003790', 'd38aa58d', '46003790', '5d5de21c', '5d5de21c', '5d5de21c']"
blk_-7454246466038107860,"['bbb51b95', 'bbb51b95', 'bbb51b95', '3d91fa85', 'd38aa58d', '46003790', 'd38aa58d', '46003790', 'd38aa58d', '46003790', '5d5de21c', '5d5de21c', '5d5de21c']"
blk_6702787649409043996,"['3d91fa85', 'bbb51b95', 'bbb51b95', 'bbb51b95', '5d5de21c', '5d5de21c', 'd38aa58d', '46003790', 'd38aa58d', '46003790', '5d5de21c', 'd38aa58d', '46003790']"
blk_6714157147054999638,"['bbb51b95', 'bbb51b95', 'bbb51b95', '3d91fa85', 'd38aa58d', '46003790', 'd38aa58d', '46003790', 'd38aa58d', '46003790', '5d5de21c', '5d5de21c', '5d5de21c']"
blk_8342694533864983369,"['bbb51b95', '3d91fa85', 'bbb51b95', 'bbb51b95', 'd38aa58d', '46003790', 'd38aa58d', '46003790', 'd38aa58d', '46003790', '5d5de21c', '5d5de21c', '5d5de21c']"
blk_-8374558730974310188,"['bbb51b95', 'bbb51b95', 'bbb51b95', '3d91fa85', 'd38aa58d', '46003790', '46003790', '5d5de21c', '5d5de21c', 'd38aa58d', 'd38aa58d', '46003790', '5d5de21c']"
blk_-1891832388420698940,"['bbb51b95', 'd38aa58d', '46003790', 'bbb51b95', 'bbb51b95', 'd38aa58d', '46003790', '5d5de21c', '3d91fa85', '5d5de21c', '5d5de21c', 'd38aa58d', '46003790', '4dec0816']"
blk_6140207520318777155,"['bbb51b95', '3d91fa85', 'bbb51b95', 'bbb51b95', 'd38aa58d', '46003790', '5d5de21c', 'd38aa58d', '46003790', 'd38aa58d', '46003790', '5d5de21c', '5d5de21c', '32777b38', 'a333d363', 'a333d363']"
blk_-4917975337160311065,"['3d91fa85', 'bbb51b95', 'bbb51b95', 'bbb51b95', '5d5de21c', 'd38aa58d', '46003790', '5d5de21c', '5d5de21c', 'd38aa58d', '46003790', 'd38aa58d', '46003790', 'a333d363', '4dec0816']"
blk_4519635159062634779,"['bbb51b95', '3d91fa85', 'bbb51b95', 'bbb51b95', 'd38aa58d', '46003790', '5d5de21c', 'd38aa58d', '46003790', 'd38aa58d', '46003790', '5d5de21c', '5d5de21c', 'a333d363']"
blk_4789600940241403604,"['3d91fa85', 'bbb51b95', 'bbb51b95', 'bbb51b95', 'd38aa58d', '46003790', 'd38aa58d', '46003790', 'd38aa58d', '46003790', '5d5de21c', '5d5de21c', '5d5de21c']"
blk_-2726652729319741151,"['bbb51b95', '3d91fa85', 'bbb51b95', 'bbb51b95', 'd38aa58d', '46003790', 'd38aa58d', '46003790', 'd38aa58d', '46003790', '5d5de21c', '5d5de21c', '5d5de21c', 'a333d363', '4dec0816']"
blk_-4545249265623052954,"['bbb51b95', '3d91fa85', 'bbb51b95', 'bbb51b95', 'd38aa58d', 'd38aa58d', '46003790', '46003790', 'd38aa58d', '46003790', '5d5de21c', '5d5de21c', '5d5de21c', '32777b38', 'a333d363', '4dec0816', 'a333d363']"
blk_-1642472372717781799,"['bbb51b95', 'bbb51b95', '3d91fa85', 'bbb51b95', 'd38aa58d', '46003790', 'd38aa58d', '46003790', 'd38aa58d', '46003790', '5d5de21c', '5d5de21c', '5d5de21c', '32777b38']"
blk_8135383924403102800,"['bbb51b95', 'bbb51b95', 'bbb51b95', '3d91fa85', 'd38aa58d', '46003790', 'd38aa58d', '46003790', 'd38aa58d', '46003790', '5d5de21c', '5d5de21c', '5d5de21c']"
blk_-1250987158820114688,"['bbb51b95', '3d91fa85', 'bbb51b95', 'bbb51b95', 'd38aa58d', '46003790', 'd38aa58d', '46003790', '5d5de21c', '5d5de21c', 'd38aa58d', '46003790', '5d5de21c']"
blk_1538056063058160818,"['3d91fa85', 'bbb51b95', 'bbb51b95', 'bbb51b95', '5d5de21c', 'd38aa58d', '46003790', '5d5de21c', '5d5de21c', 'd38aa58d', '46003790', 'd38aa58d', '46003790']"
blk_-5482609782334618751,"['bbb51b95', '3d91fa85', 'bbb51b95', 'bbb51b95', 'd38aa58d', '46003790', 'd38aa58d', '46003790', 'd38aa58d', '46003790', '5d5de21c', '5d5de21c', '5d5de21c', 'a333d363']"
blk_2636638632690607386,"['3d91fa85', 'bbb51b95', 'bbb51b95', 'bbb51b95', '5d5de21c', '5d5de21c', '5d5de21c', 'd38aa58d', 'd38aa58d', '46003790', '46003790', 'd38aa58d', '46003790']"
blk_-386121626530514592,"['bbb51b95', 'bbb51b95', 'bbb51b95', '3d91fa85', 'd38aa58d', '46003790', 'd38aa58d', '46003790', 'd38aa58d', '46003790', '5d5de21c', '5d5de21c', '5d5de21c']"
blk_-5083235916685257969,"['bbb51b95', 'bbb51b95', '3d91fa85', 'bbb51b95', 'd38aa58d', '46003790', 'd38aa58d', '46003790', 'd38aa58d', '46003790', '5d5de21c', '5d5de21c', '5d5de21c', 'd63ef163', 'd63ef163', 'd63ef163', 'dba996ef', 'dba996ef', 'dba996ef']"
blk_3017393546759543767,"['3d91fa85', 'bbb51b95', 'bbb51b95', 'bbb51b95', '5d5de21c', '5d5de21c', '5d5de21c', 'd38aa58d', '46003790', 'd38aa58d', '46003790', 'd38aa58d', '46003790']"
blk_1642368501710062875,"['3d91fa85', 'bbb51b95', 'bbb51b95', 'bbb51b95', '5d5de21c', '5d5de21c', '5d5de21c', 'd38aa58d', '46003790', 'd38aa58d', '46003790', 'd38aa58d', '46003790']"
blk_7510195384992504225,"['bbb51b95', '3d91fa85', 'bbb51b95', 'bbb51b95', 'd38aa58d', '46003790', 'd38aa58d', '46003790', 'd38aa58d', '46003790', '5d5de21c', '5d5de21c', '5d5de21c', 'a333d363']"
blk_-4424253151891290800,"['bbb51b95', '3d91fa85', 'bbb51b95', 'bbb51b95', 'd38aa58d', '46003790', 'd38aa58d', '46003790', 'd38aa58d', '46003790', '5d5de21c', '5d5de21c', '5d5de21c']"
blk_4314110789264825389,"['bbb51b95', 'bbb51b95', 'bbb51b95', '3d91fa85', 'd38aa58d', '46003790', 'd38aa58d', '46003790', 'd38aa58d', '46003790', '5d5de21c', '5d5de21c', '5d5de21c']"
blk_-8529788243921806079,"['bbb51b95', 'bbb51b95', '3d91fa85', 'bbb51b95', 'd38aa58d', '46003790', 'd38aa58d', '46003790', 'd38aa58d', '46003790', '5d5de21c', '5d5de21c', '5d5de21c']"
blk_-2513056549421621013,"['bbb51b95', 'bbb51b95', 'd38aa58d', '46003790', 'd38aa58d', '46003790', 'bbb51b95', 'd38aa58d', '46003790', '5d5de21c', '5d5de21c', '5d5de21c', '3d91fa85', '4dec0816']"
blk_-8267361097255810789,"['bbb51b95', '3d91fa85', 'bbb51b95', 'bbb51b95', 'd38aa58d', '46003790', 'd38aa58d', '46003790', 'd38aa58d', '46003790', '5d5de21c', '5d5de21c', '5d5de21c']"
blk_4989787533466242020,"['bbb51b95', '3d91fa85', 'bbb51b95', 'bbb51b95', 'd38aa58d', '46003790', 'd38aa58d', 'd38aa58d', '46003790', '46003790', '5d5de21c', '5d5de21c', '5d5de21c']"
blk_1581679840594981135,"['bbb51b95', 'bbb51b95', 'bbb51b95', '3d91fa85', 'd38aa58d', '46003790', 'd38aa58d', '46003790', 'd38aa58d', '46003790', '5d5de21c', '5d5de21c', '5d5de21c']"
blk_-8206072940832666910,"['3d91fa85', 'bbb51b95', 'bbb51b95', 'bbb51b95', 'd38aa58d', '46003790', 'd38aa58d', '46003790', 'd38aa58d', '46003790', '5d5de21c', '5d5de21c', '5d5de21c', 'a333d363', '4dec0816']"
blk_909189544425739873,"['3d91fa85', 'bbb51b95', 'bbb51b95', 'bbb51b95', '5d5de21c', '5d5de21c', '5d5de21c', 'd38aa58d', '46003790', 'd38aa58d', '46003790', 'd38aa58d', '46003790', '4dec0816']"
blk_-5391358796509068389,"['bbb51b95', 'bbb51b95', 'bbb51b95', '3d91fa85', 'd38aa58d', '46003790', 'd38aa58d', '46003790', 'd38aa58d', '46003790', '5d5de21c', '5d5de21c', '5d5de21c']"
blk_3210736831560919647,"['3d91fa85', 'bbb51b95', 'bbb51b95', 'bbb51b95', '5d5de21c', '5d5de21c', 'd38aa58d', '46003790', 'd38aa58d', '46003790', '5d5de21c', 'd38aa58d', '46003790']"
blk_-1672862728651994408,"['bbb51b95', 'bbb51b95', 'bbb51b95', '3d91fa85', 'd38aa58d', '46003790', 'd38aa58d', '46003790', 'd38aa58d', '46003790', '5d5de21c', '5d5de21c', '5d5de21c', 'a333d363', '4dec0816']"
blk_-758269547963433567,"['3d91fa85', 'bbb51b95', 'bbb51b95', 'bbb51b95', '5d5de21c', '5d5de21c', '5d5de21c', 'd38aa58d', '46003790', 'd38aa58d', '46003790', 'd38aa58d', '46003790']"
blk_-2828996566187353103,"['bbb51b95', '3d91fa85', 'bbb51b95', 'bbb51b95', 'd38aa58d', '46003790', 'd38aa58d', '46003790', 'd38aa58d', '46003790', '5d5de21c', '5d5de21c', '5d5de21c', '32777b38', 'a333d363', 'a333d363']"
blk_-8347259997675833968,"['3d91fa85', 'bbb51b95', 'bbb51b95', 'bbb51b95', '5d5de21c', '5d5de21c', 'd38aa58d', '46003790', 'd38aa58d', '46003790', '5d5de21c', 'd38aa58d', '46003790']"
blk_6582105177748186449,"['bbb51b95', 'bbb51b95', '3d91fa85', 'bbb51b95', 'd38aa58d', '46003790', 'd38aa58d', '46003790', 'd38aa58d', '46003790', '5d5de21c', '5d5de21c', '5d5de21c']"
blk_-1352183770059984709,"['bbb51b95', '3d91fa85', 'bbb51b95', 'bbb51b95', 'd38aa58d', '46003790', 'd38aa58d', '46003790', 'd38aa58d', '46003790', '5d5de21c', '5d5de21c', '5d5de21c']"
blk_8027289557235224525,"['bbb51b95', '3d91fa85', 'bbb51b95', 'bbb51b95', 'd38aa58d', '46003790', 'd38aa58d', '46003790', 'd38aa58d', '46003790', '5d5de21c', '5d5de21c', '5d5de21c']"
blk_7984578654969687703,"['3d91fa85', 'bbb51b95', 'bbb51b95', 'bbb51b95', '5d5de21c', '5d5de21c', '5d5de21c', 'd38aa58d', '46003790', 'd38aa58d', '46003790', 'd38aa58d', '46003790']"
blk_7750392459405094578,"['bbb51b95', 'bbb51b95', '3d91fa85', 'bbb51b95', 'd38aa58d', '46003790', 'd38aa58d', '46003790', 'd38aa58d', '46003790', '5d5de21c', '5d5de21c', '5d5de21c', 'a333d363', '4dec0816']"
blk_-3017608264517207090,"['bbb51b95', '3d91fa85', 'bbb51b95', 'bbb51b95', 'd38aa58d', '46003790', '5d5de21c', '5d5de21c', '5d5de21c', 'd38aa58d', '46003790', 'd38aa58d', '46003790']"
blk_487050053159169257,"['3d91fa85', 'bbb51b95', 'bbb51b95', 'bbb51b95', '5d5de21c', '5d5de21c', 'd38aa58d', '46003790', 'd38aa58d', '46003790', 'd38aa58d', '46003790', '5d5de21c', '32777b38']"
blk_-328960223151937764,"['bbb51b95', '3d91fa85', 'bbb51b95', 'bbb51b95', 'd38aa58d', '46003790', 'd38aa58d', '46003790', 'd38aa58d', '46003790', '5d5de21c', '5d5de21c', '5d5de21c', 'd63ef163', 'd63ef163', 'd63ef163', 'dba996ef', 'dba996ef', 'dba996ef']"
blk_-713872392891501075,"['3d91fa85', 'bbb51b95', 'bbb51b95', 'bbb51b95', '5d5de21c', '5d5de21c', 'd38aa58d', '46003790', '5d5de21c', 'd38aa58d', '46003790', 'd38aa58d', '46003790']"
blk_-797817130241517446,"['3d91fa85', 'bbb51b95', 'bbb51b95', 'bbb51b95', '5d5de21c', '5d5de21c', '5d5de21c', 'd38aa58d', '46003790', 'd38aa58d', '46003790', 'd38aa58d', '46003790']"
blk_6949247593578318065,"['3d91fa85', 'bbb51b95', 'bbb51b95', 'bbb51b95', '5d5de21c', '5d5de21c', '46003790', 'd38aa58d', '46003790', 'd38aa58d', '46003790', '5d5de21c', 'd38aa58d']"
blk_7175475435236822744,"['bbb51b95', '3d91fa85', 'bbb51b95', 'bbb51b95', 'd38aa58d', '46003790', 'd38aa58d', '46003790', 'd38aa58d', '46003790', '5d5de21c', '5d5de21c', '5d5de21c', 'a333d363', '4dec0816', 'a333d363']"
blk_8587245951692831036,"['bbb51b95', '3d91fa85', 'bbb51b95', 'bbb51b95', 'd38aa58d', '46003790', 'd38aa58d', '46003790', 'd38aa58d', '46003790', '5d5de21c', '5d5de21c', '5d5de21c', 'a333d363']"
blk_8384531854582205612,"['bbb51b95', 'bbb51b95', 'bbb51b95', '3d91fa85', 'd38aa58d', '46003790', 'd38aa58d', '46003790', 'd38aa58d', '46003790', '5d5de21c', '5d5de21c', '5d5de21c']"
blk_2326470930248930334,"['bbb51b95', '3d91fa85', 'bbb51b95', 'bbb51b95', 'd38aa58d', '46003790', 'd38aa58d', '46003790', 'd38aa58d', '46003790', '5d5de21c', '5d5de21c', '5d5de21c']"
blk_1406435509761046697,"['bbb51b95', 'bbb51b95', '3d91fa85', 'bbb51b95', '46003790', '5d5de21c', 'd38aa58d', '46003790', 'd38aa58d', 'd38aa58d', '46003790', '5d5de21c', '5d5de21c']"
blk_3663486870079454348,"['3d91fa85', 'bbb51b95', 'bbb51b95', 'bbb51b95', '5d5de21c', '5d5de21c', 'd38aa58d', '46003790', 'd38aa58d', '46003790', 'd38aa58d', '46003790', '5d5de21c', '4dec0816']"
blk_2262542165540653780,"['bbb51b95', 'bbb51b95', 'bbb51b95', '3d91fa85', 'd38aa58d', '46003790', 'd38aa58d', '46003790', 'd38aa58d', '46003790', '5d5de21c', '5d5de21c', '5d5de21c']"
blk_-7015435021535340126,"['3d91fa85', 'bbb51b95', 'bbb51b95', 'bbb51b95', '5d5de21c', '5d5de21c', 'd38aa58d', '46003790', 'd38aa58d', '46003790', 'd38aa58d', '46003790', '5d5de21c']"
blk_8181558172480845247,"['bbb51b95', '3d91fa85', 'bbb51b95', 'bbb51b95', 'd38aa58d', '46003790', 'd38aa58d', '46003790', 'd38aa58d', '46003790', '5d5de21c', '5d5de21c', '5d5de21c', 'a333d363', '4dec0816']"
blk_6622776690401192530,"['bbb51b95', '3d91fa85', 'bbb51b95', 'bbb51b95', 'd38aa58d', '46003790', 'd38aa58d', '46003790', 'd38aa58d', '46003790', '5d5de21c', '5d5de21c', '5d5de21c']"
blk_6140496556068505334,"['bbb51b95', 'bbb51b95', 'bbb51b95', '3d91fa85', 'd38aa58d', '46003790', 'd38aa58d', '46003790', 'd38aa58d', '46003790', '5d5de21c', '5d5de21c', '5d5de21c']"
blk_7415833404438411264,"['3d91fa85', 'bbb51b95', 'bbb51b95', 'bbb51b95', '5d5de21c', 'd38aa58d', '46003790', 'd38aa58d', '46003790', '5d5de21c', '5d5de21c', 'd38aa58d', '46003790', '32777b38']"
blk_-2689446167804355195,"['bbb51b95', 'bbb51b95', '3d91fa85', 'bbb51b95', 'd38aa58d', '46003790', 'd38aa58d', '46003790', 'd38aa58d', '46003790', '5d5de21c', '5d5de21c', '5d5de21c', '32777b38']"
blk_-3525259706761622290,"['bbb51b95', 'bbb51b95', 'bbb51b95', '3d91fa85', 'd38aa58d', '46003790', 'd38aa58d', '46003790', 'd38aa58d', '46003790', '5d5de21c', '5d5de21c', '5d5de21c']"
blk_2939289029216054976,"['bbb51b95', 'bbb51b95', 'bbb51b95', '3d91fa85', 'd38aa58d', '46003790', 'd38aa58d', '46003790', '5d5de21c', '5d5de21c', 'd38aa58d', '46003790', '5d5de21c']"
blk_-4292741770959013290,"['3d91fa85', 'bbb51b95', 'bbb51b95', 'bbb51b95', '5d5de21c', '5d5de21c', '5d5de21c', 'd38aa58d', 'd38aa58d', '46003790', '46003790', 'd38aa58d', '46003790']"
blk_-4684799535475684505,"['3d91fa85', 'bbb51b95', 'bbb51b95', 'bbb51b95', '5d5de21c', '5d5de21c', '5d5de21c', 'd38aa58d', '46003790', 'd38aa58d', '46003790', 'd38aa58d', '46003790']"
blk_-3591581543412877,"['3d91fa85', 'bbb51b95', 'bbb51b95', 'bbb51b95', '5d5de21c', '5d5de21c', 'd38aa58d', '46003790', 'd38aa58d', '46003790', 'd38aa58d', '46003790', '5d5de21c', 'a333d363', '4dec0816']"
blk_1558763449537474692,"['bbb51b95', '3d91fa85', 'bbb51b95', 'bbb51b95', 'd38aa58d', '46003790', 'd38aa58d', '46003790', 'd38aa58d', '46003790', '5d5de21c', '5d5de21c', '5d5de21c']"
blk_3662379531299135736,"['3d91fa85', 'bbb51b95', 'bbb51b95', 'bbb51b95', 'd38aa58d', '46003790', '5d5de21c', '5d5de21c', 'd38aa58d', '46003790', 'd38aa58d', '46003790', '5d5de21c']"
blk_2869332662377777953,"['bbb51b95', 'bbb51b95', '3d91fa85', 'bbb51b95', 'd38aa58d', '46003790', 'd38aa58d', '46003790', 'd38aa58d', '46003790', '5d5de21c', '5d5de21c', '5d5de21c']"
blk_-4017637023667203709,"['3d91fa85', 'bbb51b95', 'bbb51b95', 'bbb51b95', '5d5de21c', 'd38aa58d', '46003790', 'd38aa58d', '46003790', '5d5de21c', '5d5de21c', 'd38aa58d', '46003790']"
blk_-8330320561263824469,"['bbb51b95', 'bbb51b95', 'bbb51b95', '3d91fa85', 'd38aa58d', '46003790', 'd38aa58d', '46003790', 'd38aa58d', '46003790', '5d5de21c', '5d5de21c', '5d5de21c', '4dec0816']"
blk_-4881894799737456727,"['bbb51b95', 'bbb51b95', 'bbb51b95', '3d91fa85', 'd38aa58d', '46003790', 'd38aa58d', '46003790', '5d5de21c', '5d5de21c', 'd38aa58d', '46003790', '5d5de21c']"
blk_201306778354715059,"['bbb51b95', '3d91fa85', 'bbb51b95', 'bbb51b95', 'd38aa58d', '46003790', 'd38aa58d', '46003790', 'd38aa58d', '46003790', '5d5de21c', '5d5de21c', '5d5de21c']"
blk_-1062517823814846522,"['bbb51b95', 'bbb51b95', 'bbb51b95', '3d91fa85', 'd38aa58d', '46003790', 'd38aa58d', '46003790', '5d5de21c', '5d5de21c', 'd38aa58d', '46003790', '5d5de21c']"
blk_-3688290208065464106,"['3d91fa85', 'bbb51b95', 'bbb51b95', 'bbb51b95', '5d5de21c', '5d5de21c', '5d5de21c', 'd38aa58d', '46003790', 'd38aa58d', '46003790', 'd38aa58d', '46003790', '32777b38']"
blk_47557641080389535,"['bbb51b95', '3d91fa85', 'bbb51b95', 'bbb51b95', 'd38aa58d', '46003790', 'd38aa58d', '46003790', 'd38aa58d', '46003790', '5d5de21c', '5d5de21c', '5d5de21c']"
blk_7361173904328745344,"['bbb51b95', 'bbb51b95', '3d91fa85', 'bbb51b95', 'd38aa58d', '46003790', 'd38aa58d', '46003790', 'd38aa58d', '46003790', '5d5de21c', '5d5de21c', '5d5de21c', 'a333d363']"
blk_8338750703123779266,"['bbb51b95', 'bbb51b95', '3d91fa85', 'bbb51b95', 'd38aa58d', '46003790', 'd38aa58d', '46003790', 'd38aa58d', '46003790', '5d5de21c', '5d5de21c', '5d5de21c', '32777b38', '32777b38', 'a333d363', '32777b38', 'a333d363']"
blk_-3429626933012764517,"['3d91fa85', 'bbb51b95', 'bbb51b95', 'bbb51b95', '5d5de21c', 'd38aa58d', '46003790', 'd38aa58d', '46003790', '5d5de21c', 'd38aa58d', '46003790', '5d5de21c', '32777b38', 'a333d363', '4dec0816', 'a333d363']"
blk_-6910457673307589970,"['3d91fa85', 'bbb51b95', 'bbb51b95', 'bbb51b95', '5d5de21c', '5d5de21c', '5d5de21c', 'd38aa58d', '46003790', 'd38aa58d', '46003790', 'd38aa58d', '46003790', '4dec0816']"
blk_-2243197970814107671,"['bbb51b95', 'bbb51b95', '3d91fa85', 'bbb51b95', 'd38aa58d', '46003790', 'd38aa58d', '46003790', 'd38aa58d', '46003790', '5d5de21c', '5d5de21c', '5d5de21c', '32777b38']"
blk_-2107910659072455515,"['bbb51b95', 'bbb51b95', 'bbb51b95', '3d91fa85', 'd38aa58d', '46003790', 'd38aa58d', '46003790', 'd38aa58d', '46003790', '5d5de21c', '5d5de21c', '5d5de21c', 'd63ef163', 'd63ef163', 'd63ef163', 'dba996ef', 'dba996ef', 'dba996ef']"
blk_1378230393305833381,"['3d91fa85', 'bbb51b95', 'bbb51b95', 'bbb51b95', 'd38aa58d', '46003790', 'd38aa58d', '46003790', 'd38aa58d', '46003790', '5d5de21c', '5d5de21c', '5d5de21c']"
blk_6157280705523408803,"['bbb51b95', 'bbb51b95', 'bbb51b95', '3d91fa85', 'd38aa58d', '46003790', 'd38aa58d', '46003790', 'd38aa58d', '46003790', '5d5de21c', '5d5de21c', '5d5de21c']"
blk_-2210523936611622969,"['bbb51b95', 'bbb51b95', '3d91fa85', 'bbb51b95', 'd38aa58d', '46003790', '5d5de21c', 'd38aa58d', '46003790', 'd38aa58d', '46003790', '5d5de21c', '5d5de21c']"
blk_2656975446561793168,"['bbb51b95', 'bbb51b95', '3d91fa85', 'bbb51b95', 'd38aa58d', '46003790', 'd38aa58d', '46003790', 'd38aa58d', '46003790', '5d5de21c', '5d5de21c', '5d5de21c']"
blk_9138371066778648620,"['bbb51b95', 'bbb51b95', 'bbb51b95', '3d91fa85', 'd38aa58d', '46003790', 'd38aa58d', '46003790', 'd38aa58d', '46003790', '5d5de21c', '5d5de21c', '5d5de21c']"
blk_-5472366049560759167,"['bbb51b95', 'bbb51b95', '3d91fa85', 'bbb51b95', 'd38aa58d', '46003790', 'd38aa58d', '46003790', 'd38aa58d', '46003790', '5d5de21c', '5d5de21c', '5d5de21c', '32777b38', '32777b38', '32777b38', 'a333d363']"
blk_7410238867962569565,"['3d91fa85', 'bbb51b95', 'bbb51b95', 'bbb51b95', '5d5de21c', '5d5de21c', '5d5de21c', 'd38aa58d', '46003790', 'd38aa58d', '46003790', 'd38aa58d', '46003790', '4dec0816']"
blk_-3441780665782532936,"['bbb51b95', 'bbb51b95', '3d91fa85', 'bbb51b95', 'd38aa58d', '46003790', 'd38aa58d', '46003790', 'd38aa58d', '46003790', '5d5de21c', '5d5de21c', '5d5de21c']"
blk_-8450177527517355539,"['bbb51b95', '3d91fa85', 'bbb51b95', 'bbb51b95', 'd38aa58d', '46003790', 'd38aa58d', '46003790', 'd38aa58d', '46003790', '5d5de21c', '5d5de21c', '5d5de21c']"
blk_-2492258880499779664,"['bbb51b95', 'bbb51b95', 'bbb51b95', '3d91fa85', 'd38aa58d', '46003790', 'd38aa58d', '46003790', 'd38aa58d', '46003790', '5d5de21c', '5d5de21c', '5d5de21c']"
blk_-1152650962057977632,"['bbb51b95', '3d91fa85', 'bbb51b95', 'bbb51b95', 'd38aa58d', '46003790', 'd38aa58d', '46003790', 'd38aa58d', '46003790', '5d5de21c', '5d5de21c', '5d5de21c']"
blk_-6905583218772629387,"['bbb51b95', 'bbb51b95', 'bbb51b95', '3d91fa85', 'd38aa58d', '46003790', 'd38aa58d', '46003790', 'd38aa58d', '46003790', '5d5de21c', '5d5de21c', '5d5de21c', 'a333d363']"
blk_2282826501264847200,"['bbb51b95', 'bbb51b95', '3d91fa85', 'bbb51b95', 'd38aa58d', '46003790', 'd38aa58d', '46003790', '5d5de21c', 'd38aa58d', '46003790', '5d5de21c', '5d5de21c']"
blk_-3665366308708299685,"['bbb51b95', 'bbb51b95', '3d91fa85', 'bbb51b95', 'd38aa58d', '46003790', 'd38aa58d', '46003790', 'd38aa58d', '46003790', '5d5de21c', '5d5de21c', '5d5de21c']"
blk_-4745037934320897307,"['bbb51b95', '3d91fa85', 'bbb51b95', 'bbb51b95', '46003790', '5d5de21c', 'd38aa58d', '46003790', '5d5de21c', 'd38aa58d', 'd38aa58d', '46003790', '5d5de21c', '32777b38', 'a333d363', '4dec0816', 'a333d363']"
blk_-8033067550934958773,"['bbb51b95', 'bbb51b95', 'bbb51b95', '3d91fa85', 'd38aa58d', '46003790', 'd38aa58d', '46003790', 'd38aa58d', '46003790', '5d5de21c', '5d5de21c', '5d5de21c']"
blk_-1559224456711823482,"['3d91fa85', 'bbb51b95', 'bbb51b95', 'bbb51b95', '5d5de21c', '5d5de21c', '5d5de21c', 'd38aa58d', '46003790', 'd38aa58d', '46003790', 'd38aa58d', '46003790', 'a333d363', '4dec0816']"
blk_9145942791735790471,"['bbb51b95', '3d91fa85', 'bbb51b95', 'bbb51b95', 'd38aa58d', '46003790', 'd38aa58d', '46003790', '5d5de21c', '5d5de21c', 'd38aa58d', '46003790', '5d5de21c', 'a333d363', '4dec0816']"
blk_8507581906735355147,"['3d91fa85', 'bbb51b95', 'bbb51b95', 'bbb51b95', '5d5de21c', '5d5de21c', '5d5de21c', 'd38aa58d', '46003790', 'd38aa58d', '46003790', 'd38aa58d', '46003790', 'a333d363', '4dec0816']"
blk_-5412780564368261110,"['bbb51b95', 'bbb51b95', '3d91fa85', 'bbb51b95', 'd38aa58d', '46003790', 'd38aa58d', '46003790', '5d5de21c', '5d5de21c', 'd38aa58d', '46003790', '5d5de21c', 'a333d363']"
blk_6760635411638636694,"['3d91fa85', 'bbb51b95', 'bbb51b95', 'bbb51b95', '5d5de21c', '5d5de21c', '5d5de21c', 'd38aa58d', '46003790', 'd38aa58d', '46003790', 'd38aa58d', '46003790']"
blk_8385618265895733836,"['bbb51b95', 'bbb51b95', 'bbb51b95', '3d91fa85', 'd38aa58d', '46003790', 'd38aa58d', 'd38aa58d', '46003790', '46003790', '5d5de21c', '5d5de21c', '5d5de21c']"
blk_-8429397819283567666,"['3d91fa85', 'bbb51b95', 'bbb51b95', 'bbb51b95', '5d5de21c', '5d5de21c', 'd38aa58d', '46003790', 'd38aa58d', '46003790', 'd38aa58d', '46003790', '5d5de21c']"
blk_2016663205906794704,"['bbb51b95', '3d91fa85', 'bbb51b95', 'bbb51b95', 'd38aa58d', '46003790', 'd38aa58d', '46003790', 'd38aa58d', '46003790', '5d5de21c', '5d5de21c', '5d5de21c']"
blk_-748792585250868818,"['bbb51b95', '3d91fa85', 'bbb51b95', 'bbb51b95', '5d5de21c', 'd38aa58d', '46003790', 'd38aa58d', '46003790', '5d5de21c', '5d5de21c', 'd38aa58d', '46003790']"
blk_8536703728723991783,"['3d91fa85', 'bbb51b95', 'bbb51b95', 'bbb51b95', '5d5de21c', '5d5de21c', 'd38aa58d', '46003790', 'd38aa58d', '46003790', 'd38aa58d', '46003790', '5d5de21c']"
blk_-6405625020359318306,"['bbb51b95', 'bbb51b95', 'bbb51b95', '3d91fa85', 'd38aa58d', '46003790', 'd38aa58d', '46003790', 'd38aa58d', '46003790', '5d5de21c', '5d5de21c', '5d5de21c', '32777b38']"
blk_-4595530475848668954,"['3d91fa85', 'bbb51b95', 'bbb51b95', 'bbb51b95', '5d5de21c', '5d5de21c', '5d5de21c', 'd38aa58d', '46003790', 'd38aa58d', '46003790', 'd38aa58d', '46003790']"
blk_4991796478320184904,"['bbb51b95', '3d91fa85', 'bbb51b95', 'bbb51b95', 'd38aa58d', '46003790', '46003790', '5d5de21c', '5d5de21c', '5d5de21c', 'd38aa58d', '46003790', 'd38aa58d']"
blk_383224280578721415,"['3d91fa85', 'bbb51b95', 'bbb51b95', 'bbb51b95', '5d5de21c', '5d5de21c', '5d5de21c', 'd38aa58d', '46003790', 'd38aa58d', '46003790', 'd38aa58d', '46003790', '4dec0816']"
blk_1869332838916457059,"['bbb51b95', 'bbb51b95', '3d91fa85', 'bbb51b95', 'd38aa58d', '46003790', 'd38aa58d', '46003790', 'd38aa58d', '46003790', '5d5de21c', '5d5de21c', '5d5de21c']"
blk_3137210560905307647,"['bbb51b95', 'bbb51b95', 'bbb51b95', '3d91fa85', 'd38aa58d', '46003790', 'd38aa58d', '46003790', 'd38aa58d', '46003790', '5d5de21c', '5d5de21c', '5d5de21c']"
blk_-4691600846682088319,"['3d91fa85', 'bbb51b95', 'bbb51b95', 'bbb51b95', '5d5de21c', '5d5de21c', '5d5de21c', 'd38aa58d', '46003790', 'd38aa58d', '46003790', 'd38aa58d', '46003790']"
blk_4310093637315411915,"['bbb51b95', 'bbb51b95', '3d91fa85', 'bbb51b95', 'd38aa58d', '46003790', 'd38aa58d', '46003790', '5d5de21c', '5d5de21c', 'd38aa58d', '46003790', '5d5de21c']"
blk_3464504608307529790,"['bbb51b95', '3d91fa85', 'bbb51b95', 'bbb51b95', 'd38aa58d', '46003790', 'd38aa58d', '46003790', '5d5de21c', '5d5de21c', 'd38aa58d', '46003790', '5d5de21c']"
blk_-2748064366085411375,"['bbb51b95', 'bbb51b95', 'bbb51b95', '3d91fa85', 'd38aa58d', '46003790', 'd38aa58d', '46003790', 'd38aa58d', '46003790', '5d5de21c', '5d5de21c', '5d5de21c', '4dec0816']"
blk_-5201214799578226685,"['3d91fa85', 'bbb51b95', 'bbb51b95', 'bbb51b95', '5d5de21c', '5d5de21c', '5d5de21c', 'd38aa58d', '46003790', 'd38aa58d', '46003790', 'd38aa58d', '46003790']"
blk_-6877432378976322502,"['3d91fa85', 'bbb51b95', 'bbb51b95', 'bbb51b95', '46003790', '5d5de21c', '5d5de21c', 'd38aa58d', 'd38aa58d', '46003790', 'd38aa58d', '46003790', '5d5de21c']"
blk_533144867867667289,"['bbb51b95', '3d91fa85', 'bbb51b95', 'bbb51b95', 'd38aa58d', '46003790', 'd38aa58d', '46003790', 'd38aa58d', '46003790', '5d5de21c', '5d5de21c', '5d5de21c']"
blk_-7162926424150144559,"['3d91fa85', 'bbb51b95', 'bbb51b95', 'bbb51b95', '5d5de21c', '5d5de21c', 'd38aa58d', '46003790', 'd38aa58d', 'd38aa58d', '46003790', '46003790', '5d5de21c']"
blk_271300524016386507,"['bbb51b95', '3d91fa85', 'bbb51b95', 'bbb51b95', 'd38aa58d', '46003790', 'd38aa58d', '46003790', 'd38aa58d', '46003790', '5d5de21c', '5d5de21c', '5d5de21c']"
blk_-2913824286160775494,"['bbb51b95', 'bbb51b95', '3d91fa85', 'bbb51b95', 'd38aa58d', '46003790', 'd38aa58d', '46003790', 'd38aa58d', '46003790', '5d5de21c', '5d5de21c', '5d5de21c']"
blk_-4313371500186147452,"['3d91fa85', 'bbb51b95', 'bbb51b95', 'bbb51b95', '5d5de21c', '5d5de21c', 'd38aa58d', '46003790', 'd38aa58d', '46003790', '5d5de21c', 'd38aa58d', '46003790']"
blk_-1047400215983435628,"['bbb51b95', 'bbb51b95', '3d91fa85', 'bbb51b95', 'd38aa58d', '46003790', 'd38aa58d', '46003790', '5d5de21c', 'd38aa58d', '46003790', '5d5de21c', '5d5de21c']"
blk_-8082845000167970042,"['bbb51b95', 'bbb51b95', '3d91fa85', 'bbb51b95', 'd38aa58d', '46003790', 'd38aa58d', '46003790', 'd38aa58d', '46003790', '5d5de21c', '5d5de21c', '5d5de21c']"
blk_3365951425438767716,"['bbb51b95', '3d91fa85', 'bbb51b95', 'bbb51b95', 'd38aa58d', '46003790', '5d5de21c', '5d5de21c', '5d5de21c', 'd38aa58d', '46003790', 'd38aa58d', '46003790']"
blk_-7929039369038207245,"['bbb51b95', 'bbb51b95', '3d91fa85', 'bbb51b95', 'd38aa58d', '46003790', 'd38aa58d', 'd38aa58d', '46003790', '46003790', '5d5de21c', '5d5de21c', '5d5de21c', '4dec0816']"
blk_6448968958774202155,"['3d91fa85', 'bbb51b95', 'bbb51b95', 'bbb51b95', 'd38aa58d', '46003790', '5d5de21c', '5d5de21c', '5d5de21c', 'd38aa58d', '46003790', 'd38aa58d', '46003790', 'a333d363', '4dec0816']"
blk_7219743691634905325,"['bbb51b95', 'bbb51b95', 'bbb51b95', '3d91fa85', 'd38aa58d', '46003790', 'd38aa58d', '46003790', 'd38aa58d', '46003790', '5d5de21c', '5d5de21c', '5d5de21c']"
blk_7434682468810613475,"['bbb51b95', '3d91fa85', 'bbb51b95', 'bbb51b95', 'd38aa58d', '46003790', 'd38aa58d', '46003790', 'd38aa58d', '46003790', '5d5de21c', '5d5de21c', '5d5de21c']"
blk_3025923845296240356,"['bbb51b95', 'bbb51b95', 'bbb51b95', '3d91fa85', 'd38aa58d', '46003790', 'd38aa58d', '46003790', '5d5de21c', 'd38aa58d', '46003790', '5d5de21c', '5d5de21c']"
blk_9175779559253780415,"['bbb51b95', '3d91fa85', 'bbb51b95', 'bbb51b95', 'd38aa58d', '46003790', 'd38aa58d', '46003790', 'd38aa58d', '46003790', '5d5de21c', '5d5de21c', '5d5de21c', 'd63ef163', 'd63ef163', 'd63ef163', 'dba996ef', 'dba996ef', 'dba996ef']"
blk_7618535997524885261,"['3d91fa85', 'bbb51b95', 'bbb51b95', 'bbb51b95', '5d5de21c', '5d5de21c', '5d5de21c', 'd38aa58d', '46003790', 'd38aa58d', '46003790', 'd38aa58d', '46003790', '32777b38', 'a333d363']"
blk_-7951902802928148174,"['bbb51b95', '3d91fa85', 'bbb51b95', 'bbb51b95', 'd38aa58d', '46003790', 'd38aa58d', '46003790', 'd38aa58d', '46003790', '5d5de21c', '5d5de21c', '5d5de21c']"
blk_5323167711301062565,"['bbb51b95', '3d91fa85', 'bbb51b95', 'bbb51b95', 'd38aa58d', '46003790', 'd38aa58d', '46003790', 'd38aa58d', '46003790', '5d5de21c', '5d5de21c', '5d5de21c']"
blk_-4518817295592150761,"['3d91fa85', 'bbb51b95', 'bbb51b95', 'bbb51b95', '5d5de21c', '46003790', '5d5de21c', '46003790', 'd38aa58d', '5d5de21c', 'd38aa58d', '46003790', 'd38aa58d', '32777b38']"
blk_5168669014285354880,"['bbb51b95', '3d91fa85', 'bbb51b95', 'bbb51b95', 'd38aa58d', '46003790', 'd38aa58d', '46003790', 'd38aa58d', '46003790', '5d5de21c', '5d5de21c', '5d5de21c']"
blk_-1776839543045528861,"['bbb51b95', '3d91fa85', 'bbb51b95', 'bbb51b95', 'd38aa58d', '46003790', 'd38aa58d', '46003790', '5d5de21c', '5d5de21c', '5d5de21c', 'd38aa58d', '46003790', 'a333d363']"
blk_-8904365899327156007,"['3d91fa85', 'bbb51b95', 'bbb51b95', 'bbb51b95', '5d5de21c', '5d5de21c', '5d5de21c', 'd38aa58d', '46003790', 'd38aa58d', '46003790', 'd38aa58d', '46003790', 'a333d363', 'a333d363', '4dec0816']"
blk_-7257456212955998527,"['3d91fa85', 'bbb51b95', 'bbb51b95', 'bbb51b95', 'd38aa58d', '46003790', 'd38aa58d', '46003790', 'd38aa58d', '46003790', '5d5de21c', '5d5de21c', '5d5de21c']"
blk_5117283771609459082,"['3d91fa85', 'bbb51b95', 'bbb51b95', 'bbb51b95', '5d5de21c', '5d5de21c', '5d5de21c', 'd38aa58d', '46003790', 'd38aa58d', '46003790', 'd38aa58d', '46003790', '32777b38']"
blk_1088464392467662760,"['bbb51b95', 'bbb51b95', 'bbb51b95', '3d91fa85', 'd38aa58d', '46003790', 'd38aa58d', '46003790', 'd38aa58d', '46003790', '5d5de21c', '5d5de21c', '5d5de21c']"
blk_1377857843543969646,"['bbb51b95', 'bbb51b95', 'bbb51b95', '3d91fa85', 'd38aa58d', '46003790', 'd38aa58d', '46003790', 'd38aa58d', '46003790', '5d5de21c', '5d5de21c', '5d5de21c']"
blk_-5472075728072143077,"['bbb51b95', '3d91fa85', 'bbb51b95', 'bbb51b95', 'd38aa58d', 'd38aa58d', '46003790', '46003790', 'd38aa58d', '46003790', '5d5de21c', '5d5de21c', '5d5de21c', 'a333d363', 'a333d363', '4dec0816']"
blk_5122330409236663744,"['bbb51b95', 'bbb51b95', '3d91fa85', 'bbb51b95', 'd38aa58d', '46003790', 'd38aa58d', '46003790', 'd38aa58d', '46003790', '5d5de21c', '5d5de21c', '5d5de21c', 'd63ef163', 'd63ef163', 'd63ef163', 'dba996ef', 'dba996ef', 'dba996ef']"
blk_-6329977913210560081,"['bbb51b95', 'bbb51b95', '3d91fa85', 'bbb51b95', 'd38aa58d', '46003790', 'd38aa58d', '46003790', 'd38aa58d', '46003790', '5d5de21c', '5d5de21c', '5d5de21c']"
blk_-2588843082755870299,"['bbb51b95', 'bbb51b95', 'bbb51b95', '3d91fa85', 'd38aa58d', '46003790', 'd38aa58d', '46003790', 'd38aa58d', '46003790', '5d5de21c', '5d5de21c', '5d5de21c']"
blk_-2760048479798867661,"['3d91fa85', 'bbb51b95', 'bbb51b95', 'bbb51b95', '5d5de21c', '5d5de21c', '5d5de21c', 'd38aa58d', '46003790', 'd38aa58d', '46003790', 'd38aa58d', '46003790']"
blk_8122409792396485058,"['3d91fa85', 'bbb51b95', 'bbb51b95', 'bbb51b95', '5d5de21c', '5d5de21c', 'd38aa58d', '46003790', 'd38aa58d', '46003790', 'd38aa58d', '46003790', '5d5de21c', '32777b38']"
blk_-621783257759074740,"['bbb51b95', '3d91fa85', 'bbb51b95', 'bbb51b95', 'd38aa58d', '46003790', 'd38aa58d', '46003790', 'd38aa58d', '46003790', '5d5de21c', '5d5de21c', '5d5de21c']"
blk_-4172109325718044577,"['3d91fa85', 'bbb51b95', 'bbb51b95', 'bbb51b95', '5d5de21c', 'd38aa58d', '46003790', 'd38aa58d', '46003790', '5d5de21c', '5d5de21c', 'd38aa58d', '46003790']"
blk_7083482284762254479,"['bbb51b95', 'bbb51b95', '3d91fa85', 'bbb51b95', '46003790', 'd38aa58d', '46003790', 'd38aa58d', '46003790', 'd38aa58d', '5d5de21c', '5d5de21c', '5d5de21c']"
blk_-8841525455897838034,"['bbb51b95', 'bbb51b95', 'bbb51b95', '3d91fa85', 'd38aa58d', '46003790', 'd38aa58d', '46003790', 'd38aa58d', '46003790', '5d5de21c', '5d5de21c', '5d5de21c']"
blk_7996155838969177045,"['bbb51b95', '3d91fa85', 'bbb51b95', 'bbb51b95', 'd38aa58d', '46003790', 'd38aa58d', '46003790', 'd38aa58d', '46003790', '5d5de21c', '5d5de21c', '5d5de21c']"
blk_-3558726542102611483,"['3d91fa85', 'bbb51b95', 'bbb51b95', 'bbb51b95', '5d5de21c', '5d5de21c', '5d5de21c', 'd38aa58d', '46003790', 'd38aa58d', '46003790', 'd38aa58d', '46003790']"
blk_4738763484238039471,"['3d91fa85', 'bbb51b95', 'bbb51b95', 'bbb51b95', '5d5de21c', 'd38aa58d', '46003790', '5d5de21c', '5d5de21c', 'd38aa58d', '46003790', 'd38aa58d', '46003790']"
blk_-4147254060276276230,"['bbb51b95', 'bbb51b95', '3d91fa85', 'bbb51b95', 'd38aa58d', '46003790', 'd38aa58d', '46003790', 'd38aa58d', '46003790', '5d5de21c', '5d5de21c', '5d5de21c', '32777b38', '32777b38', '32777b38', 'a333d363', 'a333d363', '4dec0816']"
blk_-4626748527833829889,"['3d91fa85', 'bbb51b95', 'bbb51b95', 'bbb51b95', '5d5de21c', '5d5de21c', '5d5de21c', 'd38aa58d', '46003790', 'd38aa58d', '46003790', 'd38aa58d', '46003790', 'a333d363', '4dec0816']"
blk_-6109001838742730585,"['3d91fa85', 'bbb51b95', 'bbb51b95', 'bbb51b95', '5d5de21c', '5d5de21c', 'd38aa58d', '46003790', 'd38aa58d', '46003790', 'd38aa58d', '46003790', '5d5de21c']"
blk_-8211079898540302405,"['bbb51b95', 'bbb51b95', '3d91fa85', 'bbb51b95', 'd38aa58d', '46003790', 'd38aa58d', '46003790', 'd38aa58d', '46003790', '5d5de21c', '5d5de21c', '5d5de21c', 'a333d363']"
blk_-7310811244278168446,"['bbb51b95', 'bbb51b95', '3d91fa85', 'bbb51b95', 'd38aa58d', '46003790', 'd38aa58d', '46003790', 'd38aa58d', '46003790', '5d5de21c', '5d5de21c', '5d5de21c', 'a333d363', '4dec0816']"
blk_-4931226115672235195,"['bbb51b95', 'bbb51b95', '3d91fa85', 'bbb51b95', 'd38aa58d', '46003790', 'd38aa58d', '46003790', 'd38aa58d', '46003790', '5d5de21c', '5d5de21c', '5d5de21c']"
blk_4954886746140313314,"['bbb51b95', 'bbb51b95', '3d91fa85', 'bbb51b95', 'd38aa58d', '46003790', '46003790', 'd38aa58d', '46003790', 'd38aa58d', '5d5de21c', '5d5de21c', '5d5de21c']"
blk_-2197990574298854020,"['bbb51b95', 'bbb51b95', '3d91fa85', 'bbb51b95', 'd38aa58d', '46003790', '5d5de21c', 'd38aa58d', '46003790', 'd38aa58d', '46003790', '5d5de21c', '5d5de21c']"
blk_-2395481019498013536,"['bbb51b95', 'bbb51b95', '3d91fa85', 'bbb51b95', 'd38aa58d', '46003790', '5d5de21c', 'd38aa58d', '46003790', 'd38aa58d', '46003790', '5d5de21c', '5d5de21c']"
blk_6420857752883092988,"['bbb51b95', 'bbb51b95', '3d91fa85', 'bbb51b95', 'd38aa58d', '46003790', 'd38aa58d', '46003790', 'd38aa58d', '46003790', '5d5de21c', '5d5de21c', '5d5de21c', 'a333d363', '4dec0816', 'a333d363']"
blk_4734287736729643022,"['bbb51b95', 'bbb51b95', 'bbb51b95', '3d91fa85', 'd38aa58d', '46003790', 'd38aa58d', 'd38aa58d', '46003790', '46003790', '5d5de21c', '5d5de21c', '5d5de21c']"
blk_398512996153927846,"['3d91fa85', 'bbb51b95', 'bbb51b95', 'bbb51b95', '5d5de21c', '5d5de21c', '5d5de21c', 'd38aa58d', '46003790', 'd38aa58d', '46003790', 'd38aa58d', '46003790', '32777b38', '4dec0816']"
blk_-8503751382619996785,"['bbb51b95', 'bbb51b95', 'bbb51b95', '3d91fa85', 'd38aa58d', '46003790', 'd38aa58d', '46003790', 'd38aa58d', '46003790', '5d5de21c', '5d5de21c', '5d5de21c']"
blk_5148739344135247363,"['3d91fa85', 'bbb51b95', 'bbb51b95', 'bbb51b95', '5d5de21c', '5d5de21c', '5d5de21c', 'd38aa58d', '46003790', 'd38aa58d', '46003790', 'd38aa58d', '46003790']"
blk_6494979323760768801,"['bbb51b95', 'bbb51b95', 'bbb51b95', '3d91fa85', 'd38aa58d', '46003790', 'd38aa58d', '46003790', 'd38aa58d', '46003790', '5d5de21c', '5d5de21c', '5d5de21c']"
blk_4749967103277880475,"['bbb51b95', 'bbb51b95', '3d91fa85', 'bbb51b95', 'd38aa58d', '46003790', 'd38aa58d', '46003790', '5d5de21c', '5d5de21c', 'd38aa58d', '46003790', '5d5de21c']"
blk_-8778053072291611316,"['bbb51b95', 'bbb51b95', '3d91fa85', 'bbb51b95', 'd38aa58d', '46003790', 'd38aa58d', '46003790', '5d5de21c', '5d5de21c', 'd38aa58d', '46003790', '5d5de21c']"
blk_-4461898330914990641,"['bbb51b95', 'bbb51b95', 'bbb51b95', '3d91fa85', 'd38aa58d', '46003790', 'd38aa58d', '46003790', '5d5de21c', '5d5de21c', '5d5de21c', 'd38aa58d', '46003790']"
blk_-5056036504675811411,"['bbb51b95', 'bbb51b95', '3d91fa85', 'bbb51b95', 'd38aa58d', '46003790', 'd38aa58d', '46003790', 'd38aa58d', '46003790', '5d5de21c', '5d5de21c', '5d5de21c']"
blk_-3002428890857532709,"['3d91fa85', 'bbb51b95', 'bbb51b95', 'bbb51b95', '5d5de21c', '5d5de21c', '5d5de21c', 'd38aa58d', '46003790', 'd38aa58d', '46003790', 'd38aa58d', '46003790']"
blk_-3363729726692715477,"['3d91fa85', 'bbb51b95', 'bbb51b95', 'bbb51b95', '5d5de21c', '5d5de21c', '5d5de21c', 'd38aa58d', 'd38aa58d', '46003790', '46003790', 'd38aa58d', '46003790']"
blk_2756777358054462603,"['bbb51b95', 'bbb51b95', 'bbb51b95', '3d91fa85', 'd38aa58d', '46003790', 'd38aa58d', '46003790', 'd38aa58d', '46003790', '5d5de21c', '5d5de21c', '5d5de21c', 'd63ef163', 'd63ef163', 'd63ef163', 'dba996ef', 'dba996ef', 'dba996ef']"
blk_659090093254379754,"['3d91fa85', 'bbb51b95', 'bbb51b95', 'bbb51b95', '5d5de21c', '5d5de21c', '5d5de21c', 'd38aa58d', '46003790', 'd38aa58d', '46003790', 'd38aa58d', '46003790', '32777b38']"
blk_7715556282666767632,"['3d91fa85', 'bbb51b95', 'bbb51b95', 'bbb51b95', '5d5de21c', '5d5de21c', '5d5de21c', 'd38aa58d', '46003790', 'd38aa58d', '46003790', 'd38aa58d', '46003790']"
blk_7113176910325232931,"['bbb51b95', 'bbb51b95', 'bbb51b95', '3d91fa85', 'd38aa58d', '46003790', 'd38aa58d', '46003790', 'd38aa58d', '46003790', '5d5de21c', '5d5de21c', '5d5de21c']"
blk_1147732995445512308,"['bbb51b95', 'bbb51b95', 'bbb51b95', '3d91fa85', 'd38aa58d', '46003790', 'd38aa58d', '46003790', 'd38aa58d', '46003790', '5d5de21c', '5d5de21c', '5d5de21c']"
blk_6870272857032834846,"['3d91fa85', 'bbb51b95', 'bbb51b95', 'bbb51b95', '5d5de21c', '5d5de21c', 'd38aa58d', '46003790', 'd38aa58d', '46003790', 'd38aa58d', '46003790', '5d5de21c']"
blk_-4575878779703774065,"['3d91fa85', 'bbb51b95', 'bbb51b95', 'bbb51b95', 'd38aa58d', '46003790', 'd38aa58d', '46003790', 'd38aa58d', '46003790', '5d5de21c', '5d5de21c', '5d5de21c']"
blk_6721873691189508617,"['bbb51b95', 'bbb51b95', 'bbb51b95', '3d91fa85', 'd38aa58d', '46003790', 'd38aa58d', '46003790', 'd38aa58d', '46003790', '5d5de21c', '5d5de21c', '5d5de21c']"
blk_-1649472889195213308,"['bbb51b95', 'bbb51b95', 'bbb51b95', '3d91fa85', 'd38aa58d', '46003790', 'd38aa58d', '46003790', 'd38aa58d', '46003790', '5d5de21c', '5d5de21c', '5d5de21c']"
blk_6283059693488448249,"['bbb51b95', 'bbb51b95', '3d91fa85', 'bbb51b95', 'd38aa58d', '46003790', 'd38aa58d', '46003790', 'd38aa58d', '46003790', '5d5de21c', '5d5de21c', '5d5de21c']"
blk_8782521106766611341,"['3d91fa85', 'bbb51b95', 'bbb51b95', 'bbb51b95', 'd38aa58d', '46003790', 'd38aa58d', '46003790', '5d5de21c', '5d5de21c', 'd38aa58d', '46003790', '5d5de21c']"
blk_3026093177591203409,"['bbb51b95', 'bbb51b95', 'bbb51b95', '3d91fa85', 'd38aa58d', '46003790', 'd38aa58d', '46003790', 'd38aa58d', '46003790', '5d5de21c', '5d5de21c', '5d5de21c']"
blk_3940455236676480263,"['bbb51b95', 'bbb51b95', '3d91fa85', 'bbb51b95', 'd38aa58d', '46003790', '5d5de21c', 'd38aa58d', '46003790', 'd38aa58d', '46003790', '5d5de21c', '5d5de21c', 'a333d363', '4dec0816']"
blk_-774546627087387813,"['bbb51b95', '3d91fa85', 'bbb51b95', 'bbb51b95', 'd38aa58d', '46003790', 'd38aa58d', '46003790', 'd38aa58d', '46003790', '5d5de21c', '5d5de21c', '5d5de21c']"
blk_-7785228579840062697,"['3d91fa85', 'bbb51b95', 'bbb51b95', 'bbb51b95', '5d5de21c', '5d5de21c', '5d5de21c', 'd38aa58d', '46003790', 'd38aa58d', '46003790', 'd38aa58d', '46003790', 'a333d363']"
blk_8578571921569679031,"['bbb51b95', 'bbb51b95', 'bbb51b95', '3d91fa85', 'd38aa58d', '46003790', 'd38aa58d', 'd38aa58d', '46003790', '46003790', '5d5de21c', '5d5de21c', '5d5de21c']"
blk_3636350361991112367,"['bbb51b95', 'bbb51b95', 'bbb51b95', '3d91fa85', 'd38aa58d', '46003790', '5d5de21c', 'd38aa58d', '46003790', 'd38aa58d', '46003790', '5d5de21c', '5d5de21c']"
blk_-920276070096638638,"['bbb51b95', 'bbb51b95', 'bbb51b95', '3d91fa85', 'd38aa58d', '46003790', 'd38aa58d', '46003790', 'd38aa58d', '46003790', '5d5de21c', '5d5de21c', '5d5de21c', '4dec0816']"
blk_5686050786173308519,"['bbb51b95', '3d91fa85', 'bbb51b95', 'bbb51b95', 'd38aa58d', '46003790', 'd38aa58d', '46003790', 'd38aa58d', '46003790', '5d5de21c', '5d5de21c', '5d5de21c', '32777b38', '32777b38', 'a333d363', 'a333d363', '4dec0816']"
blk_2906324199042848410,"['bbb51b95', 'bbb51b95', '3d91fa85', 'bbb51b95', 'd38aa58d', '46003790', 'd38aa58d', '46003790', 'd38aa58d', '46003790', '5d5de21c', '5d5de21c', '5d5de21c']"
blk_-1041624122495869714,"['bbb51b95', 'bbb51b95', '3d91fa85', 'bbb51b95', 'd38aa58d', '46003790', 'd38aa58d', '46003790', 'd38aa58d', '46003790', '5d5de21c', '5d5de21c', '5d5de21c']"
blk_4348121585175374326,"['3d91fa85', 'bbb51b95', 'bbb51b95', 'bbb51b95', '5d5de21c', 'd38aa58d', '46003790', 'd38aa58d', '46003790', '5d5de21c', '5d5de21c', 'd38aa58d', '46003790']"
blk_4415412347622202684,"['bbb51b95', '3d91fa85', 'bbb51b95', 'bbb51b95', 'd38aa58d', '46003790', 'd38aa58d', '46003790', 'd38aa58d', '46003790', '5d5de21c', '5d5de21c', '5d5de21c', 'a333d363']"
blk_7315643180259517667,"['bbb51b95', '3d91fa85', 'bbb51b95', 'bbb51b95', 'd38aa58d', '46003790', 'd38aa58d', '46003790', 'd38aa58d', '46003790', '5d5de21c', '5d5de21c', '5d5de21c']"
blk_8849876225725284301,"['bbb51b95', '3d91fa85', 'bbb51b95', 'bbb51b95', '46003790', 'd38aa58d', '46003790', 'd38aa58d', 'd38aa58d', '46003790', '5d5de21c', '5d5de21c', '5d5de21c']"
blk_-5842969755794136474,"['bbb51b95', '3d91fa85', 'bbb51b95', 'bbb51b95', 'd38aa58d', '46003790', '5d5de21c', 'd38aa58d', '46003790', 'd38aa58d', '46003790', '5d5de21c', '5d5de21c', '4dec0816']"
blk_-5844548209255247432,"['bbb51b95', 'bbb51b95', 'bbb51b95', '3d91fa85', 'd38aa58d', '46003790', 'd38aa58d', '46003790', 'd38aa58d', '46003790', '5d5de21c', '5d5de21c', '5d5de21c']"
blk_-6367394102161833135,"['bbb51b95', 'bbb51b95', 'bbb51b95', '3d91fa85', 'd38aa58d', '46003790', 'd38aa58d', '46003790', 'd38aa58d', '46003790', '5d5de21c', '5d5de21c', '5d5de21c']"
blk_6912533456169029339,"['3d91fa85', 'bbb51b95', 'bbb51b95', 'bbb51b95', 'd38aa58d', '46003790', 'd38aa58d', '46003790', '5d5de21c', 'd38aa58d', '46003790', '5d5de21c', '5d5de21c', 'a333d363', '4dec0816', 'a333d363', '32777b38']"
blk_7913281247741347723,"['3d91fa85', 'bbb51b95', 'bbb51b95', 'bbb51b95', '5d5de21c', '5d5de21c', 'd38aa58d', '46003790', '5d5de21c', 'd38aa58d', '46003790', 'd38aa58d', '46003790', 'a333d363', 'a333d363', '4dec0816']"
blk_6851277109567295369,"['bbb51b95', 'bbb51b95', '3d91fa85', 'bbb51b95', '46003790', 'd38aa58d', '46003790', '5d5de21c', 'd38aa58d', 'd38aa58d', '46003790', '5d5de21c', '5d5de21c']"
blk_5523490570415794175,"['3d91fa85', 'bbb51b95', 'bbb51b95', 'bbb51b95', 'd38aa58d', '46003790', '5d5de21c', '5d5de21c', '5d5de21c', 'd38aa58d', '46003790', 'd38aa58d', '46003790']"
blk_2206017504861176418,"['bbb51b95', 'bbb51b95', 'bbb51b95', '3d91fa85', 'd38aa58d', 'd38aa58d', '46003790', '46003790', 'd38aa58d', '46003790', '5d5de21c', '5d5de21c', '5d5de21c']"
blk_-1221899583313839173,"['bbb51b95', 'bbb51b95', 'bbb51b95', '3d91fa85', 'd38aa58d', '46003790', 'd38aa58d', '46003790', 'd38aa58d', '46003790', '5d5de21c', '5d5de21c', '5d5de21c', '4dec0816']"
blk_6831567897303186787,"['bbb51b95', 'bbb51b95', '3d91fa85', 'bbb51b95', 'd38aa58d', '46003790', 'd38aa58d', '46003790', 'd38aa58d', '46003790', '5d5de21c', '5d5de21c', '5d5de21c']"
blk_4971823270578947052,"['bbb51b95', 'bbb51b95', 'bbb51b95', '3d91fa85', 'd38aa58d', '46003790', 'd38aa58d', '46003790', 'd38aa58d', '46003790', '5d5de21c', '5d5de21c', '5d5de21c', 'a333d363']"
blk_-4877950067515538710,"['3d91fa85', 'bbb51b95', 'bbb51b95', 'bbb51b95', 'd38aa58d', '46003790', '5d5de21c', '5d5de21c', '5d5de21c', 'd38aa58d', '46003790', 'd38aa58d', '46003790']"
blk_-8541818696967814604,"['bbb51b95', '3d91fa85', 'bbb51b95', 'bbb51b95', 'd38aa58d', '46003790', 'd38aa58d', '46003790', 'd38aa58d', '46003790', '5d5de21c', '5d5de21c', '5d5de21c']"
blk_5936840510809379623,"['3d91fa85', 'bbb51b95', 'bbb51b95', 'bbb51b95', '5d5de21c', '5d5de21c', 'd38aa58d', '46003790', 'd38aa58d', '46003790', 'd38aa58d', '46003790', '5d5de21c']"
blk_-1648750371188849684,"['bbb51b95', 'bbb51b95', '3d91fa85', 'bbb51b95', 'd38aa58d', '46003790', 'd38aa58d', '46003790', 'd38aa58d', '46003790', '5d5de21c', '5d5de21c', '5d5de21c']"
blk_-4176306987525875262,"['bbb51b95', 'bbb51b95', 'bbb51b95', '3d91fa85', 'd38aa58d', '46003790', 'd38aa58d', '46003790', 'd38aa58d', '46003790', '5d5de21c', '5d5de21c', '5d5de21c']"
blk_-1356731100478221393,"['bbb51b95', '3d91fa85', 'bbb51b95', 'bbb51b95', 'd38aa58d', '46003790', 'd38aa58d', '46003790', 'd38aa58d', '46003790', '5d5de21c', '5d5de21c', '5d5de21c']"
blk_-4053708639689951665,"['3d91fa85', 'bbb51b95', 'bbb51b95', 'bbb51b95', 'd38aa58d', '46003790', 'd38aa58d', '46003790', 'd38aa58d', '46003790', '5d5de21c', '5d5de21c', '5d5de21c', 'a333d363', 'a333d363', '4dec0816']"
blk_744583630386759195,"['bbb51b95', 'bbb51b95', 'bbb51b95', '3d91fa85', 'd38aa58d', '46003790', 'd38aa58d', '46003790', '5d5de21c', '5d5de21c', 'd38aa58d', '46003790', '5d5de21c']"
blk_3055619246194703062,"['bbb51b95', 'bbb51b95', 'bbb51b95', '3d91fa85', 'd38aa58d', '46003790', 'd38aa58d', '46003790', 'd38aa58d', '46003790', '5d5de21c', '5d5de21c', '5d5de21c']"
blk_4397568665071140733,"['bbb51b95', 'bbb51b95', '3d91fa85', 'bbb51b95', 'd38aa58d', '46003790', 'd38aa58d', '46003790', '5d5de21c', 'd38aa58d', '46003790', '5d5de21c', '5d5de21c']"
blk_458603401490380892,"['3d91fa85', 'bbb51b95', 'bbb51b95', 'bbb51b95', 'd38aa58d', '46003790', 'd38aa58d', '46003790', 'd38aa58d', '46003790', '5d5de21c', '5d5de21c', '5d5de21c', 'a333d363']"
blk_2683667329357968445,"['3d91fa85', 'bbb51b95', 'bbb51b95', 'bbb51b95', '5d5de21c', '5d5de21c', '5d5de21c', 'd38aa58d', '46003790', 'd38aa58d', '46003790', 'd38aa58d', '46003790']"
blk_-3427294038009117829,"['bbb51b95', '3d91fa85', 'bbb51b95', 'bbb51b95', 'd38aa58d', '46003790', 'd38aa58d', '46003790', 'd38aa58d', '46003790', '5d5de21c', '5d5de21c', '5d5de21c', 'a333d363']"
blk_-3042497072326142172,"['bbb51b95', '3d91fa85', 'bbb51b95', 'bbb51b95', 'd38aa58d', '46003790', 'd38aa58d', '46003790', 'd38aa58d', '46003790', '5d5de21c', '5d5de21c', '5d5de21c']"
blk_4025142464004896800,"['bbb51b95', 'bbb51b95', '3d91fa85', 'bbb51b95', 'd38aa58d', '46003790', 'd38aa58d', '46003790', 'd38aa58d', '46003790', '5d5de21c', '5d5de21c', '5d5de21c']"
blk_6943033566433029033,"['bbb51b95', 'bbb51b95', 'bbb51b95', '3d91fa85', 'd38aa58d', '46003790', 'd38aa58d', '46003790', 'd38aa58d', '46003790', '5d5de21c', '5d5de21c', '5d5de21c', 'a333d363', '4dec0816']"
blk_-926160768944421735,"['bbb51b95', 'bbb51b95', 'bbb51b95', '3d91fa85', 'd38aa58d', '46003790', 'd38aa58d', '46003790', 'd38aa58d', '46003790', '5d5de21c', '5d5de21c', '5d5de21c']"
blk_9024887021051404928,"['bbb51b95', 'bbb51b95', 'bbb51b95', '3d91fa85', 'd38aa58d', '46003790', 'd38aa58d', '46003790', '5d5de21c', 'd38aa58d', '46003790', '5d5de21c', '5d5de21c', '32777b38']"
blk_8457659400671657753,"['3d91fa85', 'bbb51b95', 'bbb51b95', 'bbb51b95', '5d5de21c', 'd38aa58d', '46003790', 'd38aa58d', '46003790', '5d5de21c', '5d5de21c', 'd38aa58d', '46003790', '32777b38']"
blk_4033964425456703089,"['3d91fa85', 'bbb51b95', 'bbb51b95', 'bbb51b95', '5d5de21c', '5d5de21c', 'd38aa58d', '46003790', 'd38aa58d', '46003790', 'd38aa58d', '46003790', '5d5de21c']"
blk_336385648326787144,"['bbb51b95', '3d91fa85', 'bbb51b95', 'bbb51b95', 'd38aa58d', '46003790', 'd38aa58d', '46003790', '5d5de21c', '5d5de21c', '5d5de21c', 'd38aa58d', '46003790', 'd63ef163', 'd63ef163', 'd63ef163', 'dba996ef', 'dba996ef', 'dba996ef']"
blk_-3251400968068383140,"['bbb51b95', 'bbb51b95', 'bbb51b95', '3d91fa85', 'd38aa58d', '46003790', 'd38aa58d', '46003790', 'd38aa58d', '46003790', '5d5de21c', '5d5de21c', '5d5de21c']"
blk_-777146460344168694,"['bbb51b95', '3d91fa85', 'bbb51b95', 'bbb51b95', 'd38aa58d', '46003790', 'd38aa58d', '46003790', '5d5de21c', 'd38aa58d', '46003790', '5d5de21c', '5d5de21c']"
blk_-913211510500323917,"['3d91fa85', 'bbb51b95', 'bbb51b95', 'bbb51b95', '5d5de21c', '5d5de21c', 'd38aa58d', '46003790', 'd38aa58d', '46003790', '5d5de21c', 'd38aa58d', '46003790', 'a333d363', '4dec0816', 'a333d363']"
blk_-5671941184554379837,"['bbb51b95', 'bbb51b95', 'bbb51b95', '3d91fa85', 'd38aa58d', '46003790', 'd38aa58d', '46003790', 'd38aa58d', '46003790', '5d5de21c', '5d5de21c', '5d5de21c']"
blk_312008300588394353,"['bbb51b95', 'bbb51b95', 'bbb51b95', '3d91fa85', 'd38aa58d', '46003790', 'd38aa58d', '46003790', 'd38aa58d', '46003790', '5d5de21c', '5d5de21c', '5d5de21c']"
blk_-6078646732743233168,"['bbb51b95', 'bbb51b95', '3d91fa85', 'bbb51b95', 'd38aa58d', '46003790', 'd38aa58d', '46003790', 'd38aa58d', '46003790', '5d5de21c', '5d5de21c', '5d5de21c']"
blk_-4071967914658679384,"['bbb51b95', '3d91fa85', 'bbb51b95', 'bbb51b95', 'd38aa58d', '46003790', '5d5de21c', '5d5de21c', 'd38aa58d', '46003790', 'd38aa58d', '46003790', '5d5de21c']"
blk_-25205722451654263,"['bbb51b95', 'bbb51b95', '3d91fa85', 'bbb51b95', 'd38aa58d', '46003790', 'd38aa58d', '46003790', 'd38aa58d', '46003790', '5d5de21c', '5d5de21c', '5d5de21c']"
blk_9172528747207248838,"['bbb51b95', 'bbb51b95', 'bbb51b95', '3d91fa85', 'd38aa58d', '46003790', 'd38aa58d', '46003790', 'd38aa58d', '46003790', '5d5de21c', '5d5de21c', '5d5de21c', '32777b38', 'a333d363', '4dec0816', '32777b38', 'a333d363']"
blk_7400438425847848429,"['bbb51b95', 'bbb51b95', 'bbb51b95', '3d91fa85', 'd38aa58d', '46003790', 'd38aa58d', '46003790', 'd38aa58d', '46003790', '5d5de21c', '5d5de21c', '5d5de21c']"
blk_4320250775357681964,"['bbb51b95', 'bbb51b95', 'bbb51b95', '3d91fa85', 'd38aa58d', '46003790', 'd38aa58d', '46003790', 'd38aa58d', '46003790', '5d5de21c', '5d5de21c', '5d5de21c']"
blk_6431878115723739196,"['bbb51b95', 'bbb51b95', '3d91fa85', 'bbb51b95', 'd38aa58d', '46003790', 'd38aa58d', '46003790', 'd38aa58d', '46003790', '5d5de21c', '5d5de21c', '5d5de21c']"
blk_4916611404037048331,"['3d91fa85', 'bbb51b95', 'bbb51b95', 'bbb51b95', '5d5de21c', '5d5de21c', '5d5de21c', 'd38aa58d', '46003790', 'd38aa58d', '46003790', 'd38aa58d', '46003790', '32777b38']"
blk_5954477206064131923,"['3d91fa85', 'bbb51b95', 'bbb51b95', 'bbb51b95', '5d5de21c', '5d5de21c', 'd38aa58d', '46003790', 'd38aa58d', '46003790', 'd38aa58d', '46003790', '5d5de21c']"
blk_5156861325234736903,"['3d91fa85', 'bbb51b95', 'bbb51b95', 'bbb51b95', '5d5de21c', '5d5de21c', '5d5de21c', 'd38aa58d', 'd38aa58d', '46003790', '46003790', 'd38aa58d', '46003790', '4dec0816']"
blk_746393594461193235,"['3d91fa85', 'bbb51b95', 'bbb51b95', 'bbb51b95', '5d5de21c', 'd38aa58d', '46003790', 'd38aa58d', '46003790', '5d5de21c', '5d5de21c', 'd38aa58d', '46003790', '32777b38']"
blk_2842701203145050671,"['bbb51b95', 'bbb51b95', 'bbb51b95', '3d91fa85', 'd38aa58d', '46003790', 'd38aa58d', '46003790', 'd38aa58d', '46003790', '5d5de21c', '5d5de21c', '5d5de21c']"
blk_1434054702224110449,"['3d91fa85', 'bbb51b95', 'bbb51b95', 'bbb51b95', 'd38aa58d', '46003790', '5d5de21c', '5d5de21c', '5d5de21c', 'd38aa58d', '46003790', 'd38aa58d', '46003790']"
blk_-5587557953791706527,"['bbb51b95', 'bbb51b95', '3d91fa85', 'bbb51b95', 'd38aa58d', '46003790', 'd38aa58d', '46003790', 'd38aa58d', '46003790', '5d5de21c', '5d5de21c', '5d5de21c']"
blk_8912668963682116595,"['3d91fa85', 'bbb51b95', 'bbb51b95', 'bbb51b95', '5d5de21c', '5d5de21c', '5d5de21c', 'd38aa58d', '46003790', 'd38aa58d', '46003790', 'd38aa58d', '46003790']"
blk_8959689965662480077,"['3d91fa85', 'bbb51b95', 'bbb51b95', 'bbb51b95', '5d5de21c', 'd38aa58d', '46003790', '5d5de21c', '5d5de21c', 'd38aa58d', '46003790', 'd38aa58d', '46003790', 'a333d363']"
blk_626769207181622620,"['bbb51b95', 'bbb51b95', '3d91fa85', 'bbb51b95', 'd38aa58d', 'd38aa58d', '46003790', '46003790', 'd38aa58d', '46003790', '5d5de21c', '5d5de21c', '5d5de21c', '32777b38']"
blk_-1622671730302935976,"['bbb51b95', 'bbb51b95', 'bbb51b95', '3d91fa85', 'd38aa58d', '46003790', '46003790', 'd38aa58d', '46003790', '5d5de21c', 'd38aa58d', '5d5de21c', '5d5de21c']"
blk_5092803536758851906,"['bbb51b95', 'bbb51b95', '3d91fa85', 'bbb51b95', 'd38aa58d', '46003790', 'd38aa58d', '46003790', 'd38aa58d', '46003790', '5d5de21c', '5d5de21c', '5d5de21c']"
blk_-6824115095351766096,"['3d91fa85', 'bbb51b95', 'bbb51b95', 'bbb51b95', 'd38aa58d', '46003790', 'd38aa58d', '46003790', '5d5de21c', '5d5de21c', 'd38aa58d', '46003790', '5d5de21c']"
blk_-5604079681512272773,"['bbb51b95', 'bbb51b95', 'bbb51b95', '3d91fa85', 'd38aa58d', '46003790', 'd38aa58d', '46003790', 'd38aa58d', '46003790', '5d5de21c', '5d5de21c', '5d5de21c']"
blk_-2732255251186374867,"['3d91fa85', 'bbb51b95', 'bbb51b95', 'bbb51b95', '5d5de21c', '5d5de21c', '5d5de21c', 'd38aa58d', '46003790', 'd38aa58d', '46003790', 'd38aa58d', '46003790', 'a333d363', 'a333d363']"
blk_-8507820383104237016,"['3d91fa85', 'bbb51b95', 'bbb51b95', 'bbb51b95', '5d5de21c', '5d5de21c', 'd38aa58d', '46003790', 'd38aa58d', '46003790', 'd38aa58d', '46003790', '5d5de21c']"
blk_-3571346041576396472,"['bbb51b95', 'bbb51b95', '3d91fa85', 'bbb51b95', 'd38aa58d', '46003790', 'd38aa58d', '46003790', 'd38aa58d', '46003790', '5d5de21c', '5d5de21c', '5d5de21c']"
blk_1830319457830938207,"['3d91fa85', 'bbb51b95', 'bbb51b95', 'bbb51b95', '5d5de21c', 'd38aa58d', '46003790', '5d5de21c', '5d5de21c', 'd38aa58d', '46003790', 'd38aa58d', '46003790']"
blk_3659280757119137958,"['3d91fa85', 'bbb51b95', 'bbb51b95', 'bbb51b95', '5d5de21c', '5d5de21c', 'd38aa58d', '46003790', 'd38aa58d', '46003790', 'd38aa58d', '46003790', '5d5de21c', 'a333d363', '4dec0816']"
blk_2016229481367202721,"['bbb51b95', 'bbb51b95', 'bbb51b95', '3d91fa85', 'd38aa58d', '46003790', 'd38aa58d', '46003790', '5d5de21c', '5d5de21c', 'd38aa58d', '46003790', '5d5de21c', 'a333d363', '4dec0816']"
blk_1835511295846472704,"['bbb51b95', '3d91fa85', 'bbb51b95', 'bbb51b95', 'd38aa58d', '46003790', '5d5de21c', '5d5de21c', 'd38aa58d', '46003790', 'd38aa58d', '46003790', '5d5de21c']"
blk_6959656187600804837,"['bbb51b95', '3d91fa85', 'bbb51b95', 'bbb51b95', 'd38aa58d', '46003790', 'd38aa58d', '46003790', '5d5de21c', '5d5de21c', 'd38aa58d', '46003790', '5d5de21c']"
blk_-6460120586711700180,"['bbb51b95', 'bbb51b95', '3d91fa85', 'bbb51b95', 'd38aa58d', '46003790', 'd38aa58d', '46003790', 'd38aa58d', '46003790', '5d5de21c', '5d5de21c', '5d5de21c']"
blk_-8047842016409342915,"['bbb51b95', '3d91fa85', 'bbb51b95', 'bbb51b95', 'd38aa58d', '46003790', 'd38aa58d', '46003790', 'd38aa58d', '46003790', '5d5de21c', '5d5de21c', '5d5de21c']"
blk_6819258418779559421,"['bbb51b95', 'bbb51b95', 'bbb51b95', '3d91fa85', 'd38aa58d', '46003790', 'd38aa58d', '46003790', 'd38aa58d', '46003790', '5d5de21c', '5d5de21c', '5d5de21c']"
blk_7116631808009017908,"['bbb51b95', '3d91fa85', 'bbb51b95', 'bbb51b95', 'd38aa58d', '46003790', 'd38aa58d', '46003790', 'd38aa58d', '46003790', '5d5de21c', '5d5de21c', '5d5de21c']"
blk_7790027690765373457,"['bbb51b95', '3d91fa85', 'bbb51b95', 'bbb51b95', 'd38aa58d', '46003790', 'd38aa58d', '46003790', '5d5de21c', '5d5de21c', 'd38aa58d', '46003790', '5d5de21c']"
blk_-1001893162880667454,"['bbb51b95', '3d91fa85', 'bbb51b95', 'bbb51b95', 'd38aa58d', '46003790', 'd38aa58d', '46003790', 'd38aa58d', '46003790', '5d5de21c', '5d5de21c', '5d5de21c', '4dec0816']"
blk_4481669988940564413,"['bbb51b95', 'bbb51b95', 'bbb51b95', '3d91fa85', 'd38aa58d', '46003790', 'd38aa58d', '46003790', '5d5de21c', '5d5de21c', 'd38aa58d', '46003790', '5d5de21c']"
blk_-2545403691795823444,"['bbb51b95', '3d91fa85', 'bbb51b95', 'bbb51b95', 'd38aa58d', '46003790', 'd38aa58d', '46003790', 'd38aa58d', '46003790', '5d5de21c', '5d5de21c', '5d5de21c']"
blk_-3117532403636581883,"['bbb51b95', 'bbb51b95', 'bbb51b95', '3d91fa85', 'd38aa58d', '46003790', 'd38aa58d', '46003790', 'd38aa58d', '46003790', '5d5de21c', '5d5de21c', '5d5de21c']"
blk_50624497807834168,"['3d91fa85', 'bbb51b95', 'bbb51b95', 'bbb51b95', 'd38aa58d', '46003790', 'd38aa58d', '46003790', 'd38aa58d', '46003790', '5d5de21c', '5d5de21c', '5d5de21c']"
blk_5913991531362463379,"['bbb51b95', 'bbb51b95', 'bbb51b95', '3d91fa85', 'd38aa58d', '46003790', 'd38aa58d', '46003790', 'd38aa58d', '46003790', '5d5de21c', '5d5de21c', '5d5de21c']"
blk_-154696462996412374,"['bbb51b95', 'bbb51b95', 'bbb51b95', '3d91fa85', '46003790', 'd38aa58d', '46003790', '5d5de21c', 'd38aa58d', 'd38aa58d', '46003790', '5d5de21c', '5d5de21c']"
blk_6121212718624278543,"['bbb51b95', 'bbb51b95', 'bbb51b95', '3d91fa85', 'd38aa58d', '46003790', 'd38aa58d', '46003790', 'd38aa58d', '46003790', '5d5de21c', '5d5de21c', '5d5de21c', '32777b38', '32777b38', '32777b38', 'a333d363']"
blk_-7782607804922180120,"['3d91fa85', 'bbb51b95', 'bbb51b95', 'bbb51b95', '5d5de21c', '5d5de21c', 'd38aa58d', '46003790', '46003790', '5d5de21c', 'd38aa58d', '46003790', 'd38aa58d', '32777b38']"
blk_-5550449625449332893,"['bbb51b95', '3d91fa85', 'bbb51b95', 'bbb51b95', '46003790', '5d5de21c', 'd38aa58d', 'd38aa58d', '46003790', 'd38aa58d', '46003790', '5d5de21c', '5d5de21c', '4dec0816']"
blk_3163763034009686836,"['3d91fa85', 'bbb51b95', 'bbb51b95', 'bbb51b95', 'd38aa58d', '46003790', 'd38aa58d', '46003790', '5d5de21c', '5d5de21c', '5d5de21c', 'd38aa58d', '46003790']"
blk_-5632077416345354595,"['bbb51b95', '3d91fa85', 'bbb51b95', 'bbb51b95', 'd38aa58d', '46003790', 'd38aa58d', '46003790', '5d5de21c', '5d5de21c', '5d5de21c', 'd38aa58d', '46003790', 'a333d363', 'a333d363', '4dec0816']"
blk_-7452867648758114291,"['bbb51b95', 'bbb51b95', 'bbb51b95', '3d91fa85', 'd38aa58d', '46003790', 'd38aa58d', '46003790', 'd38aa58d', '46003790', '5d5de21c', '5d5de21c', '5d5de21c']"
blk_-4920220030802808188,"['bbb51b95', 'bbb51b95', '3d91fa85', 'bbb51b95', 'd38aa58d', 'd38aa58d', '46003790', '46003790', 'd38aa58d', '46003790', '5d5de21c', '5d5de21c', '5d5de21c']"
blk_4609868410010968999,"['bbb51b95', 'bbb51b95', 'bbb51b95', '3d91fa85', '46003790', 'd38aa58d', '46003790', 'd38aa58d', '46003790', 'd38aa58d', '5d5de21c', '5d5de21c', '5d5de21c', 'a333d363', '4dec0816']"
blk_-8071542837214891723,"['bbb51b95', '3d91fa85', 'bbb51b95', 'bbb51b95', 'd38aa58d', '46003790', 'd38aa58d', '46003790', 'd38aa58d', '46003790', '5d5de21c', '5d5de21c', '5d5de21c']"
blk_3976214076750426428,"['bbb51b95', '3d91fa85', 'bbb51b95', 'bbb51b95', 'd38aa58d', '46003790', 'd38aa58d', '46003790', 'd38aa58d', '46003790', '5d5de21c', '5d5de21c', '5d5de21c']"
blk_8060333645044710503,"['3d91fa85', 'bbb51b95', 'bbb51b95', 'bbb51b95', '5d5de21c', '5d5de21c', 'd38aa58d', '46003790', 'd38aa58d', '46003790', 'd38aa58d', '46003790', '5d5de21c']"
blk_128878997740074389,"['3d91fa85', 'bbb51b95', 'bbb51b95', 'bbb51b95', '5d5de21c', '5d5de21c', 'd38aa58d', '46003790', 'd38aa58d', '46003790', 'd38aa58d', '46003790', '5d5de21c']"
blk_6504119066969511259,"['3d91fa85', 'bbb51b95', 'bbb51b95', 'bbb51b95', '5d5de21c', '5d5de21c', 'd38aa58d', '46003790', 'd38aa58d', '46003790', 'd38aa58d', '46003790', '5d5de21c', '32777b38']"
blk_6706067868400006039,"['bbb51b95', '3d91fa85', 'bbb51b95', 'bbb51b95', 'd38aa58d', '46003790', 'd38aa58d', '46003790', 'd38aa58d', '46003790', '5d5de21c', '5d5de21c', '5d5de21c']"
blk_1166234250158354613,"['bbb51b95', '3d91fa85', 'bbb51b95', 'bbb51b95', 'd38aa58d', '46003790', 'd38aa58d', '46003790', 'd38aa58d', '46003790', '5d5de21c', '5d5de21c', '5d5de21c']"
blk_-3434991892335391397,"['bbb51b95', 'bbb51b95', '3d91fa85', 'bbb51b95', 'd38aa58d', '46003790', 'd38aa58d', '46003790', 'd38aa58d', '46003790', '5d5de21c', '5d5de21c', '5d5de21c']"
blk_4250700552550942730,"['3d91fa85', 'bbb51b95', 'bbb51b95', 'bbb51b95', '5d5de21c', '5d5de21c', '5d5de21c', 'd38aa58d', '46003790', 'd38aa58d', '46003790', 'd38aa58d', '46003790']"
blk_4303770426553720085,"['bbb51b95', 'bbb51b95', 'bbb51b95', '3d91fa85', 'd38aa58d', '46003790', 'd38aa58d', '46003790', 'd38aa58d', '46003790', '5d5de21c', '5d5de21c', '5d5de21c']"
blk_-617174463573695171,"['3d91fa85', 'bbb51b95', 'bbb51b95', 'bbb51b95', '5d5de21c', '5d5de21c', '5d5de21c', 'd38aa58d', '46003790', 'd38aa58d', '46003790', 'd38aa58d', '46003790']"
blk_-1996904954055474930,"['3d91fa85', 'bbb51b95', 'bbb51b95', 'bbb51b95', '5d5de21c', '5d5de21c', 'd38aa58d', '46003790', 'd38aa58d', '46003790', '5d5de21c', 'd38aa58d', '46003790']"
blk_-2906301571291098044,"['bbb51b95', '3d91fa85', 'bbb51b95', 'bbb51b95', 'd38aa58d', 'd38aa58d', '46003790', '46003790', '5d5de21c', 'd38aa58d', '46003790', '5d5de21c', '5d5de21c', '32777b38', 'a333d363', '4dec0816', 'a333d363']"
blk_-8708760954544239087,"['3d91fa85', 'bbb51b95', 'bbb51b95', 'bbb51b95', 'd38aa58d', '46003790', 'd38aa58d', '46003790', 'd38aa58d', '46003790', '5d5de21c', '5d5de21c', '5d5de21c']"
blk_-5111066128434112385,"['bbb51b95', '3d91fa85', 'bbb51b95', 'bbb51b95', '5d5de21c', '5d5de21c', 'd38aa58d', '46003790', 'd38aa58d', '46003790', 'd38aa58d', '46003790', '5d5de21c', '32777b38', '32777b38', 'a333d363', '4dec0816', 'a333d363']"
blk_4440147318957886782,"['3d91fa85', 'bbb51b95', 'bbb51b95', 'bbb51b95', 'd38aa58d', '46003790', '5d5de21c', '5d5de21c', '5d5de21c', 'd38aa58d', '46003790', 'd38aa58d', '46003790']"
blk_-7454594124180353349,"['bbb51b95', '3d91fa85', 'bbb51b95', 'bbb51b95', 'd38aa58d', '46003790', 'd38aa58d', '46003790', 'd38aa58d', '46003790', '5d5de21c', '5d5de21c', '5d5de21c', 'd63ef163', 'd63ef163', 'd63ef163', 'dba996ef', 'dba996ef', 'dba996ef']"
blk_7300281952040041772,"['bbb51b95', 'bbb51b95', '3d91fa85', 'bbb51b95', 'd38aa58d', '46003790', 'd38aa58d', '46003790', 'd38aa58d', '46003790', '5d5de21c', '5d5de21c', '5d5de21c']"
blk_5702374725561919929,"['bbb51b95', 'bbb51b95', 'bbb51b95', '3d91fa85', 'd38aa58d', '46003790', 'd38aa58d', '46003790', 'd38aa58d', '46003790', '5d5de21c', '5d5de21c', '5d5de21c']"
blk_-1610903978822669807,"['bbb51b95', 'bbb51b95', 'bbb51b95', '3d91fa85', 'd38aa58d', '46003790', 'd38aa58d', '46003790', 'd38aa58d', '46003790', '5d5de21c', '5d5de21c', '5d5de21c']"
blk_-1185388328255257067,"['3d91fa85', 'bbb51b95', 'bbb51b95', 'bbb51b95', 'd38aa58d', '46003790', 'd38aa58d', '46003790', '5d5de21c', '5d5de21c', 'd38aa58d', '46003790', '5d5de21c']"
blk_-7409237586757807066,"['3d91fa85', 'bbb51b95', 'bbb51b95', 'bbb51b95', '5d5de21c', '5d5de21c', '5d5de21c', 'd38aa58d', '46003790', 'd38aa58d', '46003790', 'd38aa58d', '46003790']"
blk_-6151047254885565786,"['bbb51b95', 'bbb51b95', '3d91fa85', 'bbb51b95', 'd38aa58d', '46003790', 'd38aa58d', '46003790', 'd38aa58d', '46003790', '5d5de21c', '5d5de21c', '5d5de21c', '4dec0816']"
blk_-1541622745159317434,"['bbb51b95', 'bbb51b95', 'bbb51b95', '3d91fa85', 'd38aa58d', '46003790', 'd38aa58d', '46003790', '5d5de21c', 'd38aa58d', '46003790', '5d5de21c', '5d5de21c', '32777b38', 'a333d363', '4dec0816', 'a333d363']"
blk_3160443962065759663,"['3d91fa85', 'bbb51b95', 'bbb51b95', 'bbb51b95', '5d5de21c', '5d5de21c', 'd38aa58d', '46003790', 'd38aa58d', '46003790', '5d5de21c', 'd38aa58d', '46003790']"
blk_2978461457570446373,"['3d91fa85', 'bbb51b95', 'bbb51b95', '5d5de21c', '5d5de21c', '5d5de21c', 'd38aa58d', '46003790', 'bbb51b95', 'd38aa58d', '46003790', 'd38aa58d', '46003790', '4dec0816']"
blk_7820684575334883170,"['bbb51b95', '3d91fa85', 'bbb51b95', 'bbb51b95', 'd38aa58d', '46003790', 'd38aa58d', '46003790', 'd38aa58d', '46003790', '5d5de21c', '5d5de21c', '5d5de21c']"
blk_-3285686036902874359,"['3d91fa85', 'bbb51b95', 'bbb51b95', 'bbb51b95', '5d5de21c', 'd38aa58d', '46003790', '5d5de21c', '5d5de21c', 'd38aa58d', '46003790', 'd38aa58d', '46003790', 'a333d363', '4dec0816']"
blk_-586106670307474163,"['3d91fa85', 'bbb51b95', 'bbb51b95', 'bbb51b95', 'd38aa58d', '46003790', '5d5de21c', '5d5de21c', '5d5de21c', 'd38aa58d', 'd38aa58d', '46003790', '46003790']"
blk_-2608890387032551840,"['bbb51b95', 'bbb51b95', '3d91fa85', 'bbb51b95', 'd38aa58d', '46003790', 'd38aa58d', '46003790', 'd38aa58d', '46003790', '5d5de21c', '5d5de21c', '5d5de21c', '4dec0816']"
blk_-8205398288690982881,"['3d91fa85', 'bbb51b95', 'bbb51b95', 'bbb51b95', '5d5de21c', '5d5de21c', '5d5de21c', 'd38aa58d', '46003790', 'd38aa58d', '46003790', 'd38aa58d', '46003790', 'a333d363']"
blk_-3251304665644446385,"['bbb51b95', '3d91fa85', 'bbb51b95', 'bbb51b95', 'd38aa58d', '46003790', '46003790', '5d5de21c', 'd38aa58d', '46003790', 'd38aa58d', '5d5de21c', '5d5de21c', 'a333d363', '32777b38']"
blk_-1811242011844178498,"['bbb51b95', '3d91fa85', 'bbb51b95', 'bbb51b95', 'd38aa58d', '46003790', 'd38aa58d', '46003790', 'd38aa58d', '46003790', '5d5de21c', '5d5de21c', '5d5de21c']"
blk_-4237805263844143860,"['bbb51b95', '3d91fa85', 'bbb51b95', 'bbb51b95', 'd38aa58d', '46003790', 'd38aa58d', '46003790', 'd38aa58d', '46003790', '5d5de21c', '5d5de21c', '5d5de21c']"
blk_-6151971295488764835,"['bbb51b95', 'bbb51b95', '3d91fa85', 'bbb51b95', 'd38aa58d', '46003790', 'd38aa58d', '46003790', 'd38aa58d', '46003790', '5d5de21c', '5d5de21c', '5d5de21c']"
blk_-4341144979487980949,"['bbb51b95', 'bbb51b95', 'bbb51b95', '3d91fa85', 'd38aa58d', '46003790', 'd38aa58d', '46003790', 'd38aa58d', '46003790', '5d5de21c', '5d5de21c', '5d5de21c']"
blk_-2561673478215413197,"['bbb51b95', 'bbb51b95', '3d91fa85', 'bbb51b95', 'd38aa58d', '46003790', 'd38aa58d', '46003790', 'd38aa58d', '46003790', '5d5de21c', '5d5de21c', '5d5de21c']"
blk_616801716268157842,"['bbb51b95', 'bbb51b95', 'bbb51b95', '3d91fa85', 'd38aa58d', '46003790', 'd38aa58d', '46003790', 'd38aa58d', '46003790', '5d5de21c', '5d5de21c', '5d5de21c']"
blk_2569775025561261961,"['3d91fa85', 'bbb51b95', 'bbb51b95', 'bbb51b95', '5d5de21c', '5d5de21c', 'd38aa58d', '46003790', '46003790', 'd38aa58d', '46003790', '5d5de21c', 'd38aa58d']"
blk_-6920102598505049250,"['bbb51b95', '3d91fa85', 'bbb51b95', 'bbb51b95', 'd38aa58d', '46003790', 'd38aa58d', '46003790', 'd38aa58d', '46003790', '5d5de21c', '5d5de21c', '5d5de21c']"
blk_6972250854838075143,"['3d91fa85', 'bbb51b95', 'bbb51b95', 'bbb51b95', '5d5de21c', '5d5de21c', 'd38aa58d', '46003790', 'd38aa58d', '46003790', 'd38aa58d', '46003790', '5d5de21c']"
blk_-558063792552707854,"['3d91fa85', 'bbb51b95', 'bbb51b95', 'bbb51b95', '5d5de21c', 'd38aa58d', '46003790', 'd38aa58d', '46003790', '5d5de21c', '5d5de21c', 'd38aa58d', '46003790']"
blk_6358830187308118004,"['bbb51b95', 'bbb51b95', 'bbb51b95', '3d91fa85', 'd38aa58d', '46003790', 'd38aa58d', '46003790', '5d5de21c', 'd38aa58d', '46003790', '5d5de21c', '5d5de21c', 'd63ef163', 'd63ef163', 'd63ef163', 'dba996ef', 'dba996ef', 'dba996ef']"
blk_6038899858378573051,"['bbb51b95', 'bbb51b95', 'bbb51b95', '3d91fa85', 'd38aa58d', '46003790', 'd38aa58d', '46003790', 'd38aa58d', '46003790', '5d5de21c', '5d5de21c', '5d5de21c', 'a333d363']"
blk_-2262083585299571497,"['bbb51b95', 'bbb51b95', 'bbb51b95', '3d91fa85', 'd38aa58d', '46003790', 'd38aa58d', '46003790', 'd38aa58d', '46003790', '5d5de21c', '5d5de21c', '5d5de21c', 'a333d363']"
blk_2270075135917960167,"['3d91fa85', 'bbb51b95', 'bbb51b95', 'bbb51b95', '5d5de21c', 'd38aa58d', '46003790', 'd38aa58d', '46003790', '5d5de21c', 'd38aa58d', '46003790', '5d5de21c']"
blk_1390945556695501285,"['3d91fa85', 'bbb51b95', 'bbb51b95', 'bbb51b95', '5d5de21c', '5d5de21c', 'd38aa58d', '46003790', 'd38aa58d', '46003790', '5d5de21c', 'd38aa58d', '46003790']"
blk_-6281432690805005246,"['3d91fa85', 'bbb51b95', 'bbb51b95', 'bbb51b95', '5d5de21c', '5d5de21c', '5d5de21c', 'd38aa58d', '46003790', 'd38aa58d', '46003790', 'd38aa58d', '46003790', 'a333d363', 'a333d363', '4dec0816']"
blk_-5937283985991733926,"['3d91fa85', 'bbb51b95', 'bbb51b95', 'bbb51b95', '5d5de21c', '5d5de21c', '5d5de21c', 'd38aa58d', '46003790', 'd38aa58d', '46003790', 'd38aa58d', '46003790']"
blk_6551999963839103961,"['bbb51b95', 'bbb51b95', 'bbb51b95', '3d91fa85', 'd38aa58d', '46003790', 'd38aa58d', '46003790', 'd38aa58d', '46003790', '5d5de21c', '5d5de21c', '5d5de21c']"
blk_1263849804687814097,"['bbb51b95', 'bbb51b95', 'bbb51b95', '3d91fa85', 'd38aa58d', '46003790', 'd38aa58d', '46003790', 'd38aa58d', '46003790', '5d5de21c', '5d5de21c', '5d5de21c', '4dec0816']"
blk_5636275697296455906,"['3d91fa85', 'bbb51b95', 'bbb51b95', 'bbb51b95', '5d5de21c', 'd38aa58d', '46003790', '5d5de21c', '5d5de21c', 'd38aa58d', '46003790', 'd38aa58d', '46003790', '32777b38']"
blk_-7840537401678661112,"['3d91fa85', 'bbb51b95', 'bbb51b95', 'bbb51b95', '5d5de21c', '5d5de21c', '5d5de21c', 'd38aa58d', '46003790', 'd38aa58d', '46003790', 'd38aa58d', '46003790']"
blk_-8882186965412287512,"['3d91fa85', 'bbb51b95', 'bbb51b95', 'bbb51b95', '5d5de21c', 'd38aa58d', '46003790', 'd38aa58d', '46003790', '5d5de21c', '5d5de21c', 'd38aa58d', '46003790']"
blk_2949851417037503105,"['bbb51b95', '3d91fa85', 'bbb51b95', 'bbb51b95', 'd38aa58d', '46003790', 'd38aa58d', '46003790', 'd38aa58d', '46003790', '5d5de21c', '5d5de21c', '5d5de21c', 'a333d363']"
blk_-1408718039728226293,"['bbb51b95', 'bbb51b95', '3d91fa85', 'bbb51b95', '5d5de21c', '5d5de21c', '5d5de21c', 'd38aa58d', 'd38aa58d', '46003790', '46003790', 'd38aa58d', '46003790', '32777b38', '32777b38']"
blk_7513405784789556134,"['3d91fa85', 'bbb51b95', 'bbb51b95', 'bbb51b95', '5d5de21c', 'd38aa58d', '46003790', 'd38aa58d', '46003790', '5d5de21c', '5d5de21c', 'd38aa58d', '46003790']"
blk_-3615520978717859467,"['bbb51b95', 'bbb51b95', '3d91fa85', 'bbb51b95', 'd38aa58d', '46003790', 'd38aa58d', '46003790', 'd38aa58d', '46003790', '5d5de21c', '5d5de21c', '5d5de21c']"
blk_-761652673491013962,"['bbb51b95', 'bbb51b95', 'bbb51b95', '3d91fa85', 'd38aa58d', '46003790', 'd38aa58d', '46003790', 'd38aa58d', '46003790', '5d5de21c', '5d5de21c', '5d5de21c']"
blk_3065572187808065120,"['3d91fa85', 'bbb51b95', 'bbb51b95', 'bbb51b95', '5d5de21c', '5d5de21c', 'd38aa58d', '46003790', 'd38aa58d', '46003790', 'd38aa58d', '46003790', '5d5de21c']"
blk_7287305774353657149,"['bbb51b95', 'bbb51b95', '3d91fa85', 'bbb51b95', 'd38aa58d', '46003790', 'd38aa58d', '46003790', 'd38aa58d', '46003790', '5d5de21c', '5d5de21c', '5d5de21c']"
blk_-4588942596454045643,"['bbb51b95', '3d91fa85', 'bbb51b95', 'bbb51b95', 'd38aa58d', '46003790', 'd38aa58d', '46003790', 'd38aa58d', '46003790', '5d5de21c', '5d5de21c', '5d5de21c']"
blk_739907218007823529,"['bbb51b95', 'bbb51b95', 'bbb51b95', '3d91fa85', 'd38aa58d', '46003790', 'd38aa58d', '46003790', 'd38aa58d', '46003790', '5d5de21c', '5d5de21c', '5d5de21c']"
blk_331591943750882519,"['bbb51b95', 'bbb51b95', '3d91fa85', 'bbb51b95', 'd38aa58d', '46003790', 'd38aa58d', '46003790', 'd38aa58d', '46003790', '5d5de21c', '5d5de21c', '5d5de21c']"
blk_-1205530730980444161,"['3d91fa85', 'bbb51b95', 'bbb51b95', 'bbb51b95', '5d5de21c', '5d5de21c', 'd38aa58d', '46003790', '5d5de21c', 'd38aa58d', '46003790', 'd38aa58d', '46003790', 'a333d363']"
blk_-1647758776231329214,"['3d91fa85', 'bbb51b95', 'bbb51b95', 'bbb51b95', 'd38aa58d', '46003790', 'd38aa58d', '46003790', 'd38aa58d', '46003790', '5d5de21c', '5d5de21c', '5d5de21c']"
blk_8646404480713152804,"['bbb51b95', '3d91fa85', 'bbb51b95', 'bbb51b95', 'd38aa58d', '46003790', 'd38aa58d', '46003790', 'd38aa58d', '46003790', '5d5de21c', '5d5de21c', '5d5de21c']"
blk_-2126765664241536203,"['3d91fa85', 'bbb51b95', 'bbb51b95', 'bbb51b95', '5d5de21c', '5d5de21c', 'd38aa58d', '46003790', 'd38aa58d', '46003790', 'd38aa58d', '46003790', '5d5de21c']"
blk_-3629339380441712772,"['3d91fa85', 'bbb51b95', 'bbb51b95', 'bbb51b95', '5d5de21c', 'd38aa58d', '46003790', '5d5de21c', '5d5de21c', '46003790', 'd38aa58d', '46003790', 'd38aa58d', '32777b38', 'a333d363', 'a333d363', '4dec0816']"
blk_-5418493071993347667,"['3d91fa85', 'bbb51b95', 'bbb51b95', 'bbb51b95', 'd38aa58d', '46003790', 'd38aa58d', '46003790', '5d5de21c', '5d5de21c', 'd38aa58d', '46003790', '5d5de21c']"
blk_3810880857824844260,"['3d91fa85', 'bbb51b95', 'bbb51b95', 'bbb51b95', '5d5de21c', '5d5de21c', '5d5de21c', 'd38aa58d', '46003790', 'd38aa58d', '46003790', 'd38aa58d', '46003790']"
blk_3546604582459271027,"['3d91fa85', 'bbb51b95', 'bbb51b95', 'bbb51b95', '5d5de21c', '5d5de21c', '5d5de21c', 'd38aa58d', '46003790', 'd38aa58d', '46003790', 'd38aa58d', '46003790', 'a333d363', 'a333d363', '4dec0816']"
blk_-8483909816039988278,"['bbb51b95', 'bbb51b95', 'bbb51b95', '3d91fa85', 'd38aa58d', '46003790', 'd38aa58d', '46003790', 'd38aa58d', '46003790', '5d5de21c', '5d5de21c', '5d5de21c']"
blk_5454907707786081190,"['bbb51b95', '3d91fa85', 'bbb51b95', 'bbb51b95', 'd38aa58d', '46003790', 'd38aa58d', '46003790', '5d5de21c', '5d5de21c', '5d5de21c', 'd38aa58d', '46003790']"
blk_9012812621571621393,"['bbb51b95', '3d91fa85', 'bbb51b95', 'bbb51b95', 'd38aa58d', '46003790', 'd38aa58d', '46003790', 'd38aa58d', '46003790', '5d5de21c', '5d5de21c', '5d5de21c', '32777b38', '32777b38']"
blk_4146694925748291107,"['bbb51b95', 'bbb51b95', '3d91fa85', 'bbb51b95', 'd38aa58d', '46003790', 'd38aa58d', '46003790', 'd38aa58d', '46003790', '5d5de21c', '5d5de21c', '5d5de21c']"
blk_3740051820025266482,"['3d91fa85', 'bbb51b95', 'bbb51b95', 'bbb51b95', '5d5de21c', '5d5de21c', '5d5de21c', 'd38aa58d', 'd38aa58d', '46003790', '46003790', 'd38aa58d', '46003790']"
blk_6067405335145898522,"['bbb51b95', 'bbb51b95', '3d91fa85', 'bbb51b95', 'd38aa58d', '46003790', '5d5de21c', 'd38aa58d', '46003790', 'd38aa58d', '46003790', '5d5de21c', '5d5de21c']"
blk_-7378458731244346402,"['3d91fa85', 'bbb51b95', 'bbb51b95', 'bbb51b95', '5d5de21c', '5d5de21c', '5d5de21c', 'd38aa58d', '46003790', 'd38aa58d', '46003790', 'd38aa58d', '46003790', '32777b38']"
blk_8806085712450997531,"['bbb51b95', 'bbb51b95', '3d91fa85', 'bbb51b95', 'd38aa58d', '46003790', 'd38aa58d', '46003790', '5d5de21c', '5d5de21c', 'd38aa58d', '46003790', '5d5de21c']"
blk_1237208774656316172,"['3d91fa85', 'bbb51b95', 'bbb51b95', 'bbb51b95', '5d5de21c', '5d5de21c', 'd38aa58d', '46003790', '46003790', 'd38aa58d', '46003790', '5d5de21c', 'd38aa58d', '32777b38', 'a333d363', 'a333d363']"
blk_3573293259849975680,"['3d91fa85', 'bbb51b95', 'bbb51b95', 'bbb51b95', '5d5de21c', '46003790', 'd38aa58d', '46003790', '5d5de21c', '5d5de21c', 'd38aa58d', '46003790', 'd38aa58d']"
blk_-1863811336329220321,"['3d91fa85', 'bbb51b95', 'bbb51b95', 'bbb51b95', 'd38aa58d', '46003790', 'd38aa58d', '46003790', 'd38aa58d', '46003790', '5d5de21c', '5d5de21c', '5d5de21c']"
blk_7565038765590483543,"['3d91fa85', 'bbb51b95', 'bbb51b95', 'bbb51b95', '5d5de21c', '5d5de21c', '5d5de21c', 'd38aa58d', '46003790', 'd38aa58d', '46003790', 'd38aa58d', '46003790', '32777b38', 'a333d363', '4dec0816', 'a333d363']"
blk_-4844260997219370267,"['bbb51b95', 'bbb51b95', '3d91fa85', 'bbb51b95', '46003790', 'd38aa58d', '46003790', 'd38aa58d', '5d5de21c', '5d5de21c', 'd38aa58d', '46003790', '5d5de21c']"
blk_-4910085147237464741,"['3d91fa85', 'bbb51b95', 'bbb51b95', 'bbb51b95', '5d5de21c', '5d5de21c', 'd38aa58d', '46003790', 'd38aa58d', '46003790', 'd38aa58d', '46003790', '5d5de21c', '32777b38']"
blk_9214946729081951877,"['bbb51b95', '3d91fa85', 'bbb51b95', 'bbb51b95', 'd38aa58d', '46003790', 'd38aa58d', '46003790', 'd38aa58d', '46003790', '5d5de21c', '5d5de21c', '5d5de21c']"
blk_5899294735339231814,"['bbb51b95', 'bbb51b95', '3d91fa85', 'bbb51b95', 'd38aa58d', '46003790', 'd38aa58d', '46003790', 'd38aa58d', '46003790', '5d5de21c', '5d5de21c', '5d5de21c', 'd63ef163', 'd63ef163', 'd63ef163', 'dba996ef', 'dba996ef', 'dba996ef']"
blk_-7394204176609923095,"['bbb51b95', 'bbb51b95', '3d91fa85', 'bbb51b95', 'd38aa58d', '46003790', 'd38aa58d', '46003790', 'd38aa58d', '46003790', '5d5de21c', '5d5de21c', '5d5de21c']"
blk_-4219296315576296540,"['bbb51b95', 'bbb51b95', '3d91fa85', 'bbb51b95', 'd38aa58d', '46003790', 'd38aa58d', '46003790', 'd38aa58d', '46003790', '5d5de21c', '5d5de21c', '5d5de21c']"
blk_-7777328753958322109,"['bbb51b95', 'bbb51b95', 'bbb51b95', '3d91fa85', 'd38aa58d', '46003790', 'd38aa58d', '46003790', 'd38aa58d', '46003790', '5d5de21c', '5d5de21c', '5d5de21c']"
blk_4980259998230978103,"['bbb51b95', 'bbb51b95', '3d91fa85', 'bbb51b95', 'd38aa58d', '46003790', 'd38aa58d', '46003790', 'd38aa58d', '46003790', '5d5de21c', '5d5de21c', '5d5de21c']"
blk_-8709380747249013520,"['bbb51b95', '3d91fa85', 'bbb51b95', 'bbb51b95', 'd38aa58d', '46003790', 'd38aa58d', '46003790', 'd38aa58d', '46003790', '5d5de21c', '5d5de21c', '5d5de21c']"
blk_-1038303214934010463,"['bbb51b95', '3d91fa85', 'bbb51b95', 'bbb51b95', 'd38aa58d', '46003790', 'd38aa58d', '46003790', 'd38aa58d', '46003790', '5d5de21c', '5d5de21c', '5d5de21c']"
blk_-1145346959217522513,"['bbb51b95', '3d91fa85', 'bbb51b95', 'bbb51b95', 'd38aa58d', '46003790', 'd38aa58d', '46003790', 'd38aa58d', '46003790', '5d5de21c', '5d5de21c', '5d5de21c']"
blk_-3559084333037708090,"['bbb51b95', 'bbb51b95', '3d91fa85', 'bbb51b95', 'd38aa58d', '46003790', '5d5de21c', 'd38aa58d', '46003790', 'd38aa58d', '46003790', '5d5de21c', '5d5de21c']"
blk_-1351450645055499510,"['bbb51b95', 'bbb51b95', '3d91fa85', 'bbb51b95', 'd38aa58d', '46003790', '5d5de21c', 'd38aa58d', '46003790', 'd38aa58d', '46003790', '5d5de21c', '5d5de21c', '32777b38']"
blk_3603215377520769094,"['3d91fa85', 'bbb51b95', 'bbb51b95', 'bbb51b95', '5d5de21c', '5d5de21c', '5d5de21c', 'd38aa58d', '46003790', 'd38aa58d', '46003790', 'd38aa58d', '46003790', 'a333d363', '4dec0816']"
blk_3643665566848001789,"['bbb51b95', 'bbb51b95', '3d91fa85', 'bbb51b95', 'd38aa58d', '46003790', 'd38aa58d', '46003790', 'd38aa58d', '46003790', '5d5de21c', '5d5de21c', '5d5de21c']"
blk_-7647015058214969904,"['3d91fa85', 'bbb51b95', 'bbb51b95', 'bbb51b95', '5d5de21c', '5d5de21c', 'd38aa58d', '46003790', 'd38aa58d', '46003790', 'd38aa58d', '46003790', '5d5de21c']"
blk_3056107752194262717,"['bbb51b95', 'bbb51b95', 'bbb51b95', '3d91fa85', 'd38aa58d', '46003790', 'd38aa58d', '46003790', 'd38aa58d', '46003790', '5d5de21c', '5d5de21c', '5d5de21c']"
blk_-1819672386999478123,"['bbb51b95', 'bbb51b95', 'bbb51b95', '3d91fa85', 'd38aa58d', '46003790', 'd38aa58d', '46003790', 'd38aa58d', '46003790', '5d5de21c', '5d5de21c', '5d5de21c']"
blk_-1958666096129569920,"['3d91fa85', 'bbb51b95', 'bbb51b95', 'bbb51b95', '5d5de21c', '5d5de21c', '5d5de21c', 'd38aa58d', '46003790', 'd38aa58d', '46003790', 'd38aa58d', '46003790']"
blk_7298063152674687034,"['3d91fa85', 'bbb51b95', 'bbb51b95', 'bbb51b95', '5d5de21c', '5d5de21c', 'd38aa58d', '46003790', 'd38aa58d', '46003790', 'd38aa58d', '46003790', '5d5de21c']"
blk_6533982396615619911,"['bbb51b95', '3d91fa85', 'bbb51b95', 'bbb51b95', 'd38aa58d', '46003790', 'd38aa58d', '46003790', 'd38aa58d', '46003790', '5d5de21c', '5d5de21c', '5d5de21c']"
blk_-2464877001444402617,"['bbb51b95', '3d91fa85', 'bbb51b95', 'bbb51b95', 'd38aa58d', '46003790', 'd38aa58d', '46003790', 'd38aa58d', '46003790', '5d5de21c', '5d5de21c', '5d5de21c']"
blk_6236687718597980422,"['3d91fa85', 'bbb51b95', 'bbb51b95', 'bbb51b95', '5d5de21c', '5d5de21c', '5d5de21c', 'd38aa58d', '46003790', 'd38aa58d', '46003790', 'd38aa58d', '46003790']"
blk_8577223264256348232,"['3d91fa85', 'bbb51b95', 'bbb51b95', 'bbb51b95', 'd38aa58d', '46003790', 'd38aa58d', '46003790', '5d5de21c', '5d5de21c', 'd38aa58d', '46003790', '5d5de21c']"
blk_5425499922841404309,"['bbb51b95', '3d91fa85', 'bbb51b95', 'bbb51b95', 'd38aa58d', '46003790', '5d5de21c', 'd38aa58d', '46003790', 'd38aa58d', '46003790', '5d5de21c', '5d5de21c', '4dec0816']"
blk_6277309586634757571,"['bbb51b95', '3d91fa85', 'bbb51b95', 'bbb51b95', 'd38aa58d', '46003790', 'd38aa58d', '46003790', 'd38aa58d', '46003790', '5d5de21c', '5d5de21c', '5d5de21c']"
blk_-3993205650421353822,"['3d91fa85', 'bbb51b95', 'bbb51b95', 'bbb51b95', '5d5de21c', '5d5de21c', '5d5de21c', 'd38aa58d', 'd38aa58d', '46003790', '46003790', 'd38aa58d', '46003790', 'a333d363', '4dec0816', 'a333d363']"
blk_-6083121361960307712,"['bbb51b95', 'bbb51b95', '3d91fa85', 'bbb51b95', 'd38aa58d', '46003790', 'd38aa58d', '46003790', '5d5de21c', '5d5de21c', 'd38aa58d', '46003790', '5d5de21c']"
blk_4031055865781150544,"['bbb51b95', '3d91fa85', 'bbb51b95', 'bbb51b95', 'd38aa58d', '46003790', 'd38aa58d', '46003790', 'd38aa58d', '46003790', '5d5de21c', '5d5de21c', '5d5de21c', '32777b38', '32777b38', '32777b38', 'a333d363', 'a333d363', '4dec0816', 'a333d363', 'a333d363', 'a333d363', 'a333d363', 'a333d363', 'a333d363', 'a333d363', 'a333d363', 'a333d363', 'a333d363', 'a333d363', 'a333d363']"
blk_-6377717860645458813,"['bbb51b95', '3d91fa85', 'bbb51b95', 'bbb51b95', 'd38aa58d', '46003790', '5d5de21c', '5d5de21c', 'd38aa58d', '46003790', 'd38aa58d', '46003790', '5d5de21c', 'a333d363']"
blk_7213390840256690765,"['bbb51b95', '3d91fa85', 'bbb51b95', 'bbb51b95', 'd38aa58d', '46003790', 'd38aa58d', '46003790', 'd38aa58d', '46003790', '5d5de21c', '5d5de21c', '5d5de21c']"
blk_-8820765361931683145,"['bbb51b95', '3d91fa85', 'bbb51b95', 'bbb51b95', 'd38aa58d', '46003790', 'd38aa58d', '46003790', 'd38aa58d', '46003790', '5d5de21c', '5d5de21c', '5d5de21c']"
blk_-1765548677081479495,"['3d91fa85', 'bbb51b95', 'bbb51b95', 'bbb51b95', '5d5de21c', '5d5de21c', '5d5de21c', 'd38aa58d', '46003790', 'd38aa58d', '46003790', 'd38aa58d', '46003790']"
blk_2543758795740523769,"['3d91fa85', 'bbb51b95', 'bbb51b95', 'bbb51b95', '5d5de21c', '5d5de21c', 'd38aa58d', '46003790', 'd38aa58d', '46003790', '5d5de21c', 'd38aa58d', '46003790']"
blk_-8467233408541988146,"['3d91fa85', 'bbb51b95', 'bbb51b95', 'bbb51b95', '5d5de21c', '5d5de21c', '5d5de21c', 'd38aa58d', '46003790', 'd38aa58d', '46003790', 'd38aa58d', '46003790', 'a333d363', '4dec0816']"
blk_1518363353248699616,"['3d91fa85', 'bbb51b95', 'bbb51b95', 'bbb51b95', 'd38aa58d', '46003790', 'd38aa58d', '46003790', 'd38aa58d', '46003790', '5d5de21c', '5d5de21c', '5d5de21c']"
blk_-65584294891314752,"['bbb51b95', 'bbb51b95', '3d91fa85', 'bbb51b95', 'd38aa58d', '46003790', 'd38aa58d', '46003790', '5d5de21c', '5d5de21c', 'd38aa58d', '46003790', '5d5de21c']"
blk_1383310981241244862,"['3d91fa85', 'bbb51b95', 'bbb51b95', 'bbb51b95', '5d5de21c', '5d5de21c', '5d5de21c', 'd38aa58d', '46003790', 'd38aa58d', '46003790', 'd38aa58d', '46003790']"
blk_-7432148246088479115,"['bbb51b95', 'bbb51b95', 'bbb51b95', '3d91fa85', 'd38aa58d', '46003790', 'd38aa58d', '46003790', '5d5de21c', '5d5de21c', 'd38aa58d', '46003790', '5d5de21c', '32777b38']"
blk_5307920057477604785,"['bbb51b95', 'bbb51b95', 'bbb51b95', '3d91fa85', 'd38aa58d', '46003790', 'd38aa58d', '46003790', 'd38aa58d', '46003790', '5d5de21c', '5d5de21c', '5d5de21c']"
blk_-697285500847502985,"['bbb51b95', '3d91fa85', 'bbb51b95', 'bbb51b95', 'd38aa58d', '46003790', 'd38aa58d', '46003790', 'd38aa58d', '46003790', '5d5de21c', '5d5de21c', '5d5de21c']"
blk_4177676181466646543,"['3d91fa85', 'bbb51b95', 'bbb51b95', 'bbb51b95', 'd38aa58d', '46003790', '5d5de21c', '5d5de21c', 'd38aa58d', '46003790', 'd38aa58d', '46003790', '5d5de21c', '32777b38']"
blk_-3340635741300630435,"['bbb51b95', 'bbb51b95', 'bbb51b95', '3d91fa85', 'd38aa58d', '46003790', 'd38aa58d', '46003790', 'd38aa58d', '46003790', '5d5de21c', '5d5de21c', '5d5de21c', 'a333d363', '4dec0816']"
blk_6033562324792557158,"['bbb51b95', 'bbb51b95', '3d91fa85', 'bbb51b95', '46003790', 'd38aa58d', '46003790', '5d5de21c', 'd38aa58d', 'd38aa58d', '46003790', '5d5de21c', '5d5de21c', '32777b38', 'a333d363']"
blk_-8450314212087030693,"['3d91fa85', 'bbb51b95', 'bbb51b95', 'bbb51b95', '5d5de21c', '5d5de21c', 'd38aa58d', '46003790', 'd38aa58d', '46003790', 'd38aa58d', '46003790', '5d5de21c', '32777b38']"
blk_-1500544430627392884,"['3d91fa85', 'bbb51b95', 'bbb51b95', 'bbb51b95', '5d5de21c', '5d5de21c', '5d5de21c', 'd38aa58d', '46003790', 'd38aa58d', '46003790', 'd38aa58d', '46003790', 'a333d363', '4dec0816', 'a333d363']"
blk_5068482225876351557,"['3d91fa85', 'bbb51b95', 'bbb51b95', 'bbb51b95', '5d5de21c', '5d5de21c', '5d5de21c', '46003790', 'd38aa58d', '46003790', 'd38aa58d', '46003790', 'd38aa58d', '32777b38', '32777b38']"
blk_-4580962183507419138,"['bbb51b95', 'bbb51b95', 'bbb51b95', '3d91fa85', 'd38aa58d', '46003790', 'd38aa58d', '46003790', 'd38aa58d', '46003790', '5d5de21c', '5d5de21c', '5d5de21c']"
blk_-1418921716653449845,"['3d91fa85', 'bbb51b95', 'bbb51b95', 'bbb51b95', '5d5de21c', '5d5de21c', '5d5de21c', 'd38aa58d', '46003790', 'd38aa58d', '46003790', 'd38aa58d', '46003790']"
blk_-5245874118758276390,"['bbb51b95', '3d91fa85', 'bbb51b95', 'bbb51b95', 'd38aa58d', '46003790', 'd38aa58d', '46003790', 'd38aa58d', '46003790', '5d5de21c', '5d5de21c', '5d5de21c']"
blk_-2961485641729987862,"['bbb51b95', 'bbb51b95', '3d91fa85', 'bbb51b95', 'd38aa58d', '46003790', 'd38aa58d', '46003790', 'd38aa58d', '46003790', '5d5de21c', '5d5de21c', '5d5de21c', 'a333d363', '4dec0816']"
blk_8435192443979427396,"['bbb51b95', 'bbb51b95', 'bbb51b95', '3d91fa85', 'd38aa58d', '46003790', 'd38aa58d', '46003790', '5d5de21c', '5d5de21c', 'd38aa58d', '46003790', '5d5de21c']"
blk_-1819229382945603296,"['bbb51b95', 'bbb51b95', 'bbb51b95', '3d91fa85', 'd38aa58d', '46003790', 'd38aa58d', '46003790', 'd38aa58d', '46003790', '5d5de21c', '5d5de21c', '5d5de21c', 'd63ef163', 'd63ef163', 'd63ef163', 'dba996ef', 'dba996ef', 'dba996ef']"
blk_-4259571152160502458,"['bbb51b95', 'bbb51b95', 'bbb51b95', '3d91fa85', 'd38aa58d', '46003790', '46003790', 'd38aa58d', '46003790', '5d5de21c', 'd38aa58d', '5d5de21c', '5d5de21c']"
blk_-8366135421527416704,"['3d91fa85', 'bbb51b95', 'bbb51b95', 'bbb51b95', '5d5de21c', '5d5de21c', '5d5de21c', 'd38aa58d', '46003790', 'd38aa58d', '46003790', 'd38aa58d', '46003790']"
blk_-5106876933444666637,"['3d91fa85', 'bbb51b95', 'bbb51b95', 'bbb51b95', 'd38aa58d', '46003790', 'd38aa58d', '46003790', '5d5de21c', '5d5de21c', 'd38aa58d', '46003790', '5d5de21c']"
blk_5399394602169825563,"['bbb51b95', 'bbb51b95', 'bbb51b95', '3d91fa85', 'd38aa58d', '46003790', 'd38aa58d', '46003790', 'd38aa58d', '46003790', '5d5de21c', '5d5de21c', '5d5de21c']"
blk_4364532828514264603,"['3d91fa85', 'bbb51b95', 'bbb51b95', 'bbb51b95', 'd38aa58d', '46003790', '5d5de21c', '5d5de21c', '5d5de21c', 'd38aa58d', '46003790', 'd38aa58d', '46003790', 'a333d363']"
blk_-2081036648099384582,"['bbb51b95', 'bbb51b95', '3d91fa85', 'bbb51b95', 'd38aa58d', '46003790', 'd38aa58d', '46003790', 'd38aa58d', '46003790', '5d5de21c', '5d5de21c', '5d5de21c', '32777b38']"
blk_480064436526928439,"['bbb51b95', 'bbb51b95', 'bbb51b95', '3d91fa85', 'd38aa58d', '46003790', 'd38aa58d', '46003790', 'd38aa58d', '46003790', '5d5de21c', '5d5de21c', '5d5de21c', 'a333d363', '4dec0816']"
blk_-2076933948243174314,"['bbb51b95', '3d91fa85', 'bbb51b95', 'bbb51b95', 'd38aa58d', '46003790', 'd38aa58d', '46003790', 'd38aa58d', '46003790', '5d5de21c', '5d5de21c', '5d5de21c']"
blk_-8122350770667913436,"['3d91fa85', 'bbb51b95', 'bbb51b95', 'bbb51b95', '5d5de21c', '5d5de21c', 'd38aa58d', '46003790', 'd38aa58d', '46003790', '5d5de21c', 'd38aa58d', '46003790']"
blk_8968880816492297239,"['3d91fa85', 'bbb51b95', 'bbb51b95', 'bbb51b95', '46003790', 'd38aa58d', '46003790', 'd38aa58d', '46003790', '5d5de21c', 'd38aa58d', '5d5de21c', '5d5de21c', '32777b38']"
blk_-3257627026302734046,"['3d91fa85', 'bbb51b95', 'bbb51b95', 'bbb51b95', 'd38aa58d', '46003790', 'd38aa58d', '46003790', '5d5de21c', '5d5de21c', '5d5de21c', 'd38aa58d', '46003790']"
blk_2340144893117762500,"['3d91fa85', 'bbb51b95', 'bbb51b95', 'bbb51b95', '5d5de21c', '5d5de21c', '5d5de21c', 'd38aa58d', '46003790', 'd38aa58d', '46003790', 'd38aa58d', '46003790']"
blk_8730215984033680030,"['bbb51b95', '3d91fa85', 'bbb51b95', 'bbb51b95', 'd38aa58d', '46003790', 'd38aa58d', '46003790', 'd38aa58d', '46003790', '5d5de21c', '5d5de21c', '5d5de21c']"
blk_-1872103017968042729,"['3d91fa85', 'bbb51b95', 'bbb51b95', 'bbb51b95', '5d5de21c', '5d5de21c', '5d5de21c', 'd38aa58d', '46003790', 'd38aa58d', '46003790', 'd38aa58d', '46003790']"
blk_5731772419055787794,"['3d91fa85', 'bbb51b95', 'bbb51b95', 'bbb51b95', '5d5de21c', '5d5de21c', 'd38aa58d', '46003790', '46003790', '5d5de21c', 'd38aa58d', 'd38aa58d', '46003790']"
blk_-1731880471285907991,"['3d91fa85', 'bbb51b95', 'bbb51b95', 'bbb51b95', '5d5de21c', '5d5de21c', '5d5de21c', 'd38aa58d', '46003790', 'd38aa58d', '46003790', 'd38aa58d', '46003790', '32777b38']"
blk_-1691993006805547739,"['3d91fa85', 'bbb51b95', 'bbb51b95', 'bbb51b95', '5d5de21c', '5d5de21c', 'd38aa58d', '46003790', 'd38aa58d', '46003790', 'd38aa58d', '46003790', '5d5de21c']"
blk_-6364849610966431976,"['3d91fa85', 'bbb51b95', 'bbb51b95', 'bbb51b95', '5d5de21c', '5d5de21c', 'd38aa58d', '46003790', 'd38aa58d', '46003790', 'd38aa58d', '46003790', '5d5de21c']"
blk_3461302370091994146,"['bbb51b95', 'bbb51b95', 'bbb51b95', '3d91fa85', 'd38aa58d', '46003790', 'd38aa58d', '46003790', 'd38aa58d', '46003790', '5d5de21c', '5d5de21c', '5d5de21c']"
blk_-305870853827663944,"['3d91fa85', 'bbb51b95', 'bbb51b95', 'bbb51b95', '5d5de21c', '5d5de21c', '5d5de21c', 'd38aa58d', '46003790', 'd38aa58d', '46003790', 'd38aa58d', '46003790']"
blk_-8915732599954836592,"['bbb51b95', '3d91fa85', 'bbb51b95', 'bbb51b95', 'd38aa58d', '46003790', 'd38aa58d', '46003790', 'd38aa58d', '46003790', '5d5de21c', '5d5de21c', '5d5de21c']"
blk_1779567724601066882,"['3d91fa85', 'bbb51b95', 'bbb51b95', 'bbb51b95', '5d5de21c', '5d5de21c', 'd38aa58d', '46003790', 'd38aa58d', '46003790', '5d5de21c', 'd38aa58d', '46003790']"
blk_-2437461538192355200,"['bbb51b95', 'bbb51b95', '3d91fa85', 'bbb51b95', 'd38aa58d', '46003790', 'd38aa58d', '46003790', 'd38aa58d', '46003790', '5d5de21c', '5d5de21c', '5d5de21c', '4dec0816']"
blk_2341820380656948404,"['bbb51b95', 'bbb51b95', '3d91fa85', 'bbb51b95', 'd38aa58d', '46003790', 'd38aa58d', '46003790', '5d5de21c', 'd38aa58d', '46003790', '5d5de21c', '5d5de21c', '32777b38']"
blk_-503792432850915495,"['bbb51b95', '3d91fa85', 'bbb51b95', 'bbb51b95', 'd38aa58d', '46003790', 'd38aa58d', '46003790', '5d5de21c', 'd38aa58d', '46003790', '5d5de21c', '5d5de21c']"
blk_-5542094145527562975,"['bbb51b95', 'bbb51b95', 'bbb51b95', '3d91fa85', 'd38aa58d', '46003790', 'd38aa58d', '46003790', '5d5de21c', 'd38aa58d', '46003790', '5d5de21c', '5d5de21c']"
blk_7597213773320242868,"['bbb51b95', 'bbb51b95', 'bbb51b95', '3d91fa85', 'd38aa58d', '46003790', 'd38aa58d', '46003790', 'd38aa58d', '46003790', '5d5de21c', '5d5de21c', '5d5de21c']"
blk_1367870633219053668,"['bbb51b95', 'bbb51b95', 'bbb51b95', '3d91fa85', 'd38aa58d', '46003790', 'd38aa58d', '46003790', 'd38aa58d', '46003790', '5d5de21c', '5d5de21c', '5d5de21c', '32777b38', '32777b38', '32777b38', 'a333d363']"
blk_-2314437240998083905,"['bbb51b95', 'bbb51b95', 'bbb51b95', '3d91fa85', 'd38aa58d', '46003790', 'd38aa58d', '46003790', '5d5de21c', 'd38aa58d', '46003790', '5d5de21c', '5d5de21c']"
blk_-891609379013623704,"['bbb51b95', 'bbb51b95', 'bbb51b95', '3d91fa85', 'd38aa58d', '46003790', 'd38aa58d', '46003790', '5d5de21c', '5d5de21c', 'd38aa58d', '46003790', '5d5de21c']"
blk_2916373567812456329,"['bbb51b95', 'bbb51b95', '3d91fa85', 'bbb51b95', 'd38aa58d', '46003790', 'd38aa58d', '46003790', 'd38aa58d', '46003790', '5d5de21c', '5d5de21c', '5d5de21c']"
blk_5395775066450306025,"['3d91fa85', 'bbb51b95', 'bbb51b95', 'bbb51b95', '5d5de21c', '5d5de21c', '5d5de21c', 'd38aa58d', '46003790', 'd38aa58d', '46003790', 'd38aa58d', '46003790', '32777b38']"
blk_-6487755280122994585,"['3d91fa85', 'bbb51b95', 'bbb51b95', 'bbb51b95', '5d5de21c', '5d5de21c', '5d5de21c', 'd38aa58d', '46003790', 'd38aa58d', '46003790', 'd38aa58d', '46003790']"
blk_-2689559239667362508,"['bbb51b95', 'bbb51b95', 'bbb51b95', '3d91fa85', 'd38aa58d', '46003790', 'd38aa58d', '46003790', '5d5de21c', '5d5de21c', 'd38aa58d', '46003790', '5d5de21c']"
blk_7329388634428423398,"['bbb51b95', '3d91fa85', 'bbb51b95', 'bbb51b95', 'd38aa58d', '46003790', 'd38aa58d', '46003790', '5d5de21c', '5d5de21c', 'd38aa58d', '46003790', '5d5de21c']"
blk_6396457137490043311,"['3d91fa85', 'bbb51b95', 'bbb51b95', 'bbb51b95', '5d5de21c', '5d5de21c', 'd38aa58d', 'd38aa58d', '46003790', '46003790', 'd38aa58d', '46003790', '5d5de21c']"
blk_-4870574841208156984,"['3d91fa85', 'bbb51b95', 'bbb51b95', 'bbb51b95', '5d5de21c', '5d5de21c', 'd38aa58d', '46003790', 'd38aa58d', '46003790', '5d5de21c', 'd38aa58d', '46003790']"
blk_-1397830521831282219,"['bbb51b95', '3d91fa85', 'bbb51b95', 'bbb51b95', 'd38aa58d', '46003790', 'd38aa58d', '46003790', '46003790', '5d5de21c', '5d5de21c', 'd38aa58d', '5d5de21c']"
blk_6364777230443283084,"['3d91fa85', 'bbb51b95', 'bbb51b95', 'bbb51b95', '5d5de21c', '5d5de21c', 'd38aa58d', '46003790', 'd38aa58d', '46003790', 'd38aa58d', '46003790', '5d5de21c']"
blk_7214885953979232621,"['bbb51b95', '3d91fa85', 'bbb51b95', 'bbb51b95', 'd38aa58d', '46003790', 'd38aa58d', '46003790', 'd38aa58d', '46003790', '5d5de21c', '5d5de21c', '5d5de21c', '32777b38', '32777b38', '32777b38', 'a333d363', '4dec0816', 'a333d363']"
blk_-67510656759722008,"['3d91fa85', 'bbb51b95', 'bbb51b95', 'bbb51b95', '5d5de21c', '5d5de21c', '5d5de21c', 'd38aa58d', '46003790', 'd38aa58d', '46003790', 'd38aa58d', '46003790']"
blk_-426725476651589985,"['3d91fa85', 'bbb51b95', 'bbb51b95', 'bbb51b95', '5d5de21c', 'd38aa58d', '46003790', 'd38aa58d', '46003790', '5d5de21c', '5d5de21c', 'd38aa58d', '46003790']"
blk_-3002693591486861920,"['bbb51b95', 'bbb51b95', '3d91fa85', 'bbb51b95', 'd38aa58d', '46003790', 'd38aa58d', '46003790', '5d5de21c', '5d5de21c', 'd38aa58d', '46003790', '5d5de21c']"
blk_-5924627288092800787,"['bbb51b95', '3d91fa85', 'bbb51b95', 'bbb51b95', 'd38aa58d', '46003790', 'd38aa58d', '46003790', 'd38aa58d', '46003790', '5d5de21c', '5d5de21c', '5d5de21c', '4dec0816']"
blk_-7533967560301445446,"['3d91fa85', 'bbb51b95', 'bbb51b95', 'bbb51b95', 'd38aa58d', '46003790', '46003790', '5d5de21c', '5d5de21c', '5d5de21c', 'd38aa58d', '46003790', 'd38aa58d']"
blk_6822470786776623811,"['bbb51b95', 'bbb51b95', 'bbb51b95', '3d91fa85', 'd38aa58d', '46003790', 'd38aa58d', '46003790', '5d5de21c', '5d5de21c', 'd38aa58d', '46003790', '5d5de21c']"
blk_3120486322148731465,"['bbb51b95', '3d91fa85', 'bbb51b95', 'bbb51b95', 'd38aa58d', '46003790', 'd38aa58d', '46003790', 'd38aa58d', '46003790', '5d5de21c', '5d5de21c', '5d5de21c']"
blk_-2749973702240319519,"['bbb51b95', 'bbb51b95', '3d91fa85', 'bbb51b95', 'd38aa58d', '46003790', 'd38aa58d', '46003790', '5d5de21c', '5d5de21c', 'd38aa58d', '46003790', '5d5de21c', 'a333d363']"
blk_895573205224681540,"['bbb51b95', '3d91fa85', 'bbb51b95', 'bbb51b95', 'd38aa58d', '46003790', 'd38aa58d', '46003790', 'd38aa58d', '46003790', '5d5de21c', '5d5de21c', '5d5de21c', '32777b38', '32777b38', 'a333d363', 'a333d363', '4dec0816']"
blk_-2827928564656803007,"['3d91fa85', 'bbb51b95', 'bbb51b95', 'bbb51b95', '5d5de21c', '5d5de21c', '5d5de21c', 'd38aa58d', '46003790', 'd38aa58d', '46003790', 'd38aa58d', '46003790', 'a333d363']"
blk_3212272062975901821,"['bbb51b95', 'bbb51b95', 'bbb51b95', '3d91fa85', 'd38aa58d', '46003790', 'd38aa58d', '46003790', 'd38aa58d', '46003790', '5d5de21c', '5d5de21c', '5d5de21c', 'a333d363']"
blk_8669267483053059347,"['bbb51b95', 'bbb51b95', 'bbb51b95', '3d91fa85', 'd38aa58d', '46003790', 'd38aa58d', '46003790', 'd38aa58d', '46003790', '5d5de21c', '5d5de21c', '5d5de21c']"
blk_500751172356087272,"['bbb51b95', 'bbb51b95', 'bbb51b95', '3d91fa85', 'd38aa58d', '46003790', 'd38aa58d', '46003790', 'd38aa58d', '46003790', '5d5de21c', '5d5de21c', '5d5de21c']"
blk_-5353570352182265033,"['bbb51b95', 'bbb51b95', 'bbb51b95', '3d91fa85', 'd38aa58d', '46003790', 'd38aa58d', '46003790', '5d5de21c', '5d5de21c', 'd38aa58d', '46003790', '5d5de21c']"
blk_841664751686960397,"['3d91fa85', 'bbb51b95', 'bbb51b95', 'bbb51b95', 'd38aa58d', '46003790', '5d5de21c', '5d5de21c', '5d5de21c', 'd38aa58d', '46003790', 'd38aa58d', '46003790']"
blk_-5391427626608654902,"['bbb51b95', 'bbb51b95', '3d91fa85', 'bbb51b95', '46003790', 'd38aa58d', '46003790', '5d5de21c', 'd38aa58d', '5d5de21c', 'd38aa58d', '46003790', '5d5de21c']"
blk_4250476070695815759,"['bbb51b95', '3d91fa85', 'bbb51b95', 'bbb51b95', 'd38aa58d', '46003790', 'd38aa58d', '46003790', 'd38aa58d', '46003790', '5d5de21c', '5d5de21c', '5d5de21c']"
blk_-1748081095679932456,"['bbb51b95', 'bbb51b95', '3d91fa85', 'bbb51b95', 'd38aa58d', '46003790', 'd38aa58d', '46003790', 'd38aa58d', '46003790', '5d5de21c', '5d5de21c', '5d5de21c', 'd63ef163', 'd63ef163', 'd63ef163', 'dba996ef', 'dba996ef', 'dba996ef']"
blk_-756270169493344318,"['bbb51b95', 'bbb51b95', '3d91fa85', 'bbb51b95', 'd38aa58d', '46003790', 'd38aa58d', '46003790', 'd38aa58d', '46003790', '5d5de21c', '5d5de21c', '5d5de21c']"
blk_3146796614060396976,"['bbb51b95', '3d91fa85', 'bbb51b95', 'bbb51b95', 'd38aa58d', '46003790', 'd38aa58d', '46003790', 'd38aa58d', '46003790', '5d5de21c', '5d5de21c', '5d5de21c', '32777b38', 'a333d363']"
blk_5679705745083109023,"['3d91fa85', 'bbb51b95', 'bbb51b95', 'bbb51b95', '5d5de21c', 'd38aa58d', '46003790', 'd38aa58d', '46003790', '5d5de21c', '5d5de21c', 'd38aa58d', '46003790', 'a333d363', '4dec0816']"
blk_6515689523186902544,"['bbb51b95', 'bbb51b95', '3d91fa85', 'bbb51b95', 'd38aa58d', '46003790', '5d5de21c', '5d5de21c', 'd38aa58d', '46003790', 'd38aa58d', '46003790', '5d5de21c', 'a333d363', '4dec0816']"
blk_3357264106636544007,"['3d91fa85', 'bbb51b95', 'bbb51b95', 'bbb51b95', 'd38aa58d', '46003790', 'd38aa58d', '46003790', '5d5de21c', 'd38aa58d', '46003790', '5d5de21c', '5d5de21c']"
blk_-4290451782323217476,"['bbb51b95', 'bbb51b95', '3d91fa85', 'bbb51b95', 'd38aa58d', '46003790', 'd38aa58d', '46003790', 'd38aa58d', '46003790', '5d5de21c', '5d5de21c', '5d5de21c', 'a333d363']"
blk_4543543455917768157,"['bbb51b95', '3d91fa85', 'bbb51b95', 'bbb51b95', 'd38aa58d', '46003790', 'd38aa58d', '46003790', 'd38aa58d', '46003790', '5d5de21c', '5d5de21c', '5d5de21c', 'd63ef163', 'd63ef163', 'd63ef163', 'dba996ef', 'dba996ef', 'dba996ef']"
blk_-2724371594786877820,"['bbb51b95', 'bbb51b95', 'bbb51b95', '3d91fa85', 'd38aa58d', '46003790', 'd38aa58d', '46003790', 'd38aa58d', '46003790', '5d5de21c', '5d5de21c', '5d5de21c']"
blk_-7716010829774678991,"['bbb51b95', 'bbb51b95', 'bbb51b95', '3d91fa85', 'd38aa58d', '46003790', 'd38aa58d', '46003790', 'd38aa58d', '46003790', '5d5de21c', '5d5de21c', '5d5de21c']"
blk_-8111398952090595903,"['bbb51b95', 'bbb51b95', '3d91fa85', 'bbb51b95', '46003790', 'd38aa58d', '46003790', 'd38aa58d', '46003790', 'd38aa58d', '5d5de21c', '5d5de21c', '5d5de21c']"
blk_-7571642823427999038,"['bbb51b95', 'bbb51b95', '3d91fa85', 'bbb51b95', 'd38aa58d', '46003790', 'd38aa58d', '46003790', 'd38aa58d', '46003790', '5d5de21c', '5d5de21c', '5d5de21c', 'a333d363']"
blk_-4512172349449488119,"['bbb51b95', 'bbb51b95', '3d91fa85', 'bbb51b95', 'd38aa58d', '46003790', 'd38aa58d', '46003790', 'd38aa58d', '46003790', '5d5de21c', '5d5de21c', '5d5de21c', 'd63ef163', 'd63ef163', 'd63ef163', 'dba996ef', 'dba996ef', 'dba996ef']"
blk_-9112573654389716778,"['bbb51b95', 'bbb51b95', '3d91fa85', 'bbb51b95', 'd38aa58d', '46003790', 'd38aa58d', '46003790', 'd38aa58d', '46003790', '5d5de21c', '5d5de21c', '5d5de21c']"
blk_-6582682417626806304,"['3d91fa85', 'bbb51b95', 'bbb51b95', 'bbb51b95', '5d5de21c', '5d5de21c', 'd38aa58d', '46003790', 'd38aa58d', '46003790', 'd38aa58d', '46003790', '5d5de21c']"
blk_-2439819143303879893,"['3d91fa85', 'bbb51b95', 'bbb51b95', 'bbb51b95', '5d5de21c', '5d5de21c', '5d5de21c', 'd38aa58d', '46003790', 'd38aa58d', '46003790', 'd38aa58d', '46003790']"
blk_3884137047035753523,"['bbb51b95', '3d91fa85', 'bbb51b95', 'bbb51b95', 'd38aa58d', '46003790', 'd38aa58d', '46003790', 'd38aa58d', '46003790', '5d5de21c', '5d5de21c', '5d5de21c', 'a333d363']"
blk_4988341319374394758,"['3d91fa85', 'bbb51b95', 'bbb51b95', 'bbb51b95', '5d5de21c', '5d5de21c', 'd38aa58d', '46003790', 'd38aa58d', '46003790', '5d5de21c', 'd38aa58d', '46003790']"
blk_3062637205149151583,"['bbb51b95', 'bbb51b95', '3d91fa85', 'bbb51b95', 'd38aa58d', '46003790', 'd38aa58d', '46003790', 'd38aa58d', '46003790', '5d5de21c', '5d5de21c', '5d5de21c']"
blk_-5152707028224428911,"['bbb51b95', 'bbb51b95', '3d91fa85', 'bbb51b95', 'd38aa58d', '46003790', 'd38aa58d', '46003790', 'd38aa58d', '46003790', '5d5de21c', '5d5de21c', '5d5de21c', 'a333d363', '4dec0816']"
blk_3566774290336383794,"['3d91fa85', 'bbb51b95', 'bbb51b95', 'bbb51b95', '5d5de21c', '5d5de21c', '5d5de21c', 'd38aa58d', '46003790', 'd38aa58d', '46003790', 'd38aa58d', '46003790']"
blk_-6397674776938764446,"['bbb51b95', 'bbb51b95', '3d91fa85', 'bbb51b95', 'd38aa58d', '46003790', 'd38aa58d', '46003790', 'd38aa58d', '46003790', '5d5de21c', '5d5de21c', '5d5de21c']"
blk_-2991687937600257476,"['bbb51b95', 'bbb51b95', 'bbb51b95', '3d91fa85', 'd38aa58d', '46003790', 'd38aa58d', '46003790', 'd38aa58d', '46003790', '5d5de21c', '5d5de21c', '5d5de21c', '32777b38']"
blk_1475580925258432278,"['bbb51b95', '3d91fa85', 'bbb51b95', 'bbb51b95', 'd38aa58d', '46003790', '5d5de21c', 'd38aa58d', '46003790', 'd38aa58d', '46003790', '5d5de21c', '5d5de21c']"
blk_6992429758734213275,"['bbb51b95', 'bbb51b95', 'bbb51b95', '3d91fa85', 'd38aa58d', '46003790', 'd38aa58d', '46003790', 'd38aa58d', '46003790', '5d5de21c', '5d5de21c', '5d5de21c', '32777b38']"
blk_8742375836136111046,"['bbb51b95', 'bbb51b95', '3d91fa85', 'bbb51b95', 'd38aa58d', '46003790', 'd38aa58d', '46003790', 'd38aa58d', '46003790', '5d5de21c', '5d5de21c', '5d5de21c']"
blk_-6807710085696183274,"['bbb51b95', '3d91fa85', 'bbb51b95', 'bbb51b95', 'd38aa58d', '46003790', 'd38aa58d', '46003790', 'd38aa58d', '46003790', '5d5de21c', '5d5de21c', '5d5de21c']"
blk_2067965546300759603,"['bbb51b95', '3d91fa85', 'bbb51b95', 'bbb51b95', 'd38aa58d', '46003790', 'd38aa58d', '46003790', 'd38aa58d', '46003790', '5d5de21c', '5d5de21c', '5d5de21c']"
blk_-2258813730989239034,"['3d91fa85', 'bbb51b95', 'bbb51b95', 'bbb51b95', 'd38aa58d', '46003790', 'd38aa58d', '46003790', 'd38aa58d', '46003790', '5d5de21c', '5d5de21c', '5d5de21c', 'd63ef163', 'd63ef163', 'd63ef163', 'dba996ef', 'dba996ef', 'dba996ef']"
blk_-916847834832214865,"['3d91fa85', 'bbb51b95', 'bbb51b95', 'bbb51b95', '5d5de21c', '5d5de21c', 'd38aa58d', '46003790', 'd38aa58d', '46003790', 'd38aa58d', '46003790', '5d5de21c']"
blk_6947534835969578260,"['bbb51b95', 'bbb51b95', 'bbb51b95', '3d91fa85', 'd38aa58d', '46003790', 'd38aa58d', '46003790', 'd38aa58d', '46003790', '5d5de21c', '5d5de21c', '5d5de21c']"
blk_-347456684437285495,"['bbb51b95', 'bbb51b95', '3d91fa85', 'bbb51b95', '5d5de21c', 'd38aa58d', '46003790', 'd38aa58d', '46003790', 'd38aa58d', '46003790', '5d5de21c', '5d5de21c', '32777b38']"
blk_8672313715241658142,"['3d91fa85', 'bbb51b95', 'bbb51b95', 'bbb51b95', '5d5de21c', '5d5de21c', '5d5de21c', 'd38aa58d', '46003790', 'd38aa58d', '46003790', 'd38aa58d', '46003790', 'a333d363', '4dec0816']"
blk_5360473427736901336,"['bbb51b95', 'bbb51b95', 'bbb51b95', '3d91fa85', 'd38aa58d', '46003790', 'd38aa58d', '46003790', 'd38aa58d', '46003790', '5d5de21c', '5d5de21c', '5d5de21c', '32777b38', 'a333d363', '4dec0816', 'a333d363']"
blk_-4950147631536864996,"['bbb51b95', '3d91fa85', 'bbb51b95', 'bbb51b95', 'd38aa58d', '46003790', 'd38aa58d', '46003790', 'd38aa58d', '46003790', '5d5de21c', '5d5de21c', '5d5de21c']"
blk_3466560629291517051,"['bbb51b95', '3d91fa85', 'bbb51b95', 'bbb51b95', 'd38aa58d', '46003790', 'd38aa58d', '46003790', 'd38aa58d', '46003790', '5d5de21c', '5d5de21c', '5d5de21c', '32777b38', 'a333d363', '4dec0816']"
blk_-6241400906411462013,"['bbb51b95', 'bbb51b95', 'bbb51b95', '3d91fa85', 'd38aa58d', '46003790', 'd38aa58d', '46003790', 'd38aa58d', '46003790', '5d5de21c', '5d5de21c', '5d5de21c']"
blk_-1902726151610118593,"['bbb51b95', 'bbb51b95', '3d91fa85', 'bbb51b95', 'd38aa58d', '46003790', 'd38aa58d', '46003790', 'd38aa58d', '46003790', '5d5de21c', '5d5de21c', '5d5de21c']"
blk_-4773866660442839368,"['bbb51b95', '3d91fa85', 'bbb51b95', 'bbb51b95', 'd38aa58d', '46003790', 'd38aa58d', '46003790', 'd38aa58d', '46003790', '5d5de21c', '5d5de21c', '5d5de21c', 'a333d363']"
blk_6591823571822186708,"['bbb51b95', 'bbb51b95', 'bbb51b95', '3d91fa85', 'd38aa58d', '46003790', 'd38aa58d', '46003790', 'd38aa58d', '46003790', '5d5de21c', '5d5de21c', '5d5de21c']"
blk_-9202866778568573717,"['bbb51b95', 'bbb51b95', 'bbb51b95', '3d91fa85', 'd38aa58d', '46003790', '5d5de21c', 'd38aa58d', '46003790', 'd38aa58d', '46003790', '5d5de21c', '5d5de21c']"
blk_9140947420743130554,"['bbb51b95', 'bbb51b95', '3d91fa85', 'bbb51b95', 'd38aa58d', '46003790', 'd38aa58d', '46003790', 'd38aa58d', '46003790', '5d5de21c', '5d5de21c', '5d5de21c']"
blk_3948177932512025135,"['bbb51b95', '3d91fa85', 'bbb51b95', 'bbb51b95', 'd38aa58d', 'd38aa58d', '46003790', '46003790', '5d5de21c', '5d5de21c', 'd38aa58d', '46003790', '5d5de21c']"
blk_7004128577728709643,"['3d91fa85', 'bbb51b95', 'bbb51b95', 'bbb51b95', '5d5de21c', '5d5de21c', '5d5de21c', 'd38aa58d', '46003790', 'd38aa58d', '46003790', 'd38aa58d', '46003790']"
blk_2274044810750949002,"['bbb51b95', 'bbb51b95', 'bbb51b95', '3d91fa85', 'd38aa58d', '46003790', '5d5de21c', 'd38aa58d', '46003790', 'd38aa58d', '46003790', '5d5de21c', '5d5de21c']"
blk_7663920393486727391,"['3d91fa85', 'bbb51b95', 'bbb51b95', 'bbb51b95', '5d5de21c', '5d5de21c', '5d5de21c', 'd38aa58d', '46003790', 'd38aa58d', '46003790', 'd38aa58d', '46003790']"
blk_1491353788757304140,"['bbb51b95', 'bbb51b95', '3d91fa85', 'bbb51b95', 'd38aa58d', '46003790', 'd38aa58d', '46003790', 'd38aa58d', '46003790', '5d5de21c', '5d5de21c', '5d5de21c']"
blk_4958526046029588260,"['bbb51b95', 'bbb51b95', '3d91fa85', 'bbb51b95', 'd38aa58d', 'd38aa58d', '46003790', '46003790', '5d5de21c', '5d5de21c', '5d5de21c', 'd38aa58d', '46003790', '4dec0816']"
blk_-620208026821375986,"['bbb51b95', '3d91fa85', 'bbb51b95', 'bbb51b95', 'd38aa58d', '46003790', '5d5de21c', 'd38aa58d', '46003790', 'd38aa58d', '46003790', '5d5de21c', '5d5de21c', 'a333d363', '4dec0816']"
blk_7880793235037662554,"['3d91fa85', 'bbb51b95', 'bbb51b95', 'bbb51b95', '46003790', '5d5de21c', 'd38aa58d', '46003790', 'd38aa58d', 'd38aa58d', '46003790', '5d5de21c', '5d5de21c']"
blk_8540431758133922035,"['bbb51b95', 'bbb51b95', 'bbb51b95', '3d91fa85', 'd38aa58d', '46003790', 'd38aa58d', '46003790', '5d5de21c', '5d5de21c', 'd38aa58d', '46003790', '5d5de21c']"
blk_3679781506009369640,"['bbb51b95', 'bbb51b95', 'bbb51b95', '3d91fa85', 'd38aa58d', '46003790', 'd38aa58d', '46003790', 'd38aa58d', '46003790', '5d5de21c', '5d5de21c', '5d5de21c']"
blk_-2444160001954743483,"['bbb51b95', 'bbb51b95', '3d91fa85', 'bbb51b95', '46003790', 'd38aa58d', '46003790', 'd38aa58d', '46003790', 'd38aa58d', '5d5de21c', '5d5de21c', '5d5de21c', '32777b38', '32777b38', '32777b38', 'a333d363', 'a333d363', 'a333d363', 'a333d363', 'a333d363', 'a333d363', '4dec0816', 'a333d363', 'a333d363', 'a333d363', 'a333d363', 'a333d363', 'a333d363', 'a333d363', 'a333d363', 'a333d363']"
blk_-3293555304783150937,"['bbb51b95', 'bbb51b95', 'bbb51b95', '3d91fa85', 'd38aa58d', '46003790', 'd38aa58d', '46003790', 'd38aa58d', '46003790', '5d5de21c', '5d5de21c', '5d5de21c']"
blk_-6163257193522012109,"['bbb51b95', 'bbb51b95', '3d91fa85', 'bbb51b95', 'd38aa58d', '46003790', 'd38aa58d', 'd38aa58d', '46003790', '46003790', '5d5de21c', '5d5de21c', '5d5de21c']"
blk_5879837721893297878,"['bbb51b95', '3d91fa85', 'bbb51b95', 'bbb51b95', 'd38aa58d', '46003790', 'd38aa58d', '46003790', 'd38aa58d', '46003790', '5d5de21c', '5d5de21c', '5d5de21c']"
blk_-4054670414413528858,"['bbb51b95', '3d91fa85', 'bbb51b95', 'bbb51b95', 'd38aa58d', '46003790', '5d5de21c', 'd38aa58d', '46003790', 'd38aa58d', '46003790', '5d5de21c', '5d5de21c']"
blk_-5380195165191848441,"['bbb51b95', 'bbb51b95', '3d91fa85', 'bbb51b95', 'd38aa58d', '46003790', 'd38aa58d', '46003790', 'd38aa58d', '46003790', '5d5de21c', '5d5de21c', '5d5de21c']"
blk_-551744973552325002,"['3d91fa85', 'bbb51b95', 'bbb51b95', 'bbb51b95', '5d5de21c', '5d5de21c', '5d5de21c', 'd38aa58d', 'd38aa58d', '46003790', '46003790', 'd38aa58d', '46003790', 'a333d363']"
blk_-1106795325230560979,"['bbb51b95', '3d91fa85', 'bbb51b95', 'bbb51b95', 'd38aa58d', '46003790', 'd38aa58d', '46003790', 'd38aa58d', '46003790', '5d5de21c', '5d5de21c', '5d5de21c']"
blk_6384336597579452800,"['bbb51b95', 'bbb51b95', '3d91fa85', 'bbb51b95', 'd38aa58d', '46003790', 'd38aa58d', '46003790', 'd38aa58d', '46003790', '5d5de21c', '5d5de21c', '5d5de21c']"
blk_-1901966530583597935,"['bbb51b95', '3d91fa85', 'bbb51b95', 'bbb51b95', 'd38aa58d', '46003790', 'd38aa58d', '46003790', '5d5de21c', '5d5de21c', '5d5de21c', 'd38aa58d', '46003790']"
blk_-6626699688557461452,"['bbb51b95', 'bbb51b95', 'bbb51b95', '3d91fa85', '46003790', 'd38aa58d', '46003790', '5d5de21c', 'd38aa58d', '5d5de21c', 'd38aa58d', '46003790', '5d5de21c']"
blk_3671497903641585799,"['3d91fa85', 'bbb51b95', 'bbb51b95', 'bbb51b95', 'd38aa58d', '46003790', 'd38aa58d', '46003790', 'd38aa58d', '46003790', '5d5de21c', '5d5de21c', '5d5de21c']"
blk_133346673640338197,"['bbb51b95', '3d91fa85', 'bbb51b95', 'bbb51b95', 'd38aa58d', '46003790', 'd38aa58d', '46003790', 'd38aa58d', '46003790', '5d5de21c', '5d5de21c', '5d5de21c']"
blk_-6841015718464451801,"['3d91fa85', 'bbb51b95', 'bbb51b95', 'bbb51b95', '5d5de21c', '5d5de21c', '5d5de21c', 'd38aa58d', '46003790', 'd38aa58d', '46003790', 'd38aa58d', '46003790', '32777b38', '32777b38']"
blk_-4535170088975852247,"['3d91fa85', 'bbb51b95', 'bbb51b95', 'bbb51b95', 'd38aa58d', '46003790', 'd38aa58d', '46003790', 'd38aa58d', '46003790', '5d5de21c', '5d5de21c', '5d5de21c']"
blk_-7831569158919497978,"['3d91fa85', 'bbb51b95', 'bbb51b95', 'bbb51b95', '5d5de21c', '5d5de21c', '5d5de21c', 'd38aa58d', '46003790', 'd38aa58d', '46003790', 'd38aa58d', '46003790']"
blk_964617508083423379,"['3d91fa85', 'bbb51b95', 'bbb51b95', 'bbb51b95', 'd38aa58d', '46003790', '5d5de21c', 'd38aa58d', '46003790', '5d5de21c', '5d5de21c', 'd38aa58d', '46003790']"
blk_4589214505052112710,"['3d91fa85', 'bbb51b95', 'bbb51b95', 'bbb51b95', 'd38aa58d', '46003790', 'd38aa58d', '46003790', '5d5de21c', '5d5de21c', '5d5de21c', 'd38aa58d', '46003790', 'a333d363']"
blk_-1797708940229631153,"['bbb51b95', 'bbb51b95', 'bbb51b95', '3d91fa85', 'd38aa58d', 'd38aa58d', '46003790', '46003790', 'd38aa58d', '46003790', '5d5de21c', '5d5de21c', '5d5de21c', '4dec0816']"
blk_7366769814243884670,"['bbb51b95', 'bbb51b95', 'bbb51b95', '3d91fa85', 'd38aa58d', '46003790', 'd38aa58d', '46003790', 'd38aa58d', '46003790', '5d5de21c', '5d5de21c', '5d5de21c']"
blk_7436414481170476682,"['bbb51b95', '3d91fa85', 'bbb51b95', 'bbb51b95', 'd38aa58d', '46003790', 'd38aa58d', '46003790', '5d5de21c', '5d5de21c', 'd38aa58d', '46003790', '5d5de21c']"
blk_-4273039016610287660,"['bbb51b95', '3d91fa85', 'bbb51b95', 'bbb51b95', 'd38aa58d', '46003790', 'd38aa58d', '46003790', 'd38aa58d', '46003790', '5d5de21c', '5d5de21c', '5d5de21c']"
blk_2330492910274541788,"['bbb51b95', 'bbb51b95', '3d91fa85', 'bbb51b95', '5d5de21c', 'd38aa58d', '46003790', 'd38aa58d', '46003790', 'd38aa58d', '46003790', '5d5de21c', '5d5de21c', '32777b38']"
blk_-518533615642728877,"['bbb51b95', 'bbb51b95', 'bbb51b95', '3d91fa85', 'd38aa58d', '46003790', 'd38aa58d', '46003790', 'd38aa58d', '46003790', '5d5de21c', '5d5de21c', '5d5de21c', 'd63ef163', 'd63ef163', 'd63ef163', 'dba996ef', 'dba996ef', 'dba996ef']"
blk_1781450259419721043,"['3d91fa85', 'bbb51b95', 'bbb51b95', 'bbb51b95', '5d5de21c', '5d5de21c', '5d5de21c', 'd38aa58d', '46003790', 'd38aa58d', '46003790', 'd38aa58d', '46003790', 'a333d363', '4dec0816', 'a333d363']"
blk_4578798094936027450,"['bbb51b95', 'bbb51b95', 'bbb51b95', '3d91fa85', 'd38aa58d', '46003790', 'd38aa58d', '46003790', 'd38aa58d', '46003790', '5d5de21c', '5d5de21c', '5d5de21c', '4dec0816']"
blk_6798913087170591444,"['bbb51b95', 'bbb51b95', 'bbb51b95', '3d91fa85', 'd38aa58d', '46003790', 'd38aa58d', '46003790', 'd38aa58d', '46003790', '5d5de21c', '5d5de21c', '5d5de21c']"
blk_9180078555829107315,"['bbb51b95', '3d91fa85', 'bbb51b95', 'bbb51b95', 'd38aa58d', '46003790', 'd38aa58d', '46003790', 'd38aa58d', '46003790', '5d5de21c', '5d5de21c', '5d5de21c', 'a333d363']"
blk_-6231180371341179448,"['3d91fa85', 'bbb51b95', 'bbb51b95', 'bbb51b95', 'd38aa58d', '46003790', 'd38aa58d', 'd38aa58d', '46003790', '46003790', '5d5de21c', '5d5de21c', '5d5de21c', '32777b38', '32777b38']"
blk_-9095302590126069546,"['bbb51b95', 'bbb51b95', '3d91fa85', 'bbb51b95', 'd38aa58d', '46003790', 'd38aa58d', '46003790', 'd38aa58d', '46003790', '5d5de21c', '5d5de21c', '5d5de21c']"
blk_-7179592639660747619,"['bbb51b95', 'bbb51b95', 'bbb51b95', '3d91fa85', 'd38aa58d', '46003790', 'd38aa58d', '46003790', 'd38aa58d', '46003790', '5d5de21c', '5d5de21c', '5d5de21c']"
blk_7405581290273233128,"['bbb51b95', 'bbb51b95', '3d91fa85', 'bbb51b95', 'd38aa58d', '46003790', 'd38aa58d', '46003790', '5d5de21c', '5d5de21c', 'd38aa58d', '46003790', '5d5de21c']"
blk_-279039312354840923,"['bbb51b95', '3d91fa85', 'bbb51b95', 'bbb51b95', 'd38aa58d', '46003790', 'd38aa58d', '46003790', 'd38aa58d', '46003790', '5d5de21c', '5d5de21c', '5d5de21c']"
blk_5311825588329871614,"['3d91fa85', 'bbb51b95', 'bbb51b95', 'bbb51b95', '5d5de21c', '5d5de21c', '5d5de21c', 'd38aa58d', '46003790', 'd38aa58d', '46003790', 'd38aa58d', '46003790']"
blk_-7155871514191349293,"['3d91fa85', 'bbb51b95', 'bbb51b95', 'bbb51b95', '5d5de21c', 'd38aa58d', '46003790', '5d5de21c', '5d5de21c', 'd38aa58d', '46003790', 'd38aa58d', '46003790', '32777b38']"
blk_-4980717691559878900,"['bbb51b95', 'bbb51b95', 'bbb51b95', '3d91fa85', '46003790', 'd38aa58d', '46003790', 'd38aa58d', '46003790', '5d5de21c', 'd38aa58d', '5d5de21c', '5d5de21c', 'a333d363']"
blk_-6625334945304545328,"['bbb51b95', 'bbb51b95', 'bbb51b95', '3d91fa85', 'd38aa58d', '46003790', 'd38aa58d', '46003790', 'd38aa58d', '46003790', '5d5de21c', '5d5de21c', '5d5de21c']"
blk_1588129548666038975,"['bbb51b95', '3d91fa85', 'bbb51b95', 'bbb51b95', 'd38aa58d', '46003790', 'd38aa58d', '46003790', '5d5de21c', 'd38aa58d', '46003790', '5d5de21c', '5d5de21c', '32777b38', '32777b38']"
blk_-1196941563755957308,"['3d91fa85', 'bbb51b95', 'bbb51b95', 'bbb51b95', '5d5de21c', 'd38aa58d', '46003790', '5d5de21c', '5d5de21c', 'd38aa58d', '46003790', 'd38aa58d', '46003790', '32777b38']"
blk_-6132074963959812654,"['bbb51b95', '3d91fa85', 'bbb51b95', 'bbb51b95', 'd38aa58d', '46003790', 'd38aa58d', '46003790', '5d5de21c', '5d5de21c', 'd38aa58d', '46003790', '5d5de21c', 'd63ef163', 'd63ef163', 'd63ef163', 'dba996ef', 'dba996ef', 'dba996ef']"
blk_940048203681337626,"['3d91fa85', 'bbb51b95', 'bbb51b95', 'bbb51b95', '5d5de21c', '5d5de21c', '5d5de21c', 'd38aa58d', '46003790', 'd38aa58d', '46003790', 'd38aa58d', '46003790', '32777b38']"
blk_-5107131240613591936,"['bbb51b95', '3d91fa85', 'bbb51b95', 'bbb51b95', 'd38aa58d', '46003790', 'd38aa58d', '46003790', 'd38aa58d', '46003790', '5d5de21c', '5d5de21c', '5d5de21c', 'a333d363', '4dec0816']"
blk_3369950469284714051,"['3d91fa85', 'bbb51b95', 'bbb51b95', 'bbb51b95', '5d5de21c', '5d5de21c', 'd38aa58d', '46003790', 'd38aa58d', '46003790', '5d5de21c', 'd38aa58d', '46003790']"
blk_9090029496198450637,"['bbb51b95', '3d91fa85', 'bbb51b95', 'bbb51b95', 'd38aa58d', '46003790', 'd38aa58d', '46003790', 'd38aa58d', '46003790', '5d5de21c', '5d5de21c', '5d5de21c', 'd63ef163', 'd63ef163', 'd63ef163', 'dba996ef', 'dba996ef', 'dba996ef']"
blk_-2335050926991255594,"['bbb51b95', 'bbb51b95', '3d91fa85', 'bbb51b95', 'd38aa58d', '46003790', 'd38aa58d', '46003790', 'd38aa58d', '46003790', '5d5de21c', '5d5de21c', '5d5de21c', '4dec0816']"
blk_8324943035382523461,"['bbb51b95', '3d91fa85', 'bbb51b95', 'bbb51b95', 'd38aa58d', '46003790', 'd38aa58d', '46003790', 'd38aa58d', '46003790', '5d5de21c', '5d5de21c', '5d5de21c']"
blk_4986819728121590076,"['bbb51b95', '3d91fa85', 'bbb51b95', 'bbb51b95', 'd38aa58d', '46003790', 'd38aa58d', '46003790', 'd38aa58d', '46003790', '5d5de21c', '5d5de21c', '5d5de21c']"
blk_-442835876457167760,"['bbb51b95', '3d91fa85', 'bbb51b95', 'bbb51b95', 'd38aa58d', '46003790', 'd38aa58d', '46003790', '5d5de21c', 'd38aa58d', '46003790', '5d5de21c', '5d5de21c', 'a333d363', '4dec0816']"
blk_3055843674966143590,"['bbb51b95', 'bbb51b95', 'bbb51b95', '3d91fa85', 'd38aa58d', '46003790', 'd38aa58d', '46003790', 'd38aa58d', '46003790', '5d5de21c', '5d5de21c', '5d5de21c', '32777b38', '32777b38']"
blk_1800216981047589021,"['bbb51b95', '3d91fa85', 'bbb51b95', 'bbb51b95', 'd38aa58d', '46003790', '5d5de21c', '5d5de21c', 'd38aa58d', '46003790', 'd38aa58d', '46003790', '5d5de21c']"
blk_1708909874055313014,"['bbb51b95', 'bbb51b95', 'bbb51b95', '3d91fa85', 'd38aa58d', '46003790', 'd38aa58d', '46003790', 'd38aa58d', '46003790', '5d5de21c', '5d5de21c', '5d5de21c', '32777b38']"
blk_-6260847834398882487,"['bbb51b95', 'bbb51b95', '3d91fa85', 'bbb51b95', 'd38aa58d', '46003790', 'd38aa58d', '46003790', 'd38aa58d', '46003790', '5d5de21c', '5d5de21c', '5d5de21c', 'd63ef163', 'd63ef163', 'd63ef163', 'dba996ef', 'dba996ef', 'dba996ef']"
blk_8511665893782547093,"['bbb51b95', 'bbb51b95', 'bbb51b95', '3d91fa85', 'd38aa58d', '46003790', 'd38aa58d', '46003790', 'd38aa58d', '46003790', '5d5de21c', '5d5de21c', '5d5de21c']"
blk_7370248245457901737,"['bbb51b95', 'bbb51b95', 'bbb51b95', '3d91fa85', 'd38aa58d', '46003790', 'd38aa58d', '46003790', 'd38aa58d', '46003790', '5d5de21c', '5d5de21c', '5d5de21c']"
blk_8711076503338807333,"['3d91fa85', 'bbb51b95', 'bbb51b95', 'bbb51b95', '5d5de21c', '5d5de21c', 'd38aa58d', '46003790', 'd38aa58d', '46003790', 'd38aa58d', '46003790', '5d5de21c']"
blk_-7906327619730700049,"['3d91fa85', 'bbb51b95', 'bbb51b95', 'bbb51b95', '5d5de21c', '5d5de21c', '5d5de21c', 'd38aa58d', '46003790', 'd38aa58d', '46003790', 'd38aa58d', '46003790']"
blk_194626696959819525,"['3d91fa85', 'bbb51b95', 'bbb51b95', 'bbb51b95', '5d5de21c', '5d5de21c', 'd38aa58d', '46003790', 'd38aa58d', '46003790', '5d5de21c', 'd38aa58d', '46003790', 'a333d363']"
blk_-1894526948202185208,"['bbb51b95', 'bbb51b95', '3d91fa85', 'bbb51b95', 'd38aa58d', '46003790', 'd38aa58d', '46003790', '5d5de21c', '5d5de21c', 'd38aa58d', '46003790', '5d5de21c', '32777b38', '32777b38']"
blk_4907431909003501852,"['3d91fa85', 'bbb51b95', 'bbb51b95', 'bbb51b95', '5d5de21c', '5d5de21c', '5d5de21c', 'd38aa58d', '46003790', 'd38aa58d', '46003790', 'd38aa58d', '46003790']"
blk_-3335479312649610129,"['3d91fa85', 'bbb51b95', 'bbb51b95', 'bbb51b95', '5d5de21c', '5d5de21c', 'd38aa58d', '46003790', 'd38aa58d', '46003790', 'd38aa58d', '46003790', '5d5de21c']"
blk_3318213054968393434,"['bbb51b95', 'bbb51b95', 'bbb51b95', '3d91fa85', 'd38aa58d', '46003790', 'd38aa58d', '46003790', 'd38aa58d', '46003790', '5d5de21c', '5d5de21c', '5d5de21c']"
blk_-7031349233899392318,"['bbb51b95', 'bbb51b95', 'bbb51b95', '3d91fa85', 'd38aa58d', '46003790', 'd38aa58d', '46003790', '5d5de21c', '5d5de21c', 'd38aa58d', '46003790', '5d5de21c']"
blk_-7512204164413579588,"['3d91fa85', 'bbb51b95', 'bbb51b95', 'bbb51b95', 'd38aa58d', '46003790', 'd38aa58d', '46003790', 'd38aa58d', '46003790', '5d5de21c', '5d5de21c', '5d5de21c']"
blk_4311838705410109180,"['3d91fa85', 'bbb51b95', 'bbb51b95', 'bbb51b95', '5d5de21c', '5d5de21c', '5d5de21c', 'd38aa58d', '46003790', 'd38aa58d', '46003790', 'd38aa58d', '46003790']"
blk_80938626574888744,"['bbb51b95', '3d91fa85', 'bbb51b95', 'bbb51b95', 'd38aa58d', '46003790', 'd38aa58d', '46003790', 'd38aa58d', '46003790', '5d5de21c', '5d5de21c', '5d5de21c', 'a333d363']"
blk_-7863118511479684876,"['bbb51b95', '3d91fa85', 'bbb51b95', 'bbb51b95', '5d5de21c', '5d5de21c', '5d5de21c', 'd38aa58d', '46003790', 'd38aa58d', 'd38aa58d', '46003790', '46003790', 'd63ef163', 'd63ef163', 'd63ef163', 'dba996ef', 'dba996ef', 'dba996ef']"
blk_-7239645519935232192,"['bbb51b95', 'bbb51b95', 'bbb51b95', '3d91fa85', 'd38aa58d', '46003790', 'd38aa58d', '46003790', 'd38aa58d', '46003790', '5d5de21c', '5d5de21c', '5d5de21c', 'a333d363', '4dec0816']"
blk_-6698415051350994451,"['bbb51b95', '3d91fa85', 'bbb51b95', 'bbb51b95', 'd38aa58d', '46003790', 'd38aa58d', '46003790', 'd38aa58d', '46003790', '5d5de21c', '5d5de21c', '5d5de21c']"
blk_-2094114245751637715,"['bbb51b95', '3d91fa85', 'bbb51b95', 'bbb51b95', 'd38aa58d', '46003790', '5d5de21c', '5d5de21c', '5d5de21c', 'd38aa58d', '46003790', 'd38aa58d', '46003790']"
blk_-7732211424883615901,"['bbb51b95', 'bbb51b95', 'bbb51b95', '3d91fa85', 'd38aa58d', '46003790', 'd38aa58d', '46003790', 'd38aa58d', '46003790', '5d5de21c', '5d5de21c', '5d5de21c', '32777b38']"
blk_262629159955132820,"['bbb51b95', '3d91fa85', 'bbb51b95', 'bbb51b95', 'd38aa58d', '46003790', 'd38aa58d', '46003790', '46003790', '5d5de21c', '5d5de21c', '5d5de21c', 'd38aa58d', 'd63ef163', 'd63ef163', 'd63ef163', 'dba996ef', 'dba996ef', 'dba996ef']"
blk_-9192660033996618477,"['bbb51b95', 'bbb51b95', '3d91fa85', 'bbb51b95', 'd38aa58d', '46003790', 'd38aa58d', '46003790', 'd38aa58d', '46003790', '5d5de21c', '5d5de21c', '5d5de21c']"
blk_-1770760484501112137,"['bbb51b95', '3d91fa85', 'bbb51b95', 'bbb51b95', 'd38aa58d', '46003790', 'd38aa58d', '46003790', 'd38aa58d', '46003790', '5d5de21c', '5d5de21c', '5d5de21c', 'd63ef163', 'd63ef163', 'd63ef163', 'dba996ef', 'dba996ef', 'dba996ef']"
blk_33233331213406232,"['bbb51b95', '3d91fa85', 'bbb51b95', 'bbb51b95', 'd38aa58d', '46003790', 'd38aa58d', '46003790', 'd38aa58d', '46003790', '5d5de21c', '5d5de21c', '5d5de21c', 'd63ef163', 'd63ef163', 'd63ef163', 'dba996ef', 'dba996ef', 'dba996ef']"
blk_3365009645906177926,"['bbb51b95', '3d91fa85', 'bbb51b95', 'bbb51b95', 'd38aa58d', '46003790', 'd38aa58d', '46003790', 'd38aa58d', '46003790', '5d5de21c', '5d5de21c', '5d5de21c']"
blk_4745289058577390582,"['3d91fa85', 'bbb51b95', 'bbb51b95', 'bbb51b95', '5d5de21c', 'd38aa58d', '46003790', '5d5de21c', 'd38aa58d', '46003790', '5d5de21c', 'd38aa58d', '46003790']"
blk_671791468156664917,"['3d91fa85', 'bbb51b95', 'bbb51b95', 'bbb51b95', '5d5de21c', '5d5de21c', '5d5de21c', 'd38aa58d', '46003790', 'd38aa58d', '46003790', 'd38aa58d', '46003790', 'a333d363', 'a333d363', '4dec0816']"
blk_7032974289306823133,"['bbb51b95', 'bbb51b95', 'bbb51b95', '3d91fa85', 'd38aa58d', '46003790', 'd38aa58d', '46003790', '5d5de21c', '5d5de21c', '5d5de21c', 'd38aa58d', '46003790']"
blk_3155397630943494749,"['bbb51b95', '3d91fa85', 'bbb51b95', 'bbb51b95', 'd38aa58d', '46003790', 'd38aa58d', '46003790', 'd38aa58d', '46003790', '5d5de21c', '5d5de21c', '5d5de21c']"
blk_5610340939024925969,"['bbb51b95', '3d91fa85', 'bbb51b95', 'bbb51b95', 'd38aa58d', '46003790', 'd38aa58d', '46003790', 'd38aa58d', '46003790', '5d5de21c', '5d5de21c', '5d5de21c', 'a333d363']"
blk_8223024669447846632,"['bbb51b95', 'bbb51b95', '3d91fa85', 'bbb51b95', 'd38aa58d', '46003790', 'd38aa58d', '46003790', 'd38aa58d', '46003790', '5d5de21c', '5d5de21c', '5d5de21c', '32777b38', '32777b38', '32777b38', 'a333d363']"
blk_-363273626580745405,"['bbb51b95', 'bbb51b95', 'bbb51b95', '3d91fa85', 'd38aa58d', '46003790', 'd38aa58d', '46003790', 'd38aa58d', '46003790', '5d5de21c', '5d5de21c', '5d5de21c']"
blk_1708447637249458391,"['3d91fa85', 'bbb51b95', 'bbb51b95', 'bbb51b95', '5d5de21c', '5d5de21c', '5d5de21c', 'd38aa58d', '46003790', 'd38aa58d', '46003790', 'd38aa58d', '46003790']"
blk_4958827815142625834,"['bbb51b95', 'bbb51b95', '3d91fa85', 'bbb51b95', 'd38aa58d', '46003790', 'd38aa58d', '46003790', 'd38aa58d', '46003790', '5d5de21c', '5d5de21c', '5d5de21c']"
blk_-933512214233668771,"['3d91fa85', 'bbb51b95', 'bbb51b95', 'bbb51b95', '5d5de21c', 'd38aa58d', '46003790', 'd38aa58d', '46003790', 'd38aa58d', '46003790', '5d5de21c', '5d5de21c', 'a333d363']"
blk_7844060917728201672,"['3d91fa85', 'bbb51b95', 'bbb51b95', 'bbb51b95', '5d5de21c', '5d5de21c', 'd38aa58d', '46003790', 'd38aa58d', '46003790', '5d5de21c', 'd38aa58d', '46003790']"
blk_8459033074944757869,"['bbb51b95', 'bbb51b95', 'bbb51b95', '3d91fa85', 'd38aa58d', '46003790', '5d5de21c', 'd38aa58d', '46003790', 'd38aa58d', '46003790', '5d5de21c', '5d5de21c']"
blk_-8787494962215623909,"['3d91fa85', 'bbb51b95', 'bbb51b95', 'bbb51b95', '5d5de21c', '5d5de21c', '5d5de21c', 'd38aa58d', '46003790', 'd38aa58d', '46003790', 'd38aa58d', '46003790', '32777b38', 'a333d363']"
blk_-7618342367957829148,"['3d91fa85', 'bbb51b95', 'bbb51b95', 'bbb51b95', '46003790', '5d5de21c', '5d5de21c', '5d5de21c', 'd38aa58d', 'd38aa58d', '46003790', 'd38aa58d', '46003790']"
blk_-1827360895626743580,"['3d91fa85', 'bbb51b95', 'bbb51b95', 'bbb51b95', '5d5de21c', '5d5de21c', '46003790', 'd38aa58d', '46003790', 'd38aa58d', '5d5de21c', 'd38aa58d', '46003790']"
blk_3391968916913480451,"['bbb51b95', 'bbb51b95', 'bbb51b95', '3d91fa85', 'd38aa58d', '46003790', 'd38aa58d', '46003790', 'd38aa58d', '46003790', '5d5de21c', '5d5de21c', '5d5de21c']"
blk_4480148060113358974,"['3d91fa85', 'bbb51b95', 'bbb51b95', 'bbb51b95', 'd38aa58d', '46003790', 'd38aa58d', '46003790', '5d5de21c', '5d5de21c', 'd38aa58d', '46003790', '5d5de21c', '32777b38', 'a333d363', 'a333d363']"
blk_-9024517572212592285,"['3d91fa85', 'bbb51b95', 'bbb51b95', 'bbb51b95', '5d5de21c', '5d5de21c', 'd38aa58d', '46003790', 'd38aa58d', '46003790', 'd38aa58d', '46003790', '5d5de21c']"
blk_9177790998174230024,"['bbb51b95', '3d91fa85', 'bbb51b95', 'bbb51b95', 'd38aa58d', '46003790', '46003790', 'd38aa58d', '46003790', '5d5de21c', '5d5de21c', 'd38aa58d', '5d5de21c', 'a333d363']"
blk_6185080588442558564,"['3d91fa85', 'bbb51b95', 'bbb51b95', 'bbb51b95', '5d5de21c', '5d5de21c', '5d5de21c', 'd38aa58d', '46003790', 'd38aa58d', '46003790', 'd38aa58d', '46003790']"
blk_1207290502700902940,"['bbb51b95', 'bbb51b95', 'bbb51b95', '3d91fa85', 'd38aa58d', '46003790', 'd38aa58d', '46003790', '5d5de21c', '5d5de21c', 'd38aa58d', '46003790', '5d5de21c', 'd63ef163', 'd63ef163', 'd63ef163', 'dba996ef', 'dba996ef', 'dba996ef']"
blk_8915260784122001996,"['bbb51b95', '3d91fa85', 'bbb51b95', 'bbb51b95', 'd38aa58d', '46003790', 'd38aa58d', '46003790', 'd38aa58d', '46003790', '5d5de21c', '5d5de21c', '5d5de21c']"
blk_-7198468000066401001,"['3d91fa85', 'bbb51b95', 'bbb51b95', 'bbb51b95', '5d5de21c', 'd38aa58d', '46003790', '5d5de21c', '5d5de21c', 'd38aa58d', '46003790', 'd38aa58d', '46003790']"
blk_3960167610282673072,"['bbb51b95', '3d91fa85', 'bbb51b95', 'bbb51b95', 'd38aa58d', '46003790', 'd38aa58d', '46003790', 'd38aa58d', '46003790', '5d5de21c', '5d5de21c', '5d5de21c', '4dec0816']"
blk_-5056424066149725037,"['3d91fa85', 'bbb51b95', 'bbb51b95', 'bbb51b95', '5d5de21c', '5d5de21c', '5d5de21c', 'd38aa58d', '46003790', 'd38aa58d', '46003790', 'd38aa58d', '46003790']"
blk_-8994108453739668991,"['3d91fa85', 'bbb51b95', 'bbb51b95', 'bbb51b95', '5d5de21c', '5d5de21c', '5d5de21c', 'd38aa58d', '46003790', 'd38aa58d', '46003790', 'd38aa58d', '46003790', 'a333d363']"
blk_2114757515447330828,"['3d91fa85', 'bbb51b95', 'bbb51b95', 'bbb51b95', '5d5de21c', '5d5de21c', '5d5de21c', 'd38aa58d', '46003790', 'd38aa58d', '46003790', 'd38aa58d', '46003790']"
blk_5246396946576961487,"['bbb51b95', '3d91fa85', 'bbb51b95', 'bbb51b95', 'd38aa58d', '46003790', 'd38aa58d', '46003790', 'd38aa58d', '46003790', '5d5de21c', '5d5de21c', '5d5de21c']"
blk_-5740678625478795134,"['bbb51b95', 'bbb51b95', 'bbb51b95', '3d91fa85', 'd38aa58d', '46003790', 'd38aa58d', '46003790', 'd38aa58d', '46003790', '5d5de21c', '5d5de21c', '5d5de21c', 'a333d363', '4dec0816']"
blk_-2703554048123214736,"['3d91fa85', 'bbb51b95', 'bbb51b95', 'bbb51b95', 'd38aa58d', '46003790', 'd38aa58d', '46003790', '5d5de21c', '5d5de21c', 'd38aa58d', '46003790', '5d5de21c']"
blk_-15599049354976433,"['bbb51b95', '3d91fa85', 'bbb51b95', 'bbb51b95', 'd38aa58d', '46003790', 'd38aa58d', 'd38aa58d', '46003790', '46003790', '5d5de21c', '5d5de21c', '5d5de21c']"
blk_-4553501201170168727,"['bbb51b95', '3d91fa85', 'bbb51b95', 'bbb51b95', 'd38aa58d', '46003790', 'd38aa58d', '46003790', 'd38aa58d', '46003790', '5d5de21c', '5d5de21c', '5d5de21c']"
blk_-8092366400590029157,"['bbb51b95', 'bbb51b95', '3d91fa85', 'bbb51b95', 'd38aa58d', '46003790', 'd38aa58d', '46003790', 'd38aa58d', '46003790', '5d5de21c', '5d5de21c', '5d5de21c']"
blk_1063179479199552193,"['bbb51b95', 'bbb51b95', 'bbb51b95', '3d91fa85', '46003790', 'd38aa58d', '46003790', 'd38aa58d', 'd38aa58d', '46003790', '5d5de21c', '5d5de21c', '5d5de21c', 'd63ef163', 'd63ef163', 'd63ef163', 'dba996ef', 'dba996ef', 'dba996ef']"
blk_8255157528022886946,"['3d91fa85', 'bbb51b95', 'bbb51b95', 'bbb51b95', 'd38aa58d', '46003790', 'd38aa58d', '46003790', '5d5de21c', '5d5de21c', 'd38aa58d', '46003790', '5d5de21c']"
blk_7540497050609699891,"['bbb51b95', '3d91fa85', 'bbb51b95', 'bbb51b95', 'd38aa58d', '46003790', 'd38aa58d', '46003790', 'd38aa58d', '46003790', '5d5de21c', '5d5de21c', '5d5de21c']"
blk_6923263689011924650,"['bbb51b95', 'bbb51b95', 'bbb51b95', '3d91fa85', 'd38aa58d', '46003790', 'd38aa58d', '46003790', '5d5de21c', '5d5de21c', 'd38aa58d', '46003790', '5d5de21c']"
blk_5459450368301882301,"['3d91fa85', 'bbb51b95', 'bbb51b95', 'bbb51b95', '5d5de21c', '5d5de21c', '5d5de21c', 'd38aa58d', '46003790', 'd38aa58d', '46003790', 'd38aa58d', '46003790']"
blk_-7375121379324743085,"['bbb51b95', '3d91fa85', 'bbb51b95', 'bbb51b95', 'd38aa58d', '46003790', 'd38aa58d', '46003790', 'd38aa58d', '46003790', '5d5de21c', '5d5de21c', '5d5de21c', '32777b38']"
blk_-5357165444811048723,"['bbb51b95', 'bbb51b95', 'bbb51b95', '3d91fa85', 'd38aa58d', '46003790', 'd38aa58d', '46003790', 'd38aa58d', '46003790', '5d5de21c', '5d5de21c', '5d5de21c', '32777b38', 'a333d363', 'a333d363', '4dec0816']"
blk_235029929291620526,"['3d91fa85', 'bbb51b95', 'bbb51b95', 'bbb51b95', '5d5de21c', '5d5de21c', '5d5de21c', 'd38aa58d', '46003790', 'd38aa58d', '46003790', 'd38aa58d', '46003790']"
blk_801849730577255934,"['bbb51b95', 'bbb51b95', 'bbb51b95', '3d91fa85', 'd38aa58d', '46003790', 'd38aa58d', '46003790', 'd38aa58d', '46003790', '5d5de21c', '5d5de21c', '5d5de21c', 'd63ef163', 'd63ef163', 'd63ef163', 'dba996ef', 'dba996ef', 'dba996ef']"
blk_-5057779551149953606,"['bbb51b95', 'bbb51b95', 'bbb51b95', '3d91fa85', 'd38aa58d', '46003790', 'd38aa58d', '46003790', 'd38aa58d', '46003790', '5d5de21c', '5d5de21c', '5d5de21c']"
blk_-5319880083128568675,"['3d91fa85', 'bbb51b95', 'bbb51b95', 'bbb51b95', '5d5de21c', '5d5de21c', '5d5de21c', 'd38aa58d', 'd38aa58d', '46003790', '46003790', 'd38aa58d', '46003790']"
blk_-3120945275594611571,"['bbb51b95', 'bbb51b95', '3d91fa85', 'bbb51b95', 'd38aa58d', '46003790', 'd38aa58d', '46003790', 'd38aa58d', '46003790', '5d5de21c', '5d5de21c', '5d5de21c']"
blk_4486864602162526455,"['bbb51b95', 'bbb51b95', '3d91fa85', 'bbb51b95', '46003790', 'd38aa58d', '46003790', '5d5de21c', 'd38aa58d', 'd38aa58d', '46003790', '5d5de21c', '5d5de21c', 'a333d363', '4dec0816']"
blk_-7911463493785581853,"['bbb51b95', '3d91fa85', 'bbb51b95', 'bbb51b95', 'd38aa58d', '46003790', 'd38aa58d', '46003790', 'd38aa58d', '46003790', '5d5de21c', '5d5de21c', '5d5de21c', '32777b38', '32777b38', '32777b38', 'a333d363', '4dec0816', 'a333d363', 'a333d363', 'a333d363', 'a333d363', 'a333d363', 'a333d363', 'a333d363', 'a333d363', 'a333d363', 'a333d363', 'a333d363', 'a333d363', 'a333d363', 'a333d363']"
blk_-3240068637661859176,"['bbb51b95', '3d91fa85', 'bbb51b95', 'bbb51b95', 'd38aa58d', '46003790', 'd38aa58d', '46003790', 'd38aa58d', '46003790', '5d5de21c', '5d5de21c', '5d5de21c']"
blk_-9076655105652069587,"['bbb51b95', 'bbb51b95', '3d91fa85', 'bbb51b95', 'd38aa58d', '46003790', 'd38aa58d', '46003790', '5d5de21c', '5d5de21c', 'd38aa58d', '46003790', '5d5de21c']"
blk_2947675330666881132,"['bbb51b95', 'bbb51b95', '3d91fa85', 'd38aa58d', '46003790', 'bbb51b95', 'd38aa58d', 'd38aa58d', '46003790', '46003790', '5d5de21c', '5d5de21c', '5d5de21c', '4dec0816']"
blk_-380877215107446019,"['bbb51b95', 'bbb51b95', '3d91fa85', 'bbb51b95', 'd38aa58d', '46003790', 'd38aa58d', '46003790', 'd38aa58d', '46003790', '5d5de21c', '5d5de21c', '5d5de21c', '4dec0816']"
blk_-6415567549797196215,"['bbb51b95', '3d91fa85', 'bbb51b95', 'bbb51b95', '46003790', '5d5de21c', 'd38aa58d', 'd38aa58d', '46003790', 'd38aa58d', '46003790', '5d5de21c', '5d5de21c']"
blk_3155502432476409162,"['bbb51b95', '3d91fa85', 'bbb51b95', 'bbb51b95', 'd38aa58d', '46003790', 'd38aa58d', '46003790', '5d5de21c', '5d5de21c', 'd38aa58d', '46003790', '5d5de21c']"
blk_1664075329064878625,"['bbb51b95', 'bbb51b95', '3d91fa85', 'bbb51b95', 'd38aa58d', '46003790', 'd38aa58d', '46003790', '46003790', '5d5de21c', '5d5de21c', 'd38aa58d', '5d5de21c']"
blk_160005384496196205,"['3d91fa85', 'bbb51b95', 'bbb51b95', 'bbb51b95', '5d5de21c', '5d5de21c', 'd38aa58d', '46003790', 'd38aa58d', '46003790', 'd38aa58d', '46003790', '5d5de21c']"
blk_-4924152320041467215,"['bbb51b95', 'bbb51b95', '3d91fa85', 'bbb51b95', 'd38aa58d', '46003790', 'd38aa58d', '46003790', 'd38aa58d', '46003790', '5d5de21c', '5d5de21c', '5d5de21c']"
blk_8805561812149628584,"['bbb51b95', 'bbb51b95', '3d91fa85', 'bbb51b95', 'd38aa58d', '46003790', 'd38aa58d', '46003790', 'd38aa58d', '46003790', '5d5de21c', '5d5de21c', '5d5de21c', 'a333d363', '4dec0816']"
blk_1776324992366900249,"['3d91fa85', 'bbb51b95', 'bbb51b95', 'bbb51b95', '5d5de21c', '5d5de21c', '5d5de21c', 'd38aa58d', '46003790', 'd38aa58d', '46003790', 'd38aa58d', '46003790']"
blk_-2715018534749957630,"['bbb51b95', 'bbb51b95', '3d91fa85', 'bbb51b95', 'd38aa58d', '46003790', 'd38aa58d', '46003790', '5d5de21c', '5d5de21c', 'd38aa58d', '46003790', '5d5de21c']"
blk_4043126842675312631,"['bbb51b95', 'bbb51b95', 'bbb51b95', '3d91fa85', 'd38aa58d', '46003790', 'd38aa58d', '46003790', 'd38aa58d', '46003790', '5d5de21c', '5d5de21c', '5d5de21c', '4dec0816']"
blk_6418532963907372075,"['3d91fa85', 'bbb51b95', 'bbb51b95', 'bbb51b95', '5d5de21c', '5d5de21c', 'd38aa58d', '46003790', 'd38aa58d', '46003790', 'd38aa58d', '46003790', '5d5de21c', '32777b38', 'a333d363', 'a333d363', '4dec0816']"
blk_1579066219255265228,"['bbb51b95', '3d91fa85', 'bbb51b95', 'bbb51b95', 'd38aa58d', '46003790', 'd38aa58d', '46003790', 'd38aa58d', '46003790', '5d5de21c', '5d5de21c', '5d5de21c']"
blk_-5510318054944284346,"['bbb51b95', 'bbb51b95', 'bbb51b95', '3d91fa85', 'd38aa58d', '46003790', 'd38aa58d', '46003790', 'd38aa58d', '46003790', '5d5de21c', '5d5de21c', '5d5de21c', '4dec0816']"
blk_7019136002975041815,"['bbb51b95', 'bbb51b95', 'bbb51b95', '3d91fa85', 'd38aa58d', '46003790', 'd38aa58d', '46003790', 'd38aa58d', '46003790', '5d5de21c', '5d5de21c', '5d5de21c']"
blk_30886426585744125,"['bbb51b95', '3d91fa85', 'bbb51b95', 'bbb51b95', 'd38aa58d', '46003790', 'd38aa58d', '46003790', 'd38aa58d', '46003790', '5d5de21c', '5d5de21c', '5d5de21c']"
blk_-6454196128498404044,"['3d91fa85', 'bbb51b95', 'bbb51b95', 'bbb51b95', 'd38aa58d', '46003790', 'd38aa58d', '46003790', '5d5de21c', '5d5de21c', 'd38aa58d', '46003790', '5d5de21c']"
blk_7817806449508164205,"['bbb51b95', 'bbb51b95', 'bbb51b95', '3d91fa85', 'd38aa58d', '46003790', 'd38aa58d', '46003790', 'd38aa58d', '46003790', '5d5de21c', '5d5de21c', '5d5de21c']"
blk_8511316689117081125,"['bbb51b95', '3d91fa85', 'bbb51b95', 'bbb51b95', 'd38aa58d', '46003790', 'd38aa58d', '46003790', 'd38aa58d', '46003790', '5d5de21c', '5d5de21c', '5d5de21c']"
blk_1764313912257036874,"['3d91fa85', 'bbb51b95', 'bbb51b95', 'bbb51b95', '5d5de21c', '5d5de21c', '5d5de21c', 'd38aa58d', '46003790', 'd38aa58d', '46003790', 'd38aa58d', '46003790']"
blk_-818632485614010958,"['3d91fa85', 'bbb51b95', 'bbb51b95', 'bbb51b95', '5d5de21c', 'd38aa58d', '46003790', 'd38aa58d', '46003790', '5d5de21c', '5d5de21c', 'd38aa58d', '46003790']"
blk_-4977737271907055788,"['bbb51b95', 'bbb51b95', 'bbb51b95', '3d91fa85', 'd38aa58d', '46003790', 'd38aa58d', '46003790', 'd38aa58d', '46003790', '5d5de21c', '5d5de21c', '5d5de21c', 'd63ef163', 'd63ef163', 'd63ef163', 'dba996ef', 'dba996ef', 'dba996ef']"
blk_1356378957261601552,"['bbb51b95', 'bbb51b95', 'bbb51b95', '3d91fa85', '46003790', '5d5de21c', 'd38aa58d', 'd38aa58d', '46003790', 'd38aa58d', '46003790', '5d5de21c', '5d5de21c']"
blk_-4561710321027830478,"['bbb51b95', 'bbb51b95', 'bbb51b95', '3d91fa85', 'd38aa58d', '46003790', 'd38aa58d', '46003790', '5d5de21c', '5d5de21c', 'd38aa58d', '46003790', '5d5de21c']"
blk_-2115660991734617831,"['bbb51b95', 'bbb51b95', '3d91fa85', 'bbb51b95', 'd38aa58d', '46003790', 'd38aa58d', '46003790', '5d5de21c', '5d5de21c', 'd38aa58d', '46003790', '5d5de21c', 'a333d363', '4dec0816']"
blk_-5522193046527078812,"['3d91fa85', 'bbb51b95', 'bbb51b95', 'bbb51b95', '5d5de21c', '5d5de21c', '5d5de21c', 'd38aa58d', '46003790', 'd38aa58d', '46003790', 'd38aa58d', '46003790']"
blk_8007094164238766852,"['bbb51b95', 'bbb51b95', '3d91fa85', 'bbb51b95', 'd38aa58d', '46003790', 'd38aa58d', '46003790', 'd38aa58d', '46003790', '5d5de21c', '5d5de21c', '5d5de21c', 'd63ef163', 'd63ef163', 'd63ef163', 'dba996ef', 'dba996ef', 'dba996ef']"
blk_-3235084140627581453,"['bbb51b95', 'bbb51b95', 'bbb51b95', '3d91fa85', 'd38aa58d', '46003790', 'd38aa58d', '46003790', 'd38aa58d', '46003790', '5d5de21c', '5d5de21c', '5d5de21c']"
blk_4180825944921226977,"['3d91fa85', 'bbb51b95', 'bbb51b95', 'bbb51b95', '5d5de21c', '5d5de21c', '5d5de21c', 'd38aa58d', '46003790', 'd38aa58d', '46003790', 'd38aa58d', '46003790']"
blk_-7090593904624614635,"['bbb51b95', 'bbb51b95', 'bbb51b95', '3d91fa85', 'd38aa58d', '46003790', 'd38aa58d', '46003790', 'd38aa58d', '46003790', '5d5de21c', '5d5de21c', '5d5de21c', '32777b38']"
blk_8946489260338123929,"['3d91fa85', 'bbb51b95', 'bbb51b95', 'bbb51b95', '5d5de21c', 'd38aa58d', '46003790', '5d5de21c', '5d5de21c', 'd38aa58d', '46003790', 'd38aa58d', '46003790']"
blk_3019671129428067358,"['bbb51b95', 'bbb51b95', 'bbb51b95', '3d91fa85', 'd38aa58d', '46003790', 'd38aa58d', '46003790', 'd38aa58d', '46003790', '5d5de21c', '5d5de21c', '5d5de21c']"
blk_-6142262222083023930,"['3d91fa85', 'bbb51b95', 'bbb51b95', 'bbb51b95', 'd38aa58d', '46003790', 'd38aa58d', '46003790', 'd38aa58d', '46003790', '5d5de21c', '5d5de21c', '5d5de21c']"
blk_-7464591390901233341,"['bbb51b95', 'bbb51b95', 'bbb51b95', '3d91fa85', 'd38aa58d', '46003790', 'd38aa58d', '46003790', 'd38aa58d', '46003790', '5d5de21c', '5d5de21c', '5d5de21c']"
blk_-3955194122989752612,"['bbb51b95', 'bbb51b95', 'bbb51b95', '3d91fa85', 'd38aa58d', '46003790', 'd38aa58d', '46003790', '5d5de21c', '5d5de21c', 'd38aa58d', '46003790', '5d5de21c']"
blk_-4129367997460370953,"['bbb51b95', 'bbb51b95', 'bbb51b95', '3d91fa85', 'd38aa58d', '46003790', 'd38aa58d', '46003790', 'd38aa58d', '46003790', '5d5de21c', '5d5de21c', '5d5de21c', '4dec0816']"
blk_-4395406062207306247,"['3d91fa85', 'bbb51b95', 'bbb51b95', 'bbb51b95', 'd38aa58d', '46003790', 'd38aa58d', '46003790', 'd38aa58d', '46003790', '5d5de21c', '5d5de21c', '5d5de21c']"
blk_-4153833848916059695,"['3d91fa85', 'bbb51b95', 'bbb51b95', 'bbb51b95', '5d5de21c', '5d5de21c', '5d5de21c', 'd38aa58d', '46003790', 'd38aa58d', '46003790', 'd38aa58d', '46003790']"
blk_-2129109597405450664,"['bbb51b95', '3d91fa85', 'bbb51b95', 'bbb51b95', 'd38aa58d', '46003790', 'd38aa58d', '46003790', '5d5de21c', '5d5de21c', 'd38aa58d', '46003790', '5d5de21c']"
blk_7571085821022831106,"['bbb51b95', '3d91fa85', 'bbb51b95', 'bbb51b95', 'd38aa58d', '46003790', '5d5de21c', '5d5de21c', 'd38aa58d', '46003790', 'd38aa58d', '46003790', '5d5de21c']"
blk_4205531770319751358,"['bbb51b95', 'bbb51b95', 'bbb51b95', '3d91fa85', 'd38aa58d', '46003790', 'd38aa58d', '46003790', 'd38aa58d', '46003790', '5d5de21c', '5d5de21c', '5d5de21c', '4dec0816']"
blk_-4225373122604670833,"['bbb51b95', 'bbb51b95', '3d91fa85', 'bbb51b95', 'd38aa58d', '46003790', 'd38aa58d', '46003790', '5d5de21c', '5d5de21c', 'd38aa58d', '46003790', '5d5de21c']"
blk_2321373806578335156,"['bbb51b95', 'bbb51b95', '3d91fa85', 'bbb51b95', 'd38aa58d', '46003790', 'd38aa58d', '46003790', 'd38aa58d', '46003790', '5d5de21c', '5d5de21c', '5d5de21c', 'a333d363']"
blk_-3678723589604693775,"['bbb51b95', 'bbb51b95', 'bbb51b95', '3d91fa85', 'd38aa58d', '46003790', 'd38aa58d', '46003790', 'd38aa58d', '46003790', '5d5de21c', '5d5de21c', '5d5de21c']"
blk_-3935105462158043773,"['bbb51b95', 'bbb51b95', '3d91fa85', 'bbb51b95', 'd38aa58d', '46003790', 'd38aa58d', '46003790', 'd38aa58d', '46003790', '5d5de21c', '5d5de21c', '5d5de21c', 'a333d363']"
blk_-2927051824247740371,"['bbb51b95', 'bbb51b95', '3d91fa85', 'bbb51b95', 'd38aa58d', '46003790', 'd38aa58d', '46003790', 'd38aa58d', '46003790', '5d5de21c', '5d5de21c', '5d5de21c']"
blk_9099453998256401904,"['3d91fa85', 'bbb51b95', 'bbb51b95', 'bbb51b95', '5d5de21c', '5d5de21c', 'd38aa58d', '46003790', 'd38aa58d', '46003790', 'd38aa58d', '46003790', '5d5de21c', 'a333d363', 'a333d363', '4dec0816']"
blk_2940288747188689470,"['bbb51b95', 'bbb51b95', '3d91fa85', 'bbb51b95', 'd38aa58d', '46003790', '5d5de21c', 'd38aa58d', '46003790', 'd38aa58d', '46003790', '5d5de21c', '5d5de21c']"
blk_1619083964198379108,"['bbb51b95', '3d91fa85', 'bbb51b95', 'bbb51b95', '5d5de21c', 'd38aa58d', '46003790', 'd38aa58d', '46003790', 'd38aa58d', '46003790', '5d5de21c', '5d5de21c', '32777b38']"
blk_643963190567330967,"['bbb51b95', 'bbb51b95', '3d91fa85', 'bbb51b95', 'd38aa58d', '46003790', 'd38aa58d', '46003790', '5d5de21c', '5d5de21c', 'd38aa58d', '46003790', '5d5de21c']"
blk_3817380870178943289,"['3d91fa85', 'bbb51b95', 'bbb51b95', 'bbb51b95', '5d5de21c', 'd38aa58d', '46003790', 'd38aa58d', '46003790', 'd38aa58d', '46003790', '5d5de21c', '5d5de21c']"
blk_-7217061259081264822,"['bbb51b95', 'bbb51b95', 'bbb51b95', '3d91fa85', 'd38aa58d', '46003790', 'd38aa58d', '46003790', 'd38aa58d', '46003790', '5d5de21c', '5d5de21c', '5d5de21c']"
blk_3523259575121281323,"['bbb51b95', 'bbb51b95', 'bbb51b95', '3d91fa85', 'd38aa58d', '46003790', 'd38aa58d', '46003790', 'd38aa58d', '46003790', '5d5de21c', '5d5de21c', '5d5de21c']"
blk_-4852036760908130082,"['bbb51b95', 'bbb51b95', 'bbb51b95', '3d91fa85', 'd38aa58d', '46003790', 'd38aa58d', '46003790', 'd38aa58d', '46003790', '5d5de21c', '5d5de21c', '5d5de21c']"
blk_-6629894068649948140,"['bbb51b95', '3d91fa85', 'bbb51b95', 'bbb51b95', 'd38aa58d', '46003790', 'd38aa58d', '46003790', 'd38aa58d', '46003790', '5d5de21c', '5d5de21c', '5d5de21c']"
blk_-3860428834266710460,"['bbb51b95', 'bbb51b95', 'bbb51b95', '3d91fa85', 'd38aa58d', '46003790', 'd38aa58d', '46003790', 'd38aa58d', '46003790', '5d5de21c', '5d5de21c', '5d5de21c']"
blk_-985330943585642063,"['3d91fa85', 'bbb51b95', 'bbb51b95', 'bbb51b95', '5d5de21c', '5d5de21c', '5d5de21c', 'd38aa58d', '46003790', 'd38aa58d', '46003790', 'd38aa58d', '46003790']"
blk_8481906964331712168,"['3d91fa85', 'bbb51b95', 'bbb51b95', 'bbb51b95', '5d5de21c', '5d5de21c', '5d5de21c', 'd38aa58d', '46003790', 'd38aa58d', '46003790', 'd38aa58d', '46003790']"
blk_9217303982497558666,"['bbb51b95', 'bbb51b95', '3d91fa85', 'bbb51b95', 'd38aa58d', '46003790', 'd38aa58d', '46003790', '5d5de21c', '5d5de21c', 'd38aa58d', '46003790', '5d5de21c']"
blk_-4360847951320317017,"['bbb51b95', 'bbb51b95', '3d91fa85', 'bbb51b95', 'd38aa58d', '46003790', 'd38aa58d', '46003790', 'd38aa58d', '46003790', '5d5de21c', '5d5de21c', '5d5de21c']"
blk_-8519208592227518415,"['bbb51b95', '3d91fa85', 'bbb51b95', 'bbb51b95', 'd38aa58d', '46003790', 'd38aa58d', '46003790', '5d5de21c', '5d5de21c', 'd38aa58d', '46003790', '5d5de21c']"
blk_7145970064773284991,"['bbb51b95', 'bbb51b95', 'bbb51b95', '3d91fa85', 'd38aa58d', '46003790', 'd38aa58d', '46003790', '5d5de21c', 'd38aa58d', '46003790', '5d5de21c', '5d5de21c']"
blk_-7148934706717107317,"['3d91fa85', 'bbb51b95', 'bbb51b95', 'bbb51b95', '5d5de21c', '5d5de21c', 'd38aa58d', '46003790', 'd38aa58d', '46003790', 'd38aa58d', '46003790', '5d5de21c', 'a333d363']"
blk_4320014842947577758,"['3d91fa85', 'bbb51b95', 'bbb51b95', 'bbb51b95', '5d5de21c', 'd38aa58d', 'd38aa58d', '46003790', '46003790', 'd38aa58d', '46003790', '5d5de21c', '5d5de21c', '32777b38', '32777b38']"
blk_8870766779702913522,"['3d91fa85', 'bbb51b95', 'bbb51b95', 'bbb51b95', '5d5de21c', '5d5de21c', '5d5de21c', 'd38aa58d', '46003790', 'd38aa58d', '46003790', 'd38aa58d', '46003790']"
blk_-4406422365800024910,"['bbb51b95', 'bbb51b95', '3d91fa85', 'bbb51b95', '5d5de21c', '5d5de21c', '5d5de21c', 'd38aa58d', '46003790', 'd38aa58d', '46003790', 'd38aa58d', '46003790', 'a333d363', '4dec0816', 'a333d363']"
blk_-7048321286922289706,"['3d91fa85', '5d5de21c', '5d5de21c', '5d5de21c', 'bbb51b95', 'bbb51b95', 'd38aa58d', '46003790', 'd38aa58d', '46003790', 'bbb51b95', 'd38aa58d', '46003790', '4dec0816']"
blk_6099203866063475551,"['bbb51b95', 'bbb51b95', '3d91fa85', 'bbb51b95', 'd38aa58d', '46003790', 'd38aa58d', '46003790', 'd38aa58d', '46003790', '5d5de21c', '5d5de21c', '5d5de21c']"
blk_-3514962209708052802,"['bbb51b95', '3d91fa85', 'bbb51b95', 'bbb51b95', 'd38aa58d', '46003790', 'd38aa58d', '46003790', 'd38aa58d', '46003790', '5d5de21c', '5d5de21c', '5d5de21c']"
blk_-4987773164125274891,"['bbb51b95', 'bbb51b95', 'bbb51b95', '3d91fa85', 'd38aa58d', '46003790', 'd38aa58d', '46003790', 'd38aa58d', '46003790', '5d5de21c', '5d5de21c', '5d5de21c']"
blk_-439553142940473726,"['3d91fa85', 'bbb51b95', 'bbb51b95', 'bbb51b95', '5d5de21c', '5d5de21c', '5d5de21c', 'd38aa58d', '46003790', 'd38aa58d', '46003790', 'd38aa58d', '46003790', 'a333d363']"
blk_-456598274395314561,"['bbb51b95', 'bbb51b95', 'bbb51b95', '3d91fa85', 'd38aa58d', '46003790', 'd38aa58d', '46003790', 'd38aa58d', '46003790', '5d5de21c', '5d5de21c', '5d5de21c']"
blk_1037066694877136451,"['3d91fa85', 'bbb51b95', 'bbb51b95', 'bbb51b95', '5d5de21c', '5d5de21c', '5d5de21c', 'd38aa58d', '46003790', 'd38aa58d', '46003790', 'd38aa58d', '46003790']"
blk_5360535177585557321,"['bbb51b95', '3d91fa85', 'bbb51b95', 'bbb51b95', 'd38aa58d', '46003790', 'd38aa58d', '46003790', 'd38aa58d', '46003790', '5d5de21c', '5d5de21c', '5d5de21c', '32777b38', '32777b38', 'a333d363', 'a333d363', '4dec0816', '32777b38']"
blk_-5331588188847172850,"['bbb51b95', '3d91fa85', 'bbb51b95', 'bbb51b95', 'd38aa58d', '46003790', 'd38aa58d', '46003790', 'd38aa58d', '46003790', '5d5de21c', '5d5de21c', '5d5de21c', 'a333d363']"
blk_3104680829678465608,"['bbb51b95', 'bbb51b95', '3d91fa85', 'bbb51b95', 'd38aa58d', '46003790', 'd38aa58d', '46003790', '5d5de21c', '5d5de21c', 'd38aa58d', '46003790', '5d5de21c']"
blk_6230621899127137,"['bbb51b95', '3d91fa85', 'bbb51b95', 'bbb51b95', 'd38aa58d', '46003790', 'd38aa58d', '46003790', '5d5de21c', '5d5de21c', 'd38aa58d', '46003790', '5d5de21c', '32777b38', 'a333d363', '4dec0816', 'a333d363']"
blk_-58295435361786277,"['bbb51b95', '3d91fa85', 'bbb51b95', 'bbb51b95', 'd38aa58d', '46003790', 'd38aa58d', '46003790', 'd38aa58d', '46003790', '5d5de21c', '5d5de21c', '5d5de21c']"
blk_2211752451718363046,"['3d91fa85', 'bbb51b95', 'bbb51b95', 'bbb51b95', '5d5de21c', '5d5de21c', '5d5de21c', 'd38aa58d', '46003790', 'd38aa58d', '46003790', 'd38aa58d', '46003790']"
blk_4028610259621019148,"['bbb51b95', '3d91fa85', 'bbb51b95', 'bbb51b95', 'd38aa58d', '46003790', '5d5de21c', '5d5de21c', 'd38aa58d', '46003790', 'd38aa58d', '46003790', '5d5de21c']"
blk_-9132351335576264742,"['3d91fa85', 'bbb51b95', 'bbb51b95', 'bbb51b95', '5d5de21c', '5d5de21c', '5d5de21c', 'd38aa58d', '46003790', 'd38aa58d', '46003790', 'd38aa58d', '46003790']"
blk_-7728577425056055070,"['bbb51b95', 'bbb51b95', 'bbb51b95', '3d91fa85', 'd38aa58d', '46003790', 'd38aa58d', '46003790', 'd38aa58d', '46003790', '5d5de21c', '5d5de21c', '5d5de21c', '32777b38', 'a333d363', '4dec0816']"
blk_-1623003132344042041,"['3d91fa85', 'bbb51b95', 'bbb51b95', 'bbb51b95', 'd38aa58d', '46003790', 'd38aa58d', '46003790', 'd38aa58d', '46003790', '5d5de21c', '5d5de21c', '5d5de21c']"
blk_-2853739230220021522,"['bbb51b95', 'bbb51b95', 'bbb51b95', '3d91fa85', 'd38aa58d', '46003790', 'd38aa58d', '46003790', 'd38aa58d', '46003790', '5d5de21c', '5d5de21c', '5d5de21c', 'd63ef163', 'd63ef163', 'd63ef163', 'dba996ef', 'dba996ef', 'dba996ef']"
blk_-7998591693708337015,"['bbb51b95', 'bbb51b95', '3d91fa85', 'bbb51b95', 'd38aa58d', '46003790', 'd38aa58d', '46003790', 'd38aa58d', '46003790', '5d5de21c', '5d5de21c', '5d5de21c']"
blk_4812722478487451846,"['bbb51b95', 'bbb51b95', '3d91fa85', 'bbb51b95', 'd38aa58d', '46003790', 'd38aa58d', '46003790', 'd38aa58d', '46003790', '5d5de21c', '5d5de21c', '5d5de21c']"
blk_-7734147412829918763,"['bbb51b95', '3d91fa85', 'bbb51b95', 'bbb51b95', 'd38aa58d', '46003790', '5d5de21c', 'd38aa58d', '46003790', 'd38aa58d', '46003790', '5d5de21c', '5d5de21c']"
blk_2014897875360314555,"['bbb51b95', '3d91fa85', 'bbb51b95', 'bbb51b95', 'd38aa58d', '46003790', '46003790', 'd38aa58d', '46003790', '5d5de21c', '5d5de21c', '5d5de21c', 'd38aa58d']"
blk_-3995413231979346957,"['bbb51b95', '3d91fa85', 'bbb51b95', 'bbb51b95', 'd38aa58d', '46003790', 'd38aa58d', '46003790', 'd38aa58d', '46003790', '5d5de21c', '5d5de21c', '5d5de21c', 'd63ef163', 'd63ef163', 'd63ef163', 'dba996ef', 'dba996ef', 'dba996ef']"
blk_6375133974399703774,"['3d91fa85', 'bbb51b95', 'bbb51b95', 'bbb51b95', '5d5de21c', '5d5de21c', '5d5de21c', 'd38aa58d', '46003790', 'd38aa58d', '46003790', 'd38aa58d', '46003790']"
blk_-5993727911337046630,"['3d91fa85', 'bbb51b95', 'bbb51b95', 'bbb51b95', '5d5de21c', 'd38aa58d', '46003790', 'd38aa58d', '46003790', 'd38aa58d', '46003790', '5d5de21c', '5d5de21c', '32777b38', 'a333d363', '4dec0816', 'a333d363']"
blk_-3794507541650505252,"['bbb51b95', '3d91fa85', 'bbb51b95', 'bbb51b95', 'd38aa58d', '46003790', 'd38aa58d', '46003790', 'd38aa58d', '46003790', '5d5de21c', '5d5de21c', '5d5de21c', 'a333d363', 'a333d363', '4dec0816']"
blk_-8233910669461726680,"['3d91fa85', 'bbb51b95', 'bbb51b95', 'bbb51b95', '5d5de21c', '5d5de21c', '5d5de21c', 'd38aa58d', '46003790', 'd38aa58d', '46003790', 'd38aa58d', '46003790']"
blk_1864808686275311438,"['bbb51b95', 'bbb51b95', 'bbb51b95', '3d91fa85', 'd38aa58d', '46003790', 'd38aa58d', '46003790', 'd38aa58d', '46003790', '5d5de21c', '5d5de21c', '5d5de21c', '4dec0816']"
blk_9051363787050427351,"['3d91fa85', 'bbb51b95', 'bbb51b95', 'bbb51b95', '5d5de21c', '5d5de21c', '5d5de21c', 'd38aa58d', '46003790', 'd38aa58d', '46003790', 'd38aa58d', '46003790']"
blk_-1302878062686932591,"['bbb51b95', 'bbb51b95', 'bbb51b95', '3d91fa85', 'd38aa58d', '46003790', 'd38aa58d', '46003790', '5d5de21c', '5d5de21c', 'd38aa58d', '46003790', '5d5de21c']"
blk_6376924287618297545,"['bbb51b95', 'bbb51b95', 'bbb51b95', '3d91fa85', 'd38aa58d', '46003790', 'd38aa58d', '46003790', '5d5de21c', '5d5de21c', 'd38aa58d', '46003790', '5d5de21c']"
blk_5367603742509914222,"['bbb51b95', 'bbb51b95', '3d91fa85', 'bbb51b95', '5d5de21c', 'd38aa58d', 'd38aa58d', '46003790', '46003790', '5d5de21c', '5d5de21c', 'd38aa58d', '46003790', '32777b38']"
blk_7160413694179039115,"['3d91fa85', 'bbb51b95', 'bbb51b95', 'bbb51b95', '5d5de21c', '5d5de21c', '5d5de21c', 'd38aa58d', '46003790', 'd38aa58d', '46003790', 'd38aa58d', '46003790', '32777b38']"
blk_-2514032518835110963,"['bbb51b95', 'bbb51b95', '3d91fa85', 'bbb51b95', 'd38aa58d', 'd38aa58d', '46003790', '46003790', 'd38aa58d', '46003790', '5d5de21c', '5d5de21c', '5d5de21c']"
blk_2218653547859309965,"['bbb51b95', '3d91fa85', 'bbb51b95', 'bbb51b95', 'd38aa58d', '46003790', 'd38aa58d', '46003790', 'd38aa58d', '46003790', '5d5de21c', '5d5de21c', '5d5de21c']"
blk_-6131262252974989582,"['3d91fa85', 'bbb51b95', 'bbb51b95', 'bbb51b95', '5d5de21c', '5d5de21c', '5d5de21c', 'd38aa58d', '46003790', 'd38aa58d', '46003790', 'd38aa58d', '46003790', 'a333d363', '4dec0816']"
blk_-6072666180943091816,"['bbb51b95', '3d91fa85', 'bbb51b95', 'bbb51b95', 'd38aa58d', '46003790', 'd38aa58d', '46003790', 'd38aa58d', '46003790', '5d5de21c', '5d5de21c', '5d5de21c']"
blk_8718546775520168882,"['3d91fa85', 'bbb51b95', 'bbb51b95', 'bbb51b95', '5d5de21c', '5d5de21c', '5d5de21c', 'd38aa58d', '46003790', 'd38aa58d', '46003790', 'd38aa58d', '46003790', 'a333d363']"
blk_-2188719736852532166,"['3d91fa85', 'bbb51b95', 'bbb51b95', 'bbb51b95', '5d5de21c', 'd38aa58d', '46003790', 'd38aa58d', '46003790', 'd38aa58d', '46003790', '5d5de21c', '5d5de21c']"
blk_5350981712151820845,"['bbb51b95', 'bbb51b95', '3d91fa85', 'bbb51b95', 'd38aa58d', '46003790', 'd38aa58d', '46003790', 'd38aa58d', '46003790', '5d5de21c', '5d5de21c', '5d5de21c']"
blk_-2043803837912340200,"['bbb51b95', 'bbb51b95', 'bbb51b95', '3d91fa85', 'd38aa58d', '46003790', 'd38aa58d', '46003790', 'd38aa58d', '46003790', '5d5de21c', '5d5de21c', '5d5de21c']"
blk_-4784540479183640325,"['3d91fa85', 'bbb51b95', 'bbb51b95', 'bbb51b95', 'd38aa58d', '46003790', '46003790', '5d5de21c', '5d5de21c', 'd38aa58d', 'd38aa58d', '46003790', '5d5de21c']"
blk_8495955814495721695,"['3d91fa85', 'bbb51b95', 'bbb51b95', 'bbb51b95', '5d5de21c', '5d5de21c', '5d5de21c', 'd38aa58d', '46003790', 'd38aa58d', '46003790', 'd38aa58d', '46003790']"
blk_1027278521216018327,"['bbb51b95', 'bbb51b95', '3d91fa85', 'bbb51b95', '46003790', 'd38aa58d', '46003790', 'd38aa58d', 'd38aa58d', '46003790', '5d5de21c', '5d5de21c', '5d5de21c']"
blk_2360780578521021115,"['bbb51b95', 'bbb51b95', '3d91fa85', 'bbb51b95', 'd38aa58d', '46003790', 'd38aa58d', '46003790', 'd38aa58d', '46003790', '5d5de21c', '5d5de21c', '5d5de21c']"
blk_-8352321402791858604,"['bbb51b95', '3d91fa85', 'bbb51b95', 'bbb51b95', 'd38aa58d', '46003790', 'd38aa58d', '46003790', 'd38aa58d', '46003790', '5d5de21c', '5d5de21c', '5d5de21c', '4dec0816']"
blk_738467980586985587,"['3d91fa85', 'bbb51b95', 'bbb51b95', 'bbb51b95', 'd38aa58d', '46003790', 'd38aa58d', '46003790', 'd38aa58d', '46003790', '5d5de21c', '5d5de21c', '5d5de21c']"
blk_8391223424482327423,"['bbb51b95', 'bbb51b95', 'bbb51b95', '3d91fa85', 'd38aa58d', '46003790', 'd38aa58d', '46003790', 'd38aa58d', '46003790', '5d5de21c', '5d5de21c', '5d5de21c', 'a333d363', '4dec0816']"
blk_469319778065166815,"['3d91fa85', 'bbb51b95', 'bbb51b95', 'bbb51b95', '5d5de21c', '5d5de21c', '5d5de21c', 'd38aa58d', '46003790', 'd38aa58d', '46003790', 'd38aa58d', '46003790', '32777b38']"
blk_8491209997982970851,"['bbb51b95', 'bbb51b95', '3d91fa85', 'bbb51b95', 'd38aa58d', '46003790', 'd38aa58d', '46003790', '5d5de21c', 'd38aa58d', '46003790', '5d5de21c', '5d5de21c']"
blk_-8199908579412286574,"['bbb51b95', '3d91fa85', 'bbb51b95', 'bbb51b95', 'd38aa58d', '46003790', 'd38aa58d', '46003790', 'd38aa58d', '46003790', '5d5de21c', '5d5de21c', '5d5de21c']"
blk_-6792883196815530104,"['3d91fa85', 'bbb51b95', 'bbb51b95', 'bbb51b95', 'd38aa58d', '46003790', '5d5de21c', '5d5de21c', '5d5de21c', 'd38aa58d', '46003790', 'd38aa58d', '46003790']"
blk_8996639499788859565,"['3d91fa85', 'bbb51b95', 'bbb51b95', 'bbb51b95', '5d5de21c', '5d5de21c', '5d5de21c', 'd38aa58d', '46003790', 'd38aa58d', '46003790', 'd38aa58d', '46003790']"
blk_5277073344453984210,"['bbb51b95', 'bbb51b95', 'bbb51b95', '3d91fa85', 'd38aa58d', '46003790', 'd38aa58d', '46003790', '5d5de21c', '5d5de21c', 'd38aa58d', '46003790', '5d5de21c', '32777b38', 'a333d363', '4dec0816']"
blk_4377429418327838782,"['bbb51b95', 'bbb51b95', '3d91fa85', 'bbb51b95', '46003790', 'd38aa58d', '46003790', 'd38aa58d', 'd38aa58d', '46003790', '5d5de21c', '5d5de21c', '5d5de21c']"
blk_-6678501542867094487,"['bbb51b95', 'bbb51b95', 'bbb51b95', '3d91fa85', 'd38aa58d', '46003790', 'd38aa58d', '46003790', 'd38aa58d', '46003790', '5d5de21c', '5d5de21c', '5d5de21c']"
blk_7579900191133786937,"['bbb51b95', '3d91fa85', 'bbb51b95', 'bbb51b95', 'd38aa58d', '46003790', 'd38aa58d', '46003790', 'd38aa58d', '46003790', '5d5de21c', '5d5de21c', '5d5de21c']"
blk_4983758511699340055,"['bbb51b95', 'bbb51b95', '3d91fa85', 'bbb51b95', 'd38aa58d', '46003790', 'd38aa58d', '46003790', 'd38aa58d', '46003790', '5d5de21c', '5d5de21c', '5d5de21c']"
blk_569710164796770730,"['bbb51b95', 'bbb51b95', 'bbb51b95', '3d91fa85', 'd38aa58d', '46003790', 'd38aa58d', '46003790', 'd38aa58d', '46003790', '5d5de21c', '5d5de21c', '5d5de21c']"
blk_-5431740220515630299,"['bbb51b95', 'bbb51b95', 'bbb51b95', '3d91fa85', 'd38aa58d', '46003790', 'd38aa58d', '46003790', '5d5de21c', 'd38aa58d', '46003790', '5d5de21c', '5d5de21c', '32777b38', '32777b38', 'a333d363']"
blk_7924371893994632070,"['bbb51b95', 'bbb51b95', 'bbb51b95', '3d91fa85', 'd38aa58d', '46003790', 'd38aa58d', '46003790', 'd38aa58d', '46003790', '5d5de21c', '5d5de21c', '5d5de21c']"
blk_-7227205811933747715,"['bbb51b95', 'bbb51b95', '3d91fa85', 'bbb51b95', 'd38aa58d', '46003790', 'd38aa58d', '46003790', 'd38aa58d', '46003790', '5d5de21c', '5d5de21c', '5d5de21c']"
blk_1961786148958559585,"['bbb51b95', 'bbb51b95', 'bbb51b95', '3d91fa85', 'd38aa58d', '46003790', '5d5de21c', '46003790', '5d5de21c', 'd38aa58d', 'd38aa58d', '46003790', '5d5de21c', 'd63ef163', 'd63ef163', 'd63ef163', 'dba996ef', 'dba996ef', 'dba996ef']"
blk_4622246271182566751,"['bbb51b95', '3d91fa85', 'bbb51b95', 'bbb51b95', 'd38aa58d', '46003790', 'd38aa58d', '46003790', 'd38aa58d', '46003790', '5d5de21c', '5d5de21c', '5d5de21c']"
blk_-2182086842123309014,"['bbb51b95', 'bbb51b95', '3d91fa85', 'bbb51b95', 'd38aa58d', '46003790', 'd38aa58d', '46003790', 'd38aa58d', '46003790', '5d5de21c', '5d5de21c', '5d5de21c']"
blk_7261341496726586418,"['3d91fa85', 'bbb51b95', 'bbb51b95', 'bbb51b95', '5d5de21c', '5d5de21c', '5d5de21c', 'd38aa58d', 'd38aa58d', '46003790', '46003790', 'd38aa58d', '46003790']"
blk_-864132202955470067,"['bbb51b95', 'bbb51b95', 'bbb51b95', '3d91fa85', 'd38aa58d', '46003790', 'd38aa58d', '46003790', 'd38aa58d', '46003790', '5d5de21c', '5d5de21c', '5d5de21c']"
blk_4421749910979723147,"['bbb51b95', 'bbb51b95', 'bbb51b95', '3d91fa85', 'd38aa58d', '46003790', 'd38aa58d', '46003790', '5d5de21c', 'd38aa58d', '46003790', '5d5de21c', '5d5de21c']"
blk_5863184316757257045,"['bbb51b95', 'bbb51b95', '3d91fa85', 'bbb51b95', 'd38aa58d', '46003790', 'd38aa58d', '46003790', 'd38aa58d', '46003790', '5d5de21c', '5d5de21c', '5d5de21c']"
blk_-2283718580270417348,"['bbb51b95', '3d91fa85', 'bbb51b95', 'bbb51b95', '46003790', '5d5de21c', 'd38aa58d', 'd38aa58d', '46003790', 'd38aa58d', '46003790', '5d5de21c', '5d5de21c']"
blk_5780786852871827499,"['3d91fa85', 'bbb51b95', 'bbb51b95', 'bbb51b95', 'd38aa58d', '46003790', 'd38aa58d', '46003790', 'd38aa58d', '46003790', '5d5de21c', '5d5de21c', '5d5de21c', '32777b38', 'a333d363', 'a333d363', '4dec0816']"
blk_-5467211660797957170,"['bbb51b95', 'bbb51b95', 'bbb51b95', '3d91fa85', 'd38aa58d', '46003790', '46003790', '5d5de21c', 'd38aa58d', '46003790', 'd38aa58d', '5d5de21c', '5d5de21c', 'a333d363']"
blk_-8897816455762747047,"['bbb51b95', 'bbb51b95', '3d91fa85', 'bbb51b95', 'd38aa58d', '46003790', 'd38aa58d', '46003790', '5d5de21c', 'd38aa58d', '46003790', '5d5de21c', '5d5de21c']"
blk_2855555130770173168,"['bbb51b95', '3d91fa85', 'bbb51b95', 'bbb51b95', 'd38aa58d', '46003790', 'd38aa58d', '46003790', 'd38aa58d', '46003790', '5d5de21c', '5d5de21c', '5d5de21c', '32777b38']"
blk_1291310919193739058,"['bbb51b95', 'bbb51b95', '3d91fa85', 'bbb51b95', 'd38aa58d', '46003790', 'd38aa58d', '46003790', '5d5de21c', '46003790', '5d5de21c', 'd38aa58d', '5d5de21c']"
blk_-4624658728435268159,"['bbb51b95', '3d91fa85', 'bbb51b95', 'bbb51b95', 'd38aa58d', '46003790', '5d5de21c', 'd38aa58d', '46003790', 'd38aa58d', '46003790', '5d5de21c', '5d5de21c']"
blk_6734787562860349081,"['3d91fa85', 'bbb51b95', 'bbb51b95', 'bbb51b95', '5d5de21c', '5d5de21c', '5d5de21c', 'd38aa58d', '46003790', 'd38aa58d', '46003790', 'd38aa58d', '46003790']"
blk_1029405151740117803,"['bbb51b95', 'bbb51b95', '3d91fa85', 'bbb51b95', 'd38aa58d', '46003790', 'd38aa58d', '46003790', 'd38aa58d', '46003790', '5d5de21c', '5d5de21c', '5d5de21c', 'a333d363']"
blk_-2382389751032389929,"['bbb51b95', '3d91fa85', 'bbb51b95', 'bbb51b95', 'd38aa58d', '46003790', 'd38aa58d', '46003790', 'd38aa58d', '46003790', '5d5de21c', '5d5de21c', '5d5de21c', '32777b38', '32777b38']"
blk_-8816231197346370762,"['bbb51b95', 'bbb51b95', '3d91fa85', 'bbb51b95', 'd38aa58d', '46003790', '5d5de21c', 'd38aa58d', '46003790', 'd38aa58d', '46003790', '5d5de21c', '5d5de21c']"
blk_7524960171049616865,"['bbb51b95', 'bbb51b95', 'bbb51b95', '3d91fa85', 'd38aa58d', '46003790', 'd38aa58d', '46003790', 'd38aa58d', '46003790', '5d5de21c', '5d5de21c', '5d5de21c']"
blk_4161207908229092104,"['bbb51b95', 'bbb51b95', 'bbb51b95', '3d91fa85', 'd38aa58d', '46003790', 'd38aa58d', '46003790', 'd38aa58d', '46003790', '5d5de21c', '5d5de21c', '5d5de21c', 'a333d363']"
blk_-2065651224445532516,"['bbb51b95', 'bbb51b95', 'bbb51b95', '3d91fa85', '46003790', 'd38aa58d', '46003790', 'd38aa58d', '46003790', '5d5de21c', '5d5de21c', 'd38aa58d', '5d5de21c']"
blk_-1702497221813078551,"['bbb51b95', 'bbb51b95', 'bbb51b95', '3d91fa85', 'd38aa58d', '46003790', 'd38aa58d', '46003790', '5d5de21c', '5d5de21c', 'd38aa58d', '46003790', '5d5de21c']"
blk_-1654858297584827610,"['3d91fa85', 'bbb51b95', 'bbb51b95', 'bbb51b95', '5d5de21c', '5d5de21c', '5d5de21c', 'd38aa58d', '46003790', 'd38aa58d', '46003790', 'd38aa58d', '46003790']"
blk_6567430065790756592,"['3d91fa85', 'bbb51b95', 'bbb51b95', 'bbb51b95', '5d5de21c', '5d5de21c', '5d5de21c', 'd38aa58d', '46003790', 'd38aa58d', '46003790', 'd38aa58d', '46003790']"
blk_-2067121998446970651,"['bbb51b95', 'bbb51b95', 'bbb51b95', '3d91fa85', 'd38aa58d', '46003790', 'd38aa58d', '46003790', 'd38aa58d', '46003790', '5d5de21c', '5d5de21c', '5d5de21c', 'a333d363', '4dec0816']"
blk_-1129166233852061668,"['3d91fa85', 'bbb51b95', 'bbb51b95', 'bbb51b95', 'd38aa58d', '46003790', 'd38aa58d', '46003790', 'd38aa58d', '46003790', '5d5de21c', '5d5de21c', '5d5de21c', '32777b38', '32777b38', 'a333d363', '4dec0816', 'a333d363']"
blk_-1566629900358427030,"['bbb51b95', '3d91fa85', 'bbb51b95', 'bbb51b95', 'd38aa58d', '46003790', 'd38aa58d', '46003790', 'd38aa58d', '46003790', '5d5de21c', '5d5de21c', '5d5de21c', '32777b38', '32777b38', '32777b38']"
blk_541055263384746010,"['bbb51b95', '3d91fa85', 'bbb51b95', 'bbb51b95', 'd38aa58d', '46003790', 'd38aa58d', '46003790', 'd38aa58d', '46003790', '5d5de21c', '5d5de21c', '5d5de21c']"
blk_-2588270697524609183,"['bbb51b95', 'bbb51b95', 'bbb51b95', '3d91fa85', 'd38aa58d', '46003790', 'd38aa58d', '46003790', 'd38aa58d', '46003790', '5d5de21c', '5d5de21c', '5d5de21c']"
blk_-6155301279245936164,"['3d91fa85', 'bbb51b95', 'bbb51b95', 'bbb51b95', '5d5de21c', '5d5de21c', '5d5de21c', 'd38aa58d', '46003790', 'd38aa58d', '46003790', 'd38aa58d', '46003790', '32777b38', 'a333d363', '4dec0816', 'a333d363']"
blk_-2286037087597690489,"['3d91fa85', 'bbb51b95', 'bbb51b95', 'bbb51b95', '5d5de21c', '5d5de21c', 'd38aa58d', '46003790', 'd38aa58d', '46003790', 'd38aa58d', '46003790', '5d5de21c']"
blk_-928244694617199776,"['bbb51b95', '3d91fa85', 'bbb51b95', 'bbb51b95', 'd38aa58d', '46003790', 'd38aa58d', '46003790', 'd38aa58d', '46003790', '5d5de21c', '5d5de21c', '5d5de21c', 'a333d363', '4dec0816']"
blk_2194462855708020369,"['bbb51b95', 'bbb51b95', 'bbb51b95', '3d91fa85', 'd38aa58d', '46003790', 'd38aa58d', '46003790', 'd38aa58d', '46003790', '5d5de21c', '5d5de21c', '5d5de21c', 'a333d363', '4dec0816', 'a333d363']"
blk_1644620974481236053,"['bbb51b95', '3d91fa85', 'bbb51b95', 'bbb51b95', 'd38aa58d', '46003790', 'd38aa58d', '46003790', 'd38aa58d', '46003790', '5d5de21c', '5d5de21c', '5d5de21c', 'd63ef163', 'd63ef163', 'd63ef163', 'dba996ef', 'dba996ef', 'dba996ef']"
blk_8464999033519211506,"['bbb51b95', 'bbb51b95', 'bbb51b95', '3d91fa85', '46003790', 'd38aa58d', '46003790', 'd38aa58d', '46003790', '5d5de21c', 'd38aa58d', '5d5de21c', '5d5de21c']"
blk_-7306819737027454769,"['3d91fa85', 'bbb51b95', 'bbb51b95', 'bbb51b95', '5d5de21c', '5d5de21c', 'd38aa58d', '46003790', '46003790', '5d5de21c', 'd38aa58d', '46003790', 'd38aa58d']"
blk_1705787991908947313,"['bbb51b95', '3d91fa85', 'bbb51b95', 'bbb51b95', 'd38aa58d', '46003790', 'd38aa58d', '46003790', 'd38aa58d', '46003790', '5d5de21c', '5d5de21c', '5d5de21c', '32777b38']"
blk_-8735915972773931890,"['bbb51b95', 'bbb51b95', 'bbb51b95', '3d91fa85', 'd38aa58d', '46003790', 'd38aa58d', '46003790', 'd38aa58d', '46003790', '5d5de21c', '5d5de21c', '5d5de21c']"
blk_1657835351285717195,"['bbb51b95', 'bbb51b95', 'bbb51b95', '3d91fa85', 'd38aa58d', '46003790', '5d5de21c', 'd38aa58d', '46003790', 'd38aa58d', '46003790', '5d5de21c', '5d5de21c']"
blk_2858535516800433516,"['3d91fa85', 'bbb51b95', 'bbb51b95', 'bbb51b95', '5d5de21c', '5d5de21c', '5d5de21c', 'd38aa58d', '46003790', 'd38aa58d', '46003790', 'd38aa58d', '46003790']"
blk_-5227480363234966694,"['bbb51b95', 'bbb51b95', '3d91fa85', 'bbb51b95', 'd38aa58d', '46003790', 'd38aa58d', '46003790', 'd38aa58d', '46003790', '5d5de21c', '5d5de21c', '5d5de21c', '4dec0816']"
blk_7066379648778561353,"['bbb51b95', 'bbb51b95', '3d91fa85', 'bbb51b95', 'd38aa58d', '46003790', 'd38aa58d', '46003790', 'd38aa58d', '46003790', '5d5de21c', '5d5de21c', '5d5de21c']"
blk_5516090050769421313,"['bbb51b95', 'bbb51b95', 'bbb51b95', '3d91fa85', 'd38aa58d', '46003790', 'd38aa58d', '46003790', 'd38aa58d', '46003790', '5d5de21c', '5d5de21c', '5d5de21c']"
blk_836627299086380785,"['3d91fa85', 'bbb51b95', 'bbb51b95', 'bbb51b95', 'd38aa58d', '46003790', 'd38aa58d', '46003790', 'd38aa58d', '46003790', '5d5de21c', '5d5de21c', '5d5de21c', '4dec0816']"
blk_4755566011267050000,"['bbb51b95', '3d91fa85', 'bbb51b95', 'bbb51b95', 'd38aa58d', '46003790', 'd38aa58d', '46003790', 'd38aa58d', '46003790', '5d5de21c', '5d5de21c', '5d5de21c']"
blk_8563379551549164419,"['3d91fa85', 'bbb51b95', 'bbb51b95', 'bbb51b95', '5d5de21c', '5d5de21c', '5d5de21c', 'd38aa58d', '46003790', 'd38aa58d', '46003790', 'd38aa58d', '46003790']"
blk_6865841608344497591,"['bbb51b95', 'bbb51b95', '3d91fa85', 'bbb51b95', 'd38aa58d', '46003790', 'd38aa58d', '46003790', '46003790', '5d5de21c', '5d5de21c', '5d5de21c', 'd38aa58d', '32777b38']"
blk_-3884292278573253626,"['bbb51b95', 'bbb51b95', '3d91fa85', 'bbb51b95', 'd38aa58d', '46003790', 'd38aa58d', '46003790', 'd38aa58d', '46003790', '5d5de21c', '5d5de21c', '5d5de21c']"
blk_-6955331982797412183,"['bbb51b95', 'bbb51b95', '3d91fa85', 'bbb51b95', 'd38aa58d', '46003790', 'd38aa58d', '46003790', 'd38aa58d', '46003790', '5d5de21c', '5d5de21c', '5d5de21c', '32777b38', '32777b38', '32777b38', 'a333d363', 'a333d363']"
blk_1303175339623715080,"['bbb51b95', 'bbb51b95', '3d91fa85', 'bbb51b95', 'd38aa58d', '46003790', 'd38aa58d', '46003790', '5d5de21c', '5d5de21c', 'd38aa58d', '46003790', '5d5de21c']"
blk_7601081695045639188,"['bbb51b95', 'bbb51b95', 'bbb51b95', '3d91fa85', '5d5de21c', 'd38aa58d', '46003790', 'd38aa58d', '46003790', 'd38aa58d', '46003790', '5d5de21c', '5d5de21c']"
blk_8411658121731883448,"['3d91fa85', 'bbb51b95', 'bbb51b95', 'bbb51b95', '46003790', '5d5de21c', '5d5de21c', '5d5de21c', 'd38aa58d', '46003790', 'd38aa58d', 'd38aa58d', '46003790', '32777b38', 'a333d363', 'a333d363', '4dec0816']"
blk_-3705887732211498576,"['bbb51b95', 'bbb51b95', '3d91fa85', 'bbb51b95', 'd38aa58d', '46003790', 'd38aa58d', '46003790', 'd38aa58d', '46003790', '5d5de21c', '5d5de21c', '5d5de21c']"
blk_580274252679224331,"['bbb51b95', '3d91fa85', 'bbb51b95', 'bbb51b95', 'd38aa58d', '46003790', 'd38aa58d', '46003790', 'd38aa58d', '46003790', '5d5de21c', '5d5de21c', '5d5de21c', '32777b38', '32777b38']"
blk_-5333603736395427351,"['bbb51b95', 'bbb51b95', '3d91fa85', 'bbb51b95', 'd38aa58d', '46003790', 'd38aa58d', '46003790', 'd38aa58d', '46003790', '5d5de21c', '5d5de21c', '5d5de21c', 'a333d363', '4dec0816']"
blk_-4705762154767917141,"['bbb51b95', '3d91fa85', 'bbb51b95', 'bbb51b95', 'd38aa58d', '46003790', '5d5de21c', 'd38aa58d', '46003790', 'd38aa58d', '46003790', '5d5de21c', '5d5de21c']"
blk_2879780987351022871,"['bbb51b95', 'bbb51b95', 'bbb51b95', '3d91fa85', 'd38aa58d', '46003790', 'd38aa58d', '46003790', 'd38aa58d', '46003790', '5d5de21c', '5d5de21c', '5d5de21c', 'a333d363']"
blk_5826442425462812609,"['3d91fa85', 'bbb51b95', 'bbb51b95', 'bbb51b95', '5d5de21c', '5d5de21c', '5d5de21c', 'd38aa58d', '46003790', 'd38aa58d', '46003790', 'd38aa58d', '46003790']"
blk_-6935426927896996361,"['bbb51b95', '3d91fa85', 'bbb51b95', 'bbb51b95', 'd38aa58d', '46003790', 'd38aa58d', '46003790', 'd38aa58d', '46003790', '5d5de21c', '5d5de21c', '5d5de21c']"
blk_-4883533210521725008,"['3d91fa85', 'bbb51b95', 'bbb51b95', 'bbb51b95', '5d5de21c', '5d5de21c', 'd38aa58d', '46003790', 'd38aa58d', '46003790', '5d5de21c', 'd38aa58d', '46003790']"
blk_683513360508470264,"['bbb51b95', '3d91fa85', 'bbb51b95', 'bbb51b95', 'd38aa58d', '46003790', 'd38aa58d', '46003790', 'd38aa58d', '46003790', '5d5de21c', '5d5de21c', '5d5de21c']"
blk_-8354803858835577265,"['3d91fa85', 'bbb51b95', 'bbb51b95', 'bbb51b95', '5d5de21c', '5d5de21c', '5d5de21c', 'd38aa58d', '46003790', 'd38aa58d', '46003790', 'd38aa58d', '46003790', 'a333d363', '4dec0816']"
blk_8999095763431312816,"['3d91fa85', 'bbb51b95', 'bbb51b95', 'bbb51b95', 'd38aa58d', '46003790', 'd38aa58d', '46003790', 'd38aa58d', '46003790', '5d5de21c', '5d5de21c', '5d5de21c']"
blk_6768350217529688359,"['3d91fa85', 'bbb51b95', 'bbb51b95', 'bbb51b95', '5d5de21c', 'd38aa58d', '46003790', 'd38aa58d', '46003790', 'd38aa58d', '46003790', '5d5de21c', '5d5de21c', '32777b38', 'a333d363', 'a333d363', '4dec0816']"
blk_-1678953999018234643,"['3d91fa85', 'bbb51b95', 'bbb51b95', 'bbb51b95', '46003790', '5d5de21c', '5d5de21c', 'd38aa58d', '46003790', 'd38aa58d', 'd38aa58d', '46003790', '5d5de21c']"
blk_-5099128691400207173,"['bbb51b95', 'bbb51b95', '3d91fa85', 'bbb51b95', 'd38aa58d', '46003790', 'd38aa58d', '46003790', 'd38aa58d', '46003790', '5d5de21c', '5d5de21c', '5d5de21c']"
blk_-1978273793924300871,"['bbb51b95', 'bbb51b95', 'bbb51b95', '3d91fa85', 'd38aa58d', '46003790', 'd38aa58d', '46003790', 'd38aa58d', '46003790', '5d5de21c', '5d5de21c', '5d5de21c']"
blk_-9016753011191784579,"['bbb51b95', '3d91fa85', 'bbb51b95', 'bbb51b95', '5d5de21c', '5d5de21c', '5d5de21c', 'd38aa58d', '46003790', 'd38aa58d', '46003790', 'd38aa58d', '46003790']"
blk_-910333155008073195,"['3d91fa85', 'bbb51b95', 'bbb51b95', 'bbb51b95', '5d5de21c', '5d5de21c', '5d5de21c', 'd38aa58d', '46003790', 'd38aa58d', '46003790', 'd38aa58d', '46003790']"
blk_8403216798418324335,"['bbb51b95', 'bbb51b95', 'bbb51b95', '3d91fa85', 'd38aa58d', '46003790', 'd38aa58d', '46003790', 'd38aa58d', '46003790', '5d5de21c', '5d5de21c', '5d5de21c']"
blk_-3616130527790941993,"['3d91fa85', 'bbb51b95', 'bbb51b95', 'bbb51b95', '5d5de21c', '46003790', 'd38aa58d', '5d5de21c', '5d5de21c', 'd38aa58d', '46003790', 'd38aa58d', '46003790']"
blk_-467982154941709680,"['bbb51b95', 'bbb51b95', '3d91fa85', 'bbb51b95', 'd38aa58d', '46003790', 'd38aa58d', '46003790', '5d5de21c', '5d5de21c', 'd38aa58d', '46003790', '5d5de21c']"
blk_-2239345307054603908,"['bbb51b95', '3d91fa85', 'bbb51b95', 'bbb51b95', 'd38aa58d', '46003790', 'd38aa58d', '46003790', 'd38aa58d', '46003790', '5d5de21c', '5d5de21c', '5d5de21c']"
blk_7716092600528878843,"['3d91fa85', 'bbb51b95', 'bbb51b95', 'bbb51b95', '5d5de21c', '5d5de21c', 'd38aa58d', '46003790', 'd38aa58d', '46003790', 'd38aa58d', '46003790', '5d5de21c']"
blk_-4819153991053136681,"['bbb51b95', 'bbb51b95', 'bbb51b95', '3d91fa85', 'd38aa58d', '46003790', '5d5de21c', 'd38aa58d', '46003790', 'd38aa58d', '46003790', '5d5de21c', '5d5de21c']"
blk_-9027684313794461565,"['bbb51b95', 'bbb51b95', '3d91fa85', 'bbb51b95', 'd38aa58d', '46003790', 'd38aa58d', '46003790', '5d5de21c', 'd38aa58d', '46003790', '5d5de21c', '5d5de21c']"
blk_-5099271942803347613,"['bbb51b95', 'bbb51b95', 'bbb51b95', '3d91fa85', 'd38aa58d', '46003790', 'd38aa58d', '46003790', 'd38aa58d', '46003790', '5d5de21c', '5d5de21c', '5d5de21c']"
blk_8933279328211812069,"['3d91fa85', 'bbb51b95', 'bbb51b95', 'bbb51b95', '5d5de21c', '5d5de21c', '5d5de21c', 'd38aa58d', '46003790', 'd38aa58d', '46003790', 'd38aa58d', '46003790', '32777b38']"
blk_8406373825460824320,"['bbb51b95', '3d91fa85', 'bbb51b95', 'bbb51b95', 'd38aa58d', '46003790', 'd38aa58d', '46003790', '5d5de21c', '5d5de21c', 'd38aa58d', '46003790', '5d5de21c']"
blk_-4610988435374205821,"['3d91fa85', 'bbb51b95', 'bbb51b95', 'bbb51b95', 'd38aa58d', '46003790', '5d5de21c', '5d5de21c', '46003790', '5d5de21c', 'd38aa58d', 'd38aa58d', '46003790']"
blk_-6271501477821590471,"['bbb51b95', 'bbb51b95', 'bbb51b95', '3d91fa85', '46003790', 'd38aa58d', '46003790', 'd38aa58d', 'd38aa58d', '46003790', '5d5de21c', '5d5de21c', '5d5de21c']"
blk_-6633623791157574032,"['bbb51b95', 'bbb51b95', '3d91fa85', 'bbb51b95', 'd38aa58d', '46003790', 'd38aa58d', '46003790', 'd38aa58d', '46003790', '5d5de21c', '5d5de21c', '5d5de21c']"
blk_-3895272487315807098,"['3d91fa85', 'bbb51b95', 'bbb51b95', 'bbb51b95', 'd38aa58d', '46003790', 'd38aa58d', '46003790', '5d5de21c', '5d5de21c', 'd38aa58d', '46003790', '5d5de21c']"
blk_-2082906736551728647,"['bbb51b95', 'bbb51b95', 'bbb51b95', '3d91fa85', 'd38aa58d', '46003790', 'd38aa58d', '46003790', 'd38aa58d', '46003790', '5d5de21c', '5d5de21c', '5d5de21c']"
blk_-7870279890014693181,"['3d91fa85', 'bbb51b95', 'bbb51b95', 'bbb51b95', '5d5de21c', '5d5de21c', '5d5de21c', 'd38aa58d', '46003790', 'd38aa58d', '46003790', 'd38aa58d', '46003790', '32777b38', 'a333d363', '4dec0816', 'a333d363']"
blk_6728227953323264953,"['3d91fa85', 'bbb51b95', 'bbb51b95', 'bbb51b95', '5d5de21c', '5d5de21c', 'd38aa58d', '46003790', 'd38aa58d', '46003790', 'd38aa58d', '46003790', '5d5de21c']"
blk_6877500736811742730,"['bbb51b95', 'bbb51b95', '3d91fa85', 'bbb51b95', '46003790', 'd38aa58d', '46003790', '5d5de21c', 'd38aa58d', 'd38aa58d', '46003790', '5d5de21c', '5d5de21c']"
blk_5445892173442890312,"['bbb51b95', 'bbb51b95', '3d91fa85', 'bbb51b95', 'd38aa58d', '46003790', 'd38aa58d', '46003790', 'd38aa58d', '46003790', '5d5de21c', '5d5de21c', '5d5de21c']"
blk_8293813250457377763,"['bbb51b95', 'bbb51b95', 'bbb51b95', '3d91fa85', 'd38aa58d', '46003790', 'd38aa58d', '46003790', 'd38aa58d', '46003790', '5d5de21c', '5d5de21c', '5d5de21c']"
blk_-5485764259697800837,"['3d91fa85', 'bbb51b95', 'bbb51b95', 'bbb51b95', '5d5de21c', '5d5de21c', '5d5de21c', 'd38aa58d', '46003790', 'd38aa58d', '46003790', 'd38aa58d', '46003790']"
blk_564567450241128252,"['bbb51b95', 'bbb51b95', '3d91fa85', 'bbb51b95', 'd38aa58d', '46003790', 'd38aa58d', '46003790', '5d5de21c', '5d5de21c', 'd38aa58d', '46003790', '5d5de21c', '32777b38']"
blk_8773221698849424490,"['bbb51b95', '3d91fa85', 'bbb51b95', 'bbb51b95', 'd38aa58d', '46003790', 'd38aa58d', '46003790', 'd38aa58d', '46003790', '5d5de21c', '5d5de21c', '5d5de21c']"
blk_-1812485446084804140,"['3d91fa85', 'bbb51b95', 'bbb51b95', 'bbb51b95', '5d5de21c', '5d5de21c', 'd38aa58d', '46003790', 'd38aa58d', '46003790', 'd38aa58d', '46003790', '5d5de21c', 'a333d363', '4dec0816', 'a333d363']"
blk_3380364307369446444,"['bbb51b95', '3d91fa85', 'bbb51b95', 'bbb51b95', 'd38aa58d', '46003790', 'd38aa58d', '46003790', 'd38aa58d', '46003790', '5d5de21c', '5d5de21c', '5d5de21c']"
blk_5617214682965123892,"['3d91fa85', 'bbb51b95', 'bbb51b95', 'bbb51b95', '5d5de21c', 'd38aa58d', '46003790', '5d5de21c', '5d5de21c', 'd38aa58d', '46003790', 'd38aa58d', '46003790']"
blk_-7492141594321881095,"['bbb51b95', 'bbb51b95', 'bbb51b95', '3d91fa85', 'd38aa58d', '46003790', 'd38aa58d', '46003790', 'd38aa58d', '46003790', '5d5de21c', '5d5de21c', '5d5de21c']"
blk_-4510470685178783524,"['bbb51b95', 'bbb51b95', '3d91fa85', 'bbb51b95', 'd38aa58d', '46003790', 'd38aa58d', '46003790', 'd38aa58d', '46003790', '5d5de21c', '5d5de21c', '5d5de21c']"
blk_3205216085742691947,"['bbb51b95', '3d91fa85', 'bbb51b95', 'bbb51b95', 'd38aa58d', '46003790', 'd38aa58d', '46003790', 'd38aa58d', '46003790', '5d5de21c', '5d5de21c', '5d5de21c', 'a333d363']"
blk_-7176404461402728700,"['bbb51b95', 'bbb51b95', '3d91fa85', 'bbb51b95', 'd38aa58d', '46003790', 'd38aa58d', '46003790', 'd38aa58d', '46003790', '5d5de21c', '5d5de21c', '5d5de21c']"
blk_-1596119835428703714,"['bbb51b95', 'bbb51b95', 'bbb51b95', '3d91fa85', 'd38aa58d', '46003790', 'd38aa58d', '46003790', 'd38aa58d', '46003790', '5d5de21c', '5d5de21c', '5d5de21c']"
blk_-9149989066735311541,"['bbb51b95', '3d91fa85', 'bbb51b95', 'bbb51b95', 'd38aa58d', '46003790', '5d5de21c', '5d5de21c', 'd38aa58d', '46003790', '5d5de21c', 'd38aa58d', '46003790']"
blk_8316610407935641597,"['bbb51b95', '3d91fa85', 'bbb51b95', 'bbb51b95', 'd38aa58d', '46003790', 'd38aa58d', '46003790', 'd38aa58d', '46003790', '5d5de21c', '5d5de21c', '5d5de21c']"
blk_-1370233730286866534,"['3d91fa85', 'bbb51b95', 'bbb51b95', 'bbb51b95', '5d5de21c', 'd38aa58d', '46003790', '5d5de21c', '5d5de21c', 'd38aa58d', '46003790', 'd38aa58d', '46003790', 'a333d363', 'a333d363', '4dec0816']"
blk_5185256846387734113,"['3d91fa85', 'bbb51b95', 'bbb51b95', 'bbb51b95', 'd38aa58d', '46003790', 'd38aa58d', '46003790', 'd38aa58d', '46003790', '5d5de21c', '5d5de21c', '5d5de21c']"
blk_-3711816673890765419,"['bbb51b95', '3d91fa85', 'bbb51b95', 'bbb51b95', 'd38aa58d', '46003790', '5d5de21c', '5d5de21c', '5d5de21c', 'd38aa58d', '46003790', 'd38aa58d', '46003790']"
blk_6866071705071406885,"['bbb51b95', 'bbb51b95', 'bbb51b95', '3d91fa85', 'd38aa58d', '46003790', 'd38aa58d', '46003790', 'd38aa58d', '46003790', '5d5de21c', '5d5de21c', '5d5de21c']"
blk_8253122539936561618,"['bbb51b95', 'bbb51b95', '3d91fa85', 'bbb51b95', 'd38aa58d', '46003790', '46003790', 'd38aa58d', '46003790', 'd38aa58d', '5d5de21c', '5d5de21c', '5d5de21c']"
blk_-7120825617110826082,"['bbb51b95', 'bbb51b95', 'bbb51b95', '3d91fa85', 'd38aa58d', '46003790', 'd38aa58d', '46003790', 'd38aa58d', '46003790', '5d5de21c', '5d5de21c', '5d5de21c']"
blk_7477083345952636679,"['bbb51b95', 'bbb51b95', '3d91fa85', 'bbb51b95', 'd38aa58d', 'd38aa58d', '46003790', '46003790', 'd38aa58d', '46003790', '5d5de21c', '5d5de21c', '5d5de21c']"
blk_-5625142963273697442,"['bbb51b95', '3d91fa85', 'bbb51b95', 'bbb51b95', 'd38aa58d', '46003790', '46003790', 'd38aa58d', '46003790', '5d5de21c', '5d5de21c', 'd38aa58d', '5d5de21c']"
blk_-7347004232791455146,"['bbb51b95', '3d91fa85', 'bbb51b95', 'bbb51b95', '46003790', 'd38aa58d', '46003790', '5d5de21c', 'd38aa58d', 'd38aa58d', '46003790', '5d5de21c', '5d5de21c']"
blk_5751022654939316582,"['3d91fa85', 'bbb51b95', 'bbb51b95', 'bbb51b95', '5d5de21c', '5d5de21c', '5d5de21c', 'd38aa58d', '46003790', 'd38aa58d', '46003790', 'd38aa58d', '46003790', '32777b38']"
blk_-8903362116557314609,"['3d91fa85', 'bbb51b95', 'bbb51b95', 'bbb51b95', '5d5de21c', '5d5de21c', '5d5de21c', 'd38aa58d', '46003790', 'd38aa58d', '46003790', 'd38aa58d', '46003790']"
blk_-6198851127313977386,"['bbb51b95', 'bbb51b95', '3d91fa85', 'bbb51b95', 'd38aa58d', '46003790', 'd38aa58d', '46003790', 'd38aa58d', '46003790', '5d5de21c', '5d5de21c', '5d5de21c', 'a333d363', '4dec0816']"
blk_8432511667842351546,"['3d91fa85', 'bbb51b95', 'bbb51b95', 'bbb51b95', 'd38aa58d', '46003790', '5d5de21c', '5d5de21c', '5d5de21c', 'd38aa58d', '46003790', 'd38aa58d', '46003790', '32777b38']"
blk_2931352077405651237,"['bbb51b95', 'bbb51b95', 'bbb51b95', '3d91fa85', 'd38aa58d', '46003790', 'd38aa58d', '46003790', 'd38aa58d', '46003790', '5d5de21c', '5d5de21c', '5d5de21c']"
blk_-4635171477518313272,"['bbb51b95', '3d91fa85', 'bbb51b95', 'bbb51b95', 'd38aa58d', '46003790', 'd38aa58d', '46003790', '5d5de21c', '5d5de21c', 'd38aa58d', '46003790', '5d5de21c']"
blk_-4612778536483516677,"['bbb51b95', 'bbb51b95', 'bbb51b95', '3d91fa85', 'd38aa58d', '46003790', '5d5de21c', 'd38aa58d', 'd38aa58d', '46003790', '46003790', '5d5de21c', '5d5de21c']"
blk_-1574145292164802928,"['bbb51b95', '3d91fa85', 'bbb51b95', 'bbb51b95', 'd38aa58d', '46003790', 'd38aa58d', '46003790', 'd38aa58d', '46003790', '5d5de21c', '5d5de21c', '5d5de21c']"
blk_-479336694999570954,"['bbb51b95', 'bbb51b95', '3d91fa85', 'bbb51b95', 'd38aa58d', '46003790', 'd38aa58d', '46003790', 'd38aa58d', '46003790', '5d5de21c', '5d5de21c', '5d5de21c']"
blk_170772701738138990,"['bbb51b95', 'bbb51b95', '3d91fa85', 'bbb51b95', 'd38aa58d', '46003790', 'd38aa58d', '46003790', 'd38aa58d', '46003790', '5d5de21c', '5d5de21c', '5d5de21c']"
blk_1903554081832530961,"['3d91fa85', 'bbb51b95', 'bbb51b95', 'bbb51b95', '5d5de21c', '5d5de21c', '5d5de21c', 'd38aa58d', '46003790', 'd38aa58d', '46003790', 'd38aa58d', '46003790', 'a333d363', '4dec0816']"
blk_4025320906443754930,"['3d91fa85', 'bbb51b95', 'bbb51b95', 'bbb51b95', 'd38aa58d', '46003790', 'd38aa58d', '46003790', 'd38aa58d', '46003790', '5d5de21c', '5d5de21c', '5d5de21c', 'd63ef163', 'd63ef163', 'd63ef163', 'dba996ef', 'dba996ef', 'dba996ef']"
blk_-4299524082324617197,"['bbb51b95', 'bbb51b95', '3d91fa85', 'bbb51b95', 'd38aa58d', '46003790', 'd38aa58d', '46003790', 'd38aa58d', '46003790', '5d5de21c', '5d5de21c', '5d5de21c']"
blk_3707165323292201950,"['bbb51b95', 'bbb51b95', '3d91fa85', 'bbb51b95', 'd38aa58d', '46003790', 'd38aa58d', '46003790', 'd38aa58d', '46003790', '5d5de21c', '5d5de21c', '5d5de21c']"
blk_-6635688790060022873,"['3d91fa85', 'bbb51b95', 'bbb51b95', 'bbb51b95', '5d5de21c', '5d5de21c', 'd38aa58d', '46003790', 'd38aa58d', '46003790', '5d5de21c', 'd38aa58d', '46003790']"
blk_8721966513188355729,"['bbb51b95', '3d91fa85', 'bbb51b95', 'bbb51b95', 'd38aa58d', '46003790', 'd38aa58d', '46003790', 'd38aa58d', '46003790', '5d5de21c', '5d5de21c', '5d5de21c']"
blk_4405869106738888870,"['3d91fa85', 'bbb51b95', 'bbb51b95', 'bbb51b95', '5d5de21c', '5d5de21c', 'd38aa58d', 'd38aa58d', '46003790', '46003790', 'd38aa58d', '46003790', '5d5de21c']"
blk_4166090013029294074,"['bbb51b95', 'bbb51b95', 'bbb51b95', '3d91fa85', 'd38aa58d', '46003790', 'd38aa58d', '46003790', 'd38aa58d', '46003790', '5d5de21c', '5d5de21c', '5d5de21c']"
blk_1489410622344657483,"['bbb51b95', 'bbb51b95', 'bbb51b95', '3d91fa85', 'd38aa58d', '46003790', 'd38aa58d', '46003790', 'd38aa58d', '46003790', '5d5de21c', '5d5de21c', '5d5de21c']"
blk_2395486208874016923,"['3d91fa85', 'bbb51b95', 'bbb51b95', 'bbb51b95', 'd38aa58d', '46003790', 'd38aa58d', '46003790', 'd38aa58d', '46003790', '5d5de21c', '5d5de21c', '5d5de21c']"
blk_6582802766541729766,"['bbb51b95', '3d91fa85', 'bbb51b95', 'bbb51b95', 'd38aa58d', '46003790', 'd38aa58d', '46003790', 'd38aa58d', '46003790', '5d5de21c', '5d5de21c', '5d5de21c']"
blk_7671084265253953563,"['bbb51b95', 'bbb51b95', '3d91fa85', 'bbb51b95', 'd38aa58d', '46003790', 'd38aa58d', '46003790', 'd38aa58d', '46003790', '5d5de21c', '5d5de21c', '5d5de21c']"
blk_2142202452581443247,"['bbb51b95', 'bbb51b95', '3d91fa85', 'bbb51b95', 'd38aa58d', '46003790', 'd38aa58d', '46003790', '5d5de21c', '5d5de21c', 'd38aa58d', '46003790', '5d5de21c']"
blk_-2196794589527487503,"['3d91fa85', 'bbb51b95', 'bbb51b95', 'bbb51b95', '5d5de21c', '5d5de21c', '5d5de21c', 'd38aa58d', '46003790', 'd38aa58d', '46003790', 'd38aa58d', '46003790']"
blk_-6478595895180655037,"['bbb51b95', '3d91fa85', 'bbb51b95', 'bbb51b95', 'd38aa58d', '46003790', 'd38aa58d', '46003790', 'd38aa58d', '46003790', '5d5de21c', '5d5de21c', '5d5de21c']"
blk_-7904425020121977889,"['bbb51b95', 'bbb51b95', 'bbb51b95', '3d91fa85', 'd38aa58d', '46003790', 'd38aa58d', '46003790', 'd38aa58d', '46003790', '5d5de21c', '5d5de21c', '5d5de21c', 'd63ef163', 'd63ef163', 'd63ef163', 'dba996ef', 'dba996ef', 'dba996ef']"
blk_2252970749167447567,"['3d91fa85', 'bbb51b95', 'bbb51b95', 'bbb51b95', '5d5de21c', '5d5de21c', 'd38aa58d', '46003790', 'd38aa58d', 'd38aa58d', '46003790', '46003790', '5d5de21c', '32777b38']"
blk_4565672638822402409,"['3d91fa85', 'bbb51b95', 'bbb51b95', 'bbb51b95', '5d5de21c', '5d5de21c', '5d5de21c', 'd38aa58d', 'd38aa58d', '46003790', '46003790', 'd38aa58d', '46003790']"
blk_-3586915907258644,"['bbb51b95', 'bbb51b95', '3d91fa85', 'bbb51b95', 'd38aa58d', '46003790', 'd38aa58d', '46003790', 'd38aa58d', '46003790', '5d5de21c', '5d5de21c', '5d5de21c']"
blk_849648723391304120,"['bbb51b95', 'bbb51b95', 'bbb51b95', '3d91fa85', 'd38aa58d', '46003790', 'd38aa58d', '46003790', '5d5de21c', '5d5de21c', 'd38aa58d', '46003790', '5d5de21c', 'd63ef163', 'd63ef163', 'd63ef163', 'dba996ef', 'dba996ef', 'dba996ef']"
blk_6352729865387672726,"['bbb51b95', '3d91fa85', 'bbb51b95', 'bbb51b95', 'd38aa58d', '46003790', '5d5de21c', 'd38aa58d', '46003790', 'd38aa58d', '46003790', '5d5de21c', '5d5de21c']"
blk_406725854104568501,"['3d91fa85', 'bbb51b95', 'bbb51b95', 'bbb51b95', '5d5de21c', '5d5de21c', '5d5de21c', 'd38aa58d', '46003790', 'd38aa58d', '46003790', 'd38aa58d', '46003790', 'a333d363', '4dec0816', 'a333d363']"
blk_6907684877329407267,"['3d91fa85', 'bbb51b95', 'bbb51b95', 'bbb51b95', '5d5de21c', '5d5de21c', '5d5de21c', 'd38aa58d', '46003790', 'd38aa58d', '46003790', 'd38aa58d', '46003790', 'a333d363', 'a333d363', '4dec0816']"
blk_-8298613971776815682,"['bbb51b95', 'bbb51b95', '3d91fa85', 'bbb51b95', 'd38aa58d', '46003790', 'd38aa58d', '46003790', 'd38aa58d', '46003790', '5d5de21c', '5d5de21c', '5d5de21c', 'a333d363']"
blk_-4438570940741296738,"['bbb51b95', '3d91fa85', 'bbb51b95', 'bbb51b95', 'd38aa58d', '46003790', 'd38aa58d', '46003790', 'd38aa58d', '46003790', '5d5de21c', '5d5de21c', '5d5de21c']"
blk_-7607782815743126920,"['bbb51b95', 'bbb51b95', 'bbb51b95', '3d91fa85', 'd38aa58d', '46003790', 'd38aa58d', '46003790', 'd38aa58d', '46003790', '5d5de21c', '5d5de21c', '5d5de21c']"
blk_-8594106650555924969,"['bbb51b95', '3d91fa85', 'bbb51b95', 'bbb51b95', 'd38aa58d', '46003790', 'd38aa58d', '46003790', 'd38aa58d', '46003790', '5d5de21c', '5d5de21c', '5d5de21c']"
blk_1373372576195874922,"['bbb51b95', 'bbb51b95', '3d91fa85', 'bbb51b95', 'd38aa58d', '46003790', 'd38aa58d', '46003790', 'd38aa58d', '46003790', '5d5de21c', '5d5de21c', '5d5de21c', 'd63ef163', 'd63ef163', 'd63ef163', 'dba996ef', 'dba996ef', 'dba996ef']"
blk_5730582247064496558,"['bbb51b95', 'bbb51b95', 'bbb51b95', '3d91fa85', 'd38aa58d', '46003790', 'd38aa58d', '46003790', 'd38aa58d', '46003790', '5d5de21c', '5d5de21c', '5d5de21c']"
blk_-4835109028901853491,"['3d91fa85', 'bbb51b95', 'bbb51b95', 'bbb51b95', 'd38aa58d', '46003790', 'd38aa58d', '46003790', 'd38aa58d', '46003790', '5d5de21c', '5d5de21c', '5d5de21c']"
blk_-8157858891794601340,"['3d91fa85', 'bbb51b95', 'bbb51b95', 'bbb51b95', '5d5de21c', '5d5de21c', '5d5de21c', 'd38aa58d', '46003790', 'd38aa58d', '46003790', 'd38aa58d', '46003790', '4dec0816']"
blk_1710591911270500757,"['bbb51b95', 'bbb51b95', 'bbb51b95', '3d91fa85', 'd38aa58d', '46003790', 'd38aa58d', '46003790', 'd38aa58d', '46003790', '5d5de21c', '5d5de21c', '5d5de21c']"
blk_525877847570074806,"['3d91fa85', 'bbb51b95', 'bbb51b95', 'bbb51b95', '5d5de21c', 'd38aa58d', 'd38aa58d', '46003790', '46003790', '5d5de21c', '5d5de21c', 'd38aa58d', '46003790', 'a333d363', '4dec0816', 'a333d363']"
blk_-4620584562630943821,"['bbb51b95', 'bbb51b95', 'bbb51b95', '3d91fa85', 'd38aa58d', '46003790', 'd38aa58d', '46003790', 'd38aa58d', '46003790', '5d5de21c', '5d5de21c', '5d5de21c']"
blk_1482187603355364016,"['bbb51b95', 'bbb51b95', 'bbb51b95', '3d91fa85', 'd38aa58d', '46003790', 'd38aa58d', '46003790', 'd38aa58d', '46003790', '5d5de21c', '5d5de21c', '5d5de21c', 'd63ef163', 'd63ef163', 'd63ef163', 'dba996ef', 'dba996ef', 'dba996ef']"
blk_-805534677305952787,"['bbb51b95', 'bbb51b95', 'bbb51b95', '3d91fa85', 'd38aa58d', '46003790', 'd38aa58d', '46003790', 'd38aa58d', '46003790', '5d5de21c', '5d5de21c', '5d5de21c']"
blk_7310662553203256837,"['bbb51b95', '3d91fa85', 'bbb51b95', 'bbb51b95', 'd38aa58d', '46003790', 'd38aa58d', '46003790', 'd38aa58d', '46003790', '5d5de21c', '5d5de21c', '5d5de21c', 'a333d363']"
blk_4190466934876478005,"['3d91fa85', 'bbb51b95', 'bbb51b95', 'bbb51b95', '5d5de21c', '5d5de21c', 'd38aa58d', '46003790', 'd38aa58d', '46003790', '5d5de21c', 'd38aa58d', '46003790']"
blk_-5038103043387208587,"['bbb51b95', 'bbb51b95', '3d91fa85', 'bbb51b95', 'd38aa58d', '46003790', 'd38aa58d', '46003790', 'd38aa58d', '46003790', '5d5de21c', '5d5de21c', '5d5de21c']"
blk_3982240577375546261,"['3d91fa85', 'bbb51b95', 'bbb51b95', 'bbb51b95', 'd38aa58d', '46003790', 'd38aa58d', '46003790', 'd38aa58d', '46003790', '5d5de21c', '5d5de21c', '5d5de21c']"
blk_3190444684944194020,"['bbb51b95', '3d91fa85', 'bbb51b95', 'bbb51b95', 'd38aa58d', '46003790', 'd38aa58d', '46003790', 'd38aa58d', '46003790', '5d5de21c', '5d5de21c', '5d5de21c']"
blk_-5113763898905210671,"['3d91fa85', 'bbb51b95', 'bbb51b95', 'bbb51b95', '5d5de21c', '5d5de21c', '5d5de21c', 'd38aa58d', '46003790', 'd38aa58d', '46003790', 'd38aa58d', '46003790']"
blk_6275128887054916758,"['bbb51b95', 'bbb51b95', '3d91fa85', 'bbb51b95', 'd38aa58d', '46003790', 'd38aa58d', '46003790', '5d5de21c', '5d5de21c', 'd38aa58d', '46003790', '5d5de21c']"
blk_-597593506145810247,"['bbb51b95', 'd38aa58d', '46003790', 'bbb51b95', 'd38aa58d', '46003790', 'bbb51b95', 'd38aa58d', '46003790', '5d5de21c', '3d91fa85', '5d5de21c', '5d5de21c', '4dec0816']"
blk_-2439603635088006588,"['bbb51b95', 'bbb51b95', 'bbb51b95', '3d91fa85', 'd38aa58d', '46003790', 'd38aa58d', '46003790', 'd38aa58d', '46003790', '5d5de21c', '5d5de21c', '5d5de21c']"
blk_-1106948964536514738,"['bbb51b95', '3d91fa85', 'bbb51b95', 'bbb51b95', 'd38aa58d', '46003790', '5d5de21c', 'd38aa58d', '46003790', 'd38aa58d', '46003790', '5d5de21c', '5d5de21c']"
blk_4501701382308074139,"['3d91fa85', 'bbb51b95', 'bbb51b95', 'bbb51b95', 'd38aa58d', '46003790', 'd38aa58d', 'd38aa58d', '46003790', '46003790', '5d5de21c', '5d5de21c', '5d5de21c']"
blk_-326538994068798702,"['bbb51b95', 'bbb51b95', 'bbb51b95', '3d91fa85', 'd38aa58d', '46003790', 'd38aa58d', '46003790', 'd38aa58d', '46003790', '5d5de21c', '5d5de21c', '5d5de21c', 'a333d363', '4dec0816']"
blk_7978799004741258306,"['bbb51b95', 'bbb51b95', 'bbb51b95', '3d91fa85', 'd38aa58d', '46003790', 'd38aa58d', '46003790', 'd38aa58d', '46003790', '5d5de21c', '5d5de21c', '5d5de21c']"
blk_7437325328797976400,"['3d91fa85', 'bbb51b95', 'bbb51b95', 'bbb51b95', '5d5de21c', '5d5de21c', 'd38aa58d', '46003790', 'd38aa58d', '46003790', 'd38aa58d', '46003790', '5d5de21c']"
blk_-8206504430471614681,"['bbb51b95', 'bbb51b95', 'bbb51b95', '3d91fa85', 'd38aa58d', '46003790', 'd38aa58d', '46003790', 'd38aa58d', '46003790', '5d5de21c', '5d5de21c', '5d5de21c', 'd63ef163', 'd63ef163', 'd63ef163', 'dba996ef', 'dba996ef', 'dba996ef']"
blk_-6463409993293070054,"['bbb51b95', 'bbb51b95', '3d91fa85', 'bbb51b95', 'd38aa58d', '46003790', 'd38aa58d', '46003790', 'd38aa58d', '46003790', '5d5de21c', '5d5de21c', '5d5de21c', '32777b38']"
blk_6273172873204412318,"['bbb51b95', '3d91fa85', 'bbb51b95', 'bbb51b95', 'd38aa58d', '46003790', 'd38aa58d', '46003790', 'd38aa58d', '46003790', '5d5de21c', '5d5de21c', '5d5de21c']"
blk_-7737336390765347569,"['bbb51b95', 'bbb51b95', '3d91fa85', 'bbb51b95', 'd38aa58d', '46003790', 'd38aa58d', '46003790', 'd38aa58d', '46003790', '5d5de21c', '5d5de21c', '5d5de21c']"
blk_2040166730730018832,"['bbb51b95', '3d91fa85', 'bbb51b95', 'bbb51b95', 'd38aa58d', '46003790', 'd38aa58d', '46003790', 'd38aa58d', '46003790', '5d5de21c', '5d5de21c', '5d5de21c']"
blk_8890443011082189159,"['bbb51b95', '3d91fa85', 'bbb51b95', 'bbb51b95', 'd38aa58d', '46003790', 'd38aa58d', '46003790', 'd38aa58d', '46003790', '5d5de21c', '5d5de21c', '5d5de21c']"
blk_-3933732814799287302,"['3d91fa85', 'bbb51b95', 'bbb51b95', 'bbb51b95', '5d5de21c', '5d5de21c', '5d5de21c', 'd38aa58d', '46003790', 'd38aa58d', '46003790', 'd38aa58d', '46003790']"
blk_-5397313821077959669,"['3d91fa85', 'bbb51b95', 'bbb51b95', 'bbb51b95', 'd38aa58d', '46003790', '5d5de21c', '5d5de21c', 'd38aa58d', '46003790', 'd38aa58d', '46003790', '5d5de21c']"
blk_-6238742679384501750,"['3d91fa85', 'bbb51b95', 'bbb51b95', 'bbb51b95', 'd38aa58d', '46003790', 'd38aa58d', '46003790', 'd38aa58d', '46003790', '5d5de21c', '5d5de21c', '5d5de21c', 'a333d363']"
blk_-7529606953261103372,"['3d91fa85', 'bbb51b95', 'bbb51b95', 'bbb51b95', '5d5de21c', 'd38aa58d', '46003790', '5d5de21c', '5d5de21c', 'd38aa58d', '46003790', 'd38aa58d', '46003790', 'a333d363', '4dec0816']"
blk_1390956406910196414,"['3d91fa85', 'bbb51b95', 'bbb51b95', 'bbb51b95', '5d5de21c', 'd38aa58d', '46003790', 'd38aa58d', '46003790', 'd38aa58d', '46003790', '5d5de21c', '5d5de21c', '32777b38']"
blk_-2398719311811415711,"['3d91fa85', 'bbb51b95', 'bbb51b95', 'bbb51b95', '46003790', '5d5de21c', '5d5de21c', '5d5de21c', 'd38aa58d', 'd38aa58d', '46003790', 'd38aa58d', '46003790', 'a333d363']"
blk_3752377836828037272,"['3d91fa85', 'bbb51b95', 'bbb51b95', 'bbb51b95', '46003790', '5d5de21c', 'd38aa58d', '46003790', 'd38aa58d', '46003790', 'd38aa58d', '5d5de21c', '5d5de21c', 'a333d363']"
blk_-7563442172597950408,"['bbb51b95', 'bbb51b95', '3d91fa85', 'bbb51b95', 'd38aa58d', '46003790', 'd38aa58d', '46003790', 'd38aa58d', '46003790', '5d5de21c', '5d5de21c', '5d5de21c', '32777b38', '32777b38', '32777b38', 'a333d363', 'a333d363', '4dec0816']"
blk_-663877280727372900,"['bbb51b95', '3d91fa85', 'bbb51b95', 'bbb51b95', 'd38aa58d', '46003790', 'd38aa58d', '46003790', 'd38aa58d', '46003790', '5d5de21c', '5d5de21c', '5d5de21c']"
blk_-2503062862838309356,"['bbb51b95', 'bbb51b95', 'bbb51b95', '3d91fa85', 'd38aa58d', '46003790', 'd38aa58d', '46003790', 'd38aa58d', '46003790', '5d5de21c', '5d5de21c', '5d5de21c']"
blk_4515414447652693999,"['bbb51b95', 'bbb51b95', '3d91fa85', 'bbb51b95', 'd38aa58d', '46003790', 'd38aa58d', '46003790', 'd38aa58d', '46003790', '5d5de21c', '5d5de21c', '5d5de21c', '4dec0816']"
blk_6726248911237820146,"['bbb51b95', 'bbb51b95', '3d91fa85', 'bbb51b95', '46003790', 'd38aa58d', '46003790', '5d5de21c', '5d5de21c', 'd38aa58d', 'd38aa58d', '46003790', '5d5de21c']"
blk_-7089853781005780424,"['bbb51b95', '3d91fa85', 'bbb51b95', 'bbb51b95', 'd38aa58d', '46003790', 'd38aa58d', '46003790', 'd38aa58d', '46003790', '5d5de21c', '5d5de21c', '5d5de21c']"
blk_3304212598762331139,"['bbb51b95', 'bbb51b95', 'bbb51b95', '3d91fa85', 'd38aa58d', '46003790', 'd38aa58d', '46003790', '5d5de21c', 'd38aa58d', '46003790', '5d5de21c', '5d5de21c']"
blk_2449956884443255309,"['3d91fa85', 'bbb51b95', 'bbb51b95', 'bbb51b95', '5d5de21c', '5d5de21c', 'd38aa58d', '46003790', '5d5de21c', 'd38aa58d', 'd38aa58d', '46003790', '46003790']"
blk_-492454937914242888,"['bbb51b95', 'bbb51b95', 'bbb51b95', '3d91fa85', 'd38aa58d', 'd38aa58d', '46003790', '46003790', 'd38aa58d', '46003790', '5d5de21c', '5d5de21c', '5d5de21c']"
blk_-4306027353823854843,"['3d91fa85', 'bbb51b95', 'bbb51b95', 'bbb51b95', 'd38aa58d', '46003790', 'd38aa58d', '46003790', 'd38aa58d', '46003790', '5d5de21c', '5d5de21c', '5d5de21c']"
blk_7102935381032681882,"['3d91fa85', 'bbb51b95', 'bbb51b95', 'bbb51b95', 'd38aa58d', '46003790', 'd38aa58d', '46003790', 'd38aa58d', '46003790', '5d5de21c', '5d5de21c', '5d5de21c']"
blk_-7250951175846265900,"['bbb51b95', 'bbb51b95', 'bbb51b95', '3d91fa85', 'd38aa58d', '46003790', 'd38aa58d', '46003790', 'd38aa58d', '46003790', '5d5de21c', '5d5de21c', '5d5de21c']"
blk_2288542935057176972,"['3d91fa85', 'bbb51b95', 'bbb51b95', 'bbb51b95', 'd38aa58d', '46003790', 'd38aa58d', '46003790', '5d5de21c', '5d5de21c', 'd38aa58d', '46003790', '5d5de21c', 'a333d363', '4dec0816']"
blk_5670583634272134482,"['bbb51b95', '3d91fa85', 'bbb51b95', 'bbb51b95', 'd38aa58d', '46003790', 'd38aa58d', '46003790', '5d5de21c', '5d5de21c', 'd38aa58d', '46003790', '5d5de21c']"
blk_9121618243942422661,"['bbb51b95', '3d91fa85', 'bbb51b95', 'bbb51b95', 'd38aa58d', '46003790', 'd38aa58d', '46003790', 'd38aa58d', '46003790', '5d5de21c', '5d5de21c', '5d5de21c']"
blk_4495243535150046982,"['bbb51b95', 'bbb51b95', '3d91fa85', 'bbb51b95', 'd38aa58d', '46003790', 'd38aa58d', '46003790', 'd38aa58d', '46003790', '5d5de21c', '5d5de21c', '5d5de21c', 'a333d363']"
blk_528077889195061954,"['bbb51b95', 'bbb51b95', 'bbb51b95', '3d91fa85', 'd38aa58d', '46003790', 'd38aa58d', '46003790', 'd38aa58d', '46003790', '5d5de21c', '5d5de21c', '5d5de21c']"
blk_-3623292567630008688,"['bbb51b95', '3d91fa85', 'bbb51b95', 'bbb51b95', 'd38aa58d', '46003790', 'd38aa58d', '46003790', 'd38aa58d', '46003790', '5d5de21c', '5d5de21c', '5d5de21c']"
blk_-2355559267544510482,"['bbb51b95', 'bbb51b95', '3d91fa85', 'bbb51b95', 'd38aa58d', '46003790', 'd38aa58d', '46003790', '5d5de21c', '5d5de21c', 'd38aa58d', '46003790', '5d5de21c', 'd63ef163', 'd63ef163', 'd63ef163', 'dba996ef', 'dba996ef', 'dba996ef']"
blk_-2598897828182146855,"['bbb51b95', 'bbb51b95', 'bbb51b95', '3d91fa85', 'd38aa58d', '46003790', 'd38aa58d', '46003790', 'd38aa58d', '46003790', '5d5de21c', '5d5de21c', '5d5de21c', '32777b38', '32777b38', '32777b38', 'a333d363', 'a333d363', 'a333d363', 'a333d363', 'a333d363', 'a333d363', 'a333d363', 'a333d363', 'a333d363', 'a333d363', 'a333d363', 'a333d363', 'a333d363', '4dec0816', 'a333d363', 'a333d363']"
blk_-7915574042531143310,"['bbb51b95', 'bbb51b95', '3d91fa85', 'bbb51b95', 'd38aa58d', '46003790', 'd38aa58d', '46003790', 'd38aa58d', '46003790', '5d5de21c', '5d5de21c', '5d5de21c', '32777b38', '32777b38', '32777b38', 'a333d363', 'a333d363', '4dec0816']"
blk_7010968587420062700,"['bbb51b95', '3d91fa85', 'bbb51b95', 'bbb51b95', 'd38aa58d', '46003790', 'd38aa58d', '46003790', 'd38aa58d', '46003790', '5d5de21c', '5d5de21c', '5d5de21c']"
blk_1562394985153044726,"['3d91fa85', 'bbb51b95', 'bbb51b95', 'bbb51b95', '5d5de21c', 'd38aa58d', '46003790', 'd38aa58d', '46003790', '5d5de21c', '5d5de21c', 'd38aa58d', '46003790', 'a333d363', 'a333d363', '4dec0816']"
blk_-1258521630955195684,"['3d91fa85', 'bbb51b95', 'bbb51b95', 'bbb51b95', '5d5de21c', '5d5de21c', '5d5de21c', 'd38aa58d', '46003790', 'd38aa58d', '46003790', 'd38aa58d', '46003790', '32777b38']"
blk_-8296880933210608104,"['3d91fa85', 'bbb51b95', 'bbb51b95', 'bbb51b95', '5d5de21c', '5d5de21c', '5d5de21c', 'd38aa58d', '46003790', 'd38aa58d', '46003790', 'd38aa58d', '46003790']"
blk_1257348900253094336,"['bbb51b95', '3d91fa85', 'bbb51b95', 'bbb51b95', 'd38aa58d', '46003790', 'd38aa58d', '46003790', 'd38aa58d', '46003790', '5d5de21c', '5d5de21c', '5d5de21c']"
blk_-594850263433799117,"['bbb51b95', 'bbb51b95', 'bbb51b95', '3d91fa85', 'd38aa58d', '46003790', 'd38aa58d', '46003790', 'd38aa58d', '46003790', '5d5de21c', '5d5de21c', '5d5de21c']"
blk_7330449138375835544,"['3d91fa85', 'bbb51b95', 'bbb51b95', 'bbb51b95', '46003790', '5d5de21c', '5d5de21c', '5d5de21c', 'd38aa58d', '46003790', 'd38aa58d', '46003790', 'd38aa58d', '32777b38']"
blk_2502010311408402780,"['3d91fa85', 'bbb51b95', 'bbb51b95', 'bbb51b95', '5d5de21c', '5d5de21c', 'd38aa58d', '46003790', 'd38aa58d', '46003790', 'd38aa58d', '46003790', '5d5de21c']"
blk_-2865202423028794864,"['3d91fa85', 'bbb51b95', 'bbb51b95', 'bbb51b95', '5d5de21c', '5d5de21c', 'd38aa58d', '46003790', 'd38aa58d', '46003790', 'd38aa58d', '46003790', '5d5de21c']"
blk_-5435071901596240410,"['3d91fa85', 'bbb51b95', 'bbb51b95', 'bbb51b95', '5d5de21c', '5d5de21c', '5d5de21c', 'd38aa58d', '46003790', 'd38aa58d', '46003790', 'd38aa58d', '46003790']"
blk_3752563834335494043,"['bbb51b95', 'bbb51b95', '3d91fa85', 'bbb51b95', 'd38aa58d', '46003790', 'd38aa58d', '46003790', 'd38aa58d', '46003790', '5d5de21c', '5d5de21c', '5d5de21c']"
blk_1783535540401596099,"['bbb51b95', '3d91fa85', 'bbb51b95', 'bbb51b95', 'd38aa58d', '46003790', 'd38aa58d', '46003790', 'd38aa58d', '46003790', '5d5de21c', '5d5de21c', '5d5de21c']"
blk_5802424156946211551,"['3d91fa85', 'bbb51b95', 'bbb51b95', 'bbb51b95', 'd38aa58d', '46003790', 'd38aa58d', '46003790', '5d5de21c', 'd38aa58d', '46003790', '5d5de21c', '5d5de21c']"
blk_1622449074906686247,"['bbb51b95', 'bbb51b95', 'bbb51b95', '3d91fa85', 'd38aa58d', '46003790', 'd38aa58d', '46003790', 'd38aa58d', '46003790', '5d5de21c', '5d5de21c', '5d5de21c', '4dec0816']"
blk_-7402499638839644149,"['3d91fa85', 'bbb51b95', 'bbb51b95', 'bbb51b95', '5d5de21c', '5d5de21c', '5d5de21c', 'd38aa58d', '46003790', 'd38aa58d', 'd38aa58d', '46003790', '46003790', '32777b38']"
blk_5194028516980543224,"['bbb51b95', 'bbb51b95', '3d91fa85', 'bbb51b95', 'd38aa58d', '46003790', 'd38aa58d', '46003790', 'd38aa58d', '46003790', '5d5de21c', '5d5de21c', '5d5de21c', '32777b38', 'a333d363', '4dec0816']"
blk_-3946711972856942215,"['bbb51b95', '3d91fa85', 'bbb51b95', 'bbb51b95', 'd38aa58d', '46003790', '5d5de21c', '5d5de21c', 'd38aa58d', '46003790', 'd38aa58d', '46003790', '5d5de21c']"
blk_-1160765867676592212,"['3d91fa85', 'bbb51b95', 'bbb51b95', 'bbb51b95', '5d5de21c', 'd38aa58d', '46003790', '5d5de21c', '5d5de21c', 'd38aa58d', '46003790', 'd38aa58d', '46003790', 'a333d363', '4dec0816']"
blk_229897324711031846,"['bbb51b95', '3d91fa85', 'bbb51b95', 'bbb51b95', 'd38aa58d', '46003790', 'd38aa58d', '46003790', 'd38aa58d', '46003790', '5d5de21c', '5d5de21c', '5d5de21c']"
blk_-9065940624109531583,"['3d91fa85', 'bbb51b95', 'bbb51b95', 'bbb51b95', '5d5de21c', '5d5de21c', '5d5de21c', 'd38aa58d', '46003790', 'd38aa58d', '46003790', 'd38aa58d', '46003790']"
blk_-5767670158575471723,"['3d91fa85', 'bbb51b95', 'bbb51b95', 'bbb51b95', '5d5de21c', '5d5de21c', '5d5de21c', 'd38aa58d', '46003790', 'd38aa58d', '46003790', 'd38aa58d', '46003790']"
blk_-5008219230249118429,"['bbb51b95', '3d91fa85', 'bbb51b95', 'bbb51b95', 'd38aa58d', '46003790', '5d5de21c', 'd38aa58d', '46003790', '5d5de21c', 'd38aa58d', '46003790', '5d5de21c', '32777b38', 'a333d363', 'a333d363', '4dec0816']"
blk_1163335386135801245,"['bbb51b95', 'bbb51b95', 'bbb51b95', '3d91fa85', 'd38aa58d', '46003790', 'd38aa58d', '46003790', 'd38aa58d', '46003790', '5d5de21c', '5d5de21c', '5d5de21c']"
blk_-343790173849637935,"['3d91fa85', 'bbb51b95', 'bbb51b95', 'bbb51b95', '5d5de21c', '5d5de21c', '5d5de21c', 'd38aa58d', '46003790', 'd38aa58d', '46003790', 'd38aa58d', '46003790', 'a333d363']"
blk_-3297844717097835198,"['3d91fa85', 'bbb51b95', 'bbb51b95', 'bbb51b95', '5d5de21c', '5d5de21c', '5d5de21c', 'd38aa58d', '46003790', 'd38aa58d', '46003790', 'd38aa58d', '46003790', 'a333d363']"
blk_-6903872692670401591,"['bbb51b95', 'bbb51b95', '3d91fa85', 'bbb51b95', 'd38aa58d', '46003790', 'd38aa58d', '46003790', 'd38aa58d', '46003790', '5d5de21c', '5d5de21c', '5d5de21c']"
blk_6689112232556250066,"['bbb51b95', '3d91fa85', 'bbb51b95', 'bbb51b95', 'd38aa58d', '46003790', 'd38aa58d', '46003790', 'd38aa58d', '46003790', '5d5de21c', '5d5de21c', '5d5de21c']"
blk_7746700104649851429,"['bbb51b95', 'bbb51b95', 'bbb51b95', '3d91fa85', 'd38aa58d', '46003790', 'd38aa58d', '46003790', 'd38aa58d', '46003790', '5d5de21c', '5d5de21c', '5d5de21c']"
blk_1018271033265931936,"['3d91fa85', 'bbb51b95', 'bbb51b95', 'bbb51b95', '5d5de21c', '5d5de21c', '5d5de21c', 'd38aa58d', '46003790', 'd38aa58d', '46003790', 'd38aa58d', '46003790']"
blk_1605581818919572591,"['bbb51b95', 'bbb51b95', 'bbb51b95', '3d91fa85', 'd38aa58d', '46003790', 'd38aa58d', '46003790', 'd38aa58d', '46003790', '5d5de21c', '5d5de21c', '5d5de21c', '32777b38']"
blk_2818160026382094692,"['3d91fa85', 'bbb51b95', 'bbb51b95', 'bbb51b95', '5d5de21c', '5d5de21c', 'd38aa58d', '46003790', 'd38aa58d', '46003790', '5d5de21c', 'd38aa58d', '46003790']"
blk_-7550750096720658402,"['bbb51b95', 'bbb51b95', '3d91fa85', 'bbb51b95', 'd38aa58d', '46003790', 'd38aa58d', '46003790', 'd38aa58d', '46003790', '5d5de21c', '5d5de21c', '5d5de21c']"
blk_7943567125484137884,"['bbb51b95', 'bbb51b95', 'bbb51b95', '3d91fa85', 'd38aa58d', '46003790', 'd38aa58d', '46003790', 'd38aa58d', '46003790', '5d5de21c', '5d5de21c', '5d5de21c', 'a333d363']"
blk_-5378462375770825542,"['3d91fa85', 'bbb51b95', 'bbb51b95', 'bbb51b95', '5d5de21c', '5d5de21c', '5d5de21c', 'd38aa58d', '46003790', 'd38aa58d', '46003790', 'd38aa58d', '46003790', 'a333d363', 'a333d363', '4dec0816']"
blk_8518644188978882261,"['bbb51b95', '3d91fa85', 'bbb51b95', 'bbb51b95', 'd38aa58d', '46003790', 'd38aa58d', '46003790', 'd38aa58d', '46003790', '5d5de21c', '5d5de21c', '5d5de21c', '32777b38', '32777b38', 'a333d363']"
blk_9003771932345004546,"['bbb51b95', 'bbb51b95', 'bbb51b95', '3d91fa85', 'd38aa58d', '46003790', 'd38aa58d', '46003790', 'd38aa58d', '46003790', '5d5de21c', '5d5de21c', '5d5de21c']"
blk_583234444949267006,"['bbb51b95', 'bbb51b95', '3d91fa85', 'bbb51b95', 'd38aa58d', '46003790', 'd38aa58d', '46003790', 'd38aa58d', '46003790', '5d5de21c', '5d5de21c', '5d5de21c']"
blk_-8472670594977870447,"['bbb51b95', '3d91fa85', 'bbb51b95', 'bbb51b95', 'd38aa58d', '46003790', 'd38aa58d', '46003790', 'd38aa58d', '46003790', '5d5de21c', '5d5de21c', '5d5de21c']"
blk_7820485463013070985,"['bbb51b95', '3d91fa85', 'bbb51b95', 'bbb51b95', 'd38aa58d', '46003790', 'd38aa58d', '46003790', 'd38aa58d', '46003790', '5d5de21c', '5d5de21c', '5d5de21c', '4dec0816']"
blk_-7307146903399584011,"['bbb51b95', 'bbb51b95', 'bbb51b95', '3d91fa85', 'd38aa58d', '46003790', '5d5de21c', 'd38aa58d', '46003790', 'd38aa58d', '46003790', '5d5de21c', '5d5de21c']"
blk_8431703316755593488,"['3d91fa85', 'bbb51b95', 'bbb51b95', 'bbb51b95', 'd38aa58d', '46003790', '5d5de21c', 'd38aa58d', '46003790', 'd38aa58d', '46003790', '5d5de21c', '5d5de21c']"
blk_-555851307835839933,"['bbb51b95', 'bbb51b95', '3d91fa85', 'bbb51b95', 'd38aa58d', '46003790', 'd38aa58d', '46003790', 'd38aa58d', '46003790', '5d5de21c', '5d5de21c', '5d5de21c']"
blk_3321721157733177166,"['bbb51b95', 'bbb51b95', 'bbb51b95', '3d91fa85', 'd38aa58d', '46003790', 'd38aa58d', '46003790', 'd38aa58d', '46003790', '5d5de21c', '5d5de21c', '5d5de21c']"
blk_6086150003458816385,"['bbb51b95', '3d91fa85', 'bbb51b95', 'bbb51b95', 'd38aa58d', '46003790', 'd38aa58d', '46003790', 'd38aa58d', '46003790', '5d5de21c', '5d5de21c', '5d5de21c', '32777b38', 'a333d363', '4dec0816', 'a333d363']"
blk_-4047334897584375646,"['bbb51b95', 'bbb51b95', 'bbb51b95', '3d91fa85', 'd38aa58d', '46003790', 'd38aa58d', '46003790', 'd38aa58d', '46003790', '5d5de21c', '5d5de21c', '5d5de21c']"
blk_4639889632899857007,"['bbb51b95', 'bbb51b95', 'bbb51b95', '3d91fa85', 'd38aa58d', '46003790', 'd38aa58d', '46003790', '5d5de21c', '5d5de21c', 'd38aa58d', '46003790', '5d5de21c']"
blk_4484184054623442082,"['bbb51b95', 'bbb51b95', 'bbb51b95', '3d91fa85', 'd38aa58d', '46003790', 'd38aa58d', '46003790', 'd38aa58d', '46003790', '5d5de21c', '5d5de21c', '5d5de21c']"
blk_-8931588807877165699,"['bbb51b95', 'bbb51b95', '3d91fa85', 'bbb51b95', 'd38aa58d', '46003790', 'd38aa58d', '46003790', 'd38aa58d', '46003790', '5d5de21c', '5d5de21c', '5d5de21c']"
blk_-4150184694411287920,"['bbb51b95', '3d91fa85', 'bbb51b95', 'bbb51b95', 'd38aa58d', '46003790', 'd38aa58d', '46003790', '5d5de21c', '5d5de21c', 'd38aa58d', '46003790', '5d5de21c']"
blk_5463521017376062118,"['bbb51b95', '3d91fa85', 'bbb51b95', 'bbb51b95', 'd38aa58d', '46003790', 'd38aa58d', '46003790', 'd38aa58d', '46003790', '5d5de21c', '5d5de21c', '5d5de21c']"
blk_4820761815455043959,"['bbb51b95', '3d91fa85', 'bbb51b95', 'bbb51b95', 'd38aa58d', '46003790', '5d5de21c', '5d5de21c', 'd38aa58d', '46003790', 'd38aa58d', '46003790', '5d5de21c']"
blk_2156948286372546374,"['bbb51b95', 'bbb51b95', 'bbb51b95', '3d91fa85', 'd38aa58d', '46003790', 'd38aa58d', '46003790', '5d5de21c', '5d5de21c', 'd38aa58d', '46003790', '5d5de21c']"
blk_5551420289341183060,"['bbb51b95', '3d91fa85', 'bbb51b95', 'bbb51b95', 'd38aa58d', '46003790', 'd38aa58d', '46003790', 'd38aa58d', '46003790', '5d5de21c', '5d5de21c', '5d5de21c']"
blk_-258230896082131329,"['bbb51b95', '3d91fa85', 'bbb51b95', 'bbb51b95', 'd38aa58d', '46003790', 'd38aa58d', '46003790', 'd38aa58d', '46003790', '5d5de21c', '5d5de21c', '5d5de21c']"
blk_-7054443816512984883,"['bbb51b95', 'bbb51b95', '3d91fa85', 'bbb51b95', 'd38aa58d', '46003790', 'd38aa58d', '46003790', 'd38aa58d', '46003790', '5d5de21c', '5d5de21c', '5d5de21c', '32777b38']"
blk_3488908613681561148,"['bbb51b95', 'bbb51b95', 'bbb51b95', '3d91fa85', '46003790', '5d5de21c', 'd38aa58d', 'd38aa58d', '46003790', 'd38aa58d', '46003790', '5d5de21c', '5d5de21c']"
blk_-2368470366911869178,"['bbb51b95', 'bbb51b95', '3d91fa85', 'bbb51b95', 'd38aa58d', '46003790', 'd38aa58d', '46003790', 'd38aa58d', '46003790', '5d5de21c', '5d5de21c', '5d5de21c']"
blk_3430566377083498108,"['bbb51b95', 'bbb51b95', 'bbb51b95', '3d91fa85', 'd38aa58d', '46003790', 'd38aa58d', '46003790', 'd38aa58d', '46003790', '5d5de21c', '5d5de21c', '5d5de21c']"
blk_1952234637330824277,"['3d91fa85', 'bbb51b95', 'bbb51b95', 'bbb51b95', '5d5de21c', '5d5de21c', 'd38aa58d', '46003790', 'd38aa58d', '46003790', '5d5de21c', 'd38aa58d', '46003790']"
blk_763227802655757878,"['3d91fa85', 'bbb51b95', 'bbb51b95', 'bbb51b95', 'd38aa58d', '46003790', 'd38aa58d', '46003790', 'd38aa58d', '46003790', '5d5de21c', '5d5de21c', '5d5de21c', 'a333d363']"
blk_-945979163640892183,"['3d91fa85', 'bbb51b95', 'bbb51b95', 'bbb51b95', '5d5de21c', '5d5de21c', '5d5de21c', 'd38aa58d', '46003790', 'd38aa58d', '46003790', 'd38aa58d', '46003790']"
blk_1538676734450753254,"['3d91fa85', 'bbb51b95', 'bbb51b95', 'bbb51b95', '5d5de21c', '5d5de21c', '5d5de21c', 'd38aa58d', '46003790', 'd38aa58d', '46003790', 'd38aa58d', '46003790']"
blk_-6626753541401110846,"['bbb51b95', '3d91fa85', 'bbb51b95', 'bbb51b95', 'd38aa58d', '46003790', 'd38aa58d', '46003790', 'd38aa58d', '46003790', '5d5de21c', '5d5de21c', '5d5de21c', 'a333d363']"
blk_-4880167156569807852,"['bbb51b95', 'bbb51b95', '3d91fa85', 'bbb51b95', 'd38aa58d', '46003790', 'd38aa58d', '46003790', 'd38aa58d', '46003790', '5d5de21c', '5d5de21c', '5d5de21c']"
blk_-798825721734254782,"['bbb51b95', 'bbb51b95', '3d91fa85', 'bbb51b95', 'd38aa58d', '46003790', 'd38aa58d', '46003790', 'd38aa58d', '46003790', '5d5de21c', '5d5de21c', '5d5de21c']"
blk_8138471415147791340,"['bbb51b95', 'bbb51b95', '3d91fa85', 'bbb51b95', 'd38aa58d', '46003790', 'd38aa58d', '46003790', 'd38aa58d', '46003790', '5d5de21c', '5d5de21c', '5d5de21c']"
blk_-5415171180627307284,"['bbb51b95', 'bbb51b95', 'bbb51b95', '3d91fa85', 'd38aa58d', '46003790', 'd38aa58d', '46003790', 'd38aa58d', '46003790', '5d5de21c', '5d5de21c', '5d5de21c', '4dec0816']"
blk_-7742733517207493078,"['3d91fa85', 'bbb51b95', 'bbb51b95', 'bbb51b95', '5d5de21c', '5d5de21c', '5d5de21c', 'd38aa58d', '46003790', 'd38aa58d', '46003790', 'd38aa58d', '46003790']"
blk_-235893262786708839,"['bbb51b95', 'bbb51b95', 'bbb51b95', '3d91fa85', 'd38aa58d', '46003790', 'd38aa58d', '46003790', 'd38aa58d', '46003790', '5d5de21c', '5d5de21c', '5d5de21c', 'd63ef163', 'd63ef163', 'd63ef163', 'dba996ef', 'dba996ef', 'dba996ef']"
blk_6126865197945725388,"['bbb51b95', 'bbb51b95', '3d91fa85', 'bbb51b95', 'd38aa58d', '46003790', 'd38aa58d', '46003790', 'd38aa58d', '46003790', '5d5de21c', '5d5de21c', '5d5de21c']"
blk_-5824899250826351953,"['bbb51b95', 'bbb51b95', 'bbb51b95', '3d91fa85', 'd38aa58d', '46003790', 'd38aa58d', '46003790', 'd38aa58d', '46003790', '5d5de21c', '5d5de21c', '5d5de21c', 'd63ef163', 'd63ef163', 'd63ef163', 'dba996ef', 'dba996ef', 'dba996ef']"
blk_-5341992729755584578,"['bbb51b95', 'bbb51b95', 'bbb51b95', '3d91fa85', 'd38aa58d', '46003790', 'd38aa58d', '46003790', 'd38aa58d', '46003790', '5d5de21c', '5d5de21c', '5d5de21c', '4dec0816']"
blk_4468795058350723389,"['bbb51b95', 'bbb51b95', 'bbb51b95', '3d91fa85', 'd38aa58d', '46003790', 'd38aa58d', '46003790', 'd38aa58d', '46003790', '5d5de21c', '5d5de21c', '5d5de21c']"
blk_5123690260707701055,"['bbb51b95', '3d91fa85', 'bbb51b95', 'bbb51b95', 'd38aa58d', '46003790', 'd38aa58d', '46003790', 'd38aa58d', '46003790', '5d5de21c', '5d5de21c', '5d5de21c']"
blk_-1401177206599741754,"['bbb51b95', '3d91fa85', 'bbb51b95', 'bbb51b95', 'd38aa58d', '46003790', 'd38aa58d', '46003790', 'd38aa58d', '46003790', '5d5de21c', '5d5de21c', '5d5de21c']"
blk_5067240432183058385,"['bbb51b95', 'bbb51b95', 'bbb51b95', '3d91fa85', 'd38aa58d', '46003790', 'd38aa58d', '46003790', 'd38aa58d', '46003790', '5d5de21c', '5d5de21c', '5d5de21c', 'd63ef163', 'd63ef163', 'd63ef163', 'dba996ef', 'dba996ef', 'dba996ef']"
blk_2137534487607138927,"['bbb51b95', '3d91fa85', 'bbb51b95', 'bbb51b95', 'd38aa58d', '46003790', '5d5de21c', 'd38aa58d', '46003790', 'd38aa58d', '46003790', '5d5de21c', '5d5de21c']"
blk_-3128279983162012964,"['bbb51b95', 'bbb51b95', 'bbb51b95', '3d91fa85', 'd38aa58d', '46003790', 'd38aa58d', '46003790', 'd38aa58d', '46003790', '5d5de21c', '5d5de21c', '5d5de21c']"
blk_-8480922204734368292,"['bbb51b95', '3d91fa85', 'bbb51b95', 'bbb51b95', 'd38aa58d', '46003790', 'd38aa58d', '46003790', 'd38aa58d', '46003790', '5d5de21c', '5d5de21c', '5d5de21c']"
blk_5596150195747046052,"['3d91fa85', 'bbb51b95', 'bbb51b95', 'bbb51b95', '5d5de21c', '5d5de21c', '5d5de21c', 'd38aa58d', '46003790', 'd38aa58d', '46003790', 'd38aa58d', '46003790', 'a333d363', '4dec0816', 'a333d363']"
blk_-5570837100795847313,"['3d91fa85', 'bbb51b95', 'bbb51b95', 'bbb51b95', '5d5de21c', '5d5de21c', 'd38aa58d', '46003790', 'd38aa58d', 'd38aa58d', '46003790', '46003790', '5d5de21c']"
blk_4690879188658404636,"['bbb51b95', 'bbb51b95', '3d91fa85', 'bbb51b95', 'd38aa58d', '46003790', 'd38aa58d', '46003790', 'd38aa58d', '46003790', '5d5de21c', '5d5de21c', '5d5de21c', 'a333d363', '4dec0816']"
blk_-2814636382989461583,"['3d91fa85', 'bbb51b95', 'bbb51b95', 'bbb51b95', 'd38aa58d', '46003790', '5d5de21c', '5d5de21c', '5d5de21c', 'd38aa58d', '46003790', 'd38aa58d', '46003790', '32777b38']"
blk_899010739857325138,"['bbb51b95', 'bbb51b95', 'bbb51b95', '3d91fa85', 'd38aa58d', '46003790', '5d5de21c', 'd38aa58d', '46003790', 'd38aa58d', '46003790', '5d5de21c', '5d5de21c']"
blk_9149951427160550356,"['3d91fa85', 'bbb51b95', 'bbb51b95', 'bbb51b95', '5d5de21c', '5d5de21c', '5d5de21c', 'd38aa58d', '46003790', 'd38aa58d', '46003790', 'd38aa58d', '46003790', 'a333d363', '4dec0816']"
blk_7044491672919903873,"['bbb51b95', 'bbb51b95', 'bbb51b95', '3d91fa85', 'd38aa58d', '46003790', 'd38aa58d', '46003790', 'd38aa58d', '46003790', '5d5de21c', '5d5de21c', '5d5de21c']"
blk_5328611884027970497,"['bbb51b95', 'bbb51b95', 'bbb51b95', '3d91fa85', 'd38aa58d', '46003790', 'd38aa58d', '46003790', 'd38aa58d', '46003790', '5d5de21c', '5d5de21c', '5d5de21c']"
blk_-8435218367426171371,"['bbb51b95', 'bbb51b95', 'bbb51b95', '3d91fa85', 'd38aa58d', '46003790', 'd38aa58d', '46003790', 'd38aa58d', '46003790', '5d5de21c', '5d5de21c', '5d5de21c', '32777b38']"
blk_-5508031378329149112,"['bbb51b95', 'bbb51b95', 'bbb51b95', '3d91fa85', 'd38aa58d', '46003790', 'd38aa58d', '46003790', 'd38aa58d', '46003790', '5d5de21c', '5d5de21c', '5d5de21c', '4dec0816']"
blk_-7515151900276227316,"['bbb51b95', 'bbb51b95', '3d91fa85', 'bbb51b95', 'd38aa58d', '46003790', 'd38aa58d', '46003790', 'd38aa58d', '46003790', '5d5de21c', '5d5de21c', '5d5de21c']"
blk_-285570790819049261,"['bbb51b95', 'bbb51b95', '3d91fa85', 'bbb51b95', 'd38aa58d', '46003790', 'd38aa58d', '46003790', '5d5de21c', 'd38aa58d', '46003790', '5d5de21c', '5d5de21c']"
blk_4164246192895089138,"['3d91fa85', 'bbb51b95', 'bbb51b95', 'bbb51b95', '5d5de21c', 'd38aa58d', '46003790', '46003790', 'd38aa58d', '46003790', '5d5de21c', '5d5de21c', 'd38aa58d', '32777b38', 'a333d363', '4dec0816', 'a333d363']"
blk_-3500268817145650843,"['bbb51b95', 'bbb51b95', 'bbb51b95', '3d91fa85', 'd38aa58d', '46003790', 'd38aa58d', '46003790', 'd38aa58d', '46003790', '5d5de21c', '5d5de21c', '5d5de21c']"
blk_-4571080286260880200,"['bbb51b95', '3d91fa85', 'bbb51b95', 'bbb51b95', 'd38aa58d', 'd38aa58d', '46003790', '46003790', 'd38aa58d', '46003790', '5d5de21c', '5d5de21c', '5d5de21c', '32777b38', '32777b38', '32777b38']"
blk_-5126989583027905921,"['bbb51b95', '3d91fa85', 'bbb51b95', 'bbb51b95', 'd38aa58d', '46003790', 'd38aa58d', '46003790', 'd38aa58d', '46003790', '5d5de21c', '5d5de21c', '5d5de21c']"
blk_739017953623222985,"['bbb51b95', 'bbb51b95', 'bbb51b95', '3d91fa85', 'd38aa58d', '46003790', 'd38aa58d', '46003790', 'd38aa58d', '46003790', '5d5de21c', '5d5de21c', '5d5de21c', 'a333d363']"
blk_4629398059314892921,"['bbb51b95', 'bbb51b95', 'bbb51b95', '3d91fa85', 'd38aa58d', '46003790', 'd38aa58d', '46003790', 'd38aa58d', '46003790', '5d5de21c', '5d5de21c', '5d5de21c']"
blk_-9053695638236539999,"['3d91fa85', 'bbb51b95', 'bbb51b95', 'bbb51b95', '5d5de21c', '5d5de21c', '5d5de21c', 'd38aa58d', '46003790', 'd38aa58d', '46003790', 'd38aa58d', '46003790']"
blk_-7888758085274498442,"['bbb51b95', 'bbb51b95', 'bbb51b95', '3d91fa85', 'd38aa58d', '46003790', 'd38aa58d', '46003790', 'd38aa58d', '46003790', '5d5de21c', '5d5de21c', '5d5de21c']"
blk_-6801579985025824490,"['bbb51b95', '3d91fa85', 'bbb51b95', 'bbb51b95', 'd38aa58d', '46003790', 'd38aa58d', '46003790', 'd38aa58d', '46003790', '5d5de21c', '5d5de21c', '5d5de21c', 'd63ef163', 'd63ef163', 'd63ef163', 'dba996ef', 'dba996ef', 'dba996ef']"
blk_-78730878046385948,"['bbb51b95', '3d91fa85', 'bbb51b95', 'bbb51b95', 'd38aa58d', '46003790', 'd38aa58d', '46003790', 'd38aa58d', '46003790', '5d5de21c', '5d5de21c', '5d5de21c', '32777b38']"
blk_-639233291112808860,"['bbb51b95', '3d91fa85', 'bbb51b95', 'bbb51b95', 'd38aa58d', '46003790', 'd38aa58d', '46003790', 'd38aa58d', '46003790', '5d5de21c', '5d5de21c', '5d5de21c']"
blk_-5804800008793259383,"['bbb51b95', '3d91fa85', 'bbb51b95', 'bbb51b95', 'd38aa58d', '46003790', 'd38aa58d', '46003790', 'd38aa58d', '46003790', '5d5de21c', '5d5de21c', '5d5de21c', 'd63ef163', 'd63ef163', 'd63ef163', 'dba996ef', 'dba996ef', 'dba996ef']"
blk_-7728911370677562061,"['bbb51b95', 'bbb51b95', 'bbb51b95', '3d91fa85', 'd38aa58d', '46003790', 'd38aa58d', '46003790', '5d5de21c', '5d5de21c', 'd38aa58d', '46003790', '5d5de21c']"
blk_6147807738130120292,"['3d91fa85', 'bbb51b95', 'bbb51b95', 'bbb51b95', '5d5de21c', '5d5de21c', '5d5de21c', 'd38aa58d', '46003790', 'd38aa58d', '46003790', 'd38aa58d', '46003790', '32777b38']"
blk_5261344345513022675,"['bbb51b95', 'bbb51b95', 'bbb51b95', '3d91fa85', 'd38aa58d', '46003790', 'd38aa58d', '46003790', 'd38aa58d', '46003790', '5d5de21c', '5d5de21c', '5d5de21c']"
blk_4707860359396071420,"['bbb51b95', 'bbb51b95', 'bbb51b95', '3d91fa85', 'd38aa58d', '46003790', 'd38aa58d', '46003790', 'd38aa58d', '46003790', '5d5de21c', '5d5de21c', '5d5de21c']"
blk_-1366261022878795728,"['3d91fa85', 'bbb51b95', 'bbb51b95', 'bbb51b95', '5d5de21c', '5d5de21c', 'd38aa58d', '46003790', 'd38aa58d', '46003790', '5d5de21c', 'd38aa58d', '46003790']"
blk_3026635625034611934,"['bbb51b95', 'bbb51b95', 'bbb51b95', '3d91fa85', 'd38aa58d', '46003790', 'd38aa58d', '46003790', 'd38aa58d', '46003790', '5d5de21c', '5d5de21c', '5d5de21c', 'a333d363']"
blk_1374930760806982030,"['bbb51b95', '3d91fa85', 'bbb51b95', 'bbb51b95', 'd38aa58d', '46003790', 'd38aa58d', '46003790', 'd38aa58d', '46003790', '5d5de21c', '5d5de21c', '5d5de21c']"
blk_2828629942075326314,"['bbb51b95', '3d91fa85', 'bbb51b95', 'bbb51b95', 'd38aa58d', '46003790', 'd38aa58d', '46003790', 'd38aa58d', '46003790', '5d5de21c', '5d5de21c', '5d5de21c']"
blk_-1187840469219859631,"['bbb51b95', '3d91fa85', 'bbb51b95', 'bbb51b95', '5d5de21c', '5d5de21c', 'd38aa58d', '46003790', '5d5de21c', 'd38aa58d', '46003790', 'd38aa58d', '46003790']"
blk_1849765737074506400,"['3d91fa85', 'bbb51b95', 'bbb51b95', 'bbb51b95', '5d5de21c', '5d5de21c', '5d5de21c', 'd38aa58d', '46003790', 'd38aa58d', '46003790', 'd38aa58d', '46003790']"
blk_1547680901530676884,"['3d91fa85', 'bbb51b95', 'bbb51b95', 'bbb51b95', 'd38aa58d', '46003790', 'd38aa58d', '46003790', 'd38aa58d', '46003790', '5d5de21c', '5d5de21c', '5d5de21c']"
blk_4123864305324519257,"['bbb51b95', 'bbb51b95', 'bbb51b95', '3d91fa85', 'd38aa58d', '46003790', 'd38aa58d', '46003790', 'd38aa58d', '46003790', '5d5de21c', '5d5de21c', '5d5de21c']"
blk_-5215589474245163776,"['3d91fa85', 'bbb51b95', 'bbb51b95', 'bbb51b95', '5d5de21c', '5d5de21c', '5d5de21c', 'd38aa58d', '46003790', 'd38aa58d', '46003790', 'd38aa58d', '46003790', 'a333d363', '4dec0816']"
blk_1889006843934975072,"['bbb51b95', 'bbb51b95', '3d91fa85', 'bbb51b95', '5d5de21c', 'd38aa58d', '46003790', 'd38aa58d', '46003790', '5d5de21c', '5d5de21c', 'd38aa58d', '46003790', '32777b38', 'a333d363', 'a333d363']"
blk_-2806941790233844995,"['bbb51b95', 'bbb51b95', 'bbb51b95', '3d91fa85', 'd38aa58d', '46003790', 'd38aa58d', '46003790', 'd38aa58d', '46003790', '5d5de21c', '5d5de21c', '5d5de21c']"
blk_-5875755761969801142,"['3d91fa85', 'bbb51b95', 'bbb51b95', 'bbb51b95', '5d5de21c', '5d5de21c', '5d5de21c', 'd38aa58d', '46003790', 'd38aa58d', '46003790', 'd38aa58d', '46003790']"
blk_14023398810496055,"['bbb51b95', '3d91fa85', 'bbb51b95', 'bbb51b95', 'd38aa58d', '46003790', 'd38aa58d', '46003790', 'd38aa58d', '46003790', '5d5de21c', '5d5de21c', '5d5de21c']"
blk_5373148757975446202,"['bbb51b95', 'bbb51b95', 'bbb51b95', '3d91fa85', 'd38aa58d', '46003790', 'd38aa58d', '46003790', 'd38aa58d', '46003790', '5d5de21c', '5d5de21c', '5d5de21c']"
blk_3450771746050682703,"['bbb51b95', 'bbb51b95', 'bbb51b95', '3d91fa85', 'd38aa58d', '46003790', '5d5de21c', 'd38aa58d', '46003790', 'd38aa58d', '46003790', '5d5de21c', '5d5de21c']"
blk_-3823758046944577571,"['bbb51b95', 'bbb51b95', '3d91fa85', 'bbb51b95', 'd38aa58d', '46003790', 'd38aa58d', '46003790', '5d5de21c', '5d5de21c', 'd38aa58d', '46003790', '5d5de21c', 'a333d363']"
blk_5654842297066169242,"['3d91fa85', 'bbb51b95', 'bbb51b95', 'bbb51b95', '5d5de21c', '5d5de21c', '5d5de21c', 'd38aa58d', '46003790', 'd38aa58d', '46003790', 'd38aa58d', '46003790', 'a333d363', '4dec0816']"
blk_-431410035249724892,"['bbb51b95', 'bbb51b95', 'bbb51b95', '3d91fa85', 'd38aa58d', '46003790', 'd38aa58d', '46003790', 'd38aa58d', '46003790', '5d5de21c', '5d5de21c', '5d5de21c', '32777b38', '32777b38']"
blk_-6402441867465513799,"['bbb51b95', 'bbb51b95', 'bbb51b95', '3d91fa85', 'd38aa58d', '46003790', 'd38aa58d', '46003790', 'd38aa58d', '46003790', '5d5de21c', '5d5de21c', '5d5de21c']"
blk_2403266597954870284,"['3d91fa85', 'bbb51b95', 'bbb51b95', 'bbb51b95', '5d5de21c', '5d5de21c', 'd38aa58d', '46003790', 'd38aa58d', '46003790', '5d5de21c', 'd38aa58d', '46003790', 'a333d363']"
blk_7405664777614203858,"['3d91fa85', 'bbb51b95', 'bbb51b95', 'bbb51b95', '5d5de21c', '5d5de21c', '46003790', 'd38aa58d', '46003790', '5d5de21c', 'd38aa58d', 'd38aa58d', '46003790', 'a333d363', '4dec0816', 'a333d363']"
blk_6078822350487625993,"['3d91fa85', 'bbb51b95', 'bbb51b95', 'bbb51b95', '5d5de21c', '5d5de21c', '5d5de21c', 'd38aa58d', '46003790', 'd38aa58d', '46003790', 'd38aa58d', '46003790', '4dec0816']"
blk_3431507716641067285,"['bbb51b95', 'bbb51b95', '3d91fa85', 'bbb51b95', 'd38aa58d', '46003790', 'd38aa58d', '46003790', 'd38aa58d', '46003790', '5d5de21c', '5d5de21c', '5d5de21c']"
blk_9062627174535405590,"['bbb51b95', 'bbb51b95', '3d91fa85', 'bbb51b95', 'd38aa58d', '46003790', 'd38aa58d', '46003790', '5d5de21c', '5d5de21c', 'd38aa58d', '46003790', '5d5de21c', 'a333d363']"
blk_-5412617036372921972,"['bbb51b95', 'bbb51b95', 'bbb51b95', '3d91fa85', 'd38aa58d', '46003790', 'd38aa58d', '46003790', 'd38aa58d', '46003790', '5d5de21c', '5d5de21c', '5d5de21c']"
blk_7322955563098469672,"['3d91fa85', 'bbb51b95', 'bbb51b95', 'bbb51b95', 'd38aa58d', '46003790', '5d5de21c', '5d5de21c', '5d5de21c', 'd38aa58d', '46003790', 'd38aa58d', '46003790']"
blk_-8750798747980844945,"['3d91fa85', 'bbb51b95', 'bbb51b95', 'bbb51b95', '5d5de21c', '5d5de21c', '5d5de21c', 'd38aa58d', '46003790', 'd38aa58d', '46003790', 'd38aa58d', '46003790', '4dec0816']"
blk_4815547059181511051,"['bbb51b95', 'bbb51b95', '3d91fa85', 'bbb51b95', 'd38aa58d', '46003790', 'd38aa58d', '46003790', 'd38aa58d', '46003790', '5d5de21c', '5d5de21c', '5d5de21c', 'd63ef163', 'd63ef163', 'd63ef163', 'dba996ef', 'dba996ef', 'dba996ef']"
blk_-3378727206321595467,"['3d91fa85', 'bbb51b95', 'bbb51b95', 'bbb51b95', '5d5de21c', '5d5de21c', '5d5de21c', 'd38aa58d', '46003790', 'd38aa58d', '46003790', 'd38aa58d', '46003790']"
blk_-7964106300519652313,"['bbb51b95', '3d91fa85', 'bbb51b95', 'bbb51b95', 'd38aa58d', '46003790', 'd38aa58d', '46003790', 'd38aa58d', '46003790', '5d5de21c', '5d5de21c', '5d5de21c']"
blk_9097287674102344124,"['bbb51b95', '3d91fa85', 'bbb51b95', 'bbb51b95', '5d5de21c', 'd38aa58d', '46003790', 'd38aa58d', '46003790', 'd38aa58d', '46003790', '5d5de21c', '5d5de21c']"
blk_6792591611278170371,"['bbb51b95', '3d91fa85', 'bbb51b95', 'bbb51b95', 'd38aa58d', '46003790', '5d5de21c', '5d5de21c', '5d5de21c', 'd38aa58d', '46003790', 'd38aa58d', '46003790']"
blk_-6533201031212794247,"['bbb51b95', 'bbb51b95', '3d91fa85', 'd38aa58d', '46003790', 'bbb51b95', 'd38aa58d', '46003790', 'd38aa58d', '46003790', '5d5de21c', '5d5de21c', '5d5de21c', '4dec0816']"
blk_5260095456272197391,"['bbb51b95', 'bbb51b95', '3d91fa85', 'bbb51b95', 'd38aa58d', '46003790', 'd38aa58d', '46003790', '5d5de21c', '5d5de21c', 'd38aa58d', '46003790', '5d5de21c']"
blk_-5139134926908153039,"['bbb51b95', 'bbb51b95', 'bbb51b95', '3d91fa85', 'd38aa58d', '46003790', 'd38aa58d', '46003790', 'd38aa58d', '46003790', '5d5de21c', '5d5de21c', '5d5de21c', 'a333d363']"
blk_-1621266383941063259,"['bbb51b95', 'bbb51b95', 'bbb51b95', '3d91fa85', 'd38aa58d', '46003790', 'd38aa58d', '46003790', 'd38aa58d', '46003790', '5d5de21c', '5d5de21c', '5d5de21c', '32777b38']"
blk_1488147225367232063,"['bbb51b95', 'bbb51b95', 'bbb51b95', '3d91fa85', 'd38aa58d', '46003790', 'd38aa58d', '46003790', 'd38aa58d', '46003790', '5d5de21c', '5d5de21c', '5d5de21c', '4dec0816']"
blk_7213754246814168828,"['bbb51b95', 'bbb51b95', 'bbb51b95', '3d91fa85', 'd38aa58d', '46003790', 'd38aa58d', '46003790', 'd38aa58d', '46003790', '5d5de21c', '5d5de21c', '5d5de21c']"
blk_8562230898235819188,"['3d91fa85', 'bbb51b95', 'bbb51b95', 'bbb51b95', '5d5de21c', '5d5de21c', '5d5de21c', 'd38aa58d', 'd38aa58d', '46003790', '46003790', 'd38aa58d', '46003790', '4dec0816']"
blk_-1022860449531037159,"['bbb51b95', 'bbb51b95', 'bbb51b95', '3d91fa85', 'd38aa58d', '46003790', 'd38aa58d', '46003790', 'd38aa58d', '46003790', '5d5de21c', '5d5de21c', '5d5de21c']"
blk_6978221445928387774,"['3d91fa85', 'bbb51b95', 'bbb51b95', 'bbb51b95', '5d5de21c', '5d5de21c', 'd38aa58d', '46003790', 'd38aa58d', '46003790', 'd38aa58d', '46003790', '5d5de21c']"
blk_-3682616941646102349,"['bbb51b95', 'bbb51b95', 'bbb51b95', '3d91fa85', 'd38aa58d', '46003790', 'd38aa58d', '46003790', '5d5de21c', 'd38aa58d', '46003790', '5d5de21c', '5d5de21c', 'a333d363']"
blk_2320957325029133651,"['3d91fa85', 'bbb51b95', 'bbb51b95', 'bbb51b95', '5d5de21c', '5d5de21c', '5d5de21c', 'd38aa58d', '46003790', 'd38aa58d', '46003790', 'd38aa58d', '46003790']"
blk_-4598638889159708410,"['3d91fa85', 'bbb51b95', 'bbb51b95', 'bbb51b95', 'd38aa58d', '46003790', 'd38aa58d', '46003790', 'd38aa58d', '46003790', '5d5de21c', '5d5de21c', '5d5de21c']"
blk_-8844647207612347017,"['3d91fa85', 'bbb51b95', 'bbb51b95', 'bbb51b95', '5d5de21c', 'd38aa58d', '46003790', '5d5de21c', '5d5de21c', 'd38aa58d', '46003790', 'd38aa58d', '46003790', 'a333d363', '4dec0816']"
blk_-6590856147879858870,"['3d91fa85', 'bbb51b95', 'bbb51b95', 'bbb51b95', 'd38aa58d', '46003790', 'd38aa58d', '46003790', 'd38aa58d', '46003790', '5d5de21c', '5d5de21c', '5d5de21c']"
blk_4766664975433927305,"['3d91fa85', 'bbb51b95', 'bbb51b95', 'bbb51b95', '5d5de21c', '5d5de21c', '5d5de21c', 'd38aa58d', '46003790', 'd38aa58d', '46003790', 'd38aa58d', '46003790']"
blk_5188172820047007445,"['bbb51b95', '3d91fa85', 'bbb51b95', 'bbb51b95', 'd38aa58d', '46003790', 'd38aa58d', '46003790', 'd38aa58d', '46003790', '5d5de21c', '5d5de21c', '5d5de21c', 'a333d363']"
blk_-7626003468311221508,"['3d91fa85', 'bbb51b95', 'bbb51b95', 'bbb51b95', 'd38aa58d', '46003790', 'd38aa58d', '46003790', 'd38aa58d', '46003790', '5d5de21c', '5d5de21c', '5d5de21c', '32777b38']"
blk_-1500700422219688279,"['bbb51b95', 'bbb51b95', 'bbb51b95', '3d91fa85', 'd38aa58d', '46003790', '5d5de21c', 'd38aa58d', '46003790', 'd38aa58d', '46003790', '5d5de21c', '5d5de21c']"
blk_3943075691588429301,"['bbb51b95', '3d91fa85', 'bbb51b95', 'bbb51b95', 'd38aa58d', '46003790', 'd38aa58d', '46003790', 'd38aa58d', '46003790', '5d5de21c', '5d5de21c', '5d5de21c']"
blk_7196328834103783317,"['bbb51b95', 'bbb51b95', 'bbb51b95', '3d91fa85', 'd38aa58d', '46003790', 'd38aa58d', '46003790', 'd38aa58d', '46003790', '5d5de21c', '5d5de21c', '5d5de21c', '32777b38', '32777b38']"
blk_1987879564833035010,"['3d91fa85', 'bbb51b95', 'bbb51b95', 'bbb51b95', '5d5de21c', '5d5de21c', '5d5de21c', 'd38aa58d', '46003790', 'd38aa58d', '46003790', 'd38aa58d', '46003790', 'a333d363', 'a333d363']"
blk_-4691742632786508400,"['bbb51b95', 'bbb51b95', '3d91fa85', 'bbb51b95', 'd38aa58d', '46003790', 'd38aa58d', '46003790', 'd38aa58d', '46003790', '5d5de21c', '5d5de21c', '5d5de21c', '4dec0816']"
blk_3907528793800550301,"['3d91fa85', 'bbb51b95', 'bbb51b95', 'bbb51b95', 'd38aa58d', '46003790', '5d5de21c', '5d5de21c', '5d5de21c', 'd38aa58d', '46003790', 'd38aa58d', '46003790', 'a333d363', '4dec0816', 'a333d363']"
blk_729796443639478037,"['bbb51b95', 'bbb51b95', '3d91fa85', 'bbb51b95', 'd38aa58d', '46003790', 'd38aa58d', '46003790', 'd38aa58d', '46003790', '5d5de21c', '5d5de21c', '5d5de21c', '4dec0816']"
blk_-1519017176529356447,"['3d91fa85', 'bbb51b95', 'bbb51b95', 'bbb51b95', 'd38aa58d', '46003790', 'd38aa58d', '46003790', 'd38aa58d', '46003790', '5d5de21c', '5d5de21c', '5d5de21c']"
blk_7140110870353668693,"['bbb51b95', '3d91fa85', 'bbb51b95', 'bbb51b95', 'd38aa58d', '46003790', 'd38aa58d', '46003790', 'd38aa58d', '46003790', '5d5de21c', '5d5de21c', '5d5de21c']"
blk_1380111875952452943,"['3d91fa85', 'bbb51b95', 'bbb51b95', 'bbb51b95', '5d5de21c', '5d5de21c', '5d5de21c', 'd38aa58d', '46003790', 'd38aa58d', 'd38aa58d', '46003790', '46003790', '32777b38', '4dec0816']"
blk_2941338693580186710,"['3d91fa85', 'bbb51b95', 'bbb51b95', 'bbb51b95', '5d5de21c', 'd38aa58d', '46003790', '46003790', '5d5de21c', 'd38aa58d', '46003790', 'd38aa58d', '5d5de21c', '32777b38']"
blk_7511253567542357003,"['3d91fa85', 'bbb51b95', 'bbb51b95', 'bbb51b95', '5d5de21c', '5d5de21c', '5d5de21c', 'd38aa58d', '46003790', 'd38aa58d', '46003790', 'd38aa58d', '46003790']"
blk_-1108586846762800010,"['bbb51b95', '3d91fa85', 'bbb51b95', 'bbb51b95', 'd38aa58d', '46003790', 'd38aa58d', '46003790', 'd38aa58d', '46003790', '5d5de21c', '5d5de21c', '5d5de21c']"
blk_-1633266510249231576,"['3d91fa85', 'bbb51b95', 'bbb51b95', 'bbb51b95', '5d5de21c', '5d5de21c', 'd38aa58d', '46003790', 'd38aa58d', '46003790', '5d5de21c', 'd38aa58d', '46003790']"
blk_-8236565858529890233,"['3d91fa85', 'bbb51b95', 'bbb51b95', 'bbb51b95', '5d5de21c', '5d5de21c', '5d5de21c', 'd38aa58d', '46003790', 'd38aa58d', '46003790', 'd38aa58d', '46003790', '4dec0816']"
blk_1047168006708134531,"['bbb51b95', 'bbb51b95', 'bbb51b95', '3d91fa85', 'd38aa58d', '46003790', 'd38aa58d', '46003790', 'd38aa58d', '46003790', '5d5de21c', '5d5de21c', '5d5de21c']"
blk_5453449933376173828,"['3d91fa85', 'bbb51b95', 'bbb51b95', 'bbb51b95', '5d5de21c', 'd38aa58d', '46003790', 'd38aa58d', '46003790', 'd38aa58d', '46003790', '5d5de21c', '5d5de21c', 'a333d363', '4dec0816']"
blk_-5621034502239876367,"['bbb51b95', '3d91fa85', 'bbb51b95', 'bbb51b95', 'd38aa58d', '46003790', 'd38aa58d', '46003790', 'd38aa58d', '46003790', '5d5de21c', '5d5de21c', '5d5de21c']"
blk_-3425302291480678577,"['bbb51b95', 'bbb51b95', 'bbb51b95', '3d91fa85', 'd38aa58d', '46003790', 'd38aa58d', '46003790', '5d5de21c', '5d5de21c', 'd38aa58d', '46003790', '5d5de21c']"
blk_6624897103256127509,"['bbb51b95', '3d91fa85', 'bbb51b95', 'bbb51b95', 'd38aa58d', '46003790', 'd38aa58d', '46003790', 'd38aa58d', '46003790', '5d5de21c', '5d5de21c', '5d5de21c', 'a333d363']"
blk_4759550070029019391,"['3d91fa85', 'bbb51b95', 'bbb51b95', 'bbb51b95', '5d5de21c', '5d5de21c', 'd38aa58d', '46003790', 'd38aa58d', '46003790', 'd38aa58d', '46003790', '5d5de21c', '32777b38', '4dec0816']"
blk_5875491840315188760,"['3d91fa85', 'bbb51b95', 'bbb51b95', 'bbb51b95', '5d5de21c', '5d5de21c', '46003790', 'd38aa58d', '46003790', 'd38aa58d', '46003790', '5d5de21c', 'd38aa58d', 'a333d363']"
blk_7079302364623318650,"['3d91fa85', 'bbb51b95', 'bbb51b95', 'bbb51b95', '5d5de21c', '5d5de21c', '5d5de21c', 'd38aa58d', '46003790', 'd38aa58d', '46003790', 'd38aa58d', '46003790', 'a333d363', '4dec0816']"
blk_-493437099429037470,"['bbb51b95', '3d91fa85', 'bbb51b95', 'bbb51b95', 'd38aa58d', '46003790', 'd38aa58d', '46003790', 'd38aa58d', '46003790', '5d5de21c', '5d5de21c', '5d5de21c']"
blk_6480224191171674368,"['bbb51b95', 'bbb51b95', '3d91fa85', 'bbb51b95', 'd38aa58d', '46003790', 'd38aa58d', '46003790', '46003790', '5d5de21c', '5d5de21c', '5d5de21c', 'd38aa58d', '32777b38', '32777b38']"
blk_607696807724454739,"['3d91fa85', 'bbb51b95', 'bbb51b95', 'bbb51b95', '5d5de21c', '5d5de21c', 'd38aa58d', '46003790', 'd38aa58d', '46003790', 'd38aa58d', '46003790', '5d5de21c']"
blk_6313762814251972604,"['3d91fa85', 'bbb51b95', 'bbb51b95', 'bbb51b95', '5d5de21c', '5d5de21c', 'd38aa58d', '46003790', 'd38aa58d', '46003790', 'd38aa58d', '46003790', '5d5de21c']"
blk_-2001433874636099141,"['bbb51b95', 'bbb51b95', 'bbb51b95', '3d91fa85', 'd38aa58d', '46003790', 'd38aa58d', '46003790', 'd38aa58d', '46003790', '5d5de21c', '5d5de21c', '5d5de21c']"
blk_2027254344071325739,"['3d91fa85', 'bbb51b95', 'bbb51b95', 'bbb51b95', 'd38aa58d', '46003790', 'd38aa58d', '46003790', '5d5de21c', '5d5de21c', '5d5de21c', 'd38aa58d', '46003790']"
blk_3667575374121054202,"['bbb51b95', 'bbb51b95', 'bbb51b95', '3d91fa85', 'd38aa58d', '46003790', 'd38aa58d', '46003790', 'd38aa58d', '46003790', '5d5de21c', '5d5de21c', '5d5de21c', 'a333d363', '4dec0816']"
blk_9193877612460110979,"['bbb51b95', 'bbb51b95', 'bbb51b95', '3d91fa85', 'd38aa58d', '46003790', 'd38aa58d', '46003790', 'd38aa58d', '46003790', '5d5de21c', '5d5de21c', '5d5de21c']"
blk_-3030431151201701498,"['bbb51b95', 'bbb51b95', '3d91fa85', 'bbb51b95', 'd38aa58d', '46003790', 'd38aa58d', '46003790', 'd38aa58d', '46003790', '5d5de21c', '5d5de21c', '5d5de21c', '4dec0816']"
blk_5435795890716266026,"['bbb51b95', 'bbb51b95', 'bbb51b95', '3d91fa85', 'd38aa58d', '46003790', 'd38aa58d', 'd38aa58d', '46003790', '46003790', '5d5de21c', '5d5de21c', '5d5de21c']"
blk_-7484792810594201114,"['3d91fa85', 'bbb51b95', 'bbb51b95', 'bbb51b95', '5d5de21c', '5d5de21c', '5d5de21c', 'd38aa58d', '46003790', 'd38aa58d', '46003790', 'd38aa58d', '46003790']"
blk_-555034768523763930,"['bbb51b95', '3d91fa85', 'bbb51b95', 'bbb51b95', 'd38aa58d', '46003790', 'd38aa58d', '46003790', 'd38aa58d', '46003790', '5d5de21c', '5d5de21c', '5d5de21c']"
blk_1031204121804223645,"['bbb51b95', 'bbb51b95', 'bbb51b95', '3d91fa85', 'd38aa58d', '46003790', 'd38aa58d', '46003790', 'd38aa58d', '46003790', '5d5de21c', '5d5de21c', '5d5de21c']"
blk_-9196952463360103357,"['3d91fa85', 'bbb51b95', 'bbb51b95', 'bbb51b95', 'd38aa58d', '46003790', 'd38aa58d', '46003790', 'd38aa58d', '46003790', '5d5de21c', '5d5de21c', '5d5de21c']"
blk_-8888445313778330441,"['bbb51b95', '3d91fa85', 'bbb51b95', 'bbb51b95', 'd38aa58d', '46003790', 'd38aa58d', '46003790', 'd38aa58d', '46003790', '5d5de21c', '5d5de21c', '5d5de21c', 'a333d363', '4dec0816']"
blk_-4185061721519070490,"['3d91fa85', 'bbb51b95', 'bbb51b95', 'bbb51b95', '5d5de21c', '5d5de21c', '5d5de21c', 'd38aa58d', '46003790', 'd38aa58d', '46003790', 'd38aa58d', '46003790', 'a333d363', 'a333d363', '4dec0816']"
blk_-5370913895225688527,"['bbb51b95', 'bbb51b95', 'bbb51b95', '3d91fa85', 'd38aa58d', '46003790', 'd38aa58d', '46003790', 'd38aa58d', '46003790', '5d5de21c', '5d5de21c', '5d5de21c', '4dec0816']"
blk_-5230730817894958602,"['3d91fa85', 'bbb51b95', 'bbb51b95', 'bbb51b95', '5d5de21c', 'd38aa58d', '46003790', '5d5de21c', '5d5de21c', 'd38aa58d', '46003790', 'd38aa58d', '46003790']"
blk_4121623322355545574,"['bbb51b95', 'bbb51b95', '3d91fa85', 'bbb51b95', '46003790', 'd38aa58d', '46003790', 'd38aa58d', 'd38aa58d', '46003790', '5d5de21c', '5d5de21c', '5d5de21c', 'a333d363']"
blk_7441889098807687775,"['bbb51b95', '3d91fa85', 'bbb51b95', 'bbb51b95', 'd38aa58d', '46003790', 'd38aa58d', '46003790', 'd38aa58d', '46003790', '5d5de21c', '5d5de21c', '5d5de21c']"
blk_-813412605897298312,"['bbb51b95', 'bbb51b95', '3d91fa85', 'bbb51b95', '5d5de21c', 'd38aa58d', '46003790', 'd38aa58d', '46003790', 'd38aa58d', '46003790', '5d5de21c', '5d5de21c']"
blk_3582726127471843676,"['3d91fa85', 'bbb51b95', 'bbb51b95', 'bbb51b95', '5d5de21c', '5d5de21c', 'd38aa58d', '46003790', 'd38aa58d', '46003790', 'd38aa58d', '46003790', '5d5de21c']"
blk_-1347949337410740470,"['3d91fa85', 'bbb51b95', 'bbb51b95', 'bbb51b95', '5d5de21c', '5d5de21c', '5d5de21c', 'd38aa58d', '46003790', 'd38aa58d', '46003790', 'd38aa58d', '46003790']"
blk_-906929634502249537,"['bbb51b95', '3d91fa85', 'bbb51b95', 'bbb51b95', 'd38aa58d', '46003790', 'd38aa58d', '46003790', 'd38aa58d', '46003790', '5d5de21c', '5d5de21c', '5d5de21c', '32777b38', '32777b38', '32777b38', 'a333d363']"
blk_8000452484475230350,"['3d91fa85', 'bbb51b95', 'bbb51b95', 'bbb51b95', '5d5de21c', 'd38aa58d', '46003790', '46003790', '5d5de21c', 'd38aa58d', '46003790', 'd38aa58d', '5d5de21c', 'a333d363', '4dec0816', 'a333d363']"
blk_6269793145888639553,"['bbb51b95', 'bbb51b95', '3d91fa85', 'bbb51b95', 'd38aa58d', '46003790', '5d5de21c', 'd38aa58d', '46003790', 'd38aa58d', '46003790', '5d5de21c', '5d5de21c']"
blk_-7780396237727870992,"['bbb51b95', 'bbb51b95', '3d91fa85', 'bbb51b95', '46003790', 'd38aa58d', '46003790', '5d5de21c', 'd38aa58d', 'd38aa58d', '46003790', '5d5de21c', '5d5de21c']"
blk_-6471152463457157698,"['bbb51b95', 'bbb51b95', '3d91fa85', 'bbb51b95', 'd38aa58d', '46003790', 'd38aa58d', '46003790', 'd38aa58d', '46003790', '5d5de21c', '5d5de21c', '5d5de21c']"
blk_1312526714528135598,"['3d91fa85', 'bbb51b95', 'bbb51b95', 'bbb51b95', '5d5de21c', '5d5de21c', '5d5de21c', 'd38aa58d', '46003790', 'd38aa58d', '46003790', 'd38aa58d', '46003790']"
blk_-7044161983160567270,"['bbb51b95', 'bbb51b95', '3d91fa85', 'bbb51b95', 'd38aa58d', 'd38aa58d', '46003790', '46003790', 'd38aa58d', '46003790', '5d5de21c', '5d5de21c', '5d5de21c']"
blk_8748449084036639680,"['bbb51b95', 'bbb51b95', 'bbb51b95', '3d91fa85', '5d5de21c', 'd38aa58d', '46003790', 'd38aa58d', '46003790', 'd38aa58d', '46003790', '5d5de21c', '5d5de21c', 'a333d363', 'a333d363', '4dec0816']"
blk_-3987859218504746593,"['3d91fa85', 'bbb51b95', 'bbb51b95', 'bbb51b95', '5d5de21c', 'd38aa58d', '46003790', '5d5de21c', '5d5de21c', 'd38aa58d', '46003790', 'd38aa58d', '46003790']"
blk_3213300231629545930,"['bbb51b95', 'bbb51b95', 'bbb51b95', '3d91fa85', 'd38aa58d', '46003790', 'd38aa58d', '46003790', 'd38aa58d', '46003790', '5d5de21c', '5d5de21c', '5d5de21c']"
blk_2434005277678371060,"['bbb51b95', '3d91fa85', 'bbb51b95', 'bbb51b95', 'd38aa58d', '46003790', '5d5de21c', 'd38aa58d', '46003790', 'd38aa58d', '46003790', '5d5de21c', '5d5de21c']"
blk_6323142914867294839,"['bbb51b95', 'bbb51b95', '3d91fa85', 'bbb51b95', '5d5de21c', 'd38aa58d', '46003790', 'd38aa58d', '46003790', '5d5de21c', '5d5de21c', 'd38aa58d', '46003790']"
blk_-5420242226926132212,"['bbb51b95', '3d91fa85', 'bbb51b95', 'bbb51b95', 'd38aa58d', '46003790', 'd38aa58d', '46003790', '5d5de21c', '5d5de21c', 'd38aa58d', '46003790', '5d5de21c']"
blk_5560293504036886618,"['bbb51b95', '3d91fa85', 'bbb51b95', 'bbb51b95', 'd38aa58d', '46003790', 'd38aa58d', '46003790', 'd38aa58d', '46003790', '5d5de21c', '5d5de21c', '5d5de21c']"
blk_-2466099400690176692,"['bbb51b95', '3d91fa85', 'bbb51b95', 'bbb51b95', '5d5de21c', 'd38aa58d', '46003790', 'd38aa58d', '46003790', 'd38aa58d', '46003790', '5d5de21c', '5d5de21c']"
blk_-7677737241359124538,"['3d91fa85', 'bbb51b95', 'bbb51b95', 'bbb51b95', '5d5de21c', 'd38aa58d', '46003790', 'd38aa58d', '46003790', '5d5de21c', '5d5de21c', 'd38aa58d', '46003790']"
blk_3189527329853898021,"['bbb51b95', 'bbb51b95', 'bbb51b95', '3d91fa85', 'd38aa58d', '46003790', 'd38aa58d', '46003790', 'd38aa58d', '46003790', '5d5de21c', '5d5de21c', '5d5de21c']"
blk_7457314229136549165,"['3d91fa85', 'bbb51b95', 'bbb51b95', 'bbb51b95', '5d5de21c', 'd38aa58d', '46003790', 'd38aa58d', '46003790', '5d5de21c', '5d5de21c', 'd38aa58d', '46003790']"
blk_-6550919062637519247,"['bbb51b95', 'bbb51b95', 'bbb51b95', '3d91fa85', 'd38aa58d', '46003790', 'd38aa58d', '46003790', 'd38aa58d', '46003790', '5d5de21c', '5d5de21c', '5d5de21c', 'a333d363', '4dec0816']"
blk_-6845328596108619944,"['3d91fa85', 'bbb51b95', 'bbb51b95', 'bbb51b95', '5d5de21c', '5d5de21c', '5d5de21c', 'd38aa58d', '46003790', 'd38aa58d', '46003790', 'd38aa58d', '46003790', 'a333d363', 'a333d363', '4dec0816']"
blk_-1303182635404193004,"['bbb51b95', 'bbb51b95', 'bbb51b95', '3d91fa85', 'd38aa58d', '46003790', 'd38aa58d', '46003790', 'd38aa58d', '46003790', '5d5de21c', '5d5de21c', '5d5de21c']"
blk_4753408774938402104,"['3d91fa85', 'bbb51b95', 'bbb51b95', 'bbb51b95', 'd38aa58d', '46003790', '5d5de21c', '5d5de21c', '5d5de21c', 'd38aa58d', '46003790', 'd38aa58d', '46003790']"
blk_4969813124809004275,"['bbb51b95', 'bbb51b95', '3d91fa85', 'bbb51b95', 'd38aa58d', '46003790', 'd38aa58d', '46003790', '5d5de21c', '5d5de21c', 'd38aa58d', '46003790', '5d5de21c']"
blk_-7162218436395580223,"['3d91fa85', 'bbb51b95', 'bbb51b95', 'bbb51b95', 'd38aa58d', '46003790', 'd38aa58d', '46003790', 'd38aa58d', '46003790', '5d5de21c', '5d5de21c', '5d5de21c']"
blk_6542677062545867706,"['bbb51b95', '3d91fa85', 'bbb51b95', 'bbb51b95', '5d5de21c', 'd38aa58d', 'd38aa58d', '46003790', '46003790', '5d5de21c', 'd38aa58d', '46003790', '5d5de21c', 'a333d363', 'a333d363', '4dec0816']"
blk_-4857701990820188534,"['3d91fa85', 'bbb51b95', 'bbb51b95', 'bbb51b95', '5d5de21c', '5d5de21c', '5d5de21c', 'd38aa58d', '46003790', 'd38aa58d', '46003790', 'd38aa58d', '46003790']"
blk_-3018347093518163461,"['bbb51b95', 'bbb51b95', '3d91fa85', 'bbb51b95', 'd38aa58d', '46003790', 'd38aa58d', '46003790', 'd38aa58d', '46003790', '5d5de21c', '5d5de21c', '5d5de21c', '4dec0816']"
blk_-2007483749112028293,"['bbb51b95', 'bbb51b95', '3d91fa85', 'bbb51b95', '46003790', 'd38aa58d', 'd38aa58d', '46003790', 'd38aa58d', '46003790', '5d5de21c', '5d5de21c', '5d5de21c']"
blk_6427986660221777900,"['bbb51b95', 'bbb51b95', 'bbb51b95', '3d91fa85', 'd38aa58d', '46003790', 'd38aa58d', '46003790', 'd38aa58d', '46003790', '5d5de21c', '5d5de21c', '5d5de21c']"
blk_1444017383119583843,"['bbb51b95', 'bbb51b95', '3d91fa85', 'bbb51b95', 'd38aa58d', '46003790', 'd38aa58d', '46003790', 'd38aa58d', '46003790', '5d5de21c', '5d5de21c', '5d5de21c']"
blk_3076887857468199302,"['3d91fa85', 'bbb51b95', 'bbb51b95', 'bbb51b95', '5d5de21c', 'd38aa58d', '46003790', 'd38aa58d', '46003790', 'd38aa58d', '46003790', '5d5de21c', '5d5de21c', 'a333d363', '4dec0816', 'a333d363']"
blk_5263834491777912456,"['bbb51b95', '3d91fa85', 'bbb51b95', 'bbb51b95', 'd38aa58d', '46003790', 'd38aa58d', '46003790', '5d5de21c', 'd38aa58d', '46003790', '5d5de21c', '5d5de21c']"
blk_-6694369325065220401,"['3d91fa85', 'bbb51b95', 'bbb51b95', 'bbb51b95', '5d5de21c', '5d5de21c', '5d5de21c', 'd38aa58d', '46003790', 'd38aa58d', '46003790', 'd38aa58d', '46003790', 'a333d363', 'a333d363', '4dec0816']"
blk_4475218516634442938,"['3d91fa85', 'bbb51b95', 'bbb51b95', 'bbb51b95', 'd38aa58d', '46003790', 'd38aa58d', '46003790', 'd38aa58d', '46003790', '5d5de21c', '5d5de21c', '5d5de21c', '32777b38']"
blk_2491864121329986755,"['3d91fa85', 'bbb51b95', 'bbb51b95', 'bbb51b95', 'd38aa58d', '46003790', '5d5de21c', '5d5de21c', '5d5de21c', 'd38aa58d', '46003790', 'd38aa58d', '46003790', '4dec0816']"
blk_3239380279521454817,"['3d91fa85', 'bbb51b95', 'bbb51b95', 'bbb51b95', 'd38aa58d', '46003790', 'd38aa58d', '46003790', 'd38aa58d', '46003790', '5d5de21c', '5d5de21c', '5d5de21c', '32777b38', '32777b38', '32777b38', 'a333d363', 'a333d363', 'a333d363', 'a333d363', 'a333d363', 'a333d363', 'a333d363', 'a333d363', 'a333d363', '4dec0816', 'a333d363', 'a333d363', 'a333d363']"
blk_-8172517611818544607,"['3d91fa85', 'bbb51b95', 'bbb51b95', 'bbb51b95', '5d5de21c', 'd38aa58d', '46003790', 'd38aa58d', '46003790', '5d5de21c', '5d5de21c', 'd38aa58d', '46003790', '32777b38']"
blk_-90981820089776724,"['bbb51b95', 'bbb51b95', 'bbb51b95', '3d91fa85', 'd38aa58d', '46003790', 'd38aa58d', '46003790', 'd38aa58d', '46003790', '5d5de21c', '5d5de21c', '5d5de21c']"
blk_-6389982043934626549,"['bbb51b95', '3d91fa85', 'bbb51b95', 'bbb51b95', 'd38aa58d', '46003790', 'd38aa58d', '46003790', '5d5de21c', 'd38aa58d', '46003790', '5d5de21c', '5d5de21c']"
blk_1170150857245396826,"['bbb51b95', 'bbb51b95', 'bbb51b95', '3d91fa85', 'd38aa58d', '46003790', 'd38aa58d', '46003790', 'd38aa58d', '46003790', '5d5de21c', '5d5de21c', '5d5de21c']"
blk_-2861539901324435886,"['bbb51b95', '3d91fa85', 'bbb51b95', 'bbb51b95', 'd38aa58d', '46003790', 'd38aa58d', '46003790', 'd38aa58d', '46003790', '5d5de21c', '5d5de21c', '5d5de21c']"
blk_4707104297945705511,"['3d91fa85', 'bbb51b95', 'bbb51b95', 'bbb51b95', '5d5de21c', '5d5de21c', 'd38aa58d', '46003790', 'd38aa58d', '46003790', '5d5de21c', 'd38aa58d', '46003790']"
blk_-7169926134300504969,"['bbb51b95', '3d91fa85', 'bbb51b95', 'bbb51b95', 'd38aa58d', '46003790', 'd38aa58d', '46003790', 'd38aa58d', '46003790', '5d5de21c', '5d5de21c', '5d5de21c']"
blk_3234134544610118868,"['bbb51b95', 'bbb51b95', '3d91fa85', 'bbb51b95', '46003790', 'd38aa58d', '46003790', '5d5de21c', '5d5de21c', 'd38aa58d', 'd38aa58d', '46003790', '5d5de21c', 'a333d363']"
blk_-6870853522250555462,"['bbb51b95', 'bbb51b95', '3d91fa85', 'd38aa58d', '46003790', 'bbb51b95', 'd38aa58d', '46003790', 'd38aa58d', '46003790', '5d5de21c', '5d5de21c', '5d5de21c', '4dec0816']"
blk_-507848141205655885,"['bbb51b95', '3d91fa85', 'bbb51b95', 'bbb51b95', 'd38aa58d', '46003790', 'd38aa58d', '46003790', 'd38aa58d', '46003790', '5d5de21c', '5d5de21c', '5d5de21c']"
blk_2900563166645209369,"['bbb51b95', 'bbb51b95', '3d91fa85', 'bbb51b95', 'd38aa58d', '46003790', 'd38aa58d', '46003790', '5d5de21c', '5d5de21c', '5d5de21c', 'd38aa58d', '46003790']"
blk_-2352933375929635383,"['bbb51b95', 'bbb51b95', 'bbb51b95', '3d91fa85', 'd38aa58d', '46003790', 'd38aa58d', '46003790', 'd38aa58d', '46003790', '5d5de21c', '5d5de21c', '5d5de21c']"
blk_818181094130137617,"['3d91fa85', 'bbb51b95', 'bbb51b95', 'bbb51b95', 'd38aa58d', '46003790', 'd38aa58d', '46003790', '5d5de21c', '5d5de21c', 'd38aa58d', '46003790', '5d5de21c']"
blk_7839788449685640618,"['bbb51b95', 'bbb51b95', 'bbb51b95', '3d91fa85', 'd38aa58d', '46003790', 'd38aa58d', '46003790', 'd38aa58d', '46003790', '5d5de21c', '5d5de21c', '5d5de21c']"
blk_4524117607172556917,"['3d91fa85', 'bbb51b95', 'bbb51b95', 'bbb51b95', '5d5de21c', 'd38aa58d', 'd38aa58d', '46003790', '46003790', '5d5de21c', '5d5de21c', 'd38aa58d', '46003790']"
blk_-7078042963216548417,"['3d91fa85', 'bbb51b95', 'bbb51b95', 'bbb51b95', '5d5de21c', '5d5de21c', '5d5de21c', 'd38aa58d', '46003790', 'd38aa58d', '46003790', 'd38aa58d', '46003790']"
blk_8275629886929176042,"['bbb51b95', 'bbb51b95', 'bbb51b95', '3d91fa85', 'd38aa58d', '46003790', 'd38aa58d', '46003790', '5d5de21c', '5d5de21c', 'd38aa58d', '46003790', '5d5de21c']"
blk_-5672376587120898157,"['bbb51b95', 'bbb51b95', 'bbb51b95', '3d91fa85', 'd38aa58d', '46003790', 'd38aa58d', '46003790', '5d5de21c', '5d5de21c', 'd38aa58d', '46003790', '5d5de21c']"
blk_-7722134978135978544,"['3d91fa85', 'bbb51b95', 'bbb51b95', 'bbb51b95', '5d5de21c', '5d5de21c', '5d5de21c', 'd38aa58d', '46003790', 'd38aa58d', '46003790', 'd38aa58d', '46003790']"
blk_-8147474635439151181,"['bbb51b95', '3d91fa85', 'bbb51b95', 'bbb51b95', 'd38aa58d', '46003790', 'd38aa58d', '46003790', 'd38aa58d', '46003790', '5d5de21c', '5d5de21c', '5d5de21c']"
blk_7819077012149335503,"['bbb51b95', '3d91fa85', 'bbb51b95', 'bbb51b95', 'd38aa58d', '46003790', 'd38aa58d', '46003790', 'd38aa58d', '46003790', '5d5de21c', '5d5de21c', '5d5de21c']"
blk_-744094832222436907,"['3d91fa85', 'bbb51b95', 'bbb51b95', 'bbb51b95', '5d5de21c', '5d5de21c', '5d5de21c', 'd38aa58d', '46003790', 'd38aa58d', '46003790', 'd38aa58d', '46003790', 'a333d363']"
blk_2589285741910956177,"['3d91fa85', 'bbb51b95', 'bbb51b95', 'bbb51b95', '5d5de21c', '5d5de21c', '5d5de21c', 'd38aa58d', '46003790', 'd38aa58d', '46003790', 'd38aa58d', '46003790', '4dec0816']"
blk_-127412191533281019,"['3d91fa85', 'bbb51b95', 'bbb51b95', 'bbb51b95', 'd38aa58d', '46003790', 'd38aa58d', '46003790', '5d5de21c', '5d5de21c', 'd38aa58d', '46003790', '5d5de21c', '32777b38']"
blk_-4745996058365590835,"['bbb51b95', '3d91fa85', 'bbb51b95', 'bbb51b95', 'd38aa58d', '46003790', 'd38aa58d', '46003790', '5d5de21c', '5d5de21c', 'd38aa58d', '46003790', '5d5de21c']"
blk_-996588819244542177,"['3d91fa85', 'bbb51b95', 'bbb51b95', 'bbb51b95', '5d5de21c', '5d5de21c', '5d5de21c', 'd38aa58d', '46003790', 'd38aa58d', '46003790', 'd38aa58d', '46003790', '32777b38']"
blk_-2422505920897132440,"['bbb51b95', '3d91fa85', 'bbb51b95', 'bbb51b95', 'd38aa58d', '46003790', 'd38aa58d', '46003790', 'd38aa58d', '46003790', '5d5de21c', '5d5de21c', '5d5de21c']"
blk_-2089416628626069288,"['bbb51b95', 'bbb51b95', '3d91fa85', 'bbb51b95', 'd38aa58d', '46003790', 'd38aa58d', '46003790', 'd38aa58d', '46003790', '5d5de21c', '5d5de21c', '5d5de21c']"
blk_4840837818452951601,"['bbb51b95', 'bbb51b95', '3d91fa85', 'bbb51b95', 'd38aa58d', '46003790', 'd38aa58d', '46003790', 'd38aa58d', '46003790', '5d5de21c', '5d5de21c', '5d5de21c', 'a333d363', 'a333d363', '4dec0816']"
blk_-593072012418481695,"['bbb51b95', '3d91fa85', 'bbb51b95', 'bbb51b95', 'd38aa58d', '46003790', 'd38aa58d', '46003790', 'd38aa58d', '46003790', '5d5de21c', '5d5de21c', '5d5de21c', 'a333d363', '4dec0816']"
blk_6120779340193464826,"['bbb51b95', 'bbb51b95', 'bbb51b95', '3d91fa85', 'd38aa58d', '46003790', 'd38aa58d', '46003790', 'd38aa58d', '46003790', '5d5de21c', '5d5de21c', '5d5de21c']"
blk_3237234681031527398,"['3d91fa85', 'bbb51b95', 'bbb51b95', 'bbb51b95', '5d5de21c', '5d5de21c', '5d5de21c', 'd38aa58d', '46003790', 'd38aa58d', '46003790', 'd38aa58d', '46003790']"
blk_255627295387971362,"['bbb51b95', 'bbb51b95', 'bbb51b95', '3d91fa85', 'd38aa58d', '46003790', 'd38aa58d', '46003790', '5d5de21c', '5d5de21c', 'd38aa58d', '46003790', '5d5de21c', '32777b38']"
blk_3655634167858871045,"['bbb51b95', 'bbb51b95', 'bbb51b95', '3d91fa85', 'd38aa58d', '46003790', 'd38aa58d', '46003790', 'd38aa58d', '46003790', '5d5de21c', '5d5de21c', '5d5de21c']"
blk_7701187522003624765,"['bbb51b95', 'bbb51b95', 'bbb51b95', '3d91fa85', 'd38aa58d', '46003790', 'd38aa58d', '46003790', 'd38aa58d', '46003790', '5d5de21c', '5d5de21c', '5d5de21c']"
blk_8009533921123724914,"['bbb51b95', 'bbb51b95', '3d91fa85', 'bbb51b95', 'd38aa58d', '46003790', 'd38aa58d', '46003790', 'd38aa58d', '46003790', '5d5de21c', '5d5de21c', '5d5de21c', 'a333d363']"
blk_6101951722408298735,"['bbb51b95', '3d91fa85', 'bbb51b95', 'bbb51b95', 'd38aa58d', '46003790', 'd38aa58d', '46003790', '5d5de21c', '5d5de21c', 'd38aa58d', '46003790', '5d5de21c']"
blk_4257748394530943920,"['bbb51b95', '3d91fa85', 'bbb51b95', 'bbb51b95', '5d5de21c', '5d5de21c', 'd38aa58d', '46003790', 'd38aa58d', '46003790', 'd38aa58d', '46003790', '5d5de21c']"
blk_2243956044624245216,"['bbb51b95', 'bbb51b95', 'bbb51b95', '3d91fa85', 'd38aa58d', '46003790', 'd38aa58d', 'd38aa58d', '46003790', '46003790', '5d5de21c', '5d5de21c', '5d5de21c']"
blk_4500429792479479424,"['bbb51b95', 'bbb51b95', 'bbb51b95', '3d91fa85', 'd38aa58d', '46003790', 'd38aa58d', '46003790', 'd38aa58d', '46003790', '5d5de21c', '5d5de21c', '5d5de21c']"
blk_6038069591769060001,"['3d91fa85', 'bbb51b95', 'bbb51b95', 'bbb51b95', '5d5de21c', '5d5de21c', 'd38aa58d', '46003790', 'd38aa58d', '46003790', 'd38aa58d', '46003790', '5d5de21c']"
blk_1581125607012209518,"['3d91fa85', 'bbb51b95', 'bbb51b95', 'bbb51b95', '5d5de21c', 'd38aa58d', '46003790', '5d5de21c', 'd38aa58d', '46003790', 'd38aa58d', '46003790', '5d5de21c']"
blk_-6753042857312445856,"['bbb51b95', '3d91fa85', 'bbb51b95', 'bbb51b95', 'd38aa58d', '46003790', 'd38aa58d', '46003790', 'd38aa58d', '46003790', '5d5de21c', '5d5de21c', '5d5de21c']"
blk_4023079894377143028,"['bbb51b95', '3d91fa85', 'bbb51b95', 'bbb51b95', 'd38aa58d', '46003790', 'd38aa58d', '46003790', 'd38aa58d', '46003790', '5d5de21c', '5d5de21c', '5d5de21c']"
blk_4109828612318115830,"['3d91fa85', 'bbb51b95', 'bbb51b95', 'bbb51b95', '5d5de21c', '5d5de21c', '5d5de21c', 'd38aa58d', '46003790', 'd38aa58d', '46003790', 'd38aa58d', '46003790', 'a333d363', '4dec0816', 'a333d363']"
blk_-7906465124810862049,"['bbb51b95', 'bbb51b95', '3d91fa85', 'bbb51b95', 'd38aa58d', '46003790', 'd38aa58d', '46003790', '5d5de21c', '5d5de21c', 'd38aa58d', '46003790', '5d5de21c']"
blk_7367426569210882903,"['bbb51b95', 'bbb51b95', 'bbb51b95', '3d91fa85', 'd38aa58d', '46003790', 'd38aa58d', '46003790', 'd38aa58d', '46003790', '5d5de21c', '5d5de21c', '5d5de21c']"
blk_9206125399145309902,"['3d91fa85', 'bbb51b95', 'bbb51b95', 'bbb51b95', 'd38aa58d', '46003790', '5d5de21c', '5d5de21c', '5d5de21c', 'd38aa58d', '46003790', 'd38aa58d', '46003790']"
blk_-5534946972613861232,"['bbb51b95', 'bbb51b95', '3d91fa85', 'bbb51b95', 'd38aa58d', '46003790', 'd38aa58d', '46003790', '5d5de21c', '5d5de21c', 'd38aa58d', '46003790', '5d5de21c']"
blk_-3842560859586294781,"['3d91fa85', 'bbb51b95', 'bbb51b95', 'bbb51b95', '5d5de21c', '5d5de21c', '5d5de21c', 'd38aa58d', '46003790', 'd38aa58d', '46003790', 'd38aa58d', '46003790', '4dec0816']"
blk_4141493833219767066,"['bbb51b95', 'bbb51b95', '3d91fa85', 'bbb51b95', 'd38aa58d', '46003790', 'd38aa58d', '46003790', 'd38aa58d', '46003790', '5d5de21c', '5d5de21c', '5d5de21c']"
blk_1300800245118027765,"['3d91fa85', 'bbb51b95', 'bbb51b95', 'bbb51b95', 'd38aa58d', '46003790', 'd38aa58d', '46003790', 'd38aa58d', '46003790', '5d5de21c', '5d5de21c', '5d5de21c']"
blk_2703374977575297682,"['3d91fa85', 'bbb51b95', 'bbb51b95', 'bbb51b95', 'd38aa58d', '46003790', 'd38aa58d', '46003790', '5d5de21c', 'd38aa58d', '46003790', '5d5de21c', '5d5de21c', '32777b38', '32777b38', '32777b38', 'a333d363', 'a333d363', '4dec0816']"
blk_-5618857820561087827,"['bbb51b95', 'bbb51b95', '3d91fa85', 'bbb51b95', 'd38aa58d', '46003790', 'd38aa58d', '46003790', 'd38aa58d', '46003790', '5d5de21c', '5d5de21c', '5d5de21c']"
blk_-554964605210380585,"['bbb51b95', '3d91fa85', 'bbb51b95', 'bbb51b95', 'd38aa58d', '46003790', '5d5de21c', 'd38aa58d', '46003790', 'd38aa58d', '46003790', '5d5de21c', '5d5de21c', 'a333d363']"
blk_7268816681205686757,"['bbb51b95', 'bbb51b95', '3d91fa85', 'bbb51b95', 'd38aa58d', '46003790', 'd38aa58d', '46003790', '46003790', '5d5de21c', '5d5de21c', '5d5de21c', 'd38aa58d', 'a333d363']"
blk_-4406647633771239019,"['bbb51b95', '3d91fa85', 'bbb51b95', 'bbb51b95', 'd38aa58d', '46003790', 'd38aa58d', '46003790', '5d5de21c', 'd38aa58d', '46003790', '5d5de21c', '5d5de21c']"
blk_4005741457912830667,"['3d91fa85', 'bbb51b95', 'bbb51b95', 'bbb51b95', '5d5de21c', '5d5de21c', 'd38aa58d', '46003790', 'd38aa58d', '46003790', 'd38aa58d', '46003790', '5d5de21c', '32777b38', 'a333d363', '4dec0816']"
blk_-5370296909450783832,"['bbb51b95', 'bbb51b95', '3d91fa85', 'bbb51b95', 'd38aa58d', '46003790', 'd38aa58d', '46003790', 'd38aa58d', '46003790', '5d5de21c', '5d5de21c', '5d5de21c']"
blk_5488743223693065766,"['bbb51b95', '3d91fa85', 'bbb51b95', 'bbb51b95', 'd38aa58d', '46003790', 'd38aa58d', '46003790', '5d5de21c', 'd38aa58d', '46003790', '5d5de21c', '5d5de21c']"
blk_-3536936345412214988,"['bbb51b95', 'bbb51b95', 'bbb51b95', '3d91fa85', 'd38aa58d', '46003790', 'd38aa58d', '46003790', 'd38aa58d', '46003790', '5d5de21c', '5d5de21c', '5d5de21c']"
blk_-2581041263835363235,"['bbb51b95', 'bbb51b95', '3d91fa85', 'bbb51b95', 'd38aa58d', 'd38aa58d', '46003790', '46003790', 'd38aa58d', '46003790', '5d5de21c', '5d5de21c', '5d5de21c']"
blk_-5935333235181631645,"['3d91fa85', 'bbb51b95', 'bbb51b95', 'bbb51b95', '5d5de21c', '5d5de21c', 'd38aa58d', '46003790', 'd38aa58d', '46003790', 'd38aa58d', '46003790', '5d5de21c']"
blk_9156995915649620211,"['bbb51b95', 'bbb51b95', 'bbb51b95', '3d91fa85', 'd38aa58d', '46003790', 'd38aa58d', '46003790', 'd38aa58d', '46003790', '5d5de21c', '5d5de21c', '5d5de21c']"
blk_-7503562667203988198,"['bbb51b95', '3d91fa85', 'bbb51b95', 'bbb51b95', '46003790', 'd38aa58d', '46003790', 'd38aa58d', '46003790', 'd38aa58d', '5d5de21c', '5d5de21c', '5d5de21c']"
blk_6244701660479173230,"['3d91fa85', 'bbb51b95', 'bbb51b95', 'bbb51b95', '5d5de21c', '5d5de21c', '5d5de21c', 'd38aa58d', '46003790', 'd38aa58d', '46003790', 'd38aa58d', '46003790', 'a333d363', '4dec0816']"
blk_6772130190133701171,"['3d91fa85', 'bbb51b95', 'bbb51b95', 'bbb51b95', '5d5de21c', 'd38aa58d', '46003790', 'd38aa58d', '46003790', '5d5de21c', '5d5de21c', 'd38aa58d', '46003790', 'a333d363', 'a333d363', '4dec0816']"
blk_-7635709733677415551,"['3d91fa85', 'bbb51b95', 'bbb51b95', 'bbb51b95', 'd38aa58d', '46003790', '5d5de21c', 'd38aa58d', '46003790', 'd38aa58d', '46003790', '5d5de21c', '5d5de21c']"
blk_3363892268981121605,"['bbb51b95', 'bbb51b95', 'bbb51b95', '3d91fa85', 'd38aa58d', '46003790', 'd38aa58d', '46003790', 'd38aa58d', '46003790', '5d5de21c', '5d5de21c', '5d5de21c']"
blk_4549976194809226923,"['bbb51b95', '3d91fa85', 'bbb51b95', 'bbb51b95', 'd38aa58d', '46003790', 'd38aa58d', '46003790', 'd38aa58d', '46003790', '5d5de21c', '5d5de21c', '5d5de21c', '4dec0816']"
blk_-2246598232352393461,"['bbb51b95', 'bbb51b95', '3d91fa85', 'bbb51b95', 'd38aa58d', '46003790', 'd38aa58d', '46003790', 'd38aa58d', '46003790', '5d5de21c', '5d5de21c', '5d5de21c']"
blk_-7059778479876639874,"['bbb51b95', 'bbb51b95', 'bbb51b95', '3d91fa85', 'd38aa58d', '46003790', 'd38aa58d', '46003790', 'd38aa58d', '46003790', '5d5de21c', '5d5de21c', '5d5de21c']"
blk_8002705850153711729,"['bbb51b95', 'bbb51b95', '3d91fa85', 'bbb51b95', 'd38aa58d', '46003790', 'd38aa58d', '46003790', 'd38aa58d', '46003790', '5d5de21c', '5d5de21c', '5d5de21c', '32777b38', 'a333d363', '4dec0816', 'a333d363']"
blk_312892387046812293,"['bbb51b95', 'bbb51b95', 'bbb51b95', '3d91fa85', 'd38aa58d', '46003790', 'd38aa58d', '46003790', '5d5de21c', '5d5de21c', 'd38aa58d', '46003790', '5d5de21c']"
blk_4529476414826805590,"['bbb51b95', 'bbb51b95', '3d91fa85', 'bbb51b95', 'd38aa58d', '46003790', 'd38aa58d', '46003790', 'd38aa58d', '46003790', '5d5de21c', '5d5de21c', '5d5de21c']"
blk_-8039437086369345365,"['bbb51b95', '3d91fa85', 'bbb51b95', 'bbb51b95', '46003790', 'd38aa58d', '46003790', '5d5de21c', '5d5de21c', 'd38aa58d', 'd38aa58d', '46003790', '5d5de21c']"
blk_8722239437912591172,"['3d91fa85', 'bbb51b95', 'bbb51b95', 'bbb51b95', '5d5de21c', '5d5de21c', '5d5de21c', 'd38aa58d', '46003790', 'd38aa58d', '46003790', 'd38aa58d', '46003790']"
blk_-4029144953091681686,"['bbb51b95', 'bbb51b95', 'bbb51b95', '3d91fa85', 'd38aa58d', '46003790', '5d5de21c', 'd38aa58d', '46003790', 'd38aa58d', '46003790', '5d5de21c', '5d5de21c']"
blk_7010577227404773525,"['bbb51b95', 'bbb51b95', 'bbb51b95', '3d91fa85', 'd38aa58d', '46003790', 'd38aa58d', '46003790', 'd38aa58d', '46003790', '5d5de21c', '5d5de21c', '5d5de21c', 'd63ef163', 'd63ef163', 'd63ef163', 'dba996ef', 'dba996ef', 'dba996ef']"
blk_-5914363614184685535,"['bbb51b95', '3d91fa85', 'bbb51b95', 'bbb51b95', 'd38aa58d', '46003790', 'd38aa58d', '46003790', 'd38aa58d', '46003790', '5d5de21c', '5d5de21c', '5d5de21c']"
blk_8292292322703669919,"['bbb51b95', 'bbb51b95', 'bbb51b95', '3d91fa85', 'd38aa58d', '46003790', 'd38aa58d', '46003790', '5d5de21c', '5d5de21c', 'd38aa58d', '46003790', '5d5de21c']"
blk_925282495352017642,"['3d91fa85', 'bbb51b95', 'bbb51b95', 'bbb51b95', '5d5de21c', '5d5de21c', 'd38aa58d', '46003790', '5d5de21c', 'd38aa58d', '46003790', 'd38aa58d', '46003790', 'a333d363', 'a333d363', '4dec0816']"
blk_-3996680356712532371,"['bbb51b95', 'bbb51b95', '3d91fa85', 'bbb51b95', '46003790', 'd38aa58d', '46003790', 'd38aa58d', 'd38aa58d', '46003790', '5d5de21c', '5d5de21c', '5d5de21c']"
blk_3432636531507738087,"['3d91fa85', 'bbb51b95', 'bbb51b95', 'bbb51b95', '5d5de21c', '5d5de21c', 'd38aa58d', '46003790', 'd38aa58d', '46003790', 'd38aa58d', '46003790', '5d5de21c']"
blk_-3588907508228123713,"['3d91fa85', 'bbb51b95', 'bbb51b95', 'bbb51b95', '5d5de21c', '5d5de21c', '5d5de21c', 'd38aa58d', '46003790', 'd38aa58d', '46003790', 'd38aa58d', '46003790']"
blk_-4753783660294567604,"['bbb51b95', 'bbb51b95', 'bbb51b95', '3d91fa85', 'd38aa58d', '46003790', 'd38aa58d', '46003790', '5d5de21c', '5d5de21c', 'd38aa58d', '46003790', '5d5de21c', '32777b38']"
blk_4896049698225935919,"['bbb51b95', 'bbb51b95', 'bbb51b95', '3d91fa85', 'd38aa58d', '46003790', 'd38aa58d', '46003790', '5d5de21c', '5d5de21c', 'd38aa58d', '46003790', '5d5de21c']"
blk_-8840344415220866999,"['bbb51b95', 'bbb51b95', '3d91fa85', 'bbb51b95', 'd38aa58d', '46003790', '5d5de21c', 'd38aa58d', '46003790', '5d5de21c', 'd38aa58d', '46003790', '5d5de21c']"
blk_1097808513664023464,"['bbb51b95', 'bbb51b95', '3d91fa85', 'bbb51b95', 'd38aa58d', '46003790', 'd38aa58d', '46003790', 'd38aa58d', '46003790', '5d5de21c', '5d5de21c', '5d5de21c', 'a333d363', '4dec0816']"
blk_5387672874091038371,"['bbb51b95', 'bbb51b95', '3d91fa85', 'bbb51b95', '5d5de21c', 'd38aa58d', '46003790', 'd38aa58d', '46003790', '5d5de21c', 'd38aa58d', '46003790', '5d5de21c', '32777b38']"
blk_-5791066138287531604,"['bbb51b95', '3d91fa85', 'bbb51b95', 'bbb51b95', 'd38aa58d', '46003790', '46003790', 'd38aa58d', '46003790', '5d5de21c', '5d5de21c', 'd38aa58d', '5d5de21c']"
blk_-5444706615414094966,"['bbb51b95', 'bbb51b95', 'bbb51b95', '3d91fa85', 'd38aa58d', '46003790', 'd38aa58d', '46003790', 'd38aa58d', '46003790', '5d5de21c', '5d5de21c', '5d5de21c', 'a333d363', '4dec0816']"
blk_7478505436589522543,"['3d91fa85', 'bbb51b95', 'bbb51b95', 'bbb51b95', 'd38aa58d', '46003790', 'd38aa58d', '46003790', '5d5de21c', 'd38aa58d', '46003790', '5d5de21c', '5d5de21c']"
blk_1715763872511441607,"['bbb51b95', '3d91fa85', 'bbb51b95', 'bbb51b95', 'd38aa58d', '46003790', 'd38aa58d', '46003790', 'd38aa58d', '46003790', '5d5de21c', '5d5de21c', '5d5de21c']"
blk_-2619493745754092171,"['3d91fa85', 'bbb51b95', 'bbb51b95', 'bbb51b95', '5d5de21c', 'd38aa58d', '46003790', '5d5de21c', '5d5de21c', 'd38aa58d', '46003790', 'd38aa58d', '46003790', 'a333d363']"
blk_-1001052357459993016,"['bbb51b95', '3d91fa85', 'bbb51b95', 'bbb51b95', 'd38aa58d', '46003790', '5d5de21c', 'd38aa58d', '46003790', 'd38aa58d', '46003790', '5d5de21c', '5d5de21c']"
blk_-8239286103359127462,"['bbb51b95', 'bbb51b95', '3d91fa85', 'bbb51b95', 'd38aa58d', '46003790', '5d5de21c', 'd38aa58d', '46003790', 'd38aa58d', '46003790', '5d5de21c', '5d5de21c', 'a333d363']"
blk_6743978674689927548,"['bbb51b95', '3d91fa85', 'bbb51b95', 'bbb51b95', 'd38aa58d', '46003790', 'd38aa58d', '46003790', '5d5de21c', '5d5de21c', 'd38aa58d', '46003790', '5d5de21c']"
blk_-3783199894755366403,"['bbb51b95', '3d91fa85', 'bbb51b95', 'bbb51b95', 'd38aa58d', '46003790', 'd38aa58d', '46003790', '5d5de21c', '5d5de21c', '5d5de21c', 'd38aa58d', '46003790']"
blk_-2400274330155252598,"['bbb51b95', 'bbb51b95', 'bbb51b95', '3d91fa85', 'd38aa58d', '46003790', 'd38aa58d', '46003790', 'd38aa58d', '46003790', '5d5de21c', '5d5de21c', '5d5de21c']"
blk_-7598755695670995274,"['bbb51b95', 'bbb51b95', '3d91fa85', 'bbb51b95', 'd38aa58d', '46003790', 'd38aa58d', '46003790', '5d5de21c', '5d5de21c', 'd38aa58d', '46003790', '5d5de21c', '32777b38', '32777b38', '32777b38', 'a333d363', 'a333d363', '4dec0816']"
blk_5367637385531340879,"['bbb51b95', 'bbb51b95', 'bbb51b95', '3d91fa85', 'd38aa58d', '46003790', 'd38aa58d', '46003790', 'd38aa58d', '46003790', '5d5de21c', '5d5de21c', '5d5de21c']"
blk_8501191250412796236,"['bbb51b95', 'bbb51b95', '3d91fa85', 'bbb51b95', 'd38aa58d', '46003790', 'd38aa58d', '46003790', '5d5de21c', '5d5de21c', 'd38aa58d', '46003790', '5d5de21c']"
blk_6676588792582114851,"['bbb51b95', '3d91fa85', 'bbb51b95', 'bbb51b95', 'd38aa58d', '46003790', 'd38aa58d', '46003790', 'd38aa58d', '46003790', '5d5de21c', '5d5de21c', '5d5de21c', 'a333d363', '4dec0816']"
blk_2805161977078471831,"['bbb51b95', '3d91fa85', 'bbb51b95', 'bbb51b95', 'd38aa58d', '46003790', 'd38aa58d', '46003790', 'd38aa58d', '46003790', '5d5de21c', '5d5de21c', '5d5de21c', 'a333d363']"
blk_-1392360427724440107,"['bbb51b95', 'bbb51b95', '3d91fa85', 'bbb51b95', 'd38aa58d', '46003790', 'd38aa58d', '46003790', 'd38aa58d', '46003790', '5d5de21c', '5d5de21c', '5d5de21c']"
blk_4736170818475178364,"['bbb51b95', 'bbb51b95', '3d91fa85', 'bbb51b95', 'd38aa58d', '46003790', 'd38aa58d', '46003790', '5d5de21c', '5d5de21c', 'd38aa58d', '46003790', '5d5de21c']"
blk_9129029081146915527,"['3d91fa85', 'bbb51b95', 'bbb51b95', 'bbb51b95', '5d5de21c', '5d5de21c', '5d5de21c', 'd38aa58d', '46003790', 'd38aa58d', '46003790', 'd38aa58d', '46003790']"
blk_-6688478767600344493,"['3d91fa85', 'bbb51b95', 'bbb51b95', 'bbb51b95', 'd38aa58d', '46003790', 'd38aa58d', '46003790', 'd38aa58d', '46003790', '5d5de21c', '5d5de21c', '5d5de21c']"
blk_717906662680327821,"['bbb51b95', 'bbb51b95', 'bbb51b95', '3d91fa85', 'd38aa58d', '46003790', 'd38aa58d', '46003790', 'd38aa58d', '46003790', '5d5de21c', '5d5de21c', '5d5de21c']"
blk_-1560513547037480689,"['3d91fa85', 'bbb51b95', 'bbb51b95', 'bbb51b95', '5d5de21c', '5d5de21c', '5d5de21c', 'd38aa58d', '46003790', 'd38aa58d', '46003790', 'd38aa58d', '46003790']"
blk_8753252033091435774,"['3d91fa85', 'bbb51b95', 'bbb51b95', 'bbb51b95', 'd38aa58d', '46003790', 'd38aa58d', '46003790', 'd38aa58d', '46003790', '5d5de21c', '5d5de21c', '5d5de21c', 'd63ef163', 'd63ef163', 'd63ef163', 'dba996ef', 'dba996ef', 'dba996ef']"
blk_-6308186866787471822,"['bbb51b95', 'bbb51b95', 'bbb51b95', '3d91fa85', 'd38aa58d', '46003790', 'd38aa58d', '46003790', 'd38aa58d', '46003790', '5d5de21c', '5d5de21c', '5d5de21c', 'a333d363', '4dec0816']"
blk_407071717588236776,"['bbb51b95', 'bbb51b95', '3d91fa85', 'bbb51b95', 'd38aa58d', '46003790', 'd38aa58d', '46003790', 'd38aa58d', '46003790', '5d5de21c', '5d5de21c', '5d5de21c']"
blk_5727422260923402669,"['3d91fa85', 'bbb51b95', 'bbb51b95', 'bbb51b95', '5d5de21c', '5d5de21c', '5d5de21c', 'd38aa58d', '46003790', 'd38aa58d', '46003790', 'd38aa58d', '46003790']"
blk_4726163015885049668,"['bbb51b95', 'bbb51b95', 'bbb51b95', '3d91fa85', 'd38aa58d', '46003790', '46003790', '5d5de21c', 'd38aa58d', '46003790', 'd38aa58d', '5d5de21c', '5d5de21c', 'a333d363', '4dec0816']"
blk_-3126777272329634345,"['3d91fa85', 'bbb51b95', 'bbb51b95', 'bbb51b95', '5d5de21c', '5d5de21c', '5d5de21c', 'd38aa58d', '46003790', 'd38aa58d', '46003790', 'd38aa58d', '46003790', '4dec0816']"
blk_-1717442150646088321,"['bbb51b95', '3d91fa85', 'bbb51b95', 'bbb51b95', 'd38aa58d', '46003790', 'd38aa58d', '46003790', 'd38aa58d', '46003790', '5d5de21c', '5d5de21c', '5d5de21c']"
blk_1802448791489414733,"['3d91fa85', 'bbb51b95', 'bbb51b95', 'bbb51b95', '5d5de21c', 'd38aa58d', '46003790', 'd38aa58d', '46003790', 'd38aa58d', '46003790', '5d5de21c', '5d5de21c', '32777b38']"
blk_4729456710217196670,"['bbb51b95', 'bbb51b95', '3d91fa85', 'bbb51b95', 'd38aa58d', '46003790', 'd38aa58d', 'd38aa58d', '46003790', '46003790', '5d5de21c', '5d5de21c', '5d5de21c']"
blk_-3752569890503463407,"['bbb51b95', 'bbb51b95', '3d91fa85', 'bbb51b95', 'd38aa58d', '46003790', '46003790', '5d5de21c', '5d5de21c', 'd38aa58d', '46003790', 'd38aa58d', '5d5de21c', '32777b38']"
blk_-4007224733602026241,"['bbb51b95', '3d91fa85', 'bbb51b95', 'bbb51b95', 'd38aa58d', '46003790', 'd38aa58d', '46003790', '5d5de21c', '5d5de21c', 'd38aa58d', '46003790', '5d5de21c']"
blk_-64267447549846006,"['bbb51b95', 'bbb51b95', 'bbb51b95', '3d91fa85', 'd38aa58d', '46003790', 'd38aa58d', '46003790', '5d5de21c', '5d5de21c', 'd38aa58d', '46003790', '5d5de21c']"
blk_-7890873223543700805,"['3d91fa85', 'bbb51b95', 'bbb51b95', 'bbb51b95', '5d5de21c', '5d5de21c', '5d5de21c', 'd38aa58d', '46003790', 'd38aa58d', '46003790', 'd38aa58d', '46003790', 'a333d363', '4dec0816', 'a333d363']"
blk_-6231172677451904259,"['bbb51b95', '3d91fa85', 'bbb51b95', 'bbb51b95', 'd38aa58d', '46003790', 'd38aa58d', '46003790', 'd38aa58d', '46003790', '5d5de21c', '5d5de21c', '5d5de21c']"
blk_-48951227686055625,"['bbb51b95', '3d91fa85', 'bbb51b95', 'bbb51b95', 'd38aa58d', '46003790', 'd38aa58d', '46003790', 'd38aa58d', '46003790', '5d5de21c', '5d5de21c', '5d5de21c', 'd63ef163', 'd63ef163', 'd63ef163', 'dba996ef', 'dba996ef', 'dba996ef']"
blk_8425055705568216675,"['bbb51b95', 'bbb51b95', '3d91fa85', 'bbb51b95', '5d5de21c', '5d5de21c', 'd38aa58d', '46003790', 'd38aa58d', '46003790', 'd38aa58d', '46003790', '5d5de21c', '32777b38', '32777b38', 'a333d363', 'a333d363', '4dec0816']"
blk_9167855612945544291,"['3d91fa85', 'bbb51b95', 'bbb51b95', 'bbb51b95', '5d5de21c', '5d5de21c', 'd38aa58d', '46003790', 'd38aa58d', '46003790', 'd38aa58d', '46003790', '5d5de21c']"
blk_6542597006933538044,"['3d91fa85', 'bbb51b95', 'bbb51b95', 'bbb51b95', '5d5de21c', '5d5de21c', 'd38aa58d', '46003790', 'd38aa58d', '46003790', '5d5de21c', 'd38aa58d', '46003790']"
blk_3026852110518519762,"['3d91fa85', 'bbb51b95', 'bbb51b95', 'bbb51b95', 'd38aa58d', '46003790', 'd38aa58d', '46003790', 'd38aa58d', '46003790', '5d5de21c', '5d5de21c', '5d5de21c']"
blk_1983378307607774678,"['bbb51b95', 'bbb51b95', 'bbb51b95', '3d91fa85', 'd38aa58d', '46003790', 'd38aa58d', '46003790', 'd38aa58d', '46003790', '5d5de21c', '5d5de21c', '5d5de21c', 'd63ef163', 'd63ef163', 'd63ef163', 'dba996ef', 'dba996ef', 'dba996ef']"
blk_-6247933033093032895,"['bbb51b95', 'bbb51b95', 'bbb51b95', '3d91fa85', 'd38aa58d', '46003790', 'd38aa58d', '46003790', 'd38aa58d', '46003790', '5d5de21c', '5d5de21c', '5d5de21c']"
blk_-7711338094685217671,"['3d91fa85', 'bbb51b95', 'bbb51b95', 'bbb51b95', '5d5de21c', '5d5de21c', '5d5de21c', 'd38aa58d', '46003790', 'd38aa58d', '46003790', 'd38aa58d', '46003790', '32777b38', 'a333d363', '4dec0816']"
blk_2100717727010811574,"['bbb51b95', 'bbb51b95', 'bbb51b95', '3d91fa85', 'd38aa58d', '46003790', 'd38aa58d', '46003790', '5d5de21c', '5d5de21c', 'd38aa58d', '46003790', '5d5de21c']"
blk_1319878119873456737,"['bbb51b95', 'bbb51b95', 'bbb51b95', '3d91fa85', 'd38aa58d', '46003790', 'd38aa58d', '46003790', 'd38aa58d', '46003790', '5d5de21c', '5d5de21c', '5d5de21c', '32777b38', 'a333d363', 'a333d363', '4dec0816']"
blk_6081426033669340097,"['3d91fa85', 'bbb51b95', 'bbb51b95', 'bbb51b95', '5d5de21c', 'd38aa58d', '46003790', 'd38aa58d', '46003790', 'd38aa58d', '46003790', '5d5de21c', '5d5de21c']"
blk_6125779937831340970,"['3d91fa85', 'bbb51b95', 'bbb51b95', 'bbb51b95', '5d5de21c', '5d5de21c', '5d5de21c', 'd38aa58d', '46003790', 'd38aa58d', '46003790', 'd38aa58d', '46003790', '4dec0816']"
blk_-4386725033382113130,"['bbb51b95', '3d91fa85', 'bbb51b95', 'bbb51b95', 'd38aa58d', '46003790', 'd38aa58d', '46003790', '5d5de21c', '5d5de21c', '5d5de21c', 'd38aa58d', '46003790']"
blk_-4281731996460659752,"['3d91fa85', 'bbb51b95', 'bbb51b95', 'bbb51b95', '5d5de21c', '5d5de21c', 'd38aa58d', '46003790', 'd38aa58d', '46003790', '5d5de21c', 'd38aa58d', '46003790']"
blk_-5058283290163299081,"['bbb51b95', 'bbb51b95', '3d91fa85', 'bbb51b95', '46003790', '5d5de21c', 'd38aa58d', '46003790', 'd38aa58d', '46003790', 'd38aa58d', '5d5de21c', '5d5de21c', 'd63ef163', 'd63ef163', 'd63ef163', 'dba996ef', 'dba996ef', 'dba996ef']"
blk_893325132502802309,"['3d91fa85', 'bbb51b95', 'bbb51b95', 'bbb51b95', 'd38aa58d', '46003790', 'd38aa58d', '46003790', 'd38aa58d', '46003790', '5d5de21c', '5d5de21c', '5d5de21c']"
blk_6976493839694912068,"['3d91fa85', 'bbb51b95', 'bbb51b95', 'bbb51b95', '5d5de21c', '5d5de21c', 'd38aa58d', '46003790', 'd38aa58d', '46003790', '5d5de21c', 'd38aa58d', '46003790', '32777b38']"
blk_3336090073429700621,"['bbb51b95', '3d91fa85', 'bbb51b95', 'bbb51b95', 'd38aa58d', '46003790', 'd38aa58d', '46003790', '5d5de21c', 'd38aa58d', '46003790', '5d5de21c', '5d5de21c']"
blk_2871709412869478935,"['bbb51b95', '3d91fa85', 'bbb51b95', 'bbb51b95', 'd38aa58d', '46003790', '5d5de21c', 'd38aa58d', '46003790', 'd38aa58d', '46003790', '5d5de21c', '5d5de21c']"
blk_-8339078375778590148,"['bbb51b95', 'bbb51b95', 'bbb51b95', '3d91fa85', 'd38aa58d', '46003790', 'd38aa58d', '46003790', 'd38aa58d', '46003790', '5d5de21c', '5d5de21c', '5d5de21c']"
blk_-8748408033265593989,"['bbb51b95', 'bbb51b95', 'bbb51b95', '3d91fa85', 'd38aa58d', '46003790', 'd38aa58d', '46003790', 'd38aa58d', '46003790', '5d5de21c', '5d5de21c', '5d5de21c', '4dec0816']"
blk_4413286145351147648,"['bbb51b95', 'bbb51b95', 'bbb51b95', '3d91fa85', 'd38aa58d', '46003790', 'd38aa58d', '46003790', '5d5de21c', '5d5de21c', 'd38aa58d', '46003790', '5d5de21c', 'dba996ef', 'd63ef163', 'd63ef163', 'd63ef163', 'dba996ef', 'dba996ef']"
blk_4464599776597488489,"['3d91fa85', 'bbb51b95', 'bbb51b95', 'bbb51b95', '5d5de21c', '5d5de21c', '5d5de21c', 'd38aa58d', '46003790', 'd38aa58d', '46003790', 'd38aa58d', '46003790', 'a333d363', '4dec0816', 'a333d363']"
blk_-5019864992218989081,"['bbb51b95', 'bbb51b95', 'bbb51b95', '3d91fa85', 'd38aa58d', '46003790', 'd38aa58d', '46003790', 'd38aa58d', '46003790', '5d5de21c', '5d5de21c', '5d5de21c']"
blk_-8797831969253994134,"['bbb51b95', 'bbb51b95', '3d91fa85', 'bbb51b95', 'd38aa58d', '46003790', 'd38aa58d', '46003790', 'd38aa58d', '46003790', '5d5de21c', '5d5de21c', '5d5de21c', '32777b38', 'a333d363', 'a333d363', '4dec0816']"
blk_5727890545253888587,"['bbb51b95', 'bbb51b95', 'bbb51b95', '3d91fa85', 'd38aa58d', '46003790', 'd38aa58d', '46003790', 'd38aa58d', '46003790', '5d5de21c', '5d5de21c', '5d5de21c', 'a333d363', '4dec0816']"
blk_-760302245406658455,"['3d91fa85', 'bbb51b95', 'bbb51b95', 'bbb51b95', '5d5de21c', '5d5de21c', '5d5de21c', 'd38aa58d', '46003790', 'd38aa58d', '46003790', 'd38aa58d', '46003790']"
blk_3396541847908826181,"['bbb51b95', 'bbb51b95', '3d91fa85', 'bbb51b95', 'd38aa58d', '46003790', 'd38aa58d', '46003790', 'd38aa58d', '46003790', '5d5de21c', '5d5de21c', '5d5de21c']"
blk_6942165517509334082,"['3d91fa85', 'bbb51b95', 'bbb51b95', 'bbb51b95', '5d5de21c', '5d5de21c', 'd38aa58d', '46003790', 'd38aa58d', '46003790', '5d5de21c', 'd38aa58d', '46003790', 'a333d363', '4dec0816', 'a333d363']"
blk_1793385256413902148,"['bbb51b95', 'bbb51b95', 'bbb51b95', '3d91fa85', 'd38aa58d', '46003790', 'd38aa58d', '46003790', '5d5de21c', '5d5de21c', 'd38aa58d', '46003790', '5d5de21c', 'a333d363']"
blk_6822018998801406933,"['bbb51b95', '3d91fa85', 'bbb51b95', 'bbb51b95', 'd38aa58d', '46003790', 'd38aa58d', '46003790', 'd38aa58d', '46003790', '5d5de21c', '5d5de21c', '5d5de21c']"
blk_1044207927230656911,"['bbb51b95', 'bbb51b95', '3d91fa85', 'bbb51b95', '5d5de21c', 'd38aa58d', '46003790', 'd38aa58d', '46003790', 'd38aa58d', '46003790', '5d5de21c', '5d5de21c']"
blk_-2625049318610003441,"['3d91fa85', 'bbb51b95', 'bbb51b95', 'bbb51b95', '5d5de21c', '5d5de21c', '5d5de21c', 'd38aa58d', '46003790', 'd38aa58d', '46003790', 'd38aa58d', '46003790', 'a333d363', 'a333d363', '4dec0816']"
blk_-5575566286475914335,"['bbb51b95', 'bbb51b95', '3d91fa85', 'bbb51b95', 'd38aa58d', '46003790', 'd38aa58d', '46003790', 'd38aa58d', '46003790', '5d5de21c', '5d5de21c', '5d5de21c']"
blk_6557042666565296025,"['bbb51b95', 'bbb51b95', 'bbb51b95', '3d91fa85', 'd38aa58d', '46003790', 'd38aa58d', '46003790', 'd38aa58d', '46003790', '5d5de21c', '5d5de21c', '5d5de21c']"
blk_-7203200646759643332,"['bbb51b95', 'bbb51b95', '3d91fa85', 'bbb51b95', 'd38aa58d', '46003790', 'd38aa58d', '46003790', 'd38aa58d', '46003790', '5d5de21c', '5d5de21c', '5d5de21c']"
blk_-5234620862380302183,"['3d91fa85', 'bbb51b95', 'bbb51b95', 'bbb51b95', '5d5de21c', '5d5de21c', '5d5de21c', 'd38aa58d', '46003790', 'd38aa58d', '46003790', 'd38aa58d', '46003790', 'a333d363', '4dec0816']"
blk_7342635329425721246,"['3d91fa85', 'bbb51b95', 'bbb51b95', 'bbb51b95', '5d5de21c', '5d5de21c', '5d5de21c', 'd38aa58d', '46003790', 'd38aa58d', '46003790', 'd38aa58d', '46003790']"
blk_-3333857782383028379,"['bbb51b95', 'bbb51b95', 'bbb51b95', '3d91fa85', 'd38aa58d', '46003790', 'd38aa58d', '46003790', 'd38aa58d', '46003790', '5d5de21c', '5d5de21c', '5d5de21c', 'd63ef163', 'd63ef163', 'd63ef163', 'dba996ef', 'dba996ef', 'dba996ef']"
blk_-2651454979784326937,"['3d91fa85', 'bbb51b95', 'bbb51b95', 'bbb51b95', '5d5de21c', '5d5de21c', '5d5de21c', 'd38aa58d', '46003790', 'd38aa58d', '46003790', 'd38aa58d', '46003790']"
blk_5300504273647735843,"['bbb51b95', 'bbb51b95', '3d91fa85', 'bbb51b95', 'd38aa58d', '46003790', '46003790', '5d5de21c', 'd38aa58d', '5d5de21c', 'd38aa58d', '46003790', '5d5de21c']"
blk_4804710591010685567,"['bbb51b95', 'bbb51b95', 'bbb51b95', '3d91fa85', 'd38aa58d', '46003790', 'd38aa58d', '46003790', 'd38aa58d', '46003790', '5d5de21c', '5d5de21c', '5d5de21c']"
blk_8131589654221403970,"['bbb51b95', '3d91fa85', 'bbb51b95', 'bbb51b95', 'd38aa58d', '46003790', 'd38aa58d', '46003790', 'd38aa58d', '46003790', '5d5de21c', '5d5de21c', '5d5de21c']"
blk_3597070869070535665,"['bbb51b95', 'bbb51b95', 'bbb51b95', '3d91fa85', 'd38aa58d', '46003790', 'd38aa58d', '46003790', 'd38aa58d', '46003790', '5d5de21c', '5d5de21c', '5d5de21c']"
blk_-6214653292627097919,"['bbb51b95', 'bbb51b95', '3d91fa85', 'bbb51b95', 'd38aa58d', '46003790', '5d5de21c', 'd38aa58d', '46003790', 'd38aa58d', '46003790', '5d5de21c', '5d5de21c']"
blk_2960911979907752921,"['bbb51b95', '3d91fa85', 'bbb51b95', 'bbb51b95', 'd38aa58d', '46003790', 'd38aa58d', '46003790', 'd38aa58d', '46003790', '5d5de21c', '5d5de21c', '5d5de21c', 'd63ef163', 'd63ef163', 'd63ef163', 'dba996ef', 'dba996ef', 'dba996ef']"
blk_-1012739949215146414,"['3d91fa85', 'bbb51b95', 'bbb51b95', 'bbb51b95', '5d5de21c', '5d5de21c', 'd38aa58d', '46003790', 'd38aa58d', '46003790', '5d5de21c', 'd38aa58d', '46003790']"
blk_-8988702332189895802,"['bbb51b95', '3d91fa85', 'bbb51b95', 'bbb51b95', 'd38aa58d', '46003790', 'd38aa58d', '46003790', 'd38aa58d', '46003790', '5d5de21c', '5d5de21c', '5d5de21c']"
blk_3996614464467767161,"['bbb51b95', 'bbb51b95', 'bbb51b95', '3d91fa85', 'd38aa58d', 'd38aa58d', '46003790', '46003790', 'd38aa58d', '46003790', '5d5de21c', '5d5de21c', '5d5de21c', '32777b38']"
blk_971255370115815898,"['bbb51b95', 'bbb51b95', 'bbb51b95', '3d91fa85', 'd38aa58d', '46003790', 'd38aa58d', '46003790', 'd38aa58d', '46003790', '5d5de21c', '5d5de21c', '5d5de21c']"
blk_-7942603728412036732,"['bbb51b95', 'bbb51b95', 'bbb51b95', '3d91fa85', 'd38aa58d', '46003790', 'd38aa58d', '46003790', 'd38aa58d', '46003790', '5d5de21c', '5d5de21c', '5d5de21c']"
blk_3831763261107936331,"['3d91fa85', 'bbb51b95', 'bbb51b95', 'bbb51b95', 'd38aa58d', '46003790', '5d5de21c', 'd38aa58d', '46003790', '5d5de21c', '5d5de21c', 'd38aa58d', '46003790', '32777b38', 'a333d363', '4dec0816', 'a333d363']"
blk_-5240656831404281004,"['bbb51b95', '3d91fa85', 'bbb51b95', 'bbb51b95', '5d5de21c', 'd38aa58d', '46003790', 'd38aa58d', '46003790', 'd38aa58d', '46003790', '5d5de21c', '5d5de21c']"
blk_6667608997241638684,"['bbb51b95', '3d91fa85', 'bbb51b95', 'bbb51b95', 'd38aa58d', '46003790', 'd38aa58d', '46003790', 'd38aa58d', '46003790', '5d5de21c', '5d5de21c', '5d5de21c']"
blk_-691976535347370279,"['bbb51b95', 'bbb51b95', 'bbb51b95', '3d91fa85', 'd38aa58d', '46003790', 'd38aa58d', '46003790', 'd38aa58d', '46003790', '5d5de21c', '5d5de21c', '5d5de21c', '4dec0816']"
blk_6961648199385620394,"['bbb51b95', '3d91fa85', 'bbb51b95', 'bbb51b95', 'd38aa58d', '46003790', 'd38aa58d', '46003790', 'd38aa58d', '46003790', '5d5de21c', '5d5de21c', '5d5de21c']"
blk_-1210120286591546099,"['3d91fa85', 'bbb51b95', 'bbb51b95', 'bbb51b95', '5d5de21c', '5d5de21c', '5d5de21c', 'd38aa58d', '46003790', 'd38aa58d', '46003790', 'd38aa58d', '46003790']"
blk_4003740658207746232,"['3d91fa85', 'bbb51b95', 'bbb51b95', 'bbb51b95', '5d5de21c', '5d5de21c', '5d5de21c', 'd38aa58d', 'd38aa58d', '46003790', '46003790', 'd38aa58d', '46003790', 'a333d363', 'a333d363', '4dec0816']"
blk_7299803113647807864,"['3d91fa85', 'bbb51b95', 'bbb51b95', 'bbb51b95', '5d5de21c', '5d5de21c', '5d5de21c', 'd38aa58d', '46003790', 'd38aa58d', '46003790', 'd38aa58d', '46003790']"
blk_-1118484883717833182,"['bbb51b95', '3d91fa85', 'bbb51b95', 'bbb51b95', 'd38aa58d', '46003790', 'd38aa58d', '46003790', 'd38aa58d', '46003790', '5d5de21c', '5d5de21c', '5d5de21c', '32777b38']"
blk_3646785520615161258,"['bbb51b95', 'bbb51b95', '3d91fa85', 'bbb51b95', 'd38aa58d', '46003790', 'd38aa58d', '46003790', 'd38aa58d', '46003790', '5d5de21c', '5d5de21c', '5d5de21c']"
blk_6132140211028210973,"['bbb51b95', '3d91fa85', 'bbb51b95', 'bbb51b95', 'd38aa58d', '46003790', 'd38aa58d', '46003790', 'd38aa58d', '46003790', '5d5de21c', '5d5de21c', '5d5de21c']"
blk_6763709310053842491,"['bbb51b95', '3d91fa85', 'bbb51b95', 'bbb51b95', 'd38aa58d', '46003790', 'd38aa58d', '46003790', 'd38aa58d', '46003790', '5d5de21c', '5d5de21c', '5d5de21c', '32777b38']"
blk_8448352841325942310,"['bbb51b95', 'bbb51b95', 'bbb51b95', '3d91fa85', 'd38aa58d', 'd38aa58d', '46003790', '46003790', 'd38aa58d', '46003790', '5d5de21c', '5d5de21c', '5d5de21c', 'a333d363']"
blk_-5229597909372603251,"['bbb51b95', '3d91fa85', 'bbb51b95', 'bbb51b95', 'd38aa58d', '46003790', 'd38aa58d', '46003790', 'd38aa58d', '46003790', '5d5de21c', '5d5de21c', '5d5de21c']"
blk_2200317020750091152,"['3d91fa85', 'bbb51b95', 'bbb51b95', 'bbb51b95', '5d5de21c', '5d5de21c', 'd38aa58d', '46003790', 'd38aa58d', '46003790', '5d5de21c', 'd38aa58d', '46003790']"
blk_-1493080506444154383,"['bbb51b95', '3d91fa85', 'bbb51b95', 'bbb51b95', 'd38aa58d', '46003790', 'd38aa58d', '46003790', 'd38aa58d', '46003790', '5d5de21c', '5d5de21c', '5d5de21c']"
blk_6942381977558660050,"['bbb51b95', 'bbb51b95', '3d91fa85', 'bbb51b95', '5d5de21c', 'd38aa58d', '46003790', 'd38aa58d', '46003790', 'd38aa58d', '46003790', '5d5de21c', '5d5de21c']"
blk_-5570875149114481618,"['bbb51b95', '3d91fa85', 'bbb51b95', 'bbb51b95', 'd38aa58d', '46003790', 'd38aa58d', '46003790', 'd38aa58d', '46003790', '5d5de21c', '5d5de21c', '5d5de21c', 'a333d363', '4dec0816', 'a333d363']"
blk_8677089968235478357,"['3d91fa85', 'bbb51b95', 'bbb51b95', 'bbb51b95', '5d5de21c', '5d5de21c', '5d5de21c', 'd38aa58d', '46003790', 'd38aa58d', '46003790', 'd38aa58d', '46003790', 'a333d363', '4dec0816', 'a333d363']"
blk_8608580693103572055,"['bbb51b95', 'bbb51b95', '3d91fa85', 'bbb51b95', 'd38aa58d', '46003790', 'd38aa58d', '46003790', '5d5de21c', 'd38aa58d', '46003790', '5d5de21c', '5d5de21c']"
blk_1009016181354560900,"['bbb51b95', 'bbb51b95', 'bbb51b95', '3d91fa85', 'd38aa58d', '46003790', '5d5de21c', '5d5de21c', 'd38aa58d', '46003790', 'd38aa58d', '46003790', '5d5de21c', 'd63ef163', 'd63ef163', 'd63ef163', 'dba996ef', 'dba996ef', 'dba996ef']"
blk_2217189230904183638,"['bbb51b95', 'bbb51b95', '3d91fa85', 'bbb51b95', 'd38aa58d', '46003790', '5d5de21c', 'd38aa58d', 'd38aa58d', '46003790', '46003790', '5d5de21c', '5d5de21c']"
blk_6991251678114077090,"['bbb51b95', '3d91fa85', 'bbb51b95', 'bbb51b95', 'd38aa58d', '46003790', 'd38aa58d', '46003790', 'd38aa58d', '46003790', '5d5de21c', '5d5de21c', '5d5de21c']"
blk_-8129897820274810599,"['bbb51b95', 'bbb51b95', '3d91fa85', 'bbb51b95', 'd38aa58d', '46003790', 'd38aa58d', '46003790', 'd38aa58d', '46003790', '5d5de21c', '5d5de21c', '5d5de21c']"
blk_4430729500169599236,"['bbb51b95', 'bbb51b95', '3d91fa85', 'bbb51b95', 'd38aa58d', '46003790', 'd38aa58d', '46003790', 'd38aa58d', '46003790', '5d5de21c', '5d5de21c', '5d5de21c']"
blk_6334121991045756970,"['bbb51b95', 'bbb51b95', 'bbb51b95', '3d91fa85', '46003790', 'd38aa58d', '46003790', 'd38aa58d', 'd38aa58d', '46003790', '5d5de21c', '5d5de21c', '5d5de21c']"
blk_5488579533050657325,"['3d91fa85', 'bbb51b95', 'bbb51b95', 'bbb51b95', '5d5de21c', '5d5de21c', 'd38aa58d', '46003790', 'd38aa58d', '46003790', 'd38aa58d', '46003790', '5d5de21c']"
blk_4497862218713509184,"['bbb51b95', '3d91fa85', 'bbb51b95', 'bbb51b95', 'd38aa58d', '46003790', 'd38aa58d', '46003790', 'd38aa58d', '46003790', '5d5de21c', '5d5de21c', '5d5de21c']"
blk_-2239036317336258197,"['bbb51b95', 'bbb51b95', 'bbb51b95', '3d91fa85', 'd38aa58d', '46003790', 'd38aa58d', '46003790', 'd38aa58d', '46003790', '5d5de21c', '5d5de21c', '5d5de21c', 'd63ef163', 'd63ef163', 'd63ef163', 'dba996ef', 'dba996ef', 'dba996ef']"
blk_-8959153132113961096,"['3d91fa85', 'bbb51b95', 'bbb51b95', 'bbb51b95', '46003790', '5d5de21c', 'd38aa58d', '46003790', 'd38aa58d', 'd38aa58d', '46003790', '5d5de21c', '5d5de21c', '32777b38', '32777b38']"
blk_1545309031495169910,"['bbb51b95', 'bbb51b95', '3d91fa85', 'bbb51b95', 'd38aa58d', 'd38aa58d', '46003790', '46003790', 'd38aa58d', '46003790', '5d5de21c', '5d5de21c', '5d5de21c', '32777b38']"
blk_8573926438555751847,"['3d91fa85', 'bbb51b95', 'bbb51b95', 'bbb51b95', '5d5de21c', '5d5de21c', '5d5de21c', 'd38aa58d', '46003790', 'd38aa58d', '46003790', 'd38aa58d', '46003790']"
blk_2868392509180602820,"['bbb51b95', 'bbb51b95', '3d91fa85', 'bbb51b95', 'd38aa58d', '46003790', 'd38aa58d', '46003790', 'd38aa58d', '46003790', '5d5de21c', '5d5de21c', '5d5de21c']"
blk_-49769653914854028,"['3d91fa85', 'bbb51b95', 'bbb51b95', 'bbb51b95', '5d5de21c', '5d5de21c', '5d5de21c', 'd38aa58d', '46003790', 'd38aa58d', '46003790', 'd38aa58d', '46003790']"
blk_-6988577126318142387,"['3d91fa85', 'bbb51b95', 'bbb51b95', 'bbb51b95', '5d5de21c', '5d5de21c', '5d5de21c', 'd38aa58d', '46003790', 'd38aa58d', '46003790', 'd38aa58d', '46003790']"
blk_8386639961023346363,"['bbb51b95', '3d91fa85', 'bbb51b95', 'bbb51b95', 'd38aa58d', '46003790', 'd38aa58d', '46003790', '5d5de21c', '5d5de21c', 'd38aa58d', '46003790', '5d5de21c', 'a333d363', '4dec0816']"
blk_-5418549098253008568,"['3d91fa85', 'bbb51b95', 'bbb51b95', 'bbb51b95', '5d5de21c', '5d5de21c', '5d5de21c', 'd38aa58d', '46003790', 'd38aa58d', '46003790', 'd38aa58d', '46003790']"
blk_-7178217381006425774,"['3d91fa85', 'bbb51b95', 'bbb51b95', 'bbb51b95', 'd38aa58d', '46003790', 'd38aa58d', '46003790', 'd38aa58d', '46003790', '5d5de21c', '5d5de21c', '5d5de21c']"
blk_-3735361471862590389,"['bbb51b95', '3d91fa85', 'bbb51b95', 'bbb51b95', '5d5de21c', '5d5de21c', '5d5de21c', 'd38aa58d', '46003790', 'd38aa58d', '46003790', 'd38aa58d', '46003790', 'a333d363', 'a333d363']"
blk_-1216729147877697016,"['bbb51b95', 'bbb51b95', '3d91fa85', 'bbb51b95', 'd38aa58d', '46003790', 'd38aa58d', '46003790', '5d5de21c', '5d5de21c', 'd38aa58d', '46003790', '5d5de21c']"
blk_2585807940696131461,"['bbb51b95', 'bbb51b95', 'bbb51b95', '3d91fa85', 'd38aa58d', 'd38aa58d', '46003790', '46003790', 'd38aa58d', '46003790', '5d5de21c', '5d5de21c', '5d5de21c', '32777b38', '32777b38', '32777b38', 'a333d363']"
blk_7001765107784950352,"['3d91fa85', 'bbb51b95', 'bbb51b95', 'bbb51b95', '5d5de21c', 'd38aa58d', '46003790', '5d5de21c', '5d5de21c', 'd38aa58d', '46003790', 'd38aa58d', '46003790']"
blk_-8949218286338763260,"['bbb51b95', '3d91fa85', 'bbb51b95', 'bbb51b95', 'd38aa58d', '46003790', 'd38aa58d', '46003790', 'd38aa58d', '46003790', '5d5de21c', '5d5de21c', '5d5de21c']"
blk_1574102721202877362,"['bbb51b95', 'bbb51b95', '3d91fa85', 'bbb51b95', 'd38aa58d', '46003790', 'd38aa58d', '46003790', 'd38aa58d', '46003790', '5d5de21c', '5d5de21c', '5d5de21c', '32777b38']"
blk_7381533587348299160,"['bbb51b95', 'bbb51b95', 'bbb51b95', '3d91fa85', 'd38aa58d', '46003790', 'd38aa58d', '46003790', 'd38aa58d', '46003790', '5d5de21c', '5d5de21c', '5d5de21c']"
blk_-612090200552712340,"['3d91fa85', 'bbb51b95', 'bbb51b95', 'bbb51b95', '5d5de21c', '5d5de21c', '5d5de21c', 'd38aa58d', '46003790', 'd38aa58d', '46003790', 'd38aa58d', '46003790']"
blk_-3636878232442097475,"['bbb51b95', 'bbb51b95', 'bbb51b95', '3d91fa85', '5d5de21c', '5d5de21c', 'd38aa58d', '46003790', 'd38aa58d', '46003790', 'd38aa58d', '46003790', '5d5de21c']"
blk_81512639554823848,"['3d91fa85', 'bbb51b95', 'bbb51b95', 'bbb51b95', '5d5de21c', '5d5de21c', 'd38aa58d', '46003790', 'd38aa58d', '46003790', 'd38aa58d', '46003790', '5d5de21c', '32777b38', 'a333d363', '4dec0816', 'a333d363']"
blk_2611668373645052367,"['3d91fa85', 'bbb51b95', 'bbb51b95', 'bbb51b95', '5d5de21c', 'd38aa58d', '46003790', 'd38aa58d', '46003790', '5d5de21c', 'd38aa58d', '46003790', '5d5de21c', '32777b38', 'a333d363', '4dec0816', 'a333d363']"
blk_-5945808511794316210,"['bbb51b95', '3d91fa85', 'bbb51b95', 'bbb51b95', 'd38aa58d', '46003790', 'd38aa58d', '46003790', 'd38aa58d', '46003790', '5d5de21c', '5d5de21c', '5d5de21c']"
blk_-9220775352388568206,"['3d91fa85', 'bbb51b95', 'bbb51b95', 'bbb51b95', '5d5de21c', 'd38aa58d', '46003790', 'd38aa58d', '46003790', 'd38aa58d', '46003790', '5d5de21c', '5d5de21c']"
blk_-2175265930270185070,"['bbb51b95', 'bbb51b95', 'bbb51b95', '3d91fa85', 'd38aa58d', '46003790', 'd38aa58d', '46003790', 'd38aa58d', '46003790', '5d5de21c', '5d5de21c', '5d5de21c']"
blk_1108489550632384356,"['bbb51b95', '3d91fa85', 'bbb51b95', 'bbb51b95', 'd38aa58d', '46003790', '46003790', '5d5de21c', 'd38aa58d', '5d5de21c', '5d5de21c', 'd38aa58d', '46003790', '4dec0816']"
blk_7544255167647091947,"['bbb51b95', '3d91fa85', 'bbb51b95', 'bbb51b95', 'd38aa58d', '46003790', 'd38aa58d', '46003790', 'd38aa58d', '46003790', '5d5de21c', '5d5de21c', '5d5de21c']"
blk_273396576155423674,"['bbb51b95', '3d91fa85', 'bbb51b95', 'bbb51b95', 'd38aa58d', '46003790', '5d5de21c', 'd38aa58d', '46003790', 'd38aa58d', '46003790', '5d5de21c', '5d5de21c']"
blk_4649698331936539655,"['bbb51b95', '3d91fa85', 'bbb51b95', 'bbb51b95', 'd38aa58d', '46003790', 'd38aa58d', '46003790', 'd38aa58d', '46003790', '5d5de21c', '5d5de21c', '5d5de21c', '32777b38', '32777b38', '32777b38', 'a333d363', 'a333d363', 'a333d363', 'a333d363', 'a333d363', 'a333d363', 'a333d363', 'a333d363', 'a333d363', 'a333d363', '4dec0816', 'a333d363', 'a333d363', 'a333d363', 'a333d363', 'a333d363']"
blk_4669291153004842821,"['bbb51b95', 'bbb51b95', '3d91fa85', 'bbb51b95', 'd38aa58d', '46003790', 'd38aa58d', '46003790', 'd38aa58d', '46003790', '5d5de21c', '5d5de21c', '5d5de21c']"
blk_-2455232951930580631,"['3d91fa85', 'bbb51b95', 'bbb51b95', 'bbb51b95', '5d5de21c', '5d5de21c', 'd38aa58d', '46003790', 'd38aa58d', '46003790', 'd38aa58d', '46003790', '5d5de21c']"
blk_-5697278327960076840,"['bbb51b95', '3d91fa85', 'bbb51b95', 'bbb51b95', 'd38aa58d', '46003790', 'd38aa58d', '46003790', 'd38aa58d', '46003790', '5d5de21c', '5d5de21c', '5d5de21c']"
blk_-5650141811002684984,"['3d91fa85', 'bbb51b95', 'bbb51b95', 'bbb51b95', '5d5de21c', '46003790', '5d5de21c', '5d5de21c', 'd38aa58d', 'd38aa58d', '46003790', 'd38aa58d', '46003790']"
blk_947926399962397035,"['bbb51b95', 'bbb51b95', '3d91fa85', 'bbb51b95', 'd38aa58d', '46003790', 'd38aa58d', '46003790', 'd38aa58d', '46003790', '5d5de21c', '5d5de21c', '5d5de21c']"
blk_-1831413752642415195,"['3d91fa85', 'bbb51b95', 'bbb51b95', 'bbb51b95', '46003790', 'd38aa58d', '46003790', '5d5de21c', '5d5de21c', 'd38aa58d', 'd38aa58d', '46003790', '5d5de21c']"
blk_6313135797278803025,"['3d91fa85', 'bbb51b95', 'bbb51b95', 'bbb51b95', '5d5de21c', '5d5de21c', '5d5de21c', 'd38aa58d', '46003790', 'd38aa58d', '46003790', 'd38aa58d', '46003790', '4dec0816']"
blk_8593243183169779197,"['bbb51b95', '3d91fa85', 'bbb51b95', 'bbb51b95', 'd38aa58d', '46003790', 'd38aa58d', '46003790', 'd38aa58d', '46003790', '5d5de21c', '5d5de21c', '5d5de21c']"
blk_6514891094453429327,"['3d91fa85', 'bbb51b95', 'bbb51b95', 'bbb51b95', '5d5de21c', 'd38aa58d', '46003790', 'd38aa58d', '46003790', '5d5de21c', '5d5de21c', 'd38aa58d', '46003790', 'a333d363', '4dec0816', 'a333d363']"
blk_8326154300868817073,"['bbb51b95', 'bbb51b95', 'bbb51b95', '3d91fa85', 'd38aa58d', '46003790', 'd38aa58d', '46003790', 'd38aa58d', '46003790', '5d5de21c', '5d5de21c', '5d5de21c']"
blk_397028259025382159,"['bbb51b95', 'bbb51b95', '3d91fa85', 'bbb51b95', 'd38aa58d', '46003790', '5d5de21c', 'd38aa58d', '46003790', 'd38aa58d', '46003790', '5d5de21c', '5d5de21c', 'a333d363', 'a333d363', '4dec0816']"
blk_-8133557891562859578,"['3d91fa85', 'bbb51b95', 'bbb51b95', 'bbb51b95', '5d5de21c', '5d5de21c', '5d5de21c', 'd38aa58d', '46003790', 'd38aa58d', '46003790', 'd38aa58d', '46003790']"
blk_-2582323693500373307,"['3d91fa85', 'bbb51b95', 'bbb51b95', 'bbb51b95', 'd38aa58d', '46003790', 'd38aa58d', '46003790', 'd38aa58d', '46003790', '5d5de21c', '5d5de21c', '5d5de21c']"
blk_-6670096531009160771,"['3d91fa85', 'bbb51b95', 'bbb51b95', 'bbb51b95', 'd38aa58d', '46003790', 'd38aa58d', '46003790', 'd38aa58d', '46003790', '5d5de21c', '5d5de21c', '5d5de21c', '32777b38']"
blk_-1684914839382679192,"['bbb51b95', 'bbb51b95', 'bbb51b95', '3d91fa85', 'd38aa58d', '46003790', 'd38aa58d', '46003790', 'd38aa58d', '46003790', '5d5de21c', '5d5de21c', '5d5de21c']"
blk_-6311592736946970602,"['3d91fa85', 'bbb51b95', 'bbb51b95', 'bbb51b95', '5d5de21c', '5d5de21c', '5d5de21c', 'd38aa58d', '46003790', 'd38aa58d', '46003790', 'd38aa58d', '46003790', '32777b38', '4dec0816']"
blk_3305956257044213377,"['bbb51b95', 'bbb51b95', 'bbb51b95', '3d91fa85', 'd38aa58d', '46003790', 'd38aa58d', '46003790', 'd38aa58d', '46003790', '5d5de21c', '5d5de21c', '5d5de21c', '4dec0816']"
blk_-3788522720507637385,"['bbb51b95', 'bbb51b95', 'bbb51b95', '3d91fa85', 'd38aa58d', '46003790', '5d5de21c', 'd38aa58d', '46003790', 'd38aa58d', '46003790', '5d5de21c', '5d5de21c']"
blk_4633001338067649306,"['bbb51b95', 'bbb51b95', 'bbb51b95', '3d91fa85', 'd38aa58d', 'd38aa58d', '46003790', '46003790', 'd38aa58d', '46003790', '5d5de21c', '5d5de21c', '5d5de21c', '4dec0816']"
blk_7414904133870104998,"['bbb51b95', '3d91fa85', 'bbb51b95', 'bbb51b95', 'd38aa58d', '46003790', 'd38aa58d', '46003790', 'd38aa58d', '46003790', '5d5de21c', '5d5de21c', '5d5de21c', 'a333d363', '4dec0816']"
blk_-5532206781368104713,"['bbb51b95', '3d91fa85', 'bbb51b95', 'bbb51b95', 'd38aa58d', '46003790', 'd38aa58d', '46003790', 'd38aa58d', '46003790', '5d5de21c', '5d5de21c', '5d5de21c']"
blk_2699138875487246868,"['bbb51b95', '3d91fa85', 'bbb51b95', 'bbb51b95', 'd38aa58d', '46003790', 'd38aa58d', '46003790', 'd38aa58d', '46003790', '5d5de21c', '5d5de21c', '5d5de21c', 'd63ef163', 'd63ef163', 'd63ef163', 'dba996ef', 'dba996ef', 'dba996ef']"
blk_-2179743501913359221,"['bbb51b95', 'bbb51b95', '3d91fa85', 'bbb51b95', 'd38aa58d', '46003790', 'd38aa58d', '46003790', 'd38aa58d', '46003790', '5d5de21c', '5d5de21c', '5d5de21c']"
blk_1180509703978079275,"['3d91fa85', 'bbb51b95', 'bbb51b95', 'bbb51b95', 'd38aa58d', '46003790', 'd38aa58d', '46003790', 'd38aa58d', '46003790', '5d5de21c', '5d5de21c', '5d5de21c']"
blk_573769850474910085,"['bbb51b95', 'bbb51b95', 'bbb51b95', '3d91fa85', 'd38aa58d', '46003790', 'd38aa58d', '46003790', '5d5de21c', '5d5de21c', 'd38aa58d', '46003790', '5d5de21c', 'a333d363', '4dec0816']"
blk_2592703270329678978,"['bbb51b95', '3d91fa85', 'bbb51b95', 'bbb51b95', 'd38aa58d', '46003790', 'd38aa58d', '46003790', 'd38aa58d', '46003790', '5d5de21c', '5d5de21c', '5d5de21c', 'd63ef163', 'd63ef163', 'd63ef163', 'dba996ef', 'dba996ef', 'dba996ef']"
blk_-3318439635141157023,"['bbb51b95', 'bbb51b95', 'bbb51b95', '3d91fa85', 'd38aa58d', '46003790', 'd38aa58d', '46003790', 'd38aa58d', '46003790', '5d5de21c', '5d5de21c', '5d5de21c']"
blk_1280152689294305789,"['3d91fa85', 'bbb51b95', 'bbb51b95', 'bbb51b95', '5d5de21c', '5d5de21c', 'd38aa58d', '46003790', 'd38aa58d', '46003790', 'd38aa58d', '46003790', '5d5de21c']"
blk_-3313415110861247643,"['3d91fa85', 'bbb51b95', 'bbb51b95', 'bbb51b95', 'd38aa58d', '46003790', 'd38aa58d', '46003790', '5d5de21c', '5d5de21c', 'd38aa58d', '46003790', '5d5de21c']"
blk_653797450782431930,"['bbb51b95', '3d91fa85', 'bbb51b95', 'bbb51b95', 'd38aa58d', '46003790', '5d5de21c', 'd38aa58d', '46003790', 'd38aa58d', '46003790', '5d5de21c', '5d5de21c']"
blk_8895634461500451875,"['bbb51b95', 'bbb51b95', 'bbb51b95', '3d91fa85', 'd38aa58d', '46003790', 'd38aa58d', '46003790', 'd38aa58d', '46003790', '5d5de21c', '5d5de21c', '5d5de21c', '4dec0816']"
blk_-5261906355493830782,"['bbb51b95', 'bbb51b95', 'bbb51b95', '3d91fa85', 'd38aa58d', '46003790', 'd38aa58d', '46003790', 'd38aa58d', '46003790', '5d5de21c', '5d5de21c', '5d5de21c']"
blk_-4107913344120566908,"['3d91fa85', 'bbb51b95', 'bbb51b95', 'bbb51b95', '5d5de21c', '5d5de21c', '5d5de21c', 'd38aa58d', '46003790', 'd38aa58d', '46003790', 'd38aa58d', '46003790']"
blk_-398331281677332590,"['3d91fa85', 'bbb51b95', 'bbb51b95', 'bbb51b95', 'd38aa58d', '46003790', 'd38aa58d', '46003790', 'd38aa58d', '46003790', '5d5de21c', '5d5de21c', '5d5de21c']"
blk_-4830236571357575283,"['bbb51b95', 'bbb51b95', '3d91fa85', 'bbb51b95', 'd38aa58d', '46003790', 'd38aa58d', '46003790', 'd38aa58d', '46003790', '5d5de21c', '5d5de21c', '5d5de21c']"
blk_-6520779634983069029,"['bbb51b95', 'bbb51b95', 'bbb51b95', '3d91fa85', 'd38aa58d', '46003790', 'd38aa58d', '46003790', 'd38aa58d', '46003790', '5d5de21c', '5d5de21c', '5d5de21c', 'd63ef163', 'd63ef163', 'd63ef163', 'dba996ef', 'dba996ef', 'dba996ef']"
blk_1905907373602611205,"['bbb51b95', 'bbb51b95', '3d91fa85', 'bbb51b95', 'd38aa58d', '46003790', 'd38aa58d', '46003790', 'd38aa58d', '46003790', '5d5de21c', '5d5de21c', '5d5de21c']"
blk_-2345430709755055056,"['bbb51b95', 'bbb51b95', 'bbb51b95', '3d91fa85', 'd38aa58d', '46003790', 'd38aa58d', '46003790', 'd38aa58d', '46003790', '5d5de21c', '5d5de21c', '5d5de21c']"
blk_-4784475209965154237,"['bbb51b95', 'bbb51b95', '3d91fa85', 'bbb51b95', 'd38aa58d', '46003790', 'd38aa58d', '46003790', 'd38aa58d', '46003790', '5d5de21c', '5d5de21c', '5d5de21c', 'd63ef163', 'd63ef163', 'd63ef163', 'dba996ef', 'dba996ef', 'dba996ef']"
blk_-3739513657511717449,"['bbb51b95', '3d91fa85', 'bbb51b95', 'bbb51b95', 'd38aa58d', '46003790', 'd38aa58d', '46003790', 'd38aa58d', '46003790', '5d5de21c', '5d5de21c', '5d5de21c']"
blk_-1723048370136669415,"['bbb51b95', '3d91fa85', 'bbb51b95', 'bbb51b95', 'd38aa58d', '46003790', 'd38aa58d', '46003790', 'd38aa58d', '46003790', '5d5de21c', '5d5de21c', '5d5de21c']"
blk_-7968793547158514074,"['bbb51b95', 'bbb51b95', 'bbb51b95', '3d91fa85', 'd38aa58d', '46003790', 'd38aa58d', '46003790', 'd38aa58d', '46003790', '5d5de21c', '5d5de21c', '5d5de21c']"
blk_-3952392694986693168,"['bbb51b95', 'bbb51b95', '3d91fa85', 'bbb51b95', 'd38aa58d', '46003790', 'd38aa58d', '46003790', 'd38aa58d', '46003790', '5d5de21c', '5d5de21c', '5d5de21c']"
blk_5677803359050395526,"['bbb51b95', 'bbb51b95', '3d91fa85', 'bbb51b95', 'd38aa58d', '46003790', 'd38aa58d', '46003790', 'd38aa58d', '46003790', '5d5de21c', '5d5de21c', '5d5de21c', '4dec0816']"
blk_-1241272014511289399,"['bbb51b95', '3d91fa85', 'bbb51b95', 'bbb51b95', 'd38aa58d', '46003790', 'd38aa58d', 'd38aa58d', '46003790', '46003790', '5d5de21c', '5d5de21c', '5d5de21c']"
blk_4757518662531034869,"['bbb51b95', 'bbb51b95', '3d91fa85', 'bbb51b95', 'd38aa58d', '46003790', '5d5de21c', 'd38aa58d', '46003790', 'd38aa58d', '46003790', '5d5de21c', '5d5de21c', 'a333d363']"
blk_-7895902471654671432,"['bbb51b95', 'bbb51b95', 'bbb51b95', '3d91fa85', 'd38aa58d', '46003790', 'd38aa58d', '46003790', 'd38aa58d', '46003790', '5d5de21c', '5d5de21c', '5d5de21c']"
blk_764071268688839158,"['bbb51b95', '3d91fa85', 'bbb51b95', 'bbb51b95', 'd38aa58d', '46003790', 'd38aa58d', '46003790', 'd38aa58d', '46003790', '5d5de21c', '5d5de21c', '5d5de21c', 'a333d363', '4dec0816']"
blk_-2350434339656489157,"['bbb51b95', '3d91fa85', 'bbb51b95', 'bbb51b95', 'd38aa58d', '46003790', 'd38aa58d', '46003790', 'd38aa58d', '46003790', '5d5de21c', '5d5de21c', '5d5de21c']"
blk_1676290170731785546,"['3d91fa85', 'bbb51b95', 'bbb51b95', 'bbb51b95', '5d5de21c', '5d5de21c', 'd38aa58d', '46003790', '46003790', '5d5de21c', 'd38aa58d', '46003790', 'd38aa58d', 'a333d363', '4dec0816', 'a333d363']"
blk_-4901405171607399521,"['bbb51b95', 'bbb51b95', '3d91fa85', 'bbb51b95', 'd38aa58d', '46003790', 'd38aa58d', '46003790', 'd38aa58d', '46003790', '5d5de21c', '5d5de21c', '5d5de21c']"
blk_8294878850903324975,"['bbb51b95', '3d91fa85', 'bbb51b95', 'bbb51b95', 'd38aa58d', '46003790', 'd38aa58d', '46003790', 'd38aa58d', '46003790', '5d5de21c', '5d5de21c', '5d5de21c', '32777b38', '32777b38', '32777b38', 'a333d363', 'a333d363', 'a333d363', 'a333d363', 'a333d363', 'a333d363', 'a333d363']"
blk_7835553559046169102,"['bbb51b95', '3d91fa85', 'bbb51b95', 'bbb51b95', 'd38aa58d', '46003790', 'd38aa58d', '46003790', 'd38aa58d', '46003790', '5d5de21c', '5d5de21c', '5d5de21c']"
blk_-8687691069215030854,"['3d91fa85', 'bbb51b95', 'bbb51b95', 'bbb51b95', '5d5de21c', '5d5de21c', '5d5de21c', 'd38aa58d', '46003790', 'd38aa58d', '46003790', 'd38aa58d', '46003790']"
blk_2985813538087870144,"['3d91fa85', 'bbb51b95', 'bbb51b95', 'bbb51b95', 'd38aa58d', '46003790', 'd38aa58d', '46003790', 'd38aa58d', '46003790', '5d5de21c', '5d5de21c', '5d5de21c']"
blk_-8835348675398065553,"['bbb51b95', '3d91fa85', 'bbb51b95', 'bbb51b95', 'd38aa58d', '46003790', '5d5de21c', 'd38aa58d', '46003790', 'd38aa58d', '46003790', '5d5de21c', '5d5de21c']"
blk_6597014667441085597,"['bbb51b95', 'bbb51b95', '3d91fa85', 'bbb51b95', 'd38aa58d', '46003790', 'd38aa58d', 'd38aa58d', '46003790', '46003790', '5d5de21c', '5d5de21c', '5d5de21c', '32777b38', '32777b38', '32777b38', 'a333d363', 'a333d363', 'a333d363', 'a333d363', 'a333d363', 'a333d363', '4dec0816', 'a333d363', 'a333d363', 'a333d363', 'a333d363', 'a333d363', 'a333d363', 'a333d363', 'a333d363', 'a333d363']"
blk_4711582218740868486,"['3d91fa85', 'bbb51b95', 'bbb51b95', 'bbb51b95', '5d5de21c', '5d5de21c', '46003790', 'd38aa58d', '46003790', '5d5de21c', 'd38aa58d', 'd38aa58d', '46003790']"
blk_-5493359978973542887,"['bbb51b95', '3d91fa85', 'bbb51b95', 'bbb51b95', '46003790', 'd38aa58d', 'd38aa58d', '46003790', 'd38aa58d', '46003790', '5d5de21c', '5d5de21c', '5d5de21c', '32777b38', '32777b38', '32777b38', 'a333d363']"
blk_-2383070563195875097,"['bbb51b95', 'bbb51b95', '3d91fa85', 'bbb51b95', 'd38aa58d', '46003790', '5d5de21c', 'd38aa58d', '46003790', 'd38aa58d', '46003790', '5d5de21c', '5d5de21c']"
blk_7320369272909980738,"['bbb51b95', 'bbb51b95', '3d91fa85', 'bbb51b95', 'd38aa58d', '46003790', 'd38aa58d', '46003790', 'd38aa58d', '46003790', '5d5de21c', '5d5de21c', '5d5de21c']"
blk_1086215142028758203,"['3d91fa85', 'bbb51b95', 'bbb51b95', 'bbb51b95', 'd38aa58d', '46003790', 'd38aa58d', '46003790', 'd38aa58d', '46003790', '5d5de21c', '5d5de21c', '5d5de21c']"
blk_7200243740468514965,"['bbb51b95', 'bbb51b95', 'bbb51b95', '3d91fa85', 'd38aa58d', '46003790', 'd38aa58d', '46003790', 'd38aa58d', '46003790', '5d5de21c', '5d5de21c', '5d5de21c']"
blk_6971946234703218071,"['3d91fa85', 'bbb51b95', 'bbb51b95', 'bbb51b95', '5d5de21c', '5d5de21c', 'd38aa58d', '46003790', 'd38aa58d', '46003790', '5d5de21c', 'd38aa58d', '46003790']"
blk_-5617263414071970246,"['bbb51b95', 'bbb51b95', 'bbb51b95', '3d91fa85', 'd38aa58d', '46003790', 'd38aa58d', '46003790', 'd38aa58d', '46003790', '5d5de21c', '5d5de21c', '5d5de21c']"
blk_3601923850382600257,"['bbb51b95', '3d91fa85', 'bbb51b95', 'bbb51b95', '5d5de21c', '5d5de21c', 'd38aa58d', '46003790', 'd38aa58d', '46003790', 'd38aa58d', '46003790', '5d5de21c']"
blk_-859549790231685678,"['bbb51b95', 'bbb51b95', '3d91fa85', 'bbb51b95', 'd38aa58d', '46003790', 'd38aa58d', '46003790', '5d5de21c', '5d5de21c', 'd38aa58d', '46003790', '5d5de21c']"
blk_-8138930718194985689,"['3d91fa85', 'bbb51b95', 'bbb51b95', 'bbb51b95', '5d5de21c', '5d5de21c', 'd38aa58d', '46003790', 'd38aa58d', '46003790', '5d5de21c', 'd38aa58d', '46003790', '32777b38']"
blk_-4059080821414541453,"['bbb51b95', '3d91fa85', 'bbb51b95', 'bbb51b95', 'd38aa58d', '46003790', 'd38aa58d', '46003790', 'd38aa58d', '46003790', '5d5de21c', '5d5de21c', '5d5de21c']"
blk_-4820786927142399498,"['bbb51b95', 'bbb51b95', 'bbb51b95', '3d91fa85', 'd38aa58d', '46003790', 'd38aa58d', 'd38aa58d', '46003790', '46003790', '5d5de21c', '5d5de21c', '5d5de21c']"
blk_4647840381615457403,"['bbb51b95', 'bbb51b95', 'bbb51b95', '3d91fa85', 'd38aa58d', '46003790', 'd38aa58d', '46003790', 'd38aa58d', '46003790', '5d5de21c', '5d5de21c', '5d5de21c']"
blk_5165745838210009170,"['bbb51b95', 'bbb51b95', 'bbb51b95', '3d91fa85', 'd38aa58d', '46003790', '5d5de21c', '5d5de21c', 'd38aa58d', '46003790', 'd38aa58d', '46003790', '5d5de21c']"
blk_4886814116013429886,"['bbb51b95', 'bbb51b95', 'bbb51b95', '3d91fa85', 'd38aa58d', '46003790', 'd38aa58d', '46003790', 'd38aa58d', '46003790', '5d5de21c', '5d5de21c', '5d5de21c']"
blk_2032240168874803285,"['bbb51b95', 'bbb51b95', 'bbb51b95', '3d91fa85', 'd38aa58d', '46003790', 'd38aa58d', '46003790', 'd38aa58d', '46003790', '5d5de21c', '5d5de21c', '5d5de21c']"
blk_5698932973396409271,"['bbb51b95', 'bbb51b95', 'bbb51b95', '3d91fa85', 'd38aa58d', '46003790', 'd38aa58d', '46003790', 'd38aa58d', '46003790', '5d5de21c', '5d5de21c', '5d5de21c']"
blk_5665241406450621934,"['bbb51b95', 'bbb51b95', 'bbb51b95', '3d91fa85', 'd38aa58d', '46003790', 'd38aa58d', '46003790', '5d5de21c', '5d5de21c', '5d5de21c', 'd38aa58d', '46003790']"
blk_715716749116703060,"['3d91fa85', 'bbb51b95', 'bbb51b95', 'bbb51b95', 'd38aa58d', '46003790', 'd38aa58d', '46003790', 'd38aa58d', '46003790', '5d5de21c', '5d5de21c', '5d5de21c']"
blk_1953214834508762815,"['bbb51b95', '3d91fa85', 'bbb51b95', 'bbb51b95', 'd38aa58d', '46003790', 'd38aa58d', '46003790', 'd38aa58d', '46003790', '5d5de21c', '5d5de21c', '5d5de21c', 'a333d363', '4dec0816']"
blk_-6805228393837154600,"['3d91fa85', 'bbb51b95', 'bbb51b95', 'bbb51b95', '5d5de21c', '5d5de21c', '5d5de21c', 'd38aa58d', '46003790', 'd38aa58d', '46003790', 'd38aa58d', '46003790']"
blk_-6848824648408324250,"['bbb51b95', 'bbb51b95', '3d91fa85', 'bbb51b95', 'd38aa58d', '46003790', 'd38aa58d', '46003790', '5d5de21c', '5d5de21c', 'd38aa58d', '46003790', '5d5de21c']"
blk_2291883849313401128,"['bbb51b95', 'bbb51b95', 'bbb51b95', '3d91fa85', 'd38aa58d', '46003790', 'd38aa58d', '46003790', 'd38aa58d', '46003790', '5d5de21c', '5d5de21c', '5d5de21c']"
blk_-8614583917814429505,"['bbb51b95', 'bbb51b95', 'bbb51b95', '3d91fa85', 'd38aa58d', '46003790', 'd38aa58d', '46003790', 'd38aa58d', '46003790', '5d5de21c', '5d5de21c', '5d5de21c']"
blk_-4720552356003110239,"['bbb51b95', 'bbb51b95', 'bbb51b95', '3d91fa85', 'd38aa58d', '46003790', 'd38aa58d', '46003790', 'd38aa58d', '46003790', '5d5de21c', '5d5de21c', '5d5de21c']"
blk_-6950568305245995603,"['bbb51b95', 'bbb51b95', 'bbb51b95', '3d91fa85', 'd38aa58d', '46003790', 'd38aa58d', '46003790', 'd38aa58d', '46003790', '5d5de21c', '5d5de21c', '5d5de21c', 'd63ef163', 'd63ef163', 'd63ef163', 'dba996ef', 'dba996ef', 'dba996ef']"
blk_2816351507802245205,"['bbb51b95', 'bbb51b95', 'bbb51b95', '3d91fa85', 'd38aa58d', '46003790', 'd38aa58d', '46003790', 'd38aa58d', '46003790', '5d5de21c', '5d5de21c', '5d5de21c']"
blk_-7802947677579453014,"['3d91fa85', 'bbb51b95', 'bbb51b95', 'bbb51b95', '5d5de21c', '5d5de21c', '5d5de21c', 'd38aa58d', '46003790', 'd38aa58d', '46003790', 'd38aa58d', '46003790']"
blk_952135390238890656,"['bbb51b95', '3d91fa85', 'bbb51b95', 'bbb51b95', 'd38aa58d', '46003790', 'd38aa58d', '46003790', 'd38aa58d', '46003790', '5d5de21c', '5d5de21c', '5d5de21c']"
blk_-6743223129437499914,"['3d91fa85', 'bbb51b95', 'bbb51b95', 'bbb51b95', '5d5de21c', '46003790', '46003790', '5d5de21c', '5d5de21c', 'd38aa58d', 'd38aa58d', 'd38aa58d', '46003790']"
blk_5284338103504248898,"['bbb51b95', 'bbb51b95', 'bbb51b95', '3d91fa85', 'd38aa58d', '46003790', 'd38aa58d', '46003790', 'd38aa58d', '46003790', '5d5de21c', '5d5de21c', '5d5de21c', 'd63ef163', 'd63ef163', 'd63ef163', 'dba996ef', 'dba996ef', 'dba996ef']"
blk_250726859490410013,"['bbb51b95', 'bbb51b95', 'bbb51b95', '3d91fa85', 'd38aa58d', '46003790', '46003790', '5d5de21c', 'd38aa58d', 'd38aa58d', '46003790', '5d5de21c', '5d5de21c', 'a333d363', '32777b38', '4dec0816']"
blk_-7505799167812298143,"['bbb51b95', '3d91fa85', 'bbb51b95', 'bbb51b95', 'd38aa58d', '46003790', 'd38aa58d', '46003790', '5d5de21c', 'd38aa58d', '46003790', '5d5de21c', '5d5de21c']"
blk_-4525470997464616220,"['bbb51b95', '3d91fa85', 'bbb51b95', 'bbb51b95', 'd38aa58d', '46003790', '46003790', 'd38aa58d', 'd38aa58d', '46003790', '5d5de21c', '5d5de21c', '5d5de21c', '32777b38', '32777b38', '32777b38', 'a333d363']"
blk_-230287356461348433,"['3d91fa85', 'bbb51b95', 'bbb51b95', 'bbb51b95', '5d5de21c', '5d5de21c', 'd38aa58d', '46003790', 'd38aa58d', '46003790', 'd38aa58d', '46003790', '5d5de21c', 'a333d363', 'a333d363', '4dec0816']"
blk_-3976436011960887994,"['bbb51b95', 'bbb51b95', 'bbb51b95', '3d91fa85', 'd38aa58d', '46003790', 'd38aa58d', '46003790', 'd38aa58d', '46003790', '5d5de21c', '5d5de21c', '5d5de21c']"
blk_-2757306462498158948,"['bbb51b95', '3d91fa85', 'bbb51b95', 'bbb51b95', 'd38aa58d', '46003790', 'd38aa58d', '46003790', 'd38aa58d', '46003790', '5d5de21c', '5d5de21c', '5d5de21c', 'd63ef163', 'd63ef163', 'd63ef163', 'dba996ef', 'dba996ef', 'dba996ef']"
blk_4169840643704981360,"['bbb51b95', 'bbb51b95', '3d91fa85', 'bbb51b95', 'd38aa58d', '46003790', '5d5de21c', 'd38aa58d', '46003790', 'd38aa58d', '46003790', '5d5de21c', '5d5de21c', '32777b38', 'a333d363']"
blk_-6591994737100568203,"['3d91fa85', 'bbb51b95', 'bbb51b95', 'bbb51b95', 'd38aa58d', '46003790', 'd38aa58d', '46003790', 'd38aa58d', '46003790', '5d5de21c', '5d5de21c', '5d5de21c']"
blk_-8578700835754389691,"['3d91fa85', 'bbb51b95', 'bbb51b95', 'bbb51b95', '5d5de21c', '5d5de21c', '5d5de21c', 'd38aa58d', '46003790', 'd38aa58d', '46003790', 'd38aa58d', '46003790', '32777b38', '4dec0816']"
blk_-3387913719903055637,"['bbb51b95', 'bbb51b95', '3d91fa85', 'bbb51b95', 'd38aa58d', '46003790', 'd38aa58d', '46003790', 'd38aa58d', '46003790', '5d5de21c', '5d5de21c', '5d5de21c']"
blk_948394871495828924,"['bbb51b95', 'bbb51b95', 'bbb51b95', '3d91fa85', 'd38aa58d', '46003790', 'd38aa58d', '46003790', 'd38aa58d', '46003790', '5d5de21c', '5d5de21c', '5d5de21c']"
blk_-6214996260244581328,"['bbb51b95', 'bbb51b95', '3d91fa85', 'bbb51b95', 'd38aa58d', '46003790', 'd38aa58d', '46003790', '5d5de21c', 'd38aa58d', '46003790', '5d5de21c', '5d5de21c']"
blk_-9005328566310783405,"['bbb51b95', 'bbb51b95', '3d91fa85', 'bbb51b95', 'd38aa58d', '46003790', 'd38aa58d', '46003790', 'd38aa58d', '46003790', '5d5de21c', '5d5de21c', '5d5de21c']"
blk_4384885082425924853,"['bbb51b95', '3d91fa85', 'bbb51b95', 'bbb51b95', 'd38aa58d', '46003790', 'd38aa58d', '46003790', 'd38aa58d', '46003790', '5d5de21c', '5d5de21c', '5d5de21c', 'd63ef163', 'd63ef163', 'd63ef163', 'dba996ef', 'dba996ef', 'dba996ef']"
blk_-8733976120978939593,"['3d91fa85', 'bbb51b95', 'bbb51b95', 'bbb51b95', '5d5de21c', '5d5de21c', 'd38aa58d', '46003790', 'd38aa58d', '46003790', 'd38aa58d', '46003790', '5d5de21c']"
blk_-57698649408002706,"['bbb51b95', 'bbb51b95', 'bbb51b95', '3d91fa85', 'd38aa58d', '46003790', 'd38aa58d', '46003790', 'd38aa58d', '46003790', '5d5de21c', '5d5de21c', '5d5de21c']"
blk_3666351246100062523,"['bbb51b95', '3d91fa85', 'bbb51b95', 'bbb51b95', 'd38aa58d', '46003790', 'd38aa58d', '46003790', 'd38aa58d', '46003790', '5d5de21c', '5d5de21c', '5d5de21c']"
blk_-1654890930270987560,"['3d91fa85', 'bbb51b95', 'bbb51b95', 'bbb51b95', '5d5de21c', 'd38aa58d', '46003790', 'd38aa58d', '46003790', 'd38aa58d', '46003790', '5d5de21c', '5d5de21c']"
blk_-4747915836524582961,"['bbb51b95', 'bbb51b95', '3d91fa85', 'bbb51b95', '46003790', '5d5de21c', '5d5de21c', 'd38aa58d', '46003790', 'd38aa58d', '46003790', 'd38aa58d', '5d5de21c', '32777b38']"
blk_-2650739429477951096,"['3d91fa85', 'bbb51b95', 'bbb51b95', 'bbb51b95', 'd38aa58d', '46003790', 'd38aa58d', '46003790', '5d5de21c', '5d5de21c', '5d5de21c', 'd38aa58d', '46003790', '32777b38', 'a333d363', '4dec0816', 'a333d363']"
blk_-4853354120906308225,"['bbb51b95', '3d91fa85', 'bbb51b95', 'bbb51b95', 'd38aa58d', '46003790', 'd38aa58d', '46003790', 'd38aa58d', '46003790', '5d5de21c', '5d5de21c', '5d5de21c']"
blk_-8732683521940935519,"['3d91fa85', 'bbb51b95', 'bbb51b95', 'bbb51b95', 'd38aa58d', '46003790', 'd38aa58d', '46003790', '5d5de21c', '5d5de21c', '5d5de21c', 'd38aa58d', '46003790', '32777b38', '4dec0816']"
blk_-8449209891537830747,"['3d91fa85', 'bbb51b95', 'bbb51b95', 'bbb51b95', '5d5de21c', '5d5de21c', 'd38aa58d', '46003790', 'd38aa58d', '46003790', 'd38aa58d', '46003790', '5d5de21c']"
blk_-4575945680498324254,"['bbb51b95', 'bbb51b95', 'bbb51b95', '3d91fa85', 'd38aa58d', '46003790', 'd38aa58d', '46003790', 'd38aa58d', '46003790', '5d5de21c', '5d5de21c', '5d5de21c', '32777b38', '32777b38']"
blk_6330830372478988946,"['bbb51b95', '3d91fa85', 'bbb51b95', 'bbb51b95', 'd38aa58d', '46003790', 'd38aa58d', '46003790', 'd38aa58d', '46003790', '5d5de21c', '5d5de21c', '5d5de21c', 'a333d363']"
blk_7799897790390532204,"['bbb51b95', 'bbb51b95', 'bbb51b95', '3d91fa85', 'd38aa58d', '46003790', 'd38aa58d', '46003790', '5d5de21c', '5d5de21c', 'd38aa58d', '46003790', '5d5de21c', 'a333d363']"
blk_-8921389438699690902,"['bbb51b95', 'bbb51b95', '3d91fa85', 'bbb51b95', '5d5de21c', 'd38aa58d', '46003790', 'd38aa58d', '46003790', 'd38aa58d', '46003790', '5d5de21c', '5d5de21c', 'a333d363', '4dec0816']"
blk_-5592768773776914247,"['bbb51b95', 'bbb51b95', '3d91fa85', 'bbb51b95', 'd38aa58d', '46003790', '5d5de21c', 'd38aa58d', '46003790', 'd38aa58d', '46003790', '5d5de21c', '5d5de21c', 'a333d363', '4dec0816']"
blk_2897359511663799170,"['bbb51b95', 'bbb51b95', '3d91fa85', 'bbb51b95', 'd38aa58d', 'd38aa58d', '46003790', '46003790', 'd38aa58d', '46003790', '5d5de21c', '5d5de21c', '5d5de21c', '32777b38', '32777b38']"
blk_3225873188494530364,"['3d91fa85', 'bbb51b95', 'bbb51b95', 'bbb51b95', '5d5de21c', '5d5de21c', '5d5de21c', 'd38aa58d', '46003790', 'd38aa58d', '46003790', 'd38aa58d', '46003790']"
blk_4063964503389895733,"['bbb51b95', '3d91fa85', 'bbb51b95', 'bbb51b95', 'd38aa58d', '46003790', 'd38aa58d', '46003790', 'd38aa58d', '46003790', '5d5de21c', '5d5de21c', '5d5de21c']"
blk_3411963303909210112,"['3d91fa85', 'bbb51b95', 'bbb51b95', 'bbb51b95', '5d5de21c', '5d5de21c', 'd38aa58d', '46003790', '5d5de21c', 'd38aa58d', '46003790', 'd38aa58d', '46003790']"
blk_807756089233590514,"['bbb51b95', 'bbb51b95', 'bbb51b95', '3d91fa85', 'd38aa58d', '46003790', 'd38aa58d', '46003790', 'd38aa58d', '46003790', '5d5de21c', '5d5de21c', '5d5de21c']"
blk_3406340441064491456,"['bbb51b95', '3d91fa85', 'bbb51b95', 'bbb51b95', 'd38aa58d', '46003790', 'd38aa58d', '46003790', 'd38aa58d', '46003790', '5d5de21c', '5d5de21c', '5d5de21c']"
blk_2184535132982546444,"['bbb51b95', '3d91fa85', 'bbb51b95', 'bbb51b95', 'd38aa58d', '46003790', 'd38aa58d', '46003790', 'd38aa58d', '46003790', '5d5de21c', '5d5de21c', '5d5de21c']"
blk_5495957824754636577,"['bbb51b95', 'bbb51b95', 'bbb51b95', '3d91fa85', 'd38aa58d', '46003790', 'd38aa58d', '46003790', 'd38aa58d', '46003790', '5d5de21c', '5d5de21c', '5d5de21c', 'd63ef163', 'd63ef163', 'd63ef163', 'dba996ef', 'dba996ef', 'dba996ef']"
blk_-4468766313622173914,"['bbb51b95', '3d91fa85', 'bbb51b95', 'bbb51b95', 'd38aa58d', '46003790', '5d5de21c', '5d5de21c', '5d5de21c', 'd38aa58d', '46003790', 'd38aa58d', '46003790', '32777b38']"
blk_-1949968870137262354,"['bbb51b95', '3d91fa85', 'bbb51b95', 'bbb51b95', 'd38aa58d', '46003790', 'd38aa58d', '46003790', 'd38aa58d', '46003790', '5d5de21c', '5d5de21c', '5d5de21c', '32777b38', '32777b38']"
blk_-2976349207344436760,"['bbb51b95', '3d91fa85', 'bbb51b95', 'bbb51b95', 'd38aa58d', '46003790', 'd38aa58d', '46003790', 'd38aa58d', '46003790', '5d5de21c', '5d5de21c', '5d5de21c']"
blk_2069090763273298612,"['bbb51b95', 'bbb51b95', 'bbb51b95', '3d91fa85', 'd38aa58d', '46003790', 'd38aa58d', '46003790', 'd38aa58d', '46003790', '5d5de21c', '5d5de21c', '5d5de21c', '4dec0816']"
blk_-2682113924960876819,"['bbb51b95', '3d91fa85', 'bbb51b95', 'bbb51b95', 'd38aa58d', '46003790', 'd38aa58d', '46003790', 'd38aa58d', '46003790', '5d5de21c', '5d5de21c', '5d5de21c', 'd63ef163', 'd63ef163', 'd63ef163', 'dba996ef', 'dba996ef', 'dba996ef']"
blk_-5921535463964326450,"['bbb51b95', 'bbb51b95', '3d91fa85', 'bbb51b95', 'd38aa58d', '46003790', 'd38aa58d', '46003790', 'd38aa58d', '46003790', '5d5de21c', '5d5de21c', '5d5de21c', 'd63ef163', 'd63ef163', 'd63ef163', 'dba996ef', 'dba996ef', 'dba996ef']"
blk_-123252363513067911,"['bbb51b95', '3d91fa85', 'bbb51b95', 'bbb51b95', 'd38aa58d', '46003790', 'd38aa58d', '46003790', 'd38aa58d', '46003790', '5d5de21c', '5d5de21c', '5d5de21c', 'a333d363', '4dec0816', 'a333d363']"
blk_-3518215147151466486,"['3d91fa85', 'bbb51b95', 'bbb51b95', 'bbb51b95', '5d5de21c', '5d5de21c', '5d5de21c', 'd38aa58d', '46003790', 'd38aa58d', '46003790', 'd38aa58d', '46003790', 'a333d363']"
blk_5303902151155214532,"['bbb51b95', '3d91fa85', 'bbb51b95', 'bbb51b95', 'd38aa58d', '46003790', '46003790', '5d5de21c', '5d5de21c', 'd38aa58d', '46003790', 'd38aa58d', '5d5de21c']"
blk_8991236866820352815,"['3d91fa85', 'bbb51b95', 'bbb51b95', 'bbb51b95', '5d5de21c', '5d5de21c', '5d5de21c', 'd38aa58d', '46003790', 'd38aa58d', '46003790', 'd38aa58d', '46003790', '32777b38']"
blk_-8958081119760046252,"['bbb51b95', 'bbb51b95', 'bbb51b95', '3d91fa85', 'd38aa58d', '46003790', 'd38aa58d', '46003790', 'd38aa58d', '46003790', '5d5de21c', '5d5de21c', '5d5de21c']"
blk_-4317275869378715734,"['bbb51b95', 'bbb51b95', 'bbb51b95', '3d91fa85', 'd38aa58d', '46003790', 'd38aa58d', '46003790', '5d5de21c', '5d5de21c', 'd38aa58d', '46003790', '5d5de21c']"
blk_-6105766619753661698,"['bbb51b95', 'bbb51b95', 'bbb51b95', '3d91fa85', 'd38aa58d', '46003790', 'd38aa58d', 'd38aa58d', '46003790', '46003790', '5d5de21c', '5d5de21c', '5d5de21c']"
blk_-1556845876090463272,"['3d91fa85', 'bbb51b95', 'bbb51b95', 'bbb51b95', 'd38aa58d', '46003790', 'd38aa58d', '46003790', '5d5de21c', 'd38aa58d', '46003790', '5d5de21c', '5d5de21c']"
blk_-3121666349496073022,"['bbb51b95', '3d91fa85', 'bbb51b95', 'bbb51b95', 'd38aa58d', '46003790', 'd38aa58d', '46003790', 'd38aa58d', '46003790', '5d5de21c', '5d5de21c', '5d5de21c']"
blk_6737597283150353300,"['bbb51b95', '3d91fa85', 'bbb51b95', 'bbb51b95', 'd38aa58d', '46003790', 'd38aa58d', '46003790', 'd38aa58d', '46003790', '5d5de21c', '5d5de21c', '5d5de21c']"
blk_6065882341555057852,"['bbb51b95', '3d91fa85', 'bbb51b95', 'bbb51b95', 'd38aa58d', '46003790', 'd38aa58d', '46003790', '5d5de21c', '5d5de21c', 'd38aa58d', '46003790', '5d5de21c']"
blk_6465755671587479432,"['3d91fa85', 'bbb51b95', 'bbb51b95', 'bbb51b95', '5d5de21c', 'd38aa58d', '46003790', 'd38aa58d', '46003790', '5d5de21c', 'd38aa58d', '46003790', '5d5de21c', 'a333d363', 'a333d363', '4dec0816']"
blk_7490824761283869752,"['bbb51b95', '3d91fa85', 'bbb51b95', 'bbb51b95', 'd38aa58d', '46003790', 'd38aa58d', '46003790', '5d5de21c', '5d5de21c', 'd38aa58d', '46003790', '5d5de21c']"
blk_2704000342281559057,"['3d91fa85', 'bbb51b95', 'bbb51b95', 'bbb51b95', '5d5de21c', 'd38aa58d', '46003790', '5d5de21c', '5d5de21c', 'd38aa58d', '46003790', 'd38aa58d', '46003790']"
blk_-6167840452121179679,"['bbb51b95', '3d91fa85', 'bbb51b95', 'bbb51b95', 'd38aa58d', '46003790', 'd38aa58d', '46003790', 'd38aa58d', '46003790', '5d5de21c', '5d5de21c', '5d5de21c']"
blk_7786172363423540119,"['bbb51b95', '3d91fa85', 'bbb51b95', 'bbb51b95', 'd38aa58d', '46003790', 'd38aa58d', '46003790', 'd38aa58d', '46003790', '5d5de21c', '5d5de21c', '5d5de21c']"
blk_-5785348543627440760,"['bbb51b95', 'bbb51b95', 'bbb51b95', '3d91fa85', 'd38aa58d', '46003790', 'd38aa58d', '46003790', 'd38aa58d', '46003790', '5d5de21c', '5d5de21c', '5d5de21c']"
blk_2184031897763634850,"['bbb51b95', 'bbb51b95', 'bbb51b95', '3d91fa85', 'd38aa58d', '46003790', 'd38aa58d', '46003790', 'd38aa58d', '46003790', '5d5de21c', '5d5de21c', '5d5de21c']"
blk_-1714455682319312327,"['3d91fa85', 'bbb51b95', 'bbb51b95', 'bbb51b95', 'd38aa58d', '46003790', 'd38aa58d', '46003790', 'd38aa58d', '46003790', '5d5de21c', '5d5de21c', '5d5de21c']"
blk_4635025867502204173,"['3d91fa85', 'bbb51b95', 'bbb51b95', 'bbb51b95', '5d5de21c', '5d5de21c', '5d5de21c', 'd38aa58d', '46003790', 'd38aa58d', '46003790', 'd38aa58d', '46003790', '4dec0816']"
blk_-3129080794605341395,"['3d91fa85', 'bbb51b95', 'bbb51b95', 'bbb51b95', '5d5de21c', 'd38aa58d', '46003790', '5d5de21c', '5d5de21c', 'd38aa58d', '46003790', 'd38aa58d', '46003790', '32777b38']"
blk_-362031697252774056,"['bbb51b95', 'bbb51b95', '3d91fa85', 'bbb51b95', 'd38aa58d', '46003790', 'd38aa58d', '46003790', 'd38aa58d', '46003790', '5d5de21c', '5d5de21c', '5d5de21c', 'a333d363', '4dec0816']"
blk_7818587674919999111,"['bbb51b95', '3d91fa85', 'bbb51b95', 'bbb51b95', '46003790', '5d5de21c', 'd38aa58d', '46003790', 'd38aa58d', '46003790', 'd38aa58d', '5d5de21c', '5d5de21c']"
blk_7959037698481124332,"['bbb51b95', 'bbb51b95', 'bbb51b95', '3d91fa85', 'd38aa58d', '46003790', '5d5de21c', 'd38aa58d', '46003790', 'd38aa58d', '46003790', '5d5de21c', '5d5de21c', 'a333d363', '4dec0816']"
blk_-3108286006346839467,"['bbb51b95', 'bbb51b95', 'bbb51b95', '3d91fa85', 'd38aa58d', '46003790', 'd38aa58d', '46003790', 'd38aa58d', '46003790', '5d5de21c', '5d5de21c', '5d5de21c']"
blk_-8123976851136829138,"['bbb51b95', 'bbb51b95', 'bbb51b95', '3d91fa85', '5d5de21c', 'd38aa58d', '46003790', 'd38aa58d', '46003790', '5d5de21c', '5d5de21c', 'd38aa58d', '46003790']"
blk_6259262791748209246,"['3d91fa85', 'bbb51b95', 'bbb51b95', 'bbb51b95', '5d5de21c', '5d5de21c', 'd38aa58d', '46003790', 'd38aa58d', '46003790', 'd38aa58d', '46003790', '5d5de21c']"
blk_6536327713379343894,"['bbb51b95', '3d91fa85', 'bbb51b95', 'bbb51b95', 'd38aa58d', '46003790', 'd38aa58d', '46003790', '5d5de21c', '5d5de21c', 'd38aa58d', '46003790', '5d5de21c', 'd63ef163', 'd63ef163', 'd63ef163', 'dba996ef', 'dba996ef', 'dba996ef']"
blk_8034197598180119962,"['3d91fa85', 'bbb51b95', 'bbb51b95', 'bbb51b95', '5d5de21c', '46003790', 'd38aa58d', '46003790', '5d5de21c', '5d5de21c', 'd38aa58d', 'd38aa58d', '46003790', '32777b38']"
blk_-2392810547384236644,"['3d91fa85', 'bbb51b95', 'bbb51b95', 'bbb51b95', '5d5de21c', '5d5de21c', '5d5de21c', 'd38aa58d', '46003790', 'd38aa58d', '46003790', 'd38aa58d', '46003790']"
blk_528559963334897186,"['bbb51b95', 'bbb51b95', '3d91fa85', 'bbb51b95', 'd38aa58d', '46003790', 'd38aa58d', '46003790', 'd38aa58d', '46003790', '5d5de21c', '5d5de21c', '5d5de21c']"
blk_2483738710996198589,"['3d91fa85', 'bbb51b95', 'bbb51b95', 'bbb51b95', '5d5de21c', '5d5de21c', 'd38aa58d', '46003790', 'd38aa58d', '46003790', '5d5de21c', 'd38aa58d', '46003790', 'a333d363']"
blk_-8702813623763788137,"['bbb51b95', 'bbb51b95', 'bbb51b95', '3d91fa85', 'd38aa58d', '46003790', 'd38aa58d', '46003790', 'd38aa58d', '46003790', '5d5de21c', '5d5de21c', '5d5de21c']"
blk_2463131023515815335,"['bbb51b95', '3d91fa85', 'bbb51b95', 'bbb51b95', 'd38aa58d', '46003790', 'd38aa58d', '46003790', 'd38aa58d', '46003790', '5d5de21c', '5d5de21c', '5d5de21c']"
blk_-4618041612210090264,"['bbb51b95', '3d91fa85', 'bbb51b95', 'bbb51b95', '5d5de21c', '5d5de21c', 'd38aa58d', '46003790', 'd38aa58d', '46003790', '5d5de21c', 'd38aa58d', '46003790', '32777b38']"
blk_4298069270559982042,"['bbb51b95', 'bbb51b95', '3d91fa85', 'bbb51b95', 'd38aa58d', '46003790', 'd38aa58d', '46003790', '5d5de21c', '5d5de21c', 'd38aa58d', '46003790', '5d5de21c']"
blk_7455154075126513420,"['3d91fa85', 'bbb51b95', 'bbb51b95', 'bbb51b95', '5d5de21c', '5d5de21c', '5d5de21c', 'd38aa58d', '46003790', 'd38aa58d', '46003790', 'd38aa58d', '46003790', '32777b38', '32777b38']"
blk_4345072982726286451,"['3d91fa85', 'bbb51b95', 'bbb51b95', 'bbb51b95', '5d5de21c', '5d5de21c', 'd38aa58d', '46003790', 'd38aa58d', '46003790', 'd38aa58d', '46003790', '5d5de21c']"
blk_6960349917164892718,"['bbb51b95', 'bbb51b95', 'bbb51b95', '3d91fa85', 'd38aa58d', '46003790', 'd38aa58d', '46003790', 'd38aa58d', '46003790', '5d5de21c', '5d5de21c', '5d5de21c', '4dec0816']"
blk_242520599694074602,"['3d91fa85', 'bbb51b95', 'bbb51b95', 'bbb51b95', '5d5de21c', '5d5de21c', '5d5de21c', 'd38aa58d', '46003790', 'd38aa58d', '46003790', 'd38aa58d', '46003790']"
blk_-2180934446619870464,"['3d91fa85', 'bbb51b95', 'bbb51b95', 'bbb51b95', '5d5de21c', '5d5de21c', '5d5de21c', 'd38aa58d', '46003790', 'd38aa58d', '46003790', 'd38aa58d', '46003790']"
blk_4187151239285849063,"['bbb51b95', 'bbb51b95', 'bbb51b95', '3d91fa85', 'd38aa58d', '46003790', 'd38aa58d', '46003790', 'd38aa58d', '46003790', '5d5de21c', '5d5de21c', '5d5de21c']"
blk_3291425185933258290,"['bbb51b95', 'bbb51b95', 'bbb51b95', '3d91fa85', 'd38aa58d', '46003790', 'd38aa58d', '46003790', 'd38aa58d', '46003790', '5d5de21c', '5d5de21c', '5d5de21c']"
blk_-1472806025269219685,"['bbb51b95', 'bbb51b95', 'bbb51b95', '3d91fa85', 'd38aa58d', '46003790', 'd38aa58d', '46003790', 'd38aa58d', '46003790', '5d5de21c', '5d5de21c', '5d5de21c']"
blk_3034863699266307098,"['bbb51b95', 'bbb51b95', '3d91fa85', 'bbb51b95', 'd38aa58d', '46003790', 'd38aa58d', '46003790', 'd38aa58d', '46003790', '5d5de21c', '5d5de21c', '5d5de21c']"
blk_-276618991356554024,"['bbb51b95', 'bbb51b95', '3d91fa85', 'bbb51b95', 'd38aa58d', '46003790', 'd38aa58d', '46003790', 'd38aa58d', '46003790', '5d5de21c', '5d5de21c', '5d5de21c']"
blk_2049185727111817458,"['bbb51b95', 'bbb51b95', '3d91fa85', 'bbb51b95', 'd38aa58d', '46003790', 'd38aa58d', '46003790', 'd38aa58d', '46003790', '5d5de21c', '5d5de21c', '5d5de21c']"
blk_8675378278045233140,"['bbb51b95', 'bbb51b95', 'bbb51b95', '3d91fa85', 'd38aa58d', '46003790', 'd38aa58d', '46003790', 'd38aa58d', '46003790', '5d5de21c', '5d5de21c', '5d5de21c']"
blk_9045586653678877558,"['bbb51b95', 'bbb51b95', 'bbb51b95', '3d91fa85', 'd38aa58d', '46003790', 'd38aa58d', '46003790', 'd38aa58d', '46003790', '5d5de21c', '5d5de21c', '5d5de21c']"
blk_6624521652892342615,"['3d91fa85', 'bbb51b95', 'bbb51b95', 'bbb51b95', '5d5de21c', '5d5de21c', '5d5de21c', 'd38aa58d', '46003790', 'd38aa58d', '46003790', 'd38aa58d', '46003790', '32777b38', '4dec0816']"
blk_3448821435954718997,"['3d91fa85', 'bbb51b95', 'bbb51b95', 'bbb51b95', '5d5de21c', '5d5de21c', 'd38aa58d', '46003790', 'd38aa58d', '46003790', 'd38aa58d', '46003790', '5d5de21c', 'a333d363', 'a333d363']"
blk_1160009878261291747,"['bbb51b95', '3d91fa85', 'bbb51b95', 'bbb51b95', 'd38aa58d', '46003790', 'd38aa58d', '46003790', 'd38aa58d', '46003790', '5d5de21c', '5d5de21c', '5d5de21c']"
blk_3389454636118831396,"['3d91fa85', 'bbb51b95', 'bbb51b95', 'bbb51b95', '5d5de21c', '46003790', 'd38aa58d', '46003790', '5d5de21c', '5d5de21c', 'd38aa58d', 'd38aa58d', '46003790']"
blk_-4980916519894289629,"['bbb51b95', 'bbb51b95', '3d91fa85', 'bbb51b95', 'd38aa58d', '46003790', '46003790', 'd38aa58d', '46003790', '5d5de21c', '5d5de21c', 'd38aa58d', '5d5de21c', '32777b38', '32777b38', '32777b38']"
blk_-1368009191401264979,"['bbb51b95', 'bbb51b95', '3d91fa85', 'bbb51b95', 'd38aa58d', '46003790', 'd38aa58d', '46003790', 'd38aa58d', '46003790', '5d5de21c', '5d5de21c', '5d5de21c']"
blk_-4326549729566090915,"['bbb51b95', '3d91fa85', 'bbb51b95', 'bbb51b95', 'd38aa58d', '46003790', 'd38aa58d', '46003790', 'd38aa58d', '46003790', '5d5de21c', '5d5de21c', '5d5de21c', '32777b38', 'a333d363', '4dec0816', 'a333d363']"
blk_5622535421865922384,"['bbb51b95', '3d91fa85', 'bbb51b95', 'bbb51b95', 'd38aa58d', '46003790', 'd38aa58d', '46003790', 'd38aa58d', '46003790', '5d5de21c', '5d5de21c', '5d5de21c', '32777b38', '32777b38', '32777b38', 'a333d363', 'a333d363', '4dec0816']"
blk_-6106515615283609499,"['3d91fa85', 'bbb51b95', 'bbb51b95', 'bbb51b95', '5d5de21c', '5d5de21c', '5d5de21c', 'd38aa58d', '46003790', 'd38aa58d', '46003790', 'd38aa58d', '46003790']"
blk_-1458875489312605225,"['bbb51b95', '3d91fa85', 'bbb51b95', 'bbb51b95', 'd38aa58d', '46003790', 'd38aa58d', '46003790', 'd38aa58d', '46003790', '5d5de21c', '5d5de21c', '5d5de21c', '32777b38', '32777b38']"
blk_7249743660859627164,"['3d91fa85', 'bbb51b95', 'bbb51b95', 'bbb51b95', 'd38aa58d', '46003790', 'd38aa58d', 'd38aa58d', '46003790', '46003790', '5d5de21c', '5d5de21c', '5d5de21c', 'a333d363', '4dec0816']"
blk_-7385303229648814369,"['bbb51b95', 'bbb51b95', 'bbb51b95', '3d91fa85', 'd38aa58d', '46003790', 'd38aa58d', '46003790', '5d5de21c', 'd38aa58d', '46003790', '5d5de21c', '5d5de21c']"
blk_8398415844175670399,"['bbb51b95', 'bbb51b95', '3d91fa85', 'bbb51b95', '5d5de21c', '5d5de21c', 'd38aa58d', '46003790', 'd38aa58d', '46003790', 'd38aa58d', '46003790', '5d5de21c', '32777b38']"
blk_7618159856659185153,"['3d91fa85', 'bbb51b95', 'bbb51b95', 'bbb51b95', '5d5de21c', '5d5de21c', '5d5de21c', 'd38aa58d', '46003790', 'd38aa58d', '46003790', 'd38aa58d', '46003790']"
blk_-1202847383879739616,"['bbb51b95', 'bbb51b95', '3d91fa85', 'bbb51b95', 'd38aa58d', '46003790', 'd38aa58d', '46003790', 'd38aa58d', '46003790', '5d5de21c', '5d5de21c', '5d5de21c']"
blk_2237134182986502474,"['3d91fa85', 'bbb51b95', 'bbb51b95', 'bbb51b95', '5d5de21c', 'd38aa58d', '46003790', 'd38aa58d', '46003790', '5d5de21c', '5d5de21c', 'd38aa58d', '46003790']"
blk_-2213979973897387465,"['bbb51b95', '3d91fa85', 'bbb51b95', 'bbb51b95', 'd38aa58d', 'd38aa58d', '46003790', '46003790', 'd38aa58d', '46003790', '5d5de21c', '5d5de21c', '5d5de21c', '32777b38', 'a333d363', '4dec0816', 'a333d363']"
blk_5266058898853825509,"['bbb51b95', 'bbb51b95', 'bbb51b95', '3d91fa85', 'd38aa58d', '46003790', 'd38aa58d', '46003790', 'd38aa58d', '46003790', '5d5de21c', '5d5de21c', '5d5de21c']"
blk_6928734521494990904,"['bbb51b95', 'bbb51b95', '3d91fa85', 'bbb51b95', 'd38aa58d', '46003790', 'd38aa58d', '46003790', 'd38aa58d', '46003790', '5d5de21c', '5d5de21c', '5d5de21c']"
blk_7217036225458081938,"['3d91fa85', 'bbb51b95', 'bbb51b95', 'bbb51b95', '5d5de21c', '5d5de21c', '5d5de21c', 'd38aa58d', '46003790', 'd38aa58d', '46003790', 'd38aa58d', '46003790']"
blk_6390992113018597063,"['bbb51b95', 'bbb51b95', 'bbb51b95', '3d91fa85', 'd38aa58d', '46003790', 'd38aa58d', '46003790', 'd38aa58d', '46003790', '5d5de21c', '5d5de21c', '5d5de21c']"
blk_-7409970066641913181,"['3d91fa85', 'bbb51b95', 'bbb51b95', 'bbb51b95', '5d5de21c', '5d5de21c', '5d5de21c', 'd38aa58d', '46003790', 'd38aa58d', '46003790', 'd38aa58d', '46003790']"
blk_3733699983655478771,"['bbb51b95', 'bbb51b95', '3d91fa85', 'bbb51b95', 'd38aa58d', '46003790', 'd38aa58d', '46003790', 'd38aa58d', '46003790', '5d5de21c', '5d5de21c', '5d5de21c', '32777b38', '32777b38', 'a333d363', '4dec0816', 'a333d363']"
blk_-239991269047644622,"['bbb51b95', 'bbb51b95', 'bbb51b95', '3d91fa85', 'd38aa58d', '46003790', 'd38aa58d', '46003790', 'd38aa58d', '46003790', '5d5de21c', '5d5de21c', '5d5de21c']"
blk_8711581481743507370,"['bbb51b95', 'bbb51b95', 'bbb51b95', '3d91fa85', 'd38aa58d', '46003790', 'd38aa58d', '46003790', 'd38aa58d', '46003790', '5d5de21c', '5d5de21c', '5d5de21c', '4dec0816']"
blk_1901800820747477244,"['bbb51b95', '3d91fa85', 'bbb51b95', 'bbb51b95', 'd38aa58d', '46003790', 'd38aa58d', '46003790', '5d5de21c', '5d5de21c', 'd38aa58d', '46003790', '5d5de21c']"
blk_-2388934612595950735,"['bbb51b95', 'bbb51b95', '3d91fa85', 'bbb51b95', 'd38aa58d', '46003790', 'd38aa58d', '46003790', '5d5de21c', '5d5de21c', '5d5de21c', 'd38aa58d', '46003790', 'a333d363', '4dec0816']"
blk_-7423429850909327589,"['bbb51b95', 'bbb51b95', 'bbb51b95', '3d91fa85', 'd38aa58d', '46003790', 'd38aa58d', '46003790', 'd38aa58d', '46003790', '5d5de21c', '5d5de21c', '5d5de21c']"
blk_8796149567168808668,"['bbb51b95', 'bbb51b95', 'bbb51b95', '3d91fa85', 'd38aa58d', 'd38aa58d', '46003790', '46003790', 'd38aa58d', '46003790', '5d5de21c', '5d5de21c', '5d5de21c', '32777b38', 'a333d363', '32777b38', 'a333d363', '4dec0816']"
blk_-4577259898883481968,"['bbb51b95', 'bbb51b95', '3d91fa85', 'bbb51b95', 'd38aa58d', '46003790', 'd38aa58d', '46003790', 'd38aa58d', '46003790', '5d5de21c', '5d5de21c', '5d5de21c']"
blk_-5720547877967313008,"['bbb51b95', 'bbb51b95', 'd38aa58d', '46003790', 'bbb51b95', '3d91fa85', 'd38aa58d', '46003790', 'd38aa58d', '46003790', '5d5de21c', '5d5de21c', '5d5de21c', '4dec0816']"
blk_4815422592180454513,"['bbb51b95', '3d91fa85', 'bbb51b95', 'bbb51b95', 'd38aa58d', '46003790', 'd38aa58d', '46003790', '5d5de21c', '5d5de21c', 'd38aa58d', '46003790', '5d5de21c']"
blk_-705649822814789469,"['bbb51b95', '3d91fa85', 'bbb51b95', 'bbb51b95', 'd38aa58d', '46003790', '5d5de21c', 'd38aa58d', '46003790', 'd38aa58d', '46003790', '5d5de21c', '5d5de21c']"
blk_2697621109150787203,"['bbb51b95', '3d91fa85', 'bbb51b95', 'bbb51b95', 'd38aa58d', '46003790', 'd38aa58d', '46003790', 'd38aa58d', '46003790', '5d5de21c', '5d5de21c', '5d5de21c', '32777b38']"
blk_-7558405665651817421,"['bbb51b95', 'bbb51b95', '3d91fa85', 'bbb51b95', 'd38aa58d', '46003790', 'd38aa58d', '46003790', '5d5de21c', '5d5de21c', 'd38aa58d', '46003790', '5d5de21c']"
blk_333154389346953703,"['bbb51b95', 'bbb51b95', 'bbb51b95', '3d91fa85', 'd38aa58d', '46003790', 'd38aa58d', '46003790', 'd38aa58d', '46003790', '5d5de21c', '5d5de21c', '5d5de21c']"
blk_2823232460716606480,"['3d91fa85', 'bbb51b95', 'bbb51b95', 'bbb51b95', '5d5de21c', '5d5de21c', '5d5de21c', 'd38aa58d', '46003790', 'd38aa58d', '46003790', 'd38aa58d', '46003790']"
blk_-3439452842289240124,"['bbb51b95', 'bbb51b95', 'bbb51b95', '3d91fa85', 'd38aa58d', '46003790', 'd38aa58d', '46003790', 'd38aa58d', '46003790', '5d5de21c', '5d5de21c', '5d5de21c']"
blk_-2964626251150485122,"['bbb51b95', 'bbb51b95', 'bbb51b95', '3d91fa85', 'd38aa58d', '46003790', 'd38aa58d', '46003790', 'd38aa58d', '46003790', '5d5de21c', '5d5de21c', '5d5de21c', 'a333d363', '4dec0816']"
blk_2101551290330994031,"['bbb51b95', 'bbb51b95', '3d91fa85', 'bbb51b95', 'd38aa58d', '46003790', 'd38aa58d', '46003790', 'd38aa58d', '46003790', '5d5de21c', '5d5de21c', '5d5de21c']"
blk_1512418518541883133,"['3d91fa85', 'bbb51b95', 'bbb51b95', 'bbb51b95', '5d5de21c', '5d5de21c', '5d5de21c', 'd38aa58d', '46003790', 'd38aa58d', '46003790', 'd38aa58d', '46003790', '32777b38']"
blk_136345517613677414,"['bbb51b95', 'bbb51b95', 'bbb51b95', '3d91fa85', 'd38aa58d', '46003790', 'd38aa58d', '46003790', 'd38aa58d', '46003790', '5d5de21c', '5d5de21c', '5d5de21c']"
blk_9210346052555304090,"['bbb51b95', '3d91fa85', 'bbb51b95', 'bbb51b95', 'd38aa58d', '46003790', 'd38aa58d', '46003790', '5d5de21c', '5d5de21c', 'd38aa58d', '46003790', '5d5de21c', '32777b38', '32777b38', '32777b38', 'a333d363']"
blk_6783117049662459174,"['3d91fa85', 'bbb51b95', 'bbb51b95', 'bbb51b95', '5d5de21c', '5d5de21c', '5d5de21c', 'd38aa58d', '46003790', 'd38aa58d', 'd38aa58d', '46003790', '46003790']"
blk_-6715898505653905170,"['bbb51b95', 'bbb51b95', 'bbb51b95', '3d91fa85', 'd38aa58d', '46003790', '46003790', 'd38aa58d', '46003790', '5d5de21c', '5d5de21c', 'd38aa58d', '5d5de21c']"
blk_5792072915669463245,"['bbb51b95', 'bbb51b95', 'bbb51b95', '3d91fa85', 'd38aa58d', '46003790', 'd38aa58d', '46003790', 'd38aa58d', '46003790', '5d5de21c', '5d5de21c', '5d5de21c']"
blk_-3061813499615905168,"['bbb51b95', '3d91fa85', 'bbb51b95', 'bbb51b95', 'd38aa58d', '46003790', '5d5de21c', 'd38aa58d', '46003790', 'd38aa58d', '46003790', '5d5de21c', '5d5de21c']"
blk_-7289129505824184488,"['3d91fa85', 'bbb51b95', 'bbb51b95', 'bbb51b95', '5d5de21c', '5d5de21c', '5d5de21c', 'd38aa58d', '46003790', 'd38aa58d', '46003790', 'd38aa58d', '46003790']"
blk_-6193371956740067880,"['3d91fa85', 'bbb51b95', 'bbb51b95', 'bbb51b95', '5d5de21c', '5d5de21c', '5d5de21c', 'd38aa58d', '46003790', 'd38aa58d', '46003790', 'd38aa58d', '46003790']"
blk_-4990031094451196517,"['bbb51b95', 'bbb51b95', '3d91fa85', 'bbb51b95', 'd38aa58d', '46003790', '5d5de21c', 'd38aa58d', '46003790', 'd38aa58d', '46003790', '5d5de21c', '5d5de21c']"
blk_6658496003711189948,"['bbb51b95', '3d91fa85', 'bbb51b95', 'bbb51b95', '5d5de21c', '5d5de21c', 'd38aa58d', '46003790', 'd38aa58d', '46003790', '5d5de21c', 'd38aa58d', '46003790', 'a333d363', '4dec0816']"
blk_-1698212893538574436,"['bbb51b95', 'bbb51b95', '3d91fa85', 'bbb51b95', 'd38aa58d', '46003790', 'd38aa58d', '46003790', 'd38aa58d', '46003790', '5d5de21c', '5d5de21c', '5d5de21c', '32777b38', '32777b38', '32777b38', 'a333d363', '4dec0816', 'a333d363']"
blk_5120014019379614573,"['3d91fa85', 'bbb51b95', 'bbb51b95', 'bbb51b95', '5d5de21c', '5d5de21c', '5d5de21c', 'd38aa58d', '46003790', 'd38aa58d', '46003790', 'd38aa58d', '46003790', 'a333d363', '4dec0816']"
blk_-8569887525190088544,"['bbb51b95', 'bbb51b95', 'bbb51b95', '3d91fa85', 'd38aa58d', '46003790', 'd38aa58d', '46003790', 'd38aa58d', '46003790', '5d5de21c', '5d5de21c', '5d5de21c', 'a333d363', '4dec0816']"
blk_7124968880707528807,"['bbb51b95', 'bbb51b95', 'bbb51b95', '3d91fa85', 'd38aa58d', '46003790', '5d5de21c', 'd38aa58d', '46003790', 'd38aa58d', '46003790', '5d5de21c', '5d5de21c']"
blk_6631086113361619453,"['bbb51b95', '3d91fa85', 'bbb51b95', 'bbb51b95', 'd38aa58d', '46003790', 'd38aa58d', '46003790', 'd38aa58d', '46003790', '5d5de21c', '5d5de21c', '5d5de21c', '32777b38', 'a333d363', '4dec0816', 'a333d363']"
blk_-6498080002820739218,"['bbb51b95', 'bbb51b95', 'bbb51b95', '3d91fa85', 'd38aa58d', '46003790', 'd38aa58d', '46003790', 'd38aa58d', '46003790', '5d5de21c', '5d5de21c', '5d5de21c']"
blk_-7436479428178540627,"['3d91fa85', 'bbb51b95', 'bbb51b95', 'bbb51b95', '5d5de21c', '5d5de21c', '5d5de21c', 'd38aa58d', '46003790', 'd38aa58d', '46003790', 'd38aa58d', '46003790', '32777b38']"
blk_8297288039602730179,"['3d91fa85', 'bbb51b95', 'bbb51b95', 'bbb51b95', '5d5de21c', '5d5de21c', 'd38aa58d', '46003790', 'd38aa58d', '46003790', 'd38aa58d', '46003790', '5d5de21c', 'a333d363', 'a333d363', '4dec0816']"
blk_-3959773297554852237,"['bbb51b95', 'bbb51b95', 'bbb51b95', '3d91fa85', 'd38aa58d', '46003790', 'd38aa58d', '46003790', 'd38aa58d', '46003790', '5d5de21c', '5d5de21c', '5d5de21c']"
blk_1216816003833741212,"['bbb51b95', 'bbb51b95', 'bbb51b95', '3d91fa85', '46003790', 'd38aa58d', '46003790', 'd38aa58d', '46003790', '5d5de21c', '5d5de21c', '5d5de21c', 'd38aa58d']"
blk_4579126408496000412,"['bbb51b95', 'bbb51b95', 'bbb51b95', '3d91fa85', 'd38aa58d', '46003790', 'd38aa58d', '46003790', 'd38aa58d', '46003790', '5d5de21c', '5d5de21c', '5d5de21c', '32777b38', '32777b38', 'a333d363', '4dec0816', 'a333d363']"
blk_-8897212576632315384,"['3d91fa85', 'bbb51b95', 'bbb51b95', 'bbb51b95', '5d5de21c', 'd38aa58d', '46003790', 'd38aa58d', '46003790', 'd38aa58d', '46003790', '5d5de21c', '5d5de21c']"
blk_-1131194226826822620,"['bbb51b95', 'bbb51b95', '3d91fa85', 'bbb51b95', 'd38aa58d', '46003790', 'd38aa58d', '46003790', 'd38aa58d', '46003790', '5d5de21c', '5d5de21c', '5d5de21c', '4dec0816']"
blk_3617715318624797132,"['3d91fa85', 'bbb51b95', 'bbb51b95', 'bbb51b95', 'd38aa58d', '46003790', 'd38aa58d', '46003790', 'd38aa58d', '46003790', '5d5de21c', '5d5de21c', '5d5de21c', '32777b38']"
blk_-1330078653517264394,"['bbb51b95', 'bbb51b95', '3d91fa85', 'bbb51b95', '46003790', '5d5de21c', 'd38aa58d', '46003790', 'd38aa58d', 'd38aa58d', '46003790', '5d5de21c', '5d5de21c']"
blk_6231982723733825069,"['bbb51b95', 'bbb51b95', '3d91fa85', 'bbb51b95', 'd38aa58d', '46003790', 'd38aa58d', '46003790', '5d5de21c', '5d5de21c', 'd38aa58d', '46003790', '5d5de21c']"
blk_-2304217008809329190,"['3d91fa85', 'bbb51b95', 'bbb51b95', 'bbb51b95', '5d5de21c', '5d5de21c', 'd38aa58d', '46003790', 'd38aa58d', '46003790', 'd38aa58d', '46003790', '5d5de21c', 'a333d363', '4dec0816', 'a333d363']"
blk_4257962233285325789,"['bbb51b95', 'bbb51b95', 'bbb51b95', '3d91fa85', 'd38aa58d', '46003790', 'd38aa58d', '46003790', '5d5de21c', '5d5de21c', 'd38aa58d', '46003790', '5d5de21c']"
blk_-6098089161345927056,"['bbb51b95', 'bbb51b95', '3d91fa85', 'bbb51b95', 'd38aa58d', '46003790', 'd38aa58d', '46003790', 'd38aa58d', '46003790', '5d5de21c', '5d5de21c', '5d5de21c']"
blk_4112235024083232153,"['bbb51b95', 'bbb51b95', '3d91fa85', 'bbb51b95', 'd38aa58d', '46003790', 'd38aa58d', '46003790', 'd38aa58d', '46003790', '5d5de21c', '5d5de21c', '5d5de21c']"
blk_-7059045383123437259,"['3d91fa85', 'bbb51b95', 'bbb51b95', 'bbb51b95', '5d5de21c', '5d5de21c', 'd38aa58d', '46003790', 'd38aa58d', '46003790', 'd38aa58d', '46003790', '5d5de21c']"
blk_-6331658482807083541,"['3d91fa85', 'bbb51b95', 'bbb51b95', 'bbb51b95', '5d5de21c', '5d5de21c', '5d5de21c', 'd38aa58d', '46003790', 'd38aa58d', '46003790', 'd38aa58d', '46003790']"
blk_5814115667349967751,"['bbb51b95', 'bbb51b95', 'bbb51b95', '3d91fa85', 'd38aa58d', '46003790', 'd38aa58d', '46003790', '5d5de21c', '5d5de21c', 'd38aa58d', '46003790', '5d5de21c']"
blk_-3253829104116368139,"['bbb51b95', '3d91fa85', 'bbb51b95', 'bbb51b95', 'd38aa58d', 'd38aa58d', '46003790', '46003790', '5d5de21c', 'd38aa58d', '46003790', '5d5de21c', '5d5de21c', '32777b38', '32777b38', '32777b38', 'a333d363']"
blk_-3009841598824495120,"['bbb51b95', 'bbb51b95', 'bbb51b95', '3d91fa85', 'd38aa58d', '46003790', 'd38aa58d', '46003790', 'd38aa58d', '46003790', '5d5de21c', '5d5de21c', '5d5de21c', 'a333d363']"
blk_-2501340796938806551,"['3d91fa85', 'bbb51b95', 'bbb51b95', 'bbb51b95', '5d5de21c', '5d5de21c', 'd38aa58d', '46003790', 'd38aa58d', '46003790', 'd38aa58d', '46003790', '5d5de21c']"
blk_-8365491652675887510,"['bbb51b95', 'bbb51b95', 'bbb51b95', '3d91fa85', 'd38aa58d', '46003790', 'd38aa58d', '46003790', 'd38aa58d', '46003790', '5d5de21c', '5d5de21c', '5d5de21c']"
blk_2340470773370902567,"['3d91fa85', 'bbb51b95', 'bbb51b95', 'bbb51b95', '5d5de21c', '5d5de21c', '5d5de21c', 'd38aa58d', '46003790', '46003790', 'd38aa58d', '46003790', 'd38aa58d', '32777b38']"
blk_-7579933071465041578,"['bbb51b95', 'bbb51b95', '3d91fa85', 'bbb51b95', 'd38aa58d', '46003790', 'd38aa58d', '46003790', 'd38aa58d', '46003790', '5d5de21c', '5d5de21c', '5d5de21c']"
blk_1992098136543467075,"['3d91fa85', 'bbb51b95', 'bbb51b95', 'bbb51b95', '46003790', '5d5de21c', '5d5de21c', 'd38aa58d', 'd38aa58d', '46003790', 'd38aa58d', '46003790', '5d5de21c']"
blk_-5124823271846627665,"['3d91fa85', 'bbb51b95', 'bbb51b95', 'bbb51b95', '5d5de21c', 'd38aa58d', '46003790', '5d5de21c', 'd38aa58d', '46003790', 'd38aa58d', '46003790', '5d5de21c']"
blk_8227460729600369766,"['3d91fa85', 'bbb51b95', 'bbb51b95', 'bbb51b95', 'd38aa58d', '46003790', 'd38aa58d', '46003790', '5d5de21c', 'd38aa58d', '46003790', '5d5de21c', '5d5de21c']"
blk_-7949430245966468291,"['bbb51b95', 'bbb51b95', 'bbb51b95', '3d91fa85', 'd38aa58d', '46003790', 'd38aa58d', '46003790', 'd38aa58d', '46003790', '5d5de21c', '5d5de21c', '5d5de21c', 'd63ef163', 'd63ef163', 'd63ef163', 'dba996ef', 'dba996ef', 'dba996ef']"
blk_-8184450948526264675,"['bbb51b95', 'bbb51b95', '3d91fa85', 'bbb51b95', 'd38aa58d', '46003790', 'd38aa58d', '46003790', 'd38aa58d', '46003790', '5d5de21c', '5d5de21c', '5d5de21c']"
blk_6848522799017207553,"['3d91fa85', 'bbb51b95', 'bbb51b95', 'bbb51b95', '5d5de21c', '5d5de21c', '5d5de21c', 'd38aa58d', '46003790', 'd38aa58d', '46003790', 'd38aa58d', '46003790']"
blk_8099636301674972800,"['bbb51b95', 'bbb51b95', 'bbb51b95', '3d91fa85', 'd38aa58d', '46003790', 'd38aa58d', '46003790', 'd38aa58d', '46003790', '5d5de21c', '5d5de21c', '5d5de21c']"
blk_779967471976257583,"['3d91fa85', 'bbb51b95', 'bbb51b95', 'bbb51b95', '5d5de21c', '5d5de21c', '5d5de21c', 'd38aa58d', '46003790', 'd38aa58d', '46003790', 'd38aa58d', '46003790', '32777b38']"
blk_-6980247132200443662,"['bbb51b95', 'bbb51b95', '3d91fa85', 'bbb51b95', 'd38aa58d', '46003790', '5d5de21c', 'd38aa58d', '46003790', 'd38aa58d', '46003790', '5d5de21c', '5d5de21c']"
blk_-7397539951590025964,"['bbb51b95', '3d91fa85', 'bbb51b95', 'bbb51b95', 'd38aa58d', '46003790', 'd38aa58d', '46003790', 'd38aa58d', '46003790', '5d5de21c', '5d5de21c', '5d5de21c', '32777b38']"
blk_-45819455490724526,"['bbb51b95', '3d91fa85', 'bbb51b95', 'bbb51b95', 'd38aa58d', '46003790', 'd38aa58d', '46003790', 'd38aa58d', '46003790', '5d5de21c', '5d5de21c', '5d5de21c']"
blk_7033468065973863253,"['3d91fa85', 'bbb51b95', 'bbb51b95', 'bbb51b95', '5d5de21c', '5d5de21c', '5d5de21c', 'd38aa58d', '46003790', 'd38aa58d', '46003790', 'd38aa58d', '46003790']"
blk_-2292787006266679412,"['bbb51b95', 'bbb51b95', 'bbb51b95', '3d91fa85', 'd38aa58d', '46003790', 'd38aa58d', '46003790', '5d5de21c', '5d5de21c', 'd38aa58d', '46003790', '5d5de21c']"
blk_2075287131924469759,"['3d91fa85', 'bbb51b95', 'bbb51b95', 'bbb51b95', '5d5de21c', '5d5de21c', '5d5de21c', 'd38aa58d', '46003790', 'd38aa58d', '46003790', 'd38aa58d', '46003790', '32777b38', 'a333d363', 'a333d363', '4dec0816']"
blk_5271155920436094345,"['bbb51b95', 'bbb51b95', 'bbb51b95', '3d91fa85', 'd38aa58d', '46003790', 'd38aa58d', '46003790', '5d5de21c', '5d5de21c', 'd38aa58d', '46003790', '5d5de21c']"
blk_2770668000019850705,"['bbb51b95', 'bbb51b95', 'bbb51b95', '3d91fa85', 'd38aa58d', '46003790', 'd38aa58d', '46003790', 'd38aa58d', '46003790', '5d5de21c', '5d5de21c', '5d5de21c']"
blk_-920850201429654138,"['bbb51b95', '3d91fa85', 'bbb51b95', 'bbb51b95', 'd38aa58d', '46003790', 'd38aa58d', '46003790', 'd38aa58d', '46003790', '5d5de21c', '5d5de21c', '5d5de21c']"
blk_2100698245903951988,"['bbb51b95', 'bbb51b95', '3d91fa85', 'bbb51b95', 'd38aa58d', '46003790', 'd38aa58d', '46003790', 'd38aa58d', '46003790', '5d5de21c', '5d5de21c', '5d5de21c']"
blk_-5910244134265471249,"['3d91fa85', 'bbb51b95', 'bbb51b95', 'bbb51b95', '5d5de21c', '46003790', '5d5de21c', '5d5de21c', 'd38aa58d', '46003790', 'd38aa58d', 'd38aa58d', '46003790', 'a333d363', '4dec0816', 'a333d363']"
blk_3361837121863248484,"['bbb51b95', '3d91fa85', 'bbb51b95', 'bbb51b95', 'd38aa58d', '46003790', 'd38aa58d', '46003790', 'd38aa58d', '46003790', '5d5de21c', '5d5de21c', '5d5de21c']"
blk_-4784586980950202922,"['bbb51b95', 'bbb51b95', 'bbb51b95', '3d91fa85', 'd38aa58d', '46003790', 'd38aa58d', '46003790', 'd38aa58d', '46003790', '5d5de21c', '5d5de21c', '5d5de21c']"
blk_-5966375925287671663,"['bbb51b95', 'bbb51b95', '3d91fa85', 'bbb51b95', 'd38aa58d', '46003790', 'd38aa58d', '46003790', 'd38aa58d', '46003790', '5d5de21c', '5d5de21c', '5d5de21c', 'a333d363']"
blk_-6178111933029707264,"['3d91fa85', 'bbb51b95', 'bbb51b95', 'bbb51b95', '5d5de21c', '5d5de21c', '5d5de21c', 'd38aa58d', '46003790', 'd38aa58d', '46003790', 'd38aa58d', '46003790', '32777b38']"
blk_1686219780760455302,"['3d91fa85', 'bbb51b95', 'bbb51b95', 'bbb51b95', '5d5de21c', '5d5de21c', 'd38aa58d', '46003790', 'd38aa58d', '46003790', 'd38aa58d', '46003790', '5d5de21c']"
blk_3278219624713601862,"['3d91fa85', 'bbb51b95', 'bbb51b95', 'bbb51b95', 'd38aa58d', '46003790', '5d5de21c', 'd38aa58d', '46003790', 'd38aa58d', '46003790', '5d5de21c', '5d5de21c', '4dec0816']"
blk_-8539265165262657087,"['3d91fa85', 'bbb51b95', 'bbb51b95', 'bbb51b95', '5d5de21c', '5d5de21c', '5d5de21c', 'd38aa58d', '46003790', 'd38aa58d', '46003790', 'd38aa58d', '46003790']"
blk_8675321185780214389,"['bbb51b95', '3d91fa85', 'bbb51b95', 'bbb51b95', 'd38aa58d', '46003790', 'd38aa58d', '46003790', 'd38aa58d', '46003790', '5d5de21c', '5d5de21c', '5d5de21c', '4dec0816']"
blk_4405732621652421838,"['bbb51b95', '3d91fa85', 'bbb51b95', 'bbb51b95', 'd38aa58d', '46003790', 'd38aa58d', '46003790', 'd38aa58d', '46003790', '5d5de21c', '5d5de21c', '5d5de21c']"
blk_-2720328514977281062,"['bbb51b95', 'bbb51b95', '3d91fa85', 'bbb51b95', 'd38aa58d', '46003790', 'd38aa58d', '46003790', '5d5de21c', '5d5de21c', 'd38aa58d', '46003790', '5d5de21c']"
blk_-4009582486017171232,"['bbb51b95', '3d91fa85', 'bbb51b95', 'bbb51b95', 'd38aa58d', '46003790', 'd38aa58d', '46003790', 'd38aa58d', '46003790', '5d5de21c', '5d5de21c', '5d5de21c', '4dec0816']"
blk_-7947755597886284781,"['bbb51b95', '3d91fa85', 'bbb51b95', 'bbb51b95', 'd38aa58d', '46003790', '46003790', 'd38aa58d', '46003790', '5d5de21c', 'd38aa58d', '5d5de21c', '5d5de21c', '32777b38']"
blk_8005952194635976933,"['3d91fa85', 'bbb51b95', 'bbb51b95', 'bbb51b95', '5d5de21c', 'd38aa58d', '46003790', '5d5de21c', '5d5de21c', 'd38aa58d', '46003790', 'd38aa58d', '46003790', '32777b38']"
blk_2564420554642762151,"['bbb51b95', 'bbb51b95', 'bbb51b95', '3d91fa85', 'd38aa58d', '46003790', 'd38aa58d', '46003790', 'd38aa58d', '46003790', '5d5de21c', '5d5de21c', '5d5de21c']"
blk_-2514943868333422655,"['3d91fa85', 'bbb51b95', 'bbb51b95', 'bbb51b95', '5d5de21c', '5d5de21c', '5d5de21c', 'd38aa58d', '46003790', 'd38aa58d', '46003790', 'd38aa58d', '46003790', 'a333d363', '4dec0816', 'a333d363']"
blk_7808930095492635609,"['3d91fa85', 'bbb51b95', 'bbb51b95', 'bbb51b95', '5d5de21c', '5d5de21c', '5d5de21c', 'd38aa58d', '46003790', 'd38aa58d', 'd38aa58d', '46003790', '46003790', '4dec0816']"
blk_5662830693955084776,"['3d91fa85', 'bbb51b95', 'bbb51b95', 'bbb51b95', '5d5de21c', '5d5de21c', 'd38aa58d', '46003790', 'd38aa58d', '46003790', 'd38aa58d', '46003790', '5d5de21c', '4dec0816']"
blk_-7245186819409333379,"['bbb51b95', 'bbb51b95', '3d91fa85', 'bbb51b95', 'd38aa58d', '46003790', 'd38aa58d', '46003790', 'd38aa58d', '46003790', '5d5de21c', '5d5de21c', '5d5de21c']"
blk_6066745012133005847,"['bbb51b95', '3d91fa85', 'bbb51b95', 'bbb51b95', 'd38aa58d', 'd38aa58d', '46003790', '46003790', 'd38aa58d', '46003790', '5d5de21c', '5d5de21c', '5d5de21c', 'a333d363', '4dec0816', 'a333d363']"
blk_-7280059368966737847,"['bbb51b95', '3d91fa85', 'bbb51b95', 'bbb51b95', 'd38aa58d', '46003790', 'd38aa58d', '46003790', 'd38aa58d', '46003790', '5d5de21c', '5d5de21c', '5d5de21c', 'a333d363']"
blk_537813498012756445,"['bbb51b95', 'bbb51b95', 'bbb51b95', '3d91fa85', 'd38aa58d', '46003790', 'd38aa58d', '46003790', 'd38aa58d', '46003790', '5d5de21c', '5d5de21c', '5d5de21c']"
blk_8813586395706579161,"['3d91fa85', 'bbb51b95', 'bbb51b95', 'bbb51b95', '46003790', 'd38aa58d', '46003790', '5d5de21c', 'd38aa58d', 'd38aa58d', '46003790', '5d5de21c', '5d5de21c', '4dec0816']"
blk_6634018825896062388,"['3d91fa85', 'bbb51b95', 'bbb51b95', 'bbb51b95', '5d5de21c', '5d5de21c', '5d5de21c', 'd38aa58d', '46003790', 'd38aa58d', '46003790', 'd38aa58d', '46003790']"
blk_6869596581301612441,"['3d91fa85', 'bbb51b95', 'bbb51b95', 'bbb51b95', '5d5de21c', '5d5de21c', '5d5de21c', 'd38aa58d', '46003790', 'd38aa58d', '46003790', 'd38aa58d', '46003790']"
blk_-8127311830983253390,"['bbb51b95', 'bbb51b95', 'bbb51b95', '3d91fa85', 'd38aa58d', '46003790', 'd38aa58d', '46003790', 'd38aa58d', '46003790', '5d5de21c', '5d5de21c', '5d5de21c']"
blk_4506994927503691009,"['3d91fa85', 'bbb51b95', 'bbb51b95', 'bbb51b95', 'd38aa58d', '46003790', 'd38aa58d', '46003790', 'd38aa58d', '46003790', '5d5de21c', '5d5de21c', '5d5de21c']"
blk_-8303241105526463164,"['3d91fa85', 'bbb51b95', 'bbb51b95', 'bbb51b95', '5d5de21c', '5d5de21c', 'd38aa58d', '46003790', 'd38aa58d', '46003790', 'd38aa58d', '46003790', '5d5de21c']"
blk_-4245615280653846556,"['bbb51b95', 'bbb51b95', '3d91fa85', 'bbb51b95', 'd38aa58d', '46003790', 'd38aa58d', '46003790', 'd38aa58d', '46003790', '5d5de21c', '5d5de21c', '5d5de21c']"
blk_-5026740872646534420,"['bbb51b95', '3d91fa85', 'bbb51b95', 'bbb51b95', 'd38aa58d', '46003790', 'd38aa58d', '46003790', 'd38aa58d', '46003790', '5d5de21c', '5d5de21c', '5d5de21c']"
blk_7331379294771854067,"['3d91fa85', 'bbb51b95', 'bbb51b95', 'bbb51b95', 'd38aa58d', '46003790', 'd38aa58d', '46003790', 'd38aa58d', '46003790', '5d5de21c', '5d5de21c', '5d5de21c']"
blk_-3124697329892614995,"['3d91fa85', 'bbb51b95', 'bbb51b95', 'bbb51b95', '5d5de21c', 'd38aa58d', '46003790', '5d5de21c', '5d5de21c', 'd38aa58d', '46003790', 'd38aa58d', '46003790']"
blk_-3287388878039662306,"['3d91fa85', 'bbb51b95', 'bbb51b95', 'bbb51b95', '5d5de21c', '5d5de21c', '5d5de21c', 'd38aa58d', '46003790', 'd38aa58d', '46003790', 'd38aa58d', '46003790']"
blk_-4931258961101221580,"['bbb51b95', 'bbb51b95', 'bbb51b95', '3d91fa85', 'd38aa58d', '46003790', 'd38aa58d', '46003790', 'd38aa58d', '46003790', '5d5de21c', '5d5de21c', '5d5de21c']"
blk_-8085358368199404198,"['bbb51b95', 'bbb51b95', '3d91fa85', 'bbb51b95', '46003790', 'd38aa58d', '46003790', 'd38aa58d', 'd38aa58d', '46003790', '5d5de21c', '5d5de21c', '5d5de21c']"
blk_7962610305998929412,"['3d91fa85', 'bbb51b95', 'bbb51b95', 'bbb51b95', '5d5de21c', '46003790', 'd38aa58d', '46003790', '5d5de21c', 'd38aa58d', '46003790', 'd38aa58d', '5d5de21c', 'a333d363', '4dec0816', 'a333d363']"
blk_-7887977429342726739,"['3d91fa85', 'bbb51b95', 'bbb51b95', 'bbb51b95', '5d5de21c', '5d5de21c', '5d5de21c', 'd38aa58d', '46003790', 'd38aa58d', '46003790', 'd38aa58d', '46003790', 'a333d363', '4dec0816', '32777b38']"
blk_-4730669433476920585,"['bbb51b95', 'bbb51b95', 'bbb51b95', '3d91fa85', 'd38aa58d', '46003790', 'd38aa58d', '46003790', 'd38aa58d', '46003790', '5d5de21c', '5d5de21c', '5d5de21c']"
blk_-7521304467169747541,"['bbb51b95', '3d91fa85', 'bbb51b95', 'bbb51b95', 'd38aa58d', '46003790', 'd38aa58d', '46003790', '5d5de21c', 'd38aa58d', '46003790', '5d5de21c', '5d5de21c']"
blk_9037214016430572685,"['bbb51b95', '3d91fa85', 'bbb51b95', 'bbb51b95', 'd38aa58d', '46003790', 'd38aa58d', '46003790', '46003790', 'd38aa58d', '5d5de21c', '5d5de21c', '5d5de21c']"
blk_5201024541026493210,"['bbb51b95', 'bbb51b95', '3d91fa85', 'bbb51b95', 'd38aa58d', '46003790', 'd38aa58d', '46003790', 'd38aa58d', '46003790', '5d5de21c', '5d5de21c', '5d5de21c']"
blk_-2181696308869722923,"['bbb51b95', 'bbb51b95', '3d91fa85', 'bbb51b95', 'd38aa58d', '46003790', 'd38aa58d', '46003790', 'd38aa58d', '46003790', '5d5de21c', '5d5de21c', '5d5de21c', '32777b38']"
blk_-1191628299378693246,"['3d91fa85', 'bbb51b95', 'bbb51b95', 'bbb51b95', '5d5de21c', '5d5de21c', '5d5de21c', 'd38aa58d', '46003790', 'd38aa58d', '46003790', 'd38aa58d', '46003790']"
blk_4685513305314624505,"['bbb51b95', 'bbb51b95', 'bbb51b95', '3d91fa85', 'd38aa58d', '46003790', 'd38aa58d', '46003790', '5d5de21c', '5d5de21c', 'd38aa58d', '46003790', '5d5de21c']"
blk_-2973067169911903110,"['bbb51b95', '3d91fa85', 'bbb51b95', 'bbb51b95', 'd38aa58d', '46003790', '46003790', '5d5de21c', '5d5de21c', 'd38aa58d', 'd38aa58d', '46003790', '5d5de21c', 'a333d363']"
blk_9204111515530197161,"['bbb51b95', '3d91fa85', 'bbb51b95', 'bbb51b95', 'd38aa58d', '46003790', 'd38aa58d', '46003790', 'd38aa58d', '46003790', '5d5de21c', '5d5de21c', '5d5de21c']"
blk_3879265402970844577,"['bbb51b95', 'bbb51b95', 'bbb51b95', '3d91fa85', 'd38aa58d', 'd38aa58d', '46003790', '46003790', 'd38aa58d', '46003790', '5d5de21c', '5d5de21c', '5d5de21c', 'a333d363', '4dec0816']"
blk_3698007477652885022,"['bbb51b95', '3d91fa85', 'bbb51b95', 'bbb51b95', 'd38aa58d', '46003790', 'd38aa58d', '46003790', 'd38aa58d', '46003790', '5d5de21c', '5d5de21c', '5d5de21c']"
blk_1984921014166198380,"['bbb51b95', '3d91fa85', 'bbb51b95', 'bbb51b95', 'd38aa58d', '46003790', 'd38aa58d', '46003790', 'd38aa58d', '46003790', '5d5de21c', '5d5de21c', '5d5de21c']"
blk_-2413924870830373005,"['3d91fa85', 'bbb51b95', 'bbb51b95', 'bbb51b95', '5d5de21c', '5d5de21c', '5d5de21c', 'd38aa58d', '46003790', 'd38aa58d', '46003790', 'd38aa58d', '46003790']"
blk_-7375264996059949351,"['bbb51b95', 'bbb51b95', '3d91fa85', 'bbb51b95', 'd38aa58d', '46003790', '5d5de21c', '46003790', 'd38aa58d', '46003790', 'd38aa58d', '5d5de21c', '5d5de21c', 'a333d363']"
blk_8277088206439515584,"['bbb51b95', '3d91fa85', 'bbb51b95', 'bbb51b95', 'd38aa58d', '46003790', 'd38aa58d', '46003790', 'd38aa58d', '46003790', '5d5de21c', '5d5de21c', '5d5de21c']"
blk_5499310512715939520,"['3d91fa85', 'bbb51b95', 'bbb51b95', 'bbb51b95', '5d5de21c', '5d5de21c', 'd38aa58d', '46003790', 'd38aa58d', '46003790', 'd38aa58d', '46003790', '5d5de21c']"
blk_-8515113585876695879,"['bbb51b95', 'bbb51b95', '3d91fa85', 'bbb51b95', 'd38aa58d', '46003790', 'd38aa58d', '46003790', 'd38aa58d', '46003790', '5d5de21c', '5d5de21c', '5d5de21c', '32777b38', '32777b38', '32777b38', 'a333d363', 'a333d363', '4dec0816', 'a333d363', 'a333d363', 'a333d363', 'a333d363', 'a333d363', 'a333d363', 'a333d363', 'a333d363', 'a333d363', 'a333d363', 'a333d363', 'a333d363', 'a333d363']"
blk_751924953788510230,"['bbb51b95', 'bbb51b95', '3d91fa85', 'bbb51b95', 'd38aa58d', '46003790', 'd38aa58d', '46003790', 'd38aa58d', '46003790', '5d5de21c', '5d5de21c', '5d5de21c', 'd63ef163', 'd63ef163', 'd63ef163', 'dba996ef', 'dba996ef', 'dba996ef']"
blk_7356273763952865458,"['bbb51b95', 'bbb51b95', '3d91fa85', 'bbb51b95', 'd38aa58d', '46003790', 'd38aa58d', '46003790', 'd38aa58d', '46003790', '5d5de21c', '5d5de21c', '5d5de21c']"
blk_382576182092615890,"['bbb51b95', '3d91fa85', 'bbb51b95', 'bbb51b95', 'd38aa58d', '46003790', 'd38aa58d', '46003790', 'd38aa58d', '46003790', '5d5de21c', '5d5de21c', '5d5de21c', '32777b38']"
blk_-2099940905348138633,"['bbb51b95', 'bbb51b95', '3d91fa85', 'bbb51b95', 'd38aa58d', '46003790', 'd38aa58d', '46003790', 'd38aa58d', '46003790', '5d5de21c', '5d5de21c', '5d5de21c']"
blk_3693571847845762792,"['bbb51b95', 'bbb51b95', 'bbb51b95', '3d91fa85', 'd38aa58d', '46003790', 'd38aa58d', '46003790', 'd38aa58d', '46003790', '5d5de21c', '5d5de21c', '5d5de21c']"
blk_-5024008320507499396,"['bbb51b95', 'bbb51b95', 'bbb51b95', '3d91fa85', 'd38aa58d', '46003790', 'd38aa58d', '46003790', 'd38aa58d', '46003790', '5d5de21c', '5d5de21c', '5d5de21c']"
blk_-8599286760869762976,"['bbb51b95', 'bbb51b95', 'bbb51b95', '3d91fa85', '46003790', 'd38aa58d', '46003790', '5d5de21c', '5d5de21c', 'd38aa58d', 'd38aa58d', '46003790', '5d5de21c']"
blk_-1727475099218615100,"['3d91fa85', 'bbb51b95', 'bbb51b95', 'bbb51b95', '5d5de21c', '5d5de21c', 'd38aa58d', '46003790', 'd38aa58d', '46003790', '5d5de21c', 'd38aa58d', '46003790']"
blk_-7246126987604544950,"['bbb51b95', 'bbb51b95', 'bbb51b95', '3d91fa85', '46003790', 'd38aa58d', '46003790', 'd38aa58d', '46003790', 'd38aa58d', '5d5de21c', '5d5de21c', '5d5de21c']"
blk_4464656351997044950,"['3d91fa85', 'bbb51b95', 'bbb51b95', 'bbb51b95', '5d5de21c', '5d5de21c', '5d5de21c', 'd38aa58d', '46003790', 'd38aa58d', '46003790', 'd38aa58d', '46003790']"
blk_-4943744746033810777,"['3d91fa85', 'bbb51b95', 'bbb51b95', 'bbb51b95', 'd38aa58d', '46003790', '5d5de21c', 'd38aa58d', '46003790', 'd38aa58d', '46003790', '5d5de21c', '5d5de21c', 'd63ef163', 'd63ef163', 'd63ef163', 'dba996ef', 'dba996ef', 'dba996ef']"
blk_2689014683808259029,"['bbb51b95', 'bbb51b95', 'bbb51b95', '3d91fa85', 'd38aa58d', '46003790', 'd38aa58d', '46003790', 'd38aa58d', '46003790', '5d5de21c', '5d5de21c', '5d5de21c', '32777b38', '32777b38', '32777b38', 'a333d363']"
blk_4109646605990343616,"['3d91fa85', 'bbb51b95', 'bbb51b95', 'bbb51b95', '5d5de21c', 'd38aa58d', '46003790', '5d5de21c', 'd38aa58d', '46003790', 'd38aa58d', '46003790', '5d5de21c']"
blk_-7789684131287443051,"['3d91fa85', 'bbb51b95', 'bbb51b95', 'bbb51b95', '5d5de21c', '5d5de21c', 'd38aa58d', '46003790', 'd38aa58d', '46003790', '5d5de21c', 'd38aa58d', '46003790', 'a333d363']"
blk_7053248706786111116,"['bbb51b95', 'bbb51b95', 'bbb51b95', '3d91fa85', 'd38aa58d', '46003790', 'd38aa58d', '46003790', 'd38aa58d', '46003790', '5d5de21c', '5d5de21c', '5d5de21c', '4dec0816']"
blk_8144801855471900588,"['bbb51b95', '3d91fa85', 'bbb51b95', 'bbb51b95', 'd38aa58d', '46003790', 'd38aa58d', '46003790', 'd38aa58d', '46003790', '5d5de21c', '5d5de21c', '5d5de21c']"
blk_1504840705522378620,"['bbb51b95', 'bbb51b95', '3d91fa85', 'bbb51b95', 'd38aa58d', '46003790', 'd38aa58d', '46003790', '5d5de21c', '5d5de21c', 'd38aa58d', '46003790', '5d5de21c', 'a333d363']"
blk_3164231179286307724,"['3d91fa85', 'bbb51b95', 'bbb51b95', 'bbb51b95', '5d5de21c', '5d5de21c', '5d5de21c', 'd38aa58d', '46003790', 'd38aa58d', '46003790', 'd38aa58d', '46003790']"
blk_2683008806859931316,"['bbb51b95', '3d91fa85', 'bbb51b95', 'bbb51b95', '5d5de21c', '5d5de21c', 'd38aa58d', '46003790', 'd38aa58d', '46003790', 'd38aa58d', '46003790', '5d5de21c']"
blk_-7707385114143923475,"['bbb51b95', 'bbb51b95', 'bbb51b95', '3d91fa85', 'd38aa58d', '46003790', 'd38aa58d', '46003790', 'd38aa58d', '46003790', '5d5de21c', '5d5de21c', '5d5de21c']"
blk_-3311913607968569002,"['3d91fa85', 'bbb51b95', 'bbb51b95', 'bbb51b95', '5d5de21c', '5d5de21c', 'd38aa58d', '46003790', 'd38aa58d', '46003790', 'd38aa58d', '46003790', '5d5de21c', 'a333d363', '4dec0816']"
blk_5250799105697950499,"['bbb51b95', '3d91fa85', 'bbb51b95', 'bbb51b95', 'd38aa58d', '46003790', 'd38aa58d', '46003790', 'd38aa58d', '46003790', '5d5de21c', '5d5de21c', '5d5de21c', 'a333d363', '4dec0816']"
blk_-2013834151419076306,"['3d91fa85', 'bbb51b95', 'bbb51b95', 'bbb51b95', '5d5de21c', '5d5de21c', '5d5de21c', 'd38aa58d', 'd38aa58d', '46003790', '46003790', 'd38aa58d', '46003790', '32777b38', 'a333d363', '4dec0816', 'a333d363']"
blk_-6146696555169292130,"['bbb51b95', '3d91fa85', 'bbb51b95', 'bbb51b95', 'd38aa58d', '46003790', 'd38aa58d', '46003790', '5d5de21c', 'd38aa58d', '46003790', '5d5de21c', '5d5de21c']"
blk_-7326879742777330616,"['3d91fa85', 'bbb51b95', 'bbb51b95', 'bbb51b95', '5d5de21c', '5d5de21c', 'd38aa58d', '46003790', 'd38aa58d', '46003790', 'd38aa58d', '46003790', '5d5de21c']"
blk_8853183879378355906,"['bbb51b95', 'bbb51b95', 'bbb51b95', '3d91fa85', 'd38aa58d', '46003790', 'd38aa58d', '46003790', 'd38aa58d', '46003790', '5d5de21c', '5d5de21c', '5d5de21c']"
blk_-6069902368771659807,"['bbb51b95', 'bbb51b95', '3d91fa85', 'bbb51b95', 'd38aa58d', '46003790', 'd38aa58d', '46003790', '5d5de21c', '5d5de21c', 'd38aa58d', '46003790', '5d5de21c']"
blk_-1142380172114018973,"['bbb51b95', '3d91fa85', 'bbb51b95', 'bbb51b95', '5d5de21c', 'd38aa58d', '46003790', 'd38aa58d', '46003790', 'd38aa58d', '46003790', '5d5de21c', '5d5de21c']"
blk_-2362516656119844260,"['bbb51b95', 'bbb51b95', 'bbb51b95', '3d91fa85', 'd38aa58d', '46003790', 'd38aa58d', '46003790', '5d5de21c', '5d5de21c', 'd38aa58d', '46003790', '5d5de21c', '4dec0816']"
blk_7271554986070260696,"['3d91fa85', 'bbb51b95', 'bbb51b95', 'bbb51b95', '5d5de21c', '5d5de21c', '5d5de21c', 'd38aa58d', '46003790', 'd38aa58d', '46003790', 'd38aa58d', '46003790']"
blk_-5229449548876402363,"['3d91fa85', 'bbb51b95', 'bbb51b95', 'bbb51b95', 'd38aa58d', '46003790', 'd38aa58d', '46003790', 'd38aa58d', '46003790', '5d5de21c', '5d5de21c', '5d5de21c']"
blk_-9015734004244794264,"['bbb51b95', 'bbb51b95', '3d91fa85', 'bbb51b95', 'd38aa58d', '46003790', 'd38aa58d', '46003790', '5d5de21c', '5d5de21c', 'd38aa58d', '46003790', '5d5de21c']"
blk_1971526225557488181,"['bbb51b95', '3d91fa85', 'bbb51b95', 'bbb51b95', 'd38aa58d', '46003790', 'd38aa58d', '46003790', '5d5de21c', '5d5de21c', 'd38aa58d', '46003790', '5d5de21c']"
blk_7670301850802517163,"['3d91fa85', 'bbb51b95', 'bbb51b95', 'bbb51b95', '5d5de21c', '5d5de21c', '5d5de21c', 'd38aa58d', '46003790', 'd38aa58d', '46003790', 'd38aa58d', '46003790']"
blk_-7104236560526667126,"['3d91fa85', 'bbb51b95', 'bbb51b95', 'bbb51b95', '5d5de21c', '5d5de21c', 'd38aa58d', '46003790', 'd38aa58d', 'd38aa58d', '46003790', '46003790', '5d5de21c', 'a333d363', '4dec0816']"
blk_7085744343046320697,"['bbb51b95', 'bbb51b95', '3d91fa85', 'bbb51b95', 'd38aa58d', '46003790', 'd38aa58d', '46003790', 'd38aa58d', '46003790', '5d5de21c', '5d5de21c', '5d5de21c']"
blk_-2694517257508215180,"['bbb51b95', '3d91fa85', 'bbb51b95', 'bbb51b95', 'd38aa58d', '46003790', 'd38aa58d', '46003790', 'd38aa58d', '46003790', '5d5de21c', '5d5de21c', '5d5de21c']"
blk_6251091593417541695,"['3d91fa85', 'bbb51b95', 'bbb51b95', 'bbb51b95', '5d5de21c', '5d5de21c', '5d5de21c', 'd38aa58d', '46003790', 'd38aa58d', '46003790', 'd38aa58d', '46003790', '4dec0816']"
blk_4176244954255092218,"['3d91fa85', 'bbb51b95', 'bbb51b95', 'bbb51b95', '5d5de21c', '5d5de21c', '5d5de21c', 'd38aa58d', '46003790', 'd38aa58d', '46003790', 'd38aa58d', '46003790']"
blk_-3250143774800168960,"['bbb51b95', '3d91fa85', 'bbb51b95', 'bbb51b95', 'd38aa58d', '46003790', '5d5de21c', 'd38aa58d', '46003790', 'd38aa58d', '46003790', '5d5de21c', '5d5de21c']"
blk_7347044743133167135,"['bbb51b95', '3d91fa85', 'bbb51b95', 'bbb51b95', '46003790', 'd38aa58d', '46003790', 'd38aa58d', '46003790', '5d5de21c', '5d5de21c', 'd38aa58d', '5d5de21c']"
blk_9086280829528643397,"['bbb51b95', 'bbb51b95', 'bbb51b95', '3d91fa85', 'd38aa58d', '46003790', 'd38aa58d', '46003790', 'd38aa58d', '46003790', '5d5de21c', '5d5de21c', '5d5de21c']"
blk_-4779065823466843263,"['bbb51b95', 'bbb51b95', 'bbb51b95', '3d91fa85', 'd38aa58d', '46003790', 'd38aa58d', '46003790', 'd38aa58d', '46003790', '5d5de21c', '5d5de21c', '5d5de21c', 'd63ef163', 'd63ef163', 'd63ef163', 'dba996ef', 'dba996ef', 'dba996ef']"
blk_-8936641196136228355,"['bbb51b95', 'bbb51b95', 'bbb51b95', '3d91fa85', 'd38aa58d', '46003790', 'd38aa58d', '46003790', 'd38aa58d', '46003790', '5d5de21c', '5d5de21c', '5d5de21c', 'a333d363']"
blk_703580976536939150,"['bbb51b95', 'bbb51b95', 'bbb51b95', '3d91fa85', 'd38aa58d', '46003790', 'd38aa58d', '46003790', 'd38aa58d', '46003790', '5d5de21c', '5d5de21c', '5d5de21c']"
blk_1691202724234177683,"['bbb51b95', 'bbb51b95', 'bbb51b95', '3d91fa85', 'd38aa58d', '46003790', 'd38aa58d', '46003790', 'd38aa58d', '46003790', '5d5de21c', '5d5de21c', '5d5de21c']"
blk_-3868834856166301500,"['3d91fa85', 'bbb51b95', 'bbb51b95', 'bbb51b95', '5d5de21c', '5d5de21c', '5d5de21c', 'd38aa58d', '46003790', 'd38aa58d', '46003790', 'd38aa58d', '46003790']"
blk_5890269539474150625,"['bbb51b95', 'bbb51b95', 'bbb51b95', '3d91fa85', 'd38aa58d', '46003790', 'd38aa58d', 'd38aa58d', '46003790', '46003790', '5d5de21c', '5d5de21c', '5d5de21c']"
blk_8504626834956421168,"['bbb51b95', '3d91fa85', 'bbb51b95', 'bbb51b95', 'd38aa58d', '46003790', 'd38aa58d', '46003790', 'd38aa58d', '46003790', '5d5de21c', '5d5de21c', '5d5de21c']"
blk_3065730523128255672,"['3d91fa85', 'bbb51b95', 'bbb51b95', 'bbb51b95', '5d5de21c', '5d5de21c', '46003790', 'd38aa58d', '46003790', '5d5de21c', 'd38aa58d', 'd38aa58d', '46003790']"
blk_-6981700964516010047,"['bbb51b95', '3d91fa85', 'bbb51b95', 'bbb51b95', 'd38aa58d', '46003790', '5d5de21c', 'd38aa58d', '46003790', 'd38aa58d', '46003790', '5d5de21c', '5d5de21c', '32777b38']"
blk_-1588416394692834101,"['3d91fa85', 'bbb51b95', 'bbb51b95', 'bbb51b95', '5d5de21c', '5d5de21c', '5d5de21c', 'd38aa58d', '46003790', 'd38aa58d', '46003790', 'd38aa58d', '46003790']"
blk_-536672165145742695,"['3d91fa85', 'bbb51b95', 'bbb51b95', 'bbb51b95', '5d5de21c', 'd38aa58d', '46003790', 'd38aa58d', '46003790', 'd38aa58d', '46003790', '5d5de21c', '5d5de21c']"
blk_-1104018361361325945,"['bbb51b95', '3d91fa85', 'bbb51b95', 'bbb51b95', 'd38aa58d', '46003790', 'd38aa58d', 'd38aa58d', '46003790', '46003790', '5d5de21c', '5d5de21c', '5d5de21c', '32777b38', '32777b38', '32777b38']"
blk_-8152463073954263952,"['bbb51b95', 'bbb51b95', 'bbb51b95', '3d91fa85', 'd38aa58d', '46003790', 'd38aa58d', '46003790', 'd38aa58d', '46003790', '5d5de21c', '5d5de21c', '5d5de21c', '32777b38', '32777b38', '32777b38']"
blk_-2540604865556279367,"['3d91fa85', 'bbb51b95', 'bbb51b95', 'bbb51b95', '5d5de21c', '5d5de21c', 'd38aa58d', '46003790', 'd38aa58d', '46003790', 'd38aa58d', '46003790', '5d5de21c']"
blk_7002171903132402142,"['3d91fa85', 'bbb51b95', 'bbb51b95', 'bbb51b95', '5d5de21c', '5d5de21c', '5d5de21c', 'd38aa58d', '46003790', 'd38aa58d', '46003790', 'd38aa58d', '46003790']"
blk_8233971965306062048,"['bbb51b95', 'bbb51b95', '3d91fa85', 'bbb51b95', 'd38aa58d', '46003790', 'd38aa58d', '46003790', 'd38aa58d', '46003790', '5d5de21c', '5d5de21c', '5d5de21c']"
blk_-8936293941836000114,"['bbb51b95', 'bbb51b95', '3d91fa85', 'bbb51b95', 'd38aa58d', '46003790', '5d5de21c', 'd38aa58d', '46003790', 'd38aa58d', '46003790', '5d5de21c', '5d5de21c', '4dec0816']"
blk_-868453012854818007,"['3d91fa85', 'bbb51b95', 'bbb51b95', 'bbb51b95', '5d5de21c', '5d5de21c', '5d5de21c', 'd38aa58d', '46003790', 'd38aa58d', '46003790', 'd38aa58d', '46003790', 'a333d363']"
blk_-8073364566673516708,"['bbb51b95', 'bbb51b95', 'bbb51b95', '3d91fa85', 'd38aa58d', '46003790', 'd38aa58d', '46003790', 'd38aa58d', '46003790', '5d5de21c', '5d5de21c', '5d5de21c']"
blk_3245194845343597758,"['bbb51b95', '3d91fa85', 'bbb51b95', 'bbb51b95', '5d5de21c', '5d5de21c', 'd38aa58d', '46003790', 'd38aa58d', '46003790', 'd38aa58d', '46003790', '5d5de21c']"
blk_-552990259920028948,"['bbb51b95', '3d91fa85', 'bbb51b95', 'bbb51b95', 'd38aa58d', '46003790', 'd38aa58d', '46003790', 'd38aa58d', '46003790', '5d5de21c', '5d5de21c', '5d5de21c', 'd63ef163', 'd63ef163', 'd63ef163', 'dba996ef', 'dba996ef', 'dba996ef']"
blk_7396952390046568291,"['bbb51b95', '3d91fa85', 'bbb51b95', 'bbb51b95', 'd38aa58d', '46003790', '5d5de21c', '5d5de21c', 'd38aa58d', '46003790', 'd38aa58d', '46003790', '5d5de21c']"
blk_-3583405594673268677,"['3d91fa85', 'bbb51b95', 'bbb51b95', 'bbb51b95', '5d5de21c', '5d5de21c', '5d5de21c', 'd38aa58d', '46003790', 'd38aa58d', '46003790', 'd38aa58d', '46003790']"
blk_4296250908630361000,"['bbb51b95', '3d91fa85', 'bbb51b95', 'bbb51b95', 'd38aa58d', '46003790', 'd38aa58d', '46003790', 'd38aa58d', '46003790', '5d5de21c', '5d5de21c', '5d5de21c']"
blk_6750522513921842887,"['bbb51b95', 'bbb51b95', '3d91fa85', 'bbb51b95', 'd38aa58d', '46003790', 'd38aa58d', '46003790', 'd38aa58d', '46003790', '5d5de21c', '5d5de21c', '5d5de21c', '32777b38']"
blk_4300011426875444940,"['3d91fa85', 'bbb51b95', 'bbb51b95', 'bbb51b95', '5d5de21c', '5d5de21c', 'd38aa58d', '46003790', '5d5de21c', 'd38aa58d', '46003790', 'd38aa58d', '46003790', 'a333d363', '4dec0816', 'a333d363']"
blk_-4130675492737482843,"['bbb51b95', 'bbb51b95', '3d91fa85', 'bbb51b95', 'd38aa58d', '46003790', 'd38aa58d', '46003790', 'd38aa58d', '46003790', '5d5de21c', '5d5de21c', '5d5de21c']"
blk_-3214701566886479003,"['3d91fa85', 'bbb51b95', 'bbb51b95', 'bbb51b95', 'd38aa58d', '46003790', '5d5de21c', '5d5de21c', 'd38aa58d', '46003790', 'd38aa58d', '46003790', '5d5de21c', 'a333d363', 'a333d363', '4dec0816']"
blk_4300363728806508305,"['3d91fa85', 'bbb51b95', 'bbb51b95', 'bbb51b95', '5d5de21c', '5d5de21c', '5d5de21c', 'd38aa58d', '46003790', 'd38aa58d', '46003790', 'd38aa58d', '46003790']"
blk_-6118708449788908728,"['bbb51b95', 'bbb51b95', 'bbb51b95', '3d91fa85', 'd38aa58d', '46003790', 'd38aa58d', '46003790', 'd38aa58d', '46003790', '5d5de21c', '5d5de21c', '5d5de21c', '32777b38', '32777b38']"
blk_-8459613598914928466,"['bbb51b95', '3d91fa85', 'bbb51b95', 'bbb51b95', 'd38aa58d', '46003790', 'd38aa58d', '46003790', 'd38aa58d', '46003790', '5d5de21c', '5d5de21c', '5d5de21c']"
blk_-3613166739096169547,"['bbb51b95', 'bbb51b95', 'bbb51b95', '3d91fa85', 'd38aa58d', '46003790', 'd38aa58d', '46003790', 'd38aa58d', '46003790', '5d5de21c', '5d5de21c', '5d5de21c']"
blk_-946074340621886424,"['bbb51b95', 'bbb51b95', '3d91fa85', 'bbb51b95', 'd38aa58d', '46003790', 'd38aa58d', '46003790', '5d5de21c', '5d5de21c', 'd38aa58d', '46003790', '5d5de21c']"
blk_8467551259504391461,"['bbb51b95', '3d91fa85', 'bbb51b95', 'bbb51b95', 'd38aa58d', '46003790', 'd38aa58d', '46003790', 'd38aa58d', '46003790', '5d5de21c', '5d5de21c', '5d5de21c', 'a333d363', '4dec0816']"
blk_-5578499172925368397,"['bbb51b95', 'bbb51b95', 'bbb51b95', '3d91fa85', 'd38aa58d', '46003790', 'd38aa58d', '46003790', 'd38aa58d', '46003790', '5d5de21c', '5d5de21c', '5d5de21c']"
blk_-3357516003606132687,"['3d91fa85', 'bbb51b95', 'bbb51b95', 'bbb51b95', '5d5de21c', 'd38aa58d', '46003790', 'd38aa58d', '46003790', 'd38aa58d', '46003790', '5d5de21c', '5d5de21c']"
blk_-5821836493987801530,"['bbb51b95', 'bbb51b95', '3d91fa85', 'bbb51b95', 'd38aa58d', 'd38aa58d', '46003790', '46003790', 'd38aa58d', '46003790', '5d5de21c', '5d5de21c', '5d5de21c']"
blk_-2169872482955105301,"['3d91fa85', 'bbb51b95', 'bbb51b95', 'bbb51b95', '5d5de21c', '5d5de21c', 'd38aa58d', '46003790', 'd38aa58d', '46003790', '5d5de21c', 'd38aa58d', '46003790']"
blk_5028049152715674565,"['bbb51b95', 'bbb51b95', '3d91fa85', 'bbb51b95', 'd38aa58d', '46003790', 'd38aa58d', '46003790', 'd38aa58d', '46003790', '5d5de21c', '5d5de21c', '5d5de21c', 'd63ef163', 'd63ef163', 'd63ef163', 'dba996ef', 'dba996ef', 'dba996ef']"
blk_-381308723328258962,"['bbb51b95', 'bbb51b95', 'bbb51b95', '3d91fa85', 'd38aa58d', '46003790', 'd38aa58d', 'd38aa58d', '46003790', '46003790', '5d5de21c', '5d5de21c', '5d5de21c', '4dec0816']"
blk_8210147243632788438,"['bbb51b95', '3d91fa85', 'bbb51b95', 'bbb51b95', 'd38aa58d', '46003790', 'd38aa58d', '46003790', 'd38aa58d', '46003790', '5d5de21c', '5d5de21c', '5d5de21c', 'a333d363']"
blk_91536186924338661,"['bbb51b95', 'bbb51b95', '3d91fa85', 'bbb51b95', '46003790', '5d5de21c', 'd38aa58d', 'd38aa58d', '46003790', 'd38aa58d', '46003790', '5d5de21c', '5d5de21c']"
blk_-1516649645186031170,"['bbb51b95', 'bbb51b95', '3d91fa85', 'bbb51b95', 'd38aa58d', '46003790', 'd38aa58d', '46003790', 'd38aa58d', '46003790', '5d5de21c', '5d5de21c', '5d5de21c']"
blk_-7292528364146868022,"['bbb51b95', 'bbb51b95', 'bbb51b95', '3d91fa85', 'd38aa58d', '46003790', 'd38aa58d', '46003790', '5d5de21c', '5d5de21c', 'd38aa58d', '46003790', '5d5de21c']"
blk_-2452869049009213649,"['bbb51b95', 'bbb51b95', '3d91fa85', 'bbb51b95', 'd38aa58d', 'd38aa58d', '46003790', '46003790', 'd38aa58d', '46003790', '5d5de21c', '5d5de21c', '5d5de21c']"
blk_4579038386770247323,"['bbb51b95', '3d91fa85', 'bbb51b95', 'bbb51b95', 'd38aa58d', '46003790', 'd38aa58d', '46003790', 'd38aa58d', '46003790', '5d5de21c', '5d5de21c', '5d5de21c']"
blk_6582495150279918760,"['bbb51b95', '3d91fa85', 'bbb51b95', 'bbb51b95', 'd38aa58d', '46003790', 'd38aa58d', '46003790', 'd38aa58d', '46003790', '5d5de21c', '5d5de21c', '5d5de21c']"
blk_2871481111143142654,"['bbb51b95', 'bbb51b95', '3d91fa85', 'bbb51b95', 'd38aa58d', '46003790', 'd38aa58d', '46003790', '5d5de21c', '5d5de21c', 'd38aa58d', '46003790', '5d5de21c']"
blk_8864098819492136084,"['bbb51b95', 'bbb51b95', 'bbb51b95', '3d91fa85', 'd38aa58d', '46003790', 'd38aa58d', '46003790', 'd38aa58d', '46003790', '5d5de21c', '5d5de21c', '5d5de21c']"
blk_-6054552351578637309,"['bbb51b95', 'bbb51b95', 'bbb51b95', '3d91fa85', 'd38aa58d', '46003790', 'd38aa58d', '46003790', '5d5de21c', 'd38aa58d', '46003790', '5d5de21c', '5d5de21c']"
blk_3515563089334265983,"['bbb51b95', '3d91fa85', 'bbb51b95', 'bbb51b95', 'd38aa58d', '46003790', 'd38aa58d', '46003790', 'd38aa58d', '46003790', '5d5de21c', '5d5de21c', '5d5de21c', 'a333d363', '4dec0816']"
blk_50132979773337670,"['bbb51b95', '3d91fa85', 'bbb51b95', 'bbb51b95', 'd38aa58d', '46003790', 'd38aa58d', '46003790', '5d5de21c', '5d5de21c', 'd38aa58d', '46003790', '5d5de21c']"
blk_8468683408869894154,"['bbb51b95', 'bbb51b95', 'bbb51b95', '3d91fa85', 'd38aa58d', '46003790', 'd38aa58d', '46003790', 'd38aa58d', '46003790', '5d5de21c', '5d5de21c', '5d5de21c']"
blk_-4941993267518185055,"['bbb51b95', 'bbb51b95', 'bbb51b95', '3d91fa85', 'd38aa58d', '46003790', '5d5de21c', 'd38aa58d', '46003790', 'd38aa58d', '46003790', '5d5de21c', '5d5de21c']"
blk_-5035092030590508599,"['3d91fa85', 'bbb51b95', 'bbb51b95', 'bbb51b95', '5d5de21c', 'd38aa58d', '46003790', '5d5de21c', '5d5de21c', 'd38aa58d', '46003790', 'd38aa58d', '46003790']"
blk_3776579722197291032,"['bbb51b95', '3d91fa85', 'bbb51b95', 'bbb51b95', 'd38aa58d', '46003790', '5d5de21c', 'd38aa58d', '46003790', 'd38aa58d', '46003790', '5d5de21c', '5d5de21c']"
blk_148681197422577179,"['bbb51b95', 'bbb51b95', 'bbb51b95', '3d91fa85', 'd38aa58d', '46003790', 'd38aa58d', '46003790', '5d5de21c', '5d5de21c', 'd38aa58d', '46003790', '5d5de21c']"
blk_8562367880489680807,"['3d91fa85', 'bbb51b95', 'bbb51b95', 'bbb51b95', 'd38aa58d', '46003790', '5d5de21c', '5d5de21c', 'd38aa58d', '46003790', 'd38aa58d', '46003790', '5d5de21c', '32777b38']"
blk_-3167122786602129648,"['bbb51b95', '3d91fa85', 'bbb51b95', 'bbb51b95', 'd38aa58d', '46003790', '5d5de21c', 'd38aa58d', '46003790', '46003790', '5d5de21c', 'd38aa58d', '5d5de21c']"
blk_6316884937927187000,"['bbb51b95', '3d91fa85', 'bbb51b95', 'bbb51b95', 'd38aa58d', '46003790', 'd38aa58d', '46003790', 'd38aa58d', '46003790', '5d5de21c', '5d5de21c', '5d5de21c', '32777b38']"
blk_6104005062123539857,"['bbb51b95', 'bbb51b95', '3d91fa85', 'bbb51b95', 'd38aa58d', '46003790', 'd38aa58d', '46003790', '5d5de21c', '5d5de21c', 'd38aa58d', '46003790', '5d5de21c', '32777b38', 'a333d363', '4dec0816', 'a333d363']"
blk_3723286571117189575,"['bbb51b95', 'bbb51b95', 'bbb51b95', '3d91fa85', 'd38aa58d', '46003790', 'd38aa58d', '46003790', 'd38aa58d', '46003790', '5d5de21c', '5d5de21c', '5d5de21c', 'a333d363', '4dec0816']"
blk_-9068291756553937479,"['bbb51b95', 'bbb51b95', 'bbb51b95', '3d91fa85', 'd38aa58d', '46003790', 'd38aa58d', '46003790', 'd38aa58d', '46003790', '5d5de21c', '5d5de21c', '5d5de21c']"
blk_-37172259869184981,"['3d91fa85', 'bbb51b95', 'bbb51b95', 'bbb51b95', 'd38aa58d', '46003790', '5d5de21c', '5d5de21c', '5d5de21c', 'd38aa58d', '46003790', 'd38aa58d', '46003790']"
blk_-6354827001187949582,"['bbb51b95', 'bbb51b95', '3d91fa85', 'bbb51b95', 'd38aa58d', '46003790', 'd38aa58d', '46003790', 'd38aa58d', '46003790', '5d5de21c', '5d5de21c', '5d5de21c']"
blk_-4867939536140140774,"['3d91fa85', 'bbb51b95', 'bbb51b95', 'bbb51b95', 'd38aa58d', '46003790', 'd38aa58d', '46003790', 'd38aa58d', '46003790', '5d5de21c', '5d5de21c', '5d5de21c']"
blk_-7996795407558110676,"['bbb51b95', '3d91fa85', 'bbb51b95', 'bbb51b95', 'd38aa58d', '46003790', 'd38aa58d', '46003790', 'd38aa58d', '46003790', '5d5de21c', '5d5de21c', '5d5de21c']"
blk_-6008212789376677736,"['bbb51b95', '3d91fa85', 'bbb51b95', 'bbb51b95', 'd38aa58d', '46003790', '46003790', '5d5de21c', '5d5de21c', 'd38aa58d', '46003790', 'd38aa58d', '5d5de21c', '32777b38', 'a333d363', 'a333d363', '4dec0816']"
blk_-4751855498247297860,"['bbb51b95', '3d91fa85', 'bbb51b95', 'bbb51b95', 'd38aa58d', '46003790', 'd38aa58d', '46003790', 'd38aa58d', '46003790', '5d5de21c', '5d5de21c', '5d5de21c']"
blk_-6023246294107575931,"['3d91fa85', 'bbb51b95', 'bbb51b95', 'bbb51b95', 'd38aa58d', '46003790', 'd38aa58d', '46003790', 'd38aa58d', '46003790', '5d5de21c', '5d5de21c', '5d5de21c']"
blk_-7199733435216834133,"['3d91fa85', 'bbb51b95', 'bbb51b95', 'bbb51b95', '5d5de21c', '5d5de21c', '5d5de21c', 'd38aa58d', 'd38aa58d', '46003790', '46003790', 'd38aa58d', '46003790']"
blk_-6196351053869327026,"['bbb51b95', 'bbb51b95', 'bbb51b95', '3d91fa85', 'd38aa58d', '46003790', '5d5de21c', 'd38aa58d', '46003790', 'd38aa58d', '46003790', '5d5de21c', '5d5de21c']"
blk_-7320589169894277947,"['bbb51b95', '3d91fa85', 'bbb51b95', 'bbb51b95', 'd38aa58d', '46003790', 'd38aa58d', '46003790', 'd38aa58d', '46003790', '5d5de21c', '5d5de21c', '5d5de21c']"
blk_4617768382847255365,"['3d91fa85', 'bbb51b95', 'bbb51b95', 'bbb51b95', 'd38aa58d', '46003790', 'd38aa58d', '46003790', 'd38aa58d', '46003790', '5d5de21c', '5d5de21c', '5d5de21c']"
blk_-883913967265708782,"['bbb51b95', 'bbb51b95', 'bbb51b95', '3d91fa85', 'd38aa58d', '46003790', 'd38aa58d', '46003790', 'd38aa58d', '46003790', '5d5de21c', '5d5de21c', '5d5de21c', '4dec0816']"
blk_-6997571082499489363,"['bbb51b95', '3d91fa85', 'bbb51b95', 'bbb51b95', '46003790', 'd38aa58d', 'd38aa58d', '46003790', '5d5de21c', 'd38aa58d', '46003790', '5d5de21c', '5d5de21c']"
blk_-704209654619746878,"['bbb51b95', 'bbb51b95', 'bbb51b95', '3d91fa85', 'd38aa58d', '46003790', 'd38aa58d', '46003790', 'd38aa58d', '46003790', '5d5de21c', '5d5de21c', '5d5de21c', 'a333d363', '4dec0816']"
blk_4890212412490454074,"['3d91fa85', 'bbb51b95', 'bbb51b95', 'bbb51b95', '5d5de21c', '5d5de21c', 'd38aa58d', '46003790', 'd38aa58d', '46003790', 'd38aa58d', '46003790', '5d5de21c']"
blk_2258740794814057293,"['bbb51b95', 'bbb51b95', '3d91fa85', 'bbb51b95', 'd38aa58d', '46003790', 'd38aa58d', '46003790', 'd38aa58d', '46003790', '5d5de21c', '5d5de21c', '5d5de21c']"
blk_5041586997430107635,"['bbb51b95', 'bbb51b95', 'bbb51b95', '3d91fa85', 'd38aa58d', '46003790', 'd38aa58d', '46003790', '5d5de21c', 'd38aa58d', '46003790', '5d5de21c', '5d5de21c', '32777b38']"
blk_4448155548716095392,"['bbb51b95', '3d91fa85', 'bbb51b95', 'bbb51b95', 'd38aa58d', '46003790', 'd38aa58d', '46003790', '5d5de21c', 'd38aa58d', '46003790', '5d5de21c', '5d5de21c']"
blk_-1787747917999809597,"['3d91fa85', 'bbb51b95', 'bbb51b95', 'bbb51b95', '5d5de21c', '5d5de21c', '5d5de21c', 'd38aa58d', '46003790', 'd38aa58d', '46003790', 'd38aa58d', '46003790']"
blk_-8059891145453838909,"['bbb51b95', '3d91fa85', 'bbb51b95', 'bbb51b95', 'd38aa58d', 'd38aa58d', '46003790', '46003790', 'd38aa58d', '46003790', '5d5de21c', '5d5de21c', '5d5de21c', '32777b38', '32777b38']"
blk_6515610851918239945,"['3d91fa85', 'bbb51b95', 'bbb51b95', 'bbb51b95', '5d5de21c', '5d5de21c', 'd38aa58d', '46003790', 'd38aa58d', '46003790', 'd38aa58d', '46003790', '5d5de21c']"
blk_9153491635574193567,"['bbb51b95', '3d91fa85', 'bbb51b95', 'bbb51b95', 'd38aa58d', '46003790', 'd38aa58d', '46003790', '5d5de21c', 'd38aa58d', '46003790', '5d5de21c', '5d5de21c', '32777b38', 'a333d363', '4dec0816', 'a333d363']"
blk_-6899869435641005946,"['3d91fa85', 'bbb51b95', 'bbb51b95', 'bbb51b95', '5d5de21c', '5d5de21c', 'd38aa58d', '46003790', 'd38aa58d', '46003790', 'd38aa58d', '46003790', '40651754', '728076ac', '5d5de21c', 'bbb51b95', '5d5de21c', '44614d71', '9c784e29', 'dba996ef', 'a333d363', '4dec0816']"
blk_5482664066738060814,"['bbb51b95', 'bbb51b95', '3d91fa85', 'bbb51b95', 'd38aa58d', '46003790', 'd38aa58d', 'd38aa58d', '46003790', '46003790', '5d5de21c', '5d5de21c', '5d5de21c', 'd63ef163', 'd63ef163', 'd63ef163', 'dba996ef', 'dba996ef', 'dba996ef']"
blk_-4498402513787903550,"['bbb51b95', 'bbb51b95', '3d91fa85', 'bbb51b95', 'd38aa58d', '46003790', 'd38aa58d', '46003790', 'd38aa58d', '46003790', '5d5de21c', '5d5de21c', '5d5de21c', '4dec0816']"
blk_4304219605424315718,"['bbb51b95', 'bbb51b95', 'bbb51b95', '3d91fa85', 'd38aa58d', '46003790', 'd38aa58d', '46003790', 'd38aa58d', '46003790', '5d5de21c', '5d5de21c', '5d5de21c']"
blk_-5745768421882383574,"['3d91fa85', 'bbb51b95', 'bbb51b95', 'bbb51b95', '5d5de21c', '5d5de21c', '5d5de21c', 'd38aa58d', '46003790', 'd38aa58d', '46003790', 'd38aa58d', '46003790']"
blk_9201159592028289446,"['bbb51b95', 'bbb51b95', 'bbb51b95', '3d91fa85', 'd38aa58d', '46003790', 'd38aa58d', '46003790', 'd38aa58d', '46003790', '5d5de21c', '5d5de21c', '5d5de21c']"
blk_-8751016199755593048,"['3d91fa85', 'bbb51b95', 'bbb51b95', 'bbb51b95', '5d5de21c', '5d5de21c', '5d5de21c', 'd38aa58d', '46003790', 'd38aa58d', '46003790', 'd38aa58d', '46003790']"
blk_6491024588917274109,"['bbb51b95', 'bbb51b95', '3d91fa85', 'bbb51b95', 'd38aa58d', '46003790', '5d5de21c', 'd38aa58d', '46003790', 'd38aa58d', '46003790', '5d5de21c', '5d5de21c']"
blk_-7724531499315666909,"['bbb51b95', 'bbb51b95', '3d91fa85', 'bbb51b95', 'd38aa58d', '46003790', 'd38aa58d', '46003790', 'd38aa58d', '46003790', '5d5de21c', '5d5de21c', '5d5de21c']"
blk_386192816958249711,"['bbb51b95', '3d91fa85', 'bbb51b95', 'bbb51b95', 'd38aa58d', '46003790', 'd38aa58d', '46003790', '5d5de21c', '5d5de21c', 'd38aa58d', '46003790', '5d5de21c', 'a333d363', '4dec0816']"
blk_132180454030229943,"['bbb51b95', 'bbb51b95', '3d91fa85', 'bbb51b95', 'd38aa58d', '46003790', 'd38aa58d', '46003790', 'd38aa58d', '46003790', '5d5de21c', '5d5de21c', '5d5de21c']"
blk_6295980753226225838,"['3d91fa85', 'bbb51b95', 'bbb51b95', 'bbb51b95', '5d5de21c', '5d5de21c', 'd38aa58d', '46003790', 'd38aa58d', '46003790', 'd38aa58d', '46003790', '5d5de21c']"
blk_-3032748843613875724,"['3d91fa85', 'bbb51b95', 'bbb51b95', 'bbb51b95', 'd38aa58d', 'd38aa58d', '46003790', '46003790', '5d5de21c', '5d5de21c', '5d5de21c', 'd38aa58d', '46003790']"
blk_3349705739066014634,"['bbb51b95', 'bbb51b95', '3d91fa85', 'bbb51b95', 'd38aa58d', '46003790', 'd38aa58d', '46003790', 'd38aa58d', '46003790', '5d5de21c', '5d5de21c', '5d5de21c']"
blk_-8615430214282831397,"['bbb51b95', 'bbb51b95', '3d91fa85', 'bbb51b95', 'd38aa58d', '46003790', 'd38aa58d', '46003790', 'd38aa58d', '46003790', '5d5de21c', '5d5de21c', '5d5de21c']"
blk_2756799797410851893,"['bbb51b95', '3d91fa85', 'bbb51b95', 'bbb51b95', 'd38aa58d', '46003790', 'd38aa58d', '46003790', 'd38aa58d', '46003790', '5d5de21c', '5d5de21c', '5d5de21c']"
blk_5890146161807657166,"['bbb51b95', 'bbb51b95', '3d91fa85', 'bbb51b95', 'd38aa58d', '46003790', 'd38aa58d', '46003790', 'd38aa58d', '46003790', '5d5de21c', '5d5de21c', '5d5de21c', '32777b38', '32777b38', 'a333d363', '4dec0816', 'a333d363']"
blk_5788851919259217533,"['3d91fa85', 'bbb51b95', 'bbb51b95', 'bbb51b95', '5d5de21c', '5d5de21c', '5d5de21c', 'd38aa58d', '46003790', 'd38aa58d', '46003790', 'd38aa58d', '46003790', '32777b38']"
blk_4004900121916549987,"['bbb51b95', 'bbb51b95', '3d91fa85', 'bbb51b95', 'd38aa58d', '46003790', 'd38aa58d', '46003790', '5d5de21c', 'd38aa58d', '46003790', '5d5de21c', '5d5de21c']"
blk_-5049562858460051036,"['bbb51b95', 'bbb51b95', '3d91fa85', 'bbb51b95', 'd38aa58d', '46003790', 'd38aa58d', '46003790', 'd38aa58d', '46003790', '5d5de21c', '5d5de21c', '5d5de21c']"
blk_-7506468743914548135,"['3d91fa85', 'bbb51b95', 'bbb51b95', 'bbb51b95', '5d5de21c', '5d5de21c', '5d5de21c', 'd38aa58d', 'd38aa58d', '46003790', '46003790', 'd38aa58d', '46003790', '4dec0816']"
blk_-584581564135214582,"['bbb51b95', 'bbb51b95', '3d91fa85', 'bbb51b95', '46003790', '5d5de21c', 'd38aa58d', '46003790', 'd38aa58d', '46003790', 'd38aa58d', '5d5de21c', '5d5de21c']"
blk_-3673148213758137267,"['3d91fa85', 'bbb51b95', 'bbb51b95', 'bbb51b95', '5d5de21c', 'd38aa58d', '46003790', 'd38aa58d', '46003790', '5d5de21c', 'd38aa58d', '46003790', '5d5de21c', 'a333d363', '4dec0816', 'a333d363']"
blk_5311805145066622136,"['bbb51b95', 'bbb51b95', 'bbb51b95', '3d91fa85', 'd38aa58d', '46003790', 'd38aa58d', '46003790', 'd38aa58d', '46003790', '5d5de21c', '5d5de21c', '5d5de21c']"
blk_-8791580979062332395,"['3d91fa85', 'bbb51b95', 'bbb51b95', 'bbb51b95', '5d5de21c', '5d5de21c', '5d5de21c', 'd38aa58d', '46003790', 'd38aa58d', '46003790', 'd38aa58d', '46003790']"
blk_-3100776070989966345,"['bbb51b95', '3d91fa85', 'bbb51b95', 'bbb51b95', 'd38aa58d', '46003790', 'd38aa58d', '46003790', 'd38aa58d', '46003790', '5d5de21c', '5d5de21c', '5d5de21c', 'a333d363', '4dec0816']"
blk_-3267753089433661460,"['bbb51b95', 'bbb51b95', '3d91fa85', 'bbb51b95', 'd38aa58d', '46003790', 'd38aa58d', '46003790', 'd38aa58d', '46003790', '5d5de21c', '5d5de21c', '5d5de21c', '4dec0816']"
blk_-4920463665574881031,"['bbb51b95', 'bbb51b95', '3d91fa85', 'bbb51b95', 'd38aa58d', '46003790', 'd38aa58d', '46003790', '5d5de21c', '5d5de21c', 'd38aa58d', '46003790', '5d5de21c']"
blk_1597834766627700305,"['3d91fa85', 'bbb51b95', 'bbb51b95', 'bbb51b95', '5d5de21c', '5d5de21c', '5d5de21c', 'd38aa58d', '46003790', 'd38aa58d', '46003790', 'd38aa58d', '46003790']"
blk_2754803044589649535,"['bbb51b95', 'bbb51b95', '3d91fa85', 'bbb51b95', 'd38aa58d', '46003790', 'd38aa58d', '46003790', 'd38aa58d', '46003790', '5d5de21c', '5d5de21c', '5d5de21c']"
blk_3553980935124928224,"['bbb51b95', 'bbb51b95', '3d91fa85', 'bbb51b95', 'd38aa58d', '46003790', 'd38aa58d', '46003790', 'd38aa58d', '46003790', '5d5de21c', '5d5de21c', '5d5de21c', 'a333d363']"
blk_6636575261312159009,"['3d91fa85', 'bbb51b95', 'bbb51b95', 'bbb51b95', 'd38aa58d', '46003790', 'd38aa58d', '46003790', '5d5de21c', '5d5de21c', '5d5de21c', 'd38aa58d', '46003790', 'a333d363']"
blk_7783792895519994218,"['3d91fa85', 'bbb51b95', 'bbb51b95', 'bbb51b95', '5d5de21c', '5d5de21c', '5d5de21c', 'd38aa58d', '46003790', 'd38aa58d', '46003790', 'd38aa58d', '46003790']"
blk_3229746062677789604,"['3d91fa85', 'bbb51b95', 'bbb51b95', 'bbb51b95', '5d5de21c', '5d5de21c', 'd38aa58d', '46003790', 'd38aa58d', '46003790', '5d5de21c', 'd38aa58d', '46003790', 'a333d363', '4dec0816']"
blk_1943410493526951120,"['3d91fa85', 'bbb51b95', 'bbb51b95', 'bbb51b95', '5d5de21c', '5d5de21c', 'd38aa58d', '46003790', 'd38aa58d', '46003790', 'd38aa58d', '46003790', '5d5de21c', '32777b38']"
blk_236562029153135069,"['5d5de21c', '3d91fa85', '5d5de21c', 'bbb51b95', 'bbb51b95', 'd38aa58d', '46003790', 'bbb51b95', 'd38aa58d', '46003790', '5d5de21c', 'd38aa58d', '46003790', '4dec0816']"
blk_5908370738313451714,"['bbb51b95', '3d91fa85', 'bbb51b95', 'bbb51b95', 'd38aa58d', '46003790', 'd38aa58d', '46003790', 'd38aa58d', '46003790', '5d5de21c', '5d5de21c', '5d5de21c', 'd63ef163', 'd63ef163', 'd63ef163', 'dba996ef', 'dba996ef', 'dba996ef']"
blk_-4383601772854857523,"['bbb51b95', '3d91fa85', 'bbb51b95', 'bbb51b95', 'd38aa58d', '46003790', 'd38aa58d', '46003790', 'd38aa58d', '46003790', '5d5de21c', '5d5de21c', '5d5de21c']"
blk_-1301958769166403335,"['bbb51b95', '3d91fa85', 'bbb51b95', 'bbb51b95', 'd38aa58d', '46003790', 'd38aa58d', '46003790', 'd38aa58d', '46003790', '5d5de21c', '5d5de21c', '5d5de21c']"
blk_7785509495042456296,"['3d91fa85', 'bbb51b95', 'bbb51b95', 'bbb51b95', '5d5de21c', 'd38aa58d', '46003790', '5d5de21c', 'd38aa58d', '46003790', 'd38aa58d', '46003790', '5d5de21c', '32777b38']"
blk_-7555588636257787352,"['bbb51b95', '3d91fa85', 'bbb51b95', 'bbb51b95', 'd38aa58d', '46003790', 'd38aa58d', '46003790', 'd38aa58d', '46003790', '5d5de21c', '5d5de21c', '5d5de21c', 'a333d363', '4dec0816']"
blk_3009511751099129866,"['bbb51b95', '3d91fa85', 'bbb51b95', 'bbb51b95', 'd38aa58d', '46003790', 'd38aa58d', '46003790', '5d5de21c', '5d5de21c', 'd38aa58d', '46003790', '5d5de21c']"
blk_4678099175414732403,"['bbb51b95', '3d91fa85', 'bbb51b95', 'bbb51b95', 'd38aa58d', '46003790', 'd38aa58d', '46003790', 'd38aa58d', '46003790', '5d5de21c', '5d5de21c', '5d5de21c']"
blk_-6510199750435497702,"['3d91fa85', 'bbb51b95', 'bbb51b95', 'bbb51b95', '5d5de21c', '5d5de21c', 'd38aa58d', '46003790', 'd38aa58d', '46003790', '5d5de21c', 'd38aa58d', '46003790']"
blk_-3926049719238990534,"['3d91fa85', 'bbb51b95', 'bbb51b95', 'bbb51b95', '5d5de21c', '5d5de21c', '5d5de21c', 'd38aa58d', '46003790', 'd38aa58d', '46003790', 'd38aa58d', '46003790', '32777b38', 'a333d363', '4dec0816', 'a333d363']"
blk_9159109681911499058,"['bbb51b95', '3d91fa85', 'bbb51b95', 'bbb51b95', 'd38aa58d', '46003790', 'd38aa58d', '46003790', '5d5de21c', '5d5de21c', 'd38aa58d', '46003790', '5d5de21c']"
blk_6624005154010734446,"['bbb51b95', '3d91fa85', 'bbb51b95', 'bbb51b95', 'd38aa58d', '46003790', 'd38aa58d', 'd38aa58d', '46003790', '46003790', '5d5de21c', '5d5de21c', '5d5de21c', 'a333d363', '4dec0816']"
blk_3697634923867409236,"['bbb51b95', 'bbb51b95', 'bbb51b95', '3d91fa85', 'd38aa58d', '46003790', 'd38aa58d', '46003790', 'd38aa58d', '46003790', '5d5de21c', '5d5de21c', '5d5de21c']"
blk_-246026268456613968,"['bbb51b95', 'bbb51b95', 'bbb51b95', '3d91fa85', 'd38aa58d', '46003790', 'd38aa58d', '46003790', 'd38aa58d', '46003790', '5d5de21c', '5d5de21c', '5d5de21c', '32777b38', '32777b38', 'a333d363', 'a333d363', '4dec0816']"
blk_-3782415234611755052,"['bbb51b95', 'bbb51b95', 'bbb51b95', '3d91fa85', 'd38aa58d', '46003790', 'd38aa58d', '46003790', 'd38aa58d', '46003790', '5d5de21c', '5d5de21c', '5d5de21c', '32777b38']"
blk_-8784654630041453041,"['bbb51b95', 'bbb51b95', 'bbb51b95', '3d91fa85', 'd38aa58d', '46003790', 'd38aa58d', '46003790', 'd38aa58d', '46003790', '5d5de21c', '5d5de21c', '5d5de21c']"
blk_-8028130285234165028,"['3d91fa85', 'bbb51b95', 'bbb51b95', 'bbb51b95', '5d5de21c', 'd38aa58d', '46003790', '5d5de21c', 'd38aa58d', '46003790', 'd38aa58d', '46003790', '5d5de21c', '32777b38', '32777b38']"
blk_-6240402736101243518,"['3d91fa85', 'bbb51b95', 'bbb51b95', 'bbb51b95', '5d5de21c', '5d5de21c', '5d5de21c', 'd38aa58d', '46003790', 'd38aa58d', '46003790', 'd38aa58d', '46003790']"
blk_4500809973313738120,"['bbb51b95', '3d91fa85', 'bbb51b95', 'bbb51b95', 'd38aa58d', '46003790', 'd38aa58d', '46003790', 'd38aa58d', '46003790', '5d5de21c', '5d5de21c', '5d5de21c']"
blk_-354070840644719686,"['bbb51b95', 'bbb51b95', 'bbb51b95', '3d91fa85', 'd38aa58d', '46003790', 'd38aa58d', '46003790', 'd38aa58d', '46003790', '5d5de21c', '5d5de21c', '5d5de21c']"
blk_-2427979495404740525,"['bbb51b95', 'bbb51b95', '3d91fa85', 'bbb51b95', 'd38aa58d', '46003790', 'd38aa58d', '46003790', 'd38aa58d', '46003790', '5d5de21c', '5d5de21c', '5d5de21c']"
blk_-6872186247173750988,"['bbb51b95', 'bbb51b95', 'bbb51b95', '3d91fa85', 'd38aa58d', '46003790', 'd38aa58d', '46003790', 'd38aa58d', '46003790', '5d5de21c', '5d5de21c', '5d5de21c']"
blk_-2990987390306542711,"['3d91fa85', 'bbb51b95', 'bbb51b95', 'bbb51b95', 'd38aa58d', '46003790', '5d5de21c', '5d5de21c', '5d5de21c', 'd38aa58d', '46003790', 'd38aa58d', '46003790', '32777b38']"
blk_7751759193224647962,"['bbb51b95', 'bbb51b95', 'bbb51b95', '3d91fa85', '46003790', 'd38aa58d', '46003790', '5d5de21c', '5d5de21c', 'd38aa58d', 'd38aa58d', '46003790', '5d5de21c']"
blk_7871581615605087588,"['3d91fa85', 'bbb51b95', 'bbb51b95', 'bbb51b95', '5d5de21c', '5d5de21c', '5d5de21c', 'd38aa58d', '46003790', 'd38aa58d', '46003790', 'd38aa58d', '46003790']"
blk_-1745424284222739038,"['bbb51b95', 'bbb51b95', '3d91fa85', 'bbb51b95', 'd38aa58d', '46003790', 'd38aa58d', '46003790', '5d5de21c', 'd38aa58d', '46003790', '5d5de21c', '5d5de21c', 'a333d363']"
blk_-2720148284227063648,"['3d91fa85', 'bbb51b95', 'bbb51b95', 'bbb51b95', 'd38aa58d', '46003790', 'd38aa58d', '46003790', 'd38aa58d', '46003790', '5d5de21c', '5d5de21c', '5d5de21c']"
blk_-7944597551609645454,"['bbb51b95', '3d91fa85', 'bbb51b95', 'bbb51b95', 'd38aa58d', '46003790', 'd38aa58d', '46003790', 'd38aa58d', '46003790', '5d5de21c', '5d5de21c', '5d5de21c']"
blk_-2136040890386965862,"['bbb51b95', 'bbb51b95', '3d91fa85', 'bbb51b95', 'd38aa58d', '46003790', 'd38aa58d', '46003790', 'd38aa58d', '46003790', '5d5de21c', '5d5de21c', '5d5de21c', 'a333d363', '4dec0816']"
blk_729179309447642967,"['bbb51b95', '3d91fa85', 'bbb51b95', 'bbb51b95', 'd38aa58d', '46003790', 'd38aa58d', '46003790', 'd38aa58d', '46003790', '5d5de21c', '5d5de21c', '5d5de21c']"
blk_2388880416462501644,"['bbb51b95', '3d91fa85', 'bbb51b95', 'bbb51b95', 'd38aa58d', '46003790', 'd38aa58d', '46003790', 'd38aa58d', '46003790', '5d5de21c', '5d5de21c', '5d5de21c']"
blk_3241795658007854047,"['bbb51b95', 'bbb51b95', '3d91fa85', 'bbb51b95', 'd38aa58d', '46003790', 'd38aa58d', '46003790', '5d5de21c', '5d5de21c', 'd38aa58d', '46003790', '5d5de21c']"
blk_4749598587371099197,"['bbb51b95', '3d91fa85', 'bbb51b95', 'bbb51b95', 'd38aa58d', '46003790', 'd38aa58d', '46003790', '5d5de21c', 'd38aa58d', '46003790', '5d5de21c', '5d5de21c']"
blk_-4599192635228498284,"['bbb51b95', '3d91fa85', 'bbb51b95', 'bbb51b95', 'd38aa58d', '46003790', 'd38aa58d', '46003790', 'd38aa58d', '46003790', '5d5de21c', '5d5de21c', '5d5de21c', 'a333d363']"
blk_8736099399569263151,"['bbb51b95', 'bbb51b95', '3d91fa85', 'bbb51b95', 'd38aa58d', '46003790', '5d5de21c', '5d5de21c', 'd38aa58d', '46003790', 'd38aa58d', '46003790', '5d5de21c']"
blk_-8888893784721608937,"['bbb51b95', '3d91fa85', 'bbb51b95', 'bbb51b95', 'd38aa58d', 'd38aa58d', '46003790', '46003790', 'd38aa58d', '46003790', '5d5de21c', '5d5de21c', '5d5de21c']"
blk_7691655621289742899,"['bbb51b95', 'bbb51b95', 'bbb51b95', '3d91fa85', 'd38aa58d', '46003790', 'd38aa58d', '46003790', 'd38aa58d', '46003790', '5d5de21c', '5d5de21c', '5d5de21c']"
blk_-8794224390219864852,"['bbb51b95', 'bbb51b95', '3d91fa85', 'bbb51b95', 'd38aa58d', '46003790', 'd38aa58d', '46003790', 'd38aa58d', '46003790', '5d5de21c', '5d5de21c', '5d5de21c', 'a333d363', '4dec0816']"
blk_7898110039017369221,"['3d91fa85', 'bbb51b95', 'bbb51b95', 'bbb51b95', '5d5de21c', '46003790', '5d5de21c', '5d5de21c', 'd38aa58d', '46003790', 'd38aa58d', 'd38aa58d', '46003790']"
blk_4625274985432880454,"['3d91fa85', 'bbb51b95', 'bbb51b95', 'bbb51b95', '5d5de21c', '5d5de21c', '5d5de21c', 'd38aa58d', '46003790', 'd38aa58d', '46003790', 'd38aa58d', '46003790']"
blk_4963998963166257396,"['bbb51b95', '3d91fa85', 'bbb51b95', 'bbb51b95', 'd38aa58d', '46003790', 'd38aa58d', '46003790', 'd38aa58d', '46003790', '5d5de21c', '5d5de21c', '5d5de21c', '4dec0816']"
blk_36678978473035497,"['bbb51b95', '3d91fa85', 'bbb51b95', 'bbb51b95', 'd38aa58d', '46003790', 'd38aa58d', '46003790', 'd38aa58d', '46003790', '5d5de21c', '5d5de21c', '5d5de21c']"
blk_3309892303058859467,"['bbb51b95', 'bbb51b95', 'bbb51b95', '3d91fa85', 'd38aa58d', '46003790', 'd38aa58d', '46003790', 'd38aa58d', '46003790', '5d5de21c', '5d5de21c', '5d5de21c', 'a333d363', '4dec0816']"
blk_3028536383218369898,"['3d91fa85', 'bbb51b95', 'bbb51b95', 'bbb51b95', '5d5de21c', '46003790', '5d5de21c', '5d5de21c', 'd38aa58d', '46003790', 'd38aa58d', 'd38aa58d', '46003790']"
blk_1594169234114675850,"['bbb51b95', 'bbb51b95', 'bbb51b95', '3d91fa85', 'd38aa58d', '46003790', 'd38aa58d', '46003790', 'd38aa58d', '46003790', '5d5de21c', '5d5de21c', '5d5de21c']"
blk_6425258121728872385,"['3d91fa85', 'bbb51b95', 'bbb51b95', 'bbb51b95', '5d5de21c', 'd38aa58d', '46003790', 'd38aa58d', '46003790', '5d5de21c', '5d5de21c', 'd38aa58d', '46003790']"
blk_213799490741661707,"['3d91fa85', 'bbb51b95', 'bbb51b95', 'bbb51b95', 'd38aa58d', '46003790', 'd38aa58d', '46003790', '5d5de21c', '5d5de21c', 'd38aa58d', '46003790', '5d5de21c']"
blk_-3845717758759704499,"['bbb51b95', '3d91fa85', 'bbb51b95', 'bbb51b95', 'd38aa58d', '46003790', 'd38aa58d', '46003790', '5d5de21c', '5d5de21c', '5d5de21c', 'd38aa58d', '46003790', '32777b38', '4dec0816']"
blk_6113551277279945841,"['bbb51b95', '3d91fa85', 'bbb51b95', 'bbb51b95', 'd38aa58d', '46003790', 'd38aa58d', '46003790', '5d5de21c', '5d5de21c', 'd38aa58d', '46003790', '5d5de21c']"
blk_-7480684042985507935,"['3d91fa85', 'bbb51b95', 'bbb51b95', 'bbb51b95', '5d5de21c', '5d5de21c', '5d5de21c', 'd38aa58d', '46003790', 'd38aa58d', '46003790', 'd38aa58d', '46003790']"
blk_4343522321222469024,"['bbb51b95', '3d91fa85', 'bbb51b95', 'bbb51b95', 'd38aa58d', '46003790', 'd38aa58d', '46003790', 'd38aa58d', '46003790', '5d5de21c', '5d5de21c', '5d5de21c']"
blk_5872692628721217079,"['3d91fa85', 'bbb51b95', 'bbb51b95', 'bbb51b95', '5d5de21c', '5d5de21c', '5d5de21c', 'd38aa58d', '46003790', 'd38aa58d', '46003790', 'd38aa58d', '46003790', '32777b38', '32777b38']"
blk_-4319756682285311106,"['bbb51b95', 'bbb51b95', '3d91fa85', 'bbb51b95', 'd38aa58d', '46003790', 'd38aa58d', '46003790', 'd38aa58d', '46003790', '5d5de21c', '5d5de21c', '5d5de21c']"
blk_2854751391165080740,"['3d91fa85', 'bbb51b95', 'bbb51b95', 'bbb51b95', '5d5de21c', 'd38aa58d', '46003790', '5d5de21c', '5d5de21c', 'd38aa58d', '46003790', 'd38aa58d', '46003790', 'a333d363', '4dec0816', 'a333d363']"
blk_-4995075157915662000,"['bbb51b95', '3d91fa85', 'bbb51b95', 'bbb51b95', 'd38aa58d', '46003790', 'd38aa58d', '46003790', 'd38aa58d', '46003790', '5d5de21c', '5d5de21c', '5d5de21c']"
blk_4528958420140935347,"['3d91fa85', 'bbb51b95', 'bbb51b95', 'bbb51b95', '5d5de21c', 'd38aa58d', '46003790', 'd38aa58d', '46003790', '5d5de21c', '5d5de21c', 'd38aa58d', '46003790']"
blk_-7238412284675877183,"['3d91fa85', 'bbb51b95', 'bbb51b95', 'bbb51b95', '5d5de21c', 'd38aa58d', '46003790', '5d5de21c', '5d5de21c', 'd38aa58d', '46003790', 'd38aa58d', '46003790']"
blk_6512465996836220670,"['bbb51b95', 'bbb51b95', 'bbb51b95', '3d91fa85', 'd38aa58d', '46003790', 'd38aa58d', '46003790', 'd38aa58d', '46003790', '5d5de21c', '5d5de21c', '5d5de21c', 'a333d363', '4dec0816']"
blk_-800622121569571679,"['bbb51b95', 'bbb51b95', 'bbb51b95', '3d91fa85', 'd38aa58d', '46003790', 'd38aa58d', '46003790', 'd38aa58d', '46003790', '5d5de21c', '5d5de21c', '5d5de21c', '32777b38']"
blk_-6456435213567981005,"['bbb51b95', '3d91fa85', 'bbb51b95', 'bbb51b95', '46003790', '5d5de21c', 'd38aa58d', '46003790', 'd38aa58d', '5d5de21c', '5d5de21c', 'd38aa58d', '46003790', '32777b38']"
blk_-1065411257617678330,"['bbb51b95', 'bbb51b95', 'bbb51b95', '3d91fa85', '46003790', '5d5de21c', 'd38aa58d', '46003790', 'd38aa58d', 'd38aa58d', '46003790', '5d5de21c', '5d5de21c']"
blk_3126794653049400248,"['bbb51b95', 'bbb51b95', 'bbb51b95', '3d91fa85', 'd38aa58d', '46003790', 'd38aa58d', '46003790', 'd38aa58d', '46003790', '5d5de21c', '5d5de21c', '5d5de21c']"
blk_-586580931541617702,"['3d91fa85', 'bbb51b95', 'bbb51b95', 'bbb51b95', '5d5de21c', '5d5de21c', '5d5de21c', 'd38aa58d', '46003790', 'd38aa58d', '46003790', 'd38aa58d', '46003790', 'a333d363', '4dec0816', 'a333d363', '32777b38']"
blk_-3522074567525507264,"['bbb51b95', 'bbb51b95', 'bbb51b95', '3d91fa85', 'd38aa58d', '46003790', 'd38aa58d', '46003790', 'd38aa58d', '46003790', '5d5de21c', '5d5de21c', '5d5de21c', '32777b38']"
blk_2683172975148251061,"['3d91fa85', 'bbb51b95', 'bbb51b95', 'bbb51b95', '5d5de21c', '5d5de21c', '5d5de21c', 'd38aa58d', '46003790', 'd38aa58d', '46003790', 'd38aa58d', '46003790', '4dec0816']"
blk_-7498560050641262665,"['bbb51b95', '3d91fa85', 'bbb51b95', 'bbb51b95', 'd38aa58d', '46003790', 'd38aa58d', '46003790', '5d5de21c', '5d5de21c', '5d5de21c', 'd38aa58d', '46003790', '4dec0816']"
blk_-2939279035514127377,"['bbb51b95', 'bbb51b95', 'bbb51b95', '3d91fa85', 'd38aa58d', '46003790', 'd38aa58d', '46003790', 'd38aa58d', '46003790', '5d5de21c', '5d5de21c', '5d5de21c']"
blk_7000979195828410528,"['3d91fa85', 'bbb51b95', 'bbb51b95', 'bbb51b95', '5d5de21c', '5d5de21c', '5d5de21c', 'd38aa58d', '46003790', 'd38aa58d', '46003790', 'd38aa58d', '46003790']"
blk_1477562666604098048,"['bbb51b95', '3d91fa85', 'bbb51b95', 'bbb51b95', 'd38aa58d', '46003790', 'd38aa58d', '46003790', '5d5de21c', '5d5de21c', '5d5de21c', 'd38aa58d', '46003790', '32777b38', 'a333d363']"
blk_8019243666017304928,"['bbb51b95', 'bbb51b95', '3d91fa85', 'bbb51b95', 'd38aa58d', '46003790', 'd38aa58d', '46003790', 'd38aa58d', '46003790', '5d5de21c', '5d5de21c', '5d5de21c']"
blk_2261154873768504435,"['bbb51b95', 'bbb51b95', 'bbb51b95', '3d91fa85', 'd38aa58d', '46003790', 'd38aa58d', '46003790', 'd38aa58d', '46003790', '5d5de21c', '5d5de21c', '5d5de21c']"
blk_-2840895762120541507,"['bbb51b95', 'bbb51b95', '3d91fa85', 'bbb51b95', 'd38aa58d', '46003790', 'd38aa58d', '46003790', 'd38aa58d', '46003790', '5d5de21c', '5d5de21c', '5d5de21c']"
blk_5775383646190311443,"['3d91fa85', 'bbb51b95', 'bbb51b95', 'bbb51b95', '5d5de21c', '5d5de21c', '5d5de21c', 'd38aa58d', '46003790', 'd38aa58d', '46003790', 'd38aa58d', '46003790']"
blk_-1046224762327319372,"['bbb51b95', '3d91fa85', 'bbb51b95', 'bbb51b95', 'd38aa58d', '46003790', 'd38aa58d', '46003790', 'd38aa58d', '46003790', '5d5de21c', '5d5de21c', '5d5de21c', 'a333d363']"
blk_6698711784596295232,"['bbb51b95', 'bbb51b95', 'bbb51b95', '3d91fa85', 'd38aa58d', '46003790', 'd38aa58d', '46003790', 'd38aa58d', '46003790', '5d5de21c', '5d5de21c', '5d5de21c']"
blk_-957754409729079029,"['bbb51b95', 'bbb51b95', '3d91fa85', 'bbb51b95', 'd38aa58d', '46003790', 'd38aa58d', '46003790', 'd38aa58d', '46003790', '5d5de21c', '5d5de21c', '5d5de21c']"
blk_-6949403692315864808,"['3d91fa85', 'bbb51b95', 'bbb51b95', 'bbb51b95', '5d5de21c', '5d5de21c', 'd38aa58d', '46003790', 'd38aa58d', '46003790', '5d5de21c', 'd38aa58d', '46003790', 'a333d363', '4dec0816']"
blk_1652294273284272393,"['bbb51b95', 'bbb51b95', '3d91fa85', 'bbb51b95', 'd38aa58d', '46003790', 'd38aa58d', '46003790', '5d5de21c', '5d5de21c', 'd38aa58d', '46003790', '5d5de21c', '32777b38']"
blk_5607589699565996881,"['3d91fa85', 'bbb51b95', 'bbb51b95', 'bbb51b95', '5d5de21c', '5d5de21c', '5d5de21c', 'd38aa58d', '46003790', 'd38aa58d', '46003790', 'd38aa58d', '46003790', '4dec0816']"
blk_8099095565990999616,"['bbb51b95', 'bbb51b95', 'bbb51b95', '3d91fa85', 'd38aa58d', '46003790', 'd38aa58d', '46003790', 'd38aa58d', '46003790', '5d5de21c', '5d5de21c', '5d5de21c']"
blk_-8896084680096422897,"['bbb51b95', 'bbb51b95', 'bbb51b95', '3d91fa85', 'd38aa58d', '46003790', 'd38aa58d', '46003790', 'd38aa58d', '46003790', '5d5de21c', '5d5de21c', '5d5de21c']"
blk_6128978878806884666,"['bbb51b95', 'bbb51b95', '3d91fa85', 'bbb51b95', 'd38aa58d', '46003790', 'd38aa58d', '46003790', 'd38aa58d', '46003790', '5d5de21c', '5d5de21c', '5d5de21c', 'a333d363', '4dec0816']"
blk_1285979651409439723,"['3d91fa85', 'bbb51b95', 'bbb51b95', 'bbb51b95', '5d5de21c', '5d5de21c', '5d5de21c', 'd38aa58d', '46003790', 'd38aa58d', '46003790', 'd38aa58d', '46003790', '32777b38']"
blk_3602012009473909555,"['bbb51b95', 'bbb51b95', '3d91fa85', 'bbb51b95', 'd38aa58d', '46003790', 'd38aa58d', '46003790', 'd38aa58d', '46003790', '5d5de21c', '5d5de21c', '5d5de21c', 'd63ef163', 'd63ef163', 'd63ef163', 'dba996ef', 'dba996ef', 'dba996ef']"
blk_561417755647618727,"['bbb51b95', 'bbb51b95', 'bbb51b95', '3d91fa85', 'd38aa58d', '46003790', 'd38aa58d', '46003790', '5d5de21c', '5d5de21c', 'd38aa58d', '46003790', '5d5de21c']"
blk_2030804423155053344,"['3d91fa85', 'bbb51b95', 'bbb51b95', 'bbb51b95', 'd38aa58d', '46003790', 'd38aa58d', '46003790', 'd38aa58d', '46003790', '5d5de21c', '5d5de21c', '5d5de21c']"
blk_-8926937043142549894,"['3d91fa85', 'bbb51b95', 'bbb51b95', 'bbb51b95', '5d5de21c', '5d5de21c', 'd38aa58d', 'd38aa58d', '46003790', '46003790', '5d5de21c', 'd38aa58d', '46003790', 'a333d363', '4dec0816']"
blk_8637001934725260646,"['3d91fa85', 'bbb51b95', 'bbb51b95', 'bbb51b95', 'd38aa58d', '46003790', 'd38aa58d', '46003790', 'd38aa58d', '46003790', '5d5de21c', '5d5de21c', '5d5de21c']"
blk_467337172492271237,"['bbb51b95', '3d91fa85', 'bbb51b95', 'bbb51b95', 'd38aa58d', '46003790', 'd38aa58d', '46003790', 'd38aa58d', '46003790', '5d5de21c', '5d5de21c', '5d5de21c', 'a333d363']"
blk_4021030230342879018,"['bbb51b95', '3d91fa85', 'bbb51b95', 'bbb51b95', 'd38aa58d', '46003790', 'd38aa58d', '46003790', 'd38aa58d', '46003790', '5d5de21c', '5d5de21c', '5d5de21c']"
blk_-3155742799174582932,"['bbb51b95', 'bbb51b95', '3d91fa85', 'bbb51b95', 'd38aa58d', '46003790', 'd38aa58d', '46003790', 'd38aa58d', '46003790', '5d5de21c', '5d5de21c', '5d5de21c', 'a333d363', '4dec0816']"
blk_-3458141292787147318,"['bbb51b95', 'bbb51b95', '3d91fa85', 'bbb51b95', 'd38aa58d', '46003790', '5d5de21c', 'd38aa58d', '46003790', 'd38aa58d', '46003790', '5d5de21c', '5d5de21c', 'a333d363', '4dec0816']"
blk_-4397465247057114336,"['bbb51b95', 'bbb51b95', '3d91fa85', 'bbb51b95', 'd38aa58d', '46003790', 'd38aa58d', '46003790', 'd38aa58d', '46003790', '5d5de21c', '5d5de21c', '5d5de21c', 'a333d363', '4dec0816']"
blk_-8781759536960110370,"['3d91fa85', 'bbb51b95', 'bbb51b95', 'bbb51b95', 'd38aa58d', '46003790', 'd38aa58d', '46003790', 'd38aa58d', '46003790', '5d5de21c', '5d5de21c', '5d5de21c', 'a333d363']"
blk_8935518525483687975,"['bbb51b95', 'bbb51b95', 'bbb51b95', '3d91fa85', 'd38aa58d', '46003790', 'd38aa58d', '46003790', '5d5de21c', '5d5de21c', '46003790', 'd38aa58d', '5d5de21c']"
blk_-7127728141625029855,"['bbb51b95', 'bbb51b95', '3d91fa85', 'bbb51b95', 'd38aa58d', '46003790', 'd38aa58d', '46003790', 'd38aa58d', '46003790', '5d5de21c', '5d5de21c', '5d5de21c']"
blk_6946386550614133479,"['bbb51b95', 'bbb51b95', '3d91fa85', 'bbb51b95', 'd38aa58d', '46003790', 'd38aa58d', '46003790', 'd38aa58d', '46003790', '5d5de21c', '5d5de21c', '5d5de21c']"
blk_-1048452650793141849,"['bbb51b95', '3d91fa85', 'bbb51b95', 'bbb51b95', 'd38aa58d', '46003790', 'd38aa58d', '46003790', 'd38aa58d', '46003790', '5d5de21c', '5d5de21c', '5d5de21c']"
blk_6114974355238479226,"['3d91fa85', 'bbb51b95', 'bbb51b95', 'bbb51b95', 'd38aa58d', '46003790', 'd38aa58d', '46003790', 'd38aa58d', '46003790', '5d5de21c', '5d5de21c', '5d5de21c']"
blk_2607013959432387054,"['bbb51b95', 'bbb51b95', 'bbb51b95', '3d91fa85', 'd38aa58d', '46003790', 'd38aa58d', '46003790', 'd38aa58d', '46003790', '5d5de21c', '5d5de21c', '5d5de21c']"
blk_-4653167444630704577,"['bbb51b95', '3d91fa85', 'bbb51b95', 'bbb51b95', 'd38aa58d', '46003790', 'd38aa58d', '46003790', 'd38aa58d', '46003790', '5d5de21c', '5d5de21c', '5d5de21c']"
blk_-6587642633877360752,"['bbb51b95', 'bbb51b95', 'bbb51b95', '3d91fa85', 'd38aa58d', '46003790', 'd38aa58d', '46003790', '5d5de21c', '5d5de21c', 'd38aa58d', '46003790', '5d5de21c', 'a333d363', '4dec0816']"
blk_-2653152875310306333,"['3d91fa85', 'bbb51b95', 'bbb51b95', 'bbb51b95', 'd38aa58d', '46003790', 'd38aa58d', '46003790', 'd38aa58d', '46003790', '5d5de21c', '5d5de21c', '5d5de21c']"
blk_6304987817152213162,"['bbb51b95', '3d91fa85', 'bbb51b95', 'bbb51b95', 'd38aa58d', '46003790', 'd38aa58d', '46003790', 'd38aa58d', '46003790', '5d5de21c', '5d5de21c', '5d5de21c']"
blk_-8349520737939622880,"['3d91fa85', 'bbb51b95', 'bbb51b95', 'bbb51b95', '5d5de21c', '5d5de21c', 'd38aa58d', '46003790', 'd38aa58d', '46003790', 'd38aa58d', '46003790', '5d5de21c', '32777b38']"
blk_5873066450236960816,"['3d91fa85', 'bbb51b95', 'bbb51b95', 'bbb51b95', '5d5de21c', '5d5de21c', '5d5de21c', 'd38aa58d', '46003790', 'd38aa58d', '46003790', 'd38aa58d', '46003790', 'a333d363', 'a333d363']"
blk_-1784639179545453105,"['bbb51b95', '3d91fa85', 'bbb51b95', 'bbb51b95', 'd38aa58d', '46003790', 'd38aa58d', '46003790', 'd38aa58d', '46003790', '5d5de21c', '5d5de21c', '5d5de21c', 'd63ef163', 'd63ef163', 'd63ef163', 'dba996ef', 'dba996ef', 'dba996ef']"
blk_-4771061473622684622,"['3d91fa85', 'bbb51b95', 'bbb51b95', 'bbb51b95', '5d5de21c', '5d5de21c', '5d5de21c', 'd38aa58d', '46003790', 'd38aa58d', '46003790', 'd38aa58d', '46003790', '4dec0816']"
blk_-4070186515592598700,"['3d91fa85', 'bbb51b95', 'bbb51b95', 'bbb51b95', '5d5de21c', '5d5de21c', '5d5de21c', 'd38aa58d', '46003790', 'd38aa58d', '46003790', 'd38aa58d', '46003790']"
blk_2762417167163226142,"['bbb51b95', 'bbb51b95', '3d91fa85', 'bbb51b95', 'd38aa58d', '46003790', 'd38aa58d', '46003790', 'd38aa58d', '46003790', '5d5de21c', '5d5de21c', '5d5de21c']"
blk_4799300610656681097,"['3d91fa85', 'bbb51b95', 'bbb51b95', 'bbb51b95', '5d5de21c', '5d5de21c', '5d5de21c', 'd38aa58d', '46003790', 'd38aa58d', '46003790', 'd38aa58d', '46003790', '32777b38', 'a333d363', '4dec0816', 'a333d363']"
blk_-4069911378897277437,"['bbb51b95', 'bbb51b95', 'bbb51b95', '3d91fa85', 'd38aa58d', '46003790', 'd38aa58d', '46003790', 'd38aa58d', '46003790', '5d5de21c', '5d5de21c', '5d5de21c']"
blk_3017821447643162452,"['3d91fa85', 'bbb51b95', 'bbb51b95', 'bbb51b95', '5d5de21c', 'd38aa58d', '46003790', '5d5de21c', 'd38aa58d', '46003790', 'd38aa58d', '46003790', '5d5de21c']"
blk_-5279382957438573041,"['bbb51b95', 'bbb51b95', '3d91fa85', 'bbb51b95', 'd38aa58d', '46003790', '46003790', '5d5de21c', 'd38aa58d', '46003790', 'd38aa58d', '5d5de21c', '5d5de21c']"
blk_-3999286594253866177,"['3d91fa85', 'bbb51b95', 'bbb51b95', 'bbb51b95', 'd38aa58d', '46003790', 'd38aa58d', '46003790', 'd38aa58d', '46003790', '5d5de21c', '5d5de21c', '5d5de21c']"
blk_-9207633898597100876,"['3d91fa85', 'bbb51b95', 'bbb51b95', 'bbb51b95', '5d5de21c', '5d5de21c', 'd38aa58d', '46003790', 'd38aa58d', '46003790', 'd38aa58d', '46003790', '5d5de21c']"
blk_2394963399515677641,"['bbb51b95', 'bbb51b95', 'bbb51b95', '3d91fa85', 'd38aa58d', '46003790', '5d5de21c', 'd38aa58d', '46003790', 'd38aa58d', '46003790', '5d5de21c', '5d5de21c']"
blk_6557671500442856440,"['bbb51b95', '3d91fa85', 'bbb51b95', 'bbb51b95', 'd38aa58d', '46003790', 'd38aa58d', '46003790', 'd38aa58d', '46003790', '5d5de21c', '5d5de21c', '5d5de21c', '4dec0816']"
blk_-7444382745167655692,"['bbb51b95', 'bbb51b95', '3d91fa85', 'bbb51b95', 'd38aa58d', '46003790', 'd38aa58d', '46003790', 'd38aa58d', '46003790', '5d5de21c', '5d5de21c', '5d5de21c']"
blk_-6877384855510272204,"['bbb51b95', '3d91fa85', 'bbb51b95', 'bbb51b95', 'd38aa58d', '46003790', 'd38aa58d', '46003790', 'd38aa58d', '46003790', '5d5de21c', '5d5de21c', '5d5de21c']"
blk_867355815155149949,"['bbb51b95', '3d91fa85', 'bbb51b95', 'bbb51b95', 'd38aa58d', '46003790', 'd38aa58d', '46003790', 'd38aa58d', '46003790', '5d5de21c', '5d5de21c', '5d5de21c', 'a333d363', '4dec0816']"
blk_4659641785812730567,"['3d91fa85', 'bbb51b95', 'bbb51b95', 'bbb51b95', 'd38aa58d', '46003790', 'd38aa58d', '46003790', 'd38aa58d', '46003790', '5d5de21c', '5d5de21c', '5d5de21c']"
blk_4848371117926393280,"['bbb51b95', 'bbb51b95', 'bbb51b95', '3d91fa85', 'd38aa58d', '46003790', 'd38aa58d', '46003790', '5d5de21c', '5d5de21c', 'd38aa58d', '46003790', '5d5de21c']"
blk_-1775264355226395799,"['bbb51b95', 'bbb51b95', '3d91fa85', 'bbb51b95', 'd38aa58d', '46003790', 'd38aa58d', '46003790', 'd38aa58d', '46003790', '5d5de21c', '5d5de21c', '5d5de21c']"
blk_-2350701855033663162,"['3d91fa85', 'bbb51b95', 'bbb51b95', 'bbb51b95', '5d5de21c', 'd38aa58d', '46003790', '5d5de21c', '5d5de21c', 'd38aa58d', '46003790', 'd38aa58d', '46003790']"
blk_-8974821758564371382,"['bbb51b95', 'bbb51b95', '3d91fa85', 'bbb51b95', 'd38aa58d', '46003790', 'd38aa58d', '46003790', 'd38aa58d', '46003790', '5d5de21c', '5d5de21c', '5d5de21c']"
blk_9194516748041950814,"['bbb51b95', 'bbb51b95', 'bbb51b95', '3d91fa85', 'd38aa58d', '46003790', 'd38aa58d', '46003790', 'd38aa58d', '46003790', '5d5de21c', '5d5de21c', '5d5de21c', 'd63ef163', 'd63ef163', 'd63ef163', 'dba996ef', 'dba996ef', 'dba996ef']"
blk_-8665520155118565081,"['bbb51b95', 'bbb51b95', 'bbb51b95', '3d91fa85', 'd38aa58d', '46003790', 'd38aa58d', '46003790', 'd38aa58d', '46003790', '5d5de21c', '5d5de21c', '5d5de21c']"
blk_59097608760827236,"['bbb51b95', 'bbb51b95', '3d91fa85', 'bbb51b95', 'd38aa58d', '46003790', 'd38aa58d', '46003790', 'd38aa58d', '46003790', '5d5de21c', '5d5de21c', '5d5de21c']"
blk_8727144151386782978,"['bbb51b95', '3d91fa85', 'bbb51b95', 'bbb51b95', 'd38aa58d', '46003790', 'd38aa58d', '46003790', 'd38aa58d', '46003790', '5d5de21c', '5d5de21c', '5d5de21c']"
blk_-207274557645620988,"['bbb51b95', '3d91fa85', 'bbb51b95', 'bbb51b95', 'd38aa58d', '46003790', 'd38aa58d', '46003790', 'd38aa58d', '46003790', '5d5de21c', '5d5de21c', '5d5de21c', 'd63ef163', 'd63ef163', 'd63ef163', 'dba996ef', 'dba996ef', 'dba996ef']"
blk_-2274808648405960623,"['bbb51b95', 'bbb51b95', '3d91fa85', 'bbb51b95', 'd38aa58d', '46003790', 'd38aa58d', '46003790', 'd38aa58d', '46003790', '5d5de21c', '5d5de21c', '5d5de21c']"
blk_1917872071222881758,"['3d91fa85', 'bbb51b95', 'bbb51b95', 'bbb51b95', 'd38aa58d', '46003790', 'd38aa58d', '46003790', 'd38aa58d', '46003790', '5d5de21c', '5d5de21c', '5d5de21c']"
blk_-2782404385248482525,"['bbb51b95', 'bbb51b95', '3d91fa85', 'bbb51b95', 'd38aa58d', '46003790', 'd38aa58d', '46003790', 'd38aa58d', '46003790', '5d5de21c', '5d5de21c', '5d5de21c']"
blk_2467831295236809825,"['3d91fa85', 'bbb51b95', 'bbb51b95', 'bbb51b95', '5d5de21c', '5d5de21c', '5d5de21c', 'd38aa58d', '46003790', 'd38aa58d', '46003790', 'd38aa58d', '46003790']"
blk_-5552255714352470683,"['3d91fa85', 'bbb51b95', 'bbb51b95', 'bbb51b95', '5d5de21c', '5d5de21c', '5d5de21c', 'd38aa58d', '46003790', 'd38aa58d', '46003790', 'd38aa58d', '46003790']"
blk_8827603431439148106,"['bbb51b95', 'bbb51b95', 'bbb51b95', '3d91fa85', 'd38aa58d', '46003790', 'd38aa58d', '46003790', 'd38aa58d', '46003790', '5d5de21c', '5d5de21c', '5d5de21c']"
blk_-5774462990540871357,"['3d91fa85', 'bbb51b95', 'bbb51b95', 'bbb51b95', '46003790', 'd38aa58d', '46003790', '5d5de21c', 'd38aa58d', '46003790', 'd38aa58d', '5d5de21c', '5d5de21c', 'a333d363', '4dec0816']"
blk_-3727175694322392368,"['3d91fa85', 'bbb51b95', 'bbb51b95', 'bbb51b95', '5d5de21c', '5d5de21c', '5d5de21c', 'd38aa58d', '46003790', 'd38aa58d', '46003790', 'd38aa58d', '46003790', '32777b38']"
blk_-7563902038645328280,"['bbb51b95', 'bbb51b95', 'bbb51b95', '3d91fa85', 'd38aa58d', '46003790', 'd38aa58d', '46003790', 'd38aa58d', '46003790', '5d5de21c', '5d5de21c', '5d5de21c']"
blk_5771471407803004970,"['3d91fa85', 'bbb51b95', 'bbb51b95', 'bbb51b95', '5d5de21c', '5d5de21c', '5d5de21c', 'd38aa58d', '46003790', 'd38aa58d', '46003790', 'd38aa58d', '46003790']"
blk_3176043211673704174,"['bbb51b95', 'bbb51b95', 'bbb51b95', '3d91fa85', 'd38aa58d', '46003790', 'd38aa58d', '46003790', 'd38aa58d', '46003790', '5d5de21c', '5d5de21c', '5d5de21c', 'a333d363']"
blk_5211497625575893782,"['bbb51b95', 'bbb51b95', 'bbb51b95', '3d91fa85', 'd38aa58d', '46003790', 'd38aa58d', '46003790', 'd38aa58d', '46003790', '5d5de21c', '5d5de21c', '5d5de21c', '4dec0816']"
blk_-2482109009553785819,"['3d91fa85', 'bbb51b95', 'bbb51b95', 'bbb51b95', '5d5de21c', '5d5de21c', 'd38aa58d', '46003790', 'd38aa58d', '46003790', 'd38aa58d', '46003790', '5d5de21c']"
blk_-3534835244149147539,"['bbb51b95', 'bbb51b95', '3d91fa85', 'bbb51b95', 'd38aa58d', '46003790', 'd38aa58d', '46003790', 'd38aa58d', '46003790', '5d5de21c', '5d5de21c', '5d5de21c', '32777b38', '32777b38', '32777b38', 'a333d363', 'a333d363', 'a333d363']"
blk_-1061927390998477917,"['bbb51b95', 'bbb51b95', 'bbb51b95', '3d91fa85', 'd38aa58d', '46003790', 'd38aa58d', '46003790', 'd38aa58d', '46003790', '5d5de21c', '5d5de21c', '5d5de21c']"
blk_-3720016710501437252,"['3d91fa85', 'bbb51b95', 'bbb51b95', 'bbb51b95', '5d5de21c', '5d5de21c', '5d5de21c', 'd38aa58d', '46003790', 'd38aa58d', 'd38aa58d', '46003790', '46003790', 'a333d363', '4dec0816']"
blk_-5683149246578047913,"['bbb51b95', 'bbb51b95', 'bbb51b95', '3d91fa85', 'd38aa58d', '46003790', 'd38aa58d', '46003790', 'd38aa58d', '46003790', '5d5de21c', '5d5de21c', '5d5de21c', '4dec0816']"
blk_7963888298722025249,"['bbb51b95', '3d91fa85', 'bbb51b95', 'bbb51b95', 'd38aa58d', '46003790', 'd38aa58d', '46003790', 'd38aa58d', '46003790', '5d5de21c', '5d5de21c', '5d5de21c']"
blk_9169921033420102784,"['3d91fa85', 'bbb51b95', 'bbb51b95', 'bbb51b95', '5d5de21c', '5d5de21c', '5d5de21c', 'd38aa58d', '46003790', 'd38aa58d', '46003790', 'd38aa58d', '46003790', '4dec0816']"
blk_4466946905875371527,"['bbb51b95', 'bbb51b95', '3d91fa85', 'bbb51b95', 'd38aa58d', '46003790', 'd38aa58d', '46003790', 'd38aa58d', '46003790', '5d5de21c', '5d5de21c', '5d5de21c']"
blk_4859655631736753997,"['bbb51b95', 'bbb51b95', '3d91fa85', 'bbb51b95', 'd38aa58d', '46003790', 'd38aa58d', '46003790', 'd38aa58d', '46003790', '5d5de21c', '5d5de21c', '5d5de21c', '4dec0816']"
blk_2566494930798988036,"['3d91fa85', 'bbb51b95', 'bbb51b95', 'bbb51b95', '5d5de21c', '5d5de21c', '5d5de21c', 'd38aa58d', '46003790', '46003790', 'd38aa58d', '46003790', 'd38aa58d', 'a333d363', '4dec0816']"
blk_7426379361598008245,"['bbb51b95', 'bbb51b95', 'bbb51b95', '3d91fa85', 'd38aa58d', '46003790', 'd38aa58d', '46003790', 'd38aa58d', '46003790', '5d5de21c', '5d5de21c', '5d5de21c', 'a333d363', '4dec0816']"
blk_8469257674393640533,"['3d91fa85', 'bbb51b95', 'bbb51b95', 'bbb51b95', 'd38aa58d', '46003790', 'd38aa58d', '46003790', '5d5de21c', 'd38aa58d', '46003790', '5d5de21c', '5d5de21c']"
blk_3794691578549508354,"['bbb51b95', 'bbb51b95', 'bbb51b95', '3d91fa85', 'd38aa58d', '46003790', 'd38aa58d', '46003790', 'd38aa58d', '46003790', '5d5de21c', '5d5de21c', '5d5de21c', 'a333d363', '4dec0816']"
blk_5984597015849730101,"['3d91fa85', 'bbb51b95', 'bbb51b95', 'bbb51b95', '5d5de21c', '5d5de21c', 'd38aa58d', '46003790', 'd38aa58d', '46003790', 'd38aa58d', '46003790', '5d5de21c']"
blk_-1564849265537612122,"['bbb51b95', 'bbb51b95', '3d91fa85', 'bbb51b95', 'd38aa58d', '46003790', 'd38aa58d', '46003790', 'd38aa58d', '46003790', '5d5de21c', '5d5de21c', '5d5de21c']"
blk_2429444352985791917,"['3d91fa85', 'bbb51b95', 'bbb51b95', 'bbb51b95', '5d5de21c', '5d5de21c', 'd38aa58d', '46003790', 'd38aa58d', '46003790', '5d5de21c', 'd38aa58d', '46003790', '32777b38', 'a333d363', 'a333d363', '4dec0816']"
blk_-4816259176690166549,"['bbb51b95', 'bbb51b95', '3d91fa85', 'bbb51b95', 'd38aa58d', '46003790', 'd38aa58d', '46003790', 'd38aa58d', '46003790', '5d5de21c', '5d5de21c', '5d5de21c']"
blk_6943662473095207048,"['bbb51b95', 'bbb51b95', 'bbb51b95', '3d91fa85', 'd38aa58d', '46003790', 'd38aa58d', '46003790', 'd38aa58d', '46003790', '5d5de21c', '5d5de21c', '5d5de21c']"
blk_3077893427754570053,"['bbb51b95', '3d91fa85', 'bbb51b95', 'bbb51b95', 'd38aa58d', '46003790', 'd38aa58d', '46003790', 'd38aa58d', '46003790', '5d5de21c', '5d5de21c', '5d5de21c']"
blk_1026016062931362285,"['bbb51b95', '3d91fa85', 'bbb51b95', 'bbb51b95', 'd38aa58d', '46003790', 'd38aa58d', '46003790', 'd38aa58d', '46003790', '5d5de21c', '5d5de21c', '5d5de21c', '4dec0816']"
blk_8320840264073173620,"['bbb51b95', 'bbb51b95', '3d91fa85', 'bbb51b95', 'd38aa58d', '46003790', 'd38aa58d', '46003790', 'd38aa58d', '46003790', '5d5de21c', '5d5de21c', '5d5de21c']"
blk_1689058846137142795,"['bbb51b95', 'bbb51b95', '3d91fa85', 'bbb51b95', 'd38aa58d', '46003790', 'd38aa58d', '46003790', 'd38aa58d', '46003790', '5d5de21c', '5d5de21c', '5d5de21c', '32777b38', 'a333d363', 'a333d363', '4dec0816']"
blk_-8547021112537127727,"['bbb51b95', 'bbb51b95', '3d91fa85', 'bbb51b95', '46003790', 'd38aa58d', '46003790', 'd38aa58d', '46003790', '5d5de21c', '5d5de21c', 'd38aa58d', '5d5de21c']"
blk_-6772104442764349087,"['bbb51b95', 'bbb51b95', 'bbb51b95', '3d91fa85', 'd38aa58d', '46003790', 'd38aa58d', '46003790', 'd38aa58d', '46003790', '5d5de21c', '5d5de21c', '5d5de21c', 'a333d363', '4dec0816']"
blk_8162754058992288098,"['bbb51b95', 'bbb51b95', 'bbb51b95', '3d91fa85', 'd38aa58d', '46003790', 'd38aa58d', '46003790', 'd38aa58d', '46003790', '5d5de21c', '5d5de21c', '5d5de21c']"
blk_6173348350049731792,"['3d91fa85', 'bbb51b95', 'bbb51b95', 'bbb51b95', '5d5de21c', '5d5de21c', 'd38aa58d', '46003790', '46003790', '46003790', '5d5de21c', 'd38aa58d', 'd38aa58d']"
blk_-322611681381164253,"['3d91fa85', 'bbb51b95', 'bbb51b95', 'bbb51b95', 'd38aa58d', '46003790', 'd38aa58d', '46003790', 'd38aa58d', '46003790', '5d5de21c', '5d5de21c', '5d5de21c']"
blk_1113822473565022381,"['bbb51b95', 'bbb51b95', '3d91fa85', 'bbb51b95', 'd38aa58d', '46003790', 'd38aa58d', '46003790', 'd38aa58d', '46003790', '5d5de21c', '5d5de21c', '5d5de21c', '32777b38']"
blk_7635710104461097456,"['bbb51b95', 'bbb51b95', 'bbb51b95', '3d91fa85', 'd38aa58d', '46003790', 'd38aa58d', '46003790', '5d5de21c', 'd38aa58d', '46003790', '5d5de21c', '5d5de21c']"
blk_416132603688490044,"['3d91fa85', 'bbb51b95', 'bbb51b95', 'bbb51b95', 'd38aa58d', '46003790', 'd38aa58d', '46003790', 'd38aa58d', '46003790', '5d5de21c', '5d5de21c', '5d5de21c', 'd63ef163', 'd63ef163', 'd63ef163', 'dba996ef', 'dba996ef', 'dba996ef']"
blk_-5489067564250277967,"['bbb51b95', 'bbb51b95', 'bbb51b95', '3d91fa85', 'd38aa58d', '46003790', 'd38aa58d', '46003790', 'd38aa58d', '46003790', '5d5de21c', '5d5de21c', '5d5de21c']"
blk_1226708059134637419,"['3d91fa85', 'bbb51b95', 'bbb51b95', 'bbb51b95', 'd38aa58d', '46003790', 'd38aa58d', '46003790', 'd38aa58d', '46003790', '5d5de21c', '5d5de21c', '5d5de21c']"
blk_-6424311967760955440,"['bbb51b95', '3d91fa85', 'bbb51b95', 'bbb51b95', 'd38aa58d', '46003790', 'd38aa58d', '46003790', '5d5de21c', 'd38aa58d', '46003790', '5d5de21c', '5d5de21c']"
blk_-7878910142999200399,"['3d91fa85', 'bbb51b95', 'bbb51b95', 'bbb51b95', '5d5de21c', '5d5de21c', '5d5de21c', 'd38aa58d', '46003790', 'd38aa58d', '46003790', 'd38aa58d', '46003790', 'a333d363']"
blk_-3671510113850203145,"['3d91fa85', 'bbb51b95', 'bbb51b95', 'bbb51b95', '5d5de21c', '5d5de21c', 'd38aa58d', '46003790', 'd38aa58d', '46003790', 'd38aa58d', '46003790', '5d5de21c']"
blk_180413078657008819,"['bbb51b95', 'bbb51b95', 'bbb51b95', '3d91fa85', 'd38aa58d', '46003790', '46003790', '5d5de21c', 'd38aa58d', '46003790', 'd38aa58d', '5d5de21c', '5d5de21c']"
blk_6304714444345650876,"['bbb51b95', 'bbb51b95', 'bbb51b95', '3d91fa85', 'd38aa58d', '46003790', 'd38aa58d', '46003790', 'd38aa58d', '46003790', '5d5de21c', '5d5de21c', '5d5de21c', 'a333d363']"
blk_-1621830429565539808,"['bbb51b95', 'bbb51b95', '3d91fa85', 'bbb51b95', 'd38aa58d', '46003790', 'd38aa58d', '46003790', '5d5de21c', '5d5de21c', '5d5de21c', 'd38aa58d', '46003790']"
blk_-8176679300522651558,"['3d91fa85', 'bbb51b95', 'bbb51b95', 'bbb51b95', '5d5de21c', '5d5de21c', '5d5de21c', 'd38aa58d', '46003790', 'd38aa58d', '46003790', 'd38aa58d', '46003790']"
blk_6373717652447187886,"['bbb51b95', '3d91fa85', 'bbb51b95', 'bbb51b95', 'd38aa58d', '46003790', 'd38aa58d', '46003790', 'd38aa58d', '46003790', '5d5de21c', '5d5de21c', '5d5de21c']"
blk_-1785518502781814042,"['3d91fa85', 'bbb51b95', 'bbb51b95', 'bbb51b95', '5d5de21c', '5d5de21c', '5d5de21c', 'd38aa58d', '46003790', 'd38aa58d', '46003790', 'd38aa58d', '46003790', 'a333d363', '4dec0816', 'a333d363']"
blk_-1596074609911735396,"['bbb51b95', '3d91fa85', 'bbb51b95', 'bbb51b95', 'd38aa58d', '46003790', 'd38aa58d', '46003790', 'd38aa58d', '46003790', '5d5de21c', '5d5de21c', '5d5de21c']"
blk_6521139617148944953,"['3d91fa85', 'bbb51b95', 'bbb51b95', 'bbb51b95', '46003790', '5d5de21c', 'd38aa58d', '5d5de21c', 'd38aa58d', '46003790', 'd38aa58d', '46003790', '5d5de21c', '4dec0816']"
blk_6244342553751895522,"['3d91fa85', 'bbb51b95', 'bbb51b95', 'bbb51b95', '5d5de21c', '5d5de21c', '5d5de21c', 'd38aa58d', '46003790', 'd38aa58d', '46003790', 'd38aa58d', '46003790', 'a333d363', '4dec0816']"
blk_-8740162146450574154,"['bbb51b95', 'bbb51b95', 'bbb51b95', '3d91fa85', 'd38aa58d', '46003790', 'd38aa58d', 'd38aa58d', '46003790', '46003790', '5d5de21c', '5d5de21c', '5d5de21c', 'd63ef163', 'd63ef163', 'd63ef163', 'dba996ef', 'dba996ef', 'dba996ef']"
blk_-3432132668052276124,"['3d91fa85', 'bbb51b95', 'bbb51b95', 'bbb51b95', 'd38aa58d', '46003790', '5d5de21c', '5d5de21c', '5d5de21c', 'd38aa58d', '46003790', 'd38aa58d', '46003790', '4dec0816']"
blk_8065872909383381221,"['3d91fa85', 'bbb51b95', 'bbb51b95', 'bbb51b95', '5d5de21c', '5d5de21c', '5d5de21c', 'd38aa58d', '46003790', 'd38aa58d', '46003790', 'd38aa58d', '46003790']"
blk_-3928306322301764411,"['3d91fa85', 'bbb51b95', 'bbb51b95', 'bbb51b95', 'd38aa58d', 'd38aa58d', '46003790', '46003790', 'd38aa58d', '46003790', '5d5de21c', '5d5de21c', '5d5de21c', '32777b38']"
blk_6770433889151855838,"['3d91fa85', 'bbb51b95', 'bbb51b95', 'bbb51b95', '5d5de21c', '5d5de21c', '5d5de21c', 'd38aa58d', '46003790', 'd38aa58d', '46003790', 'd38aa58d', '46003790']"
blk_6909764343893777019,"['3d91fa85', 'bbb51b95', 'bbb51b95', 'bbb51b95', '5d5de21c', '5d5de21c', '5d5de21c', 'd38aa58d', '46003790', 'd38aa58d', '46003790', 'd38aa58d', '46003790']"
blk_7385666194491345346,"['3d91fa85', 'bbb51b95', 'bbb51b95', 'bbb51b95', '5d5de21c', 'd38aa58d', '46003790', '5d5de21c', 'd38aa58d', '46003790', 'd38aa58d', '46003790', '5d5de21c', 'a333d363', 'a333d363', '4dec0816']"
blk_-7680973962902367609,"['bbb51b95', 'bbb51b95', '3d91fa85', 'bbb51b95', 'd38aa58d', '46003790', 'd38aa58d', '46003790', 'd38aa58d', '46003790', '5d5de21c', '5d5de21c', '5d5de21c']"
blk_-1448756778436126890,"['3d91fa85', 'bbb51b95', 'bbb51b95', 'bbb51b95', '5d5de21c', '5d5de21c', '5d5de21c', 'd38aa58d', '46003790', 'd38aa58d', '46003790', 'd38aa58d', '46003790']"
blk_7969503050474875700,"['bbb51b95', 'bbb51b95', '3d91fa85', 'bbb51b95', 'd38aa58d', '46003790', 'd38aa58d', '46003790', 'd38aa58d', '46003790', '5d5de21c', '5d5de21c', '5d5de21c', '32777b38', 'a333d363', 'a333d363', '4dec0816']"
blk_8985940402338022443,"['3d91fa85', 'bbb51b95', 'bbb51b95', 'bbb51b95', '5d5de21c', '5d5de21c', '5d5de21c', 'd38aa58d', '46003790', 'd38aa58d', '46003790', 'd38aa58d', '46003790', '4dec0816']"
blk_-1223442617988396746,"['3d91fa85', 'bbb51b95', 'bbb51b95', 'bbb51b95', '5d5de21c', 'd38aa58d', '46003790', '5d5de21c', 'd38aa58d', '46003790', 'd38aa58d', '46003790', '5d5de21c', '32777b38', '32777b38']"
blk_6245678644862368307,"['bbb51b95', 'bbb51b95', 'bbb51b95', '3d91fa85', 'd38aa58d', '46003790', 'd38aa58d', '46003790', '5d5de21c', '5d5de21c', 'd38aa58d', '46003790', '5d5de21c']"
blk_6342047945251292103,"['bbb51b95', 'bbb51b95', 'bbb51b95', '3d91fa85', 'd38aa58d', 'd38aa58d', '46003790', '46003790', 'd38aa58d', '46003790', '5d5de21c', '5d5de21c', '5d5de21c']"
blk_5270340332021269663,"['bbb51b95', 'bbb51b95', '3d91fa85', 'bbb51b95', 'd38aa58d', '46003790', 'd38aa58d', '46003790', 'd38aa58d', '46003790', '5d5de21c', '5d5de21c', '5d5de21c']"
blk_8367297533931690704,"['bbb51b95', '3d91fa85', 'bbb51b95', 'bbb51b95', 'd38aa58d', '46003790', 'd38aa58d', '46003790', 'd38aa58d', '46003790', '5d5de21c', '5d5de21c', '5d5de21c', 'a333d363', '4dec0816']"
blk_-7960998295428672516,"['bbb51b95', 'bbb51b95', '3d91fa85', 'bbb51b95', 'd38aa58d', '46003790', 'd38aa58d', '46003790', 'd38aa58d', '46003790', '5d5de21c', '5d5de21c', '5d5de21c', '4dec0816']"
blk_-2508904373270313356,"['3d91fa85', 'bbb51b95', 'bbb51b95', 'bbb51b95', '5d5de21c', 'd38aa58d', '46003790', 'd38aa58d', '46003790', 'd38aa58d', '46003790', '5d5de21c', '5d5de21c', '32777b38', 'a333d363']"
blk_-4191452736634041552,"['bbb51b95', 'bbb51b95', 'bbb51b95', '3d91fa85', 'd38aa58d', '46003790', 'd38aa58d', '46003790', 'd38aa58d', '46003790', '5d5de21c', '5d5de21c', '5d5de21c']"
blk_2986183419795236330,"['bbb51b95', '3d91fa85', 'bbb51b95', 'bbb51b95', 'd38aa58d', '46003790', 'd38aa58d', '46003790', 'd38aa58d', '46003790', '5d5de21c', '5d5de21c', '5d5de21c', 'a333d363', '4dec0816']"
blk_6949749117945187110,"['3d91fa85', 'bbb51b95', 'bbb51b95', 'bbb51b95', 'd38aa58d', '46003790', 'd38aa58d', '46003790', 'd38aa58d', '46003790', '5d5de21c', '5d5de21c', '5d5de21c']"
blk_2073116976735204345,"['bbb51b95', 'bbb51b95', 'bbb51b95', '3d91fa85', 'd38aa58d', '46003790', 'd38aa58d', '46003790', 'd38aa58d', '46003790', '5d5de21c', '5d5de21c', '5d5de21c']"
blk_-757952897778336650,"['3d91fa85', 'bbb51b95', 'bbb51b95', 'bbb51b95', '5d5de21c', '5d5de21c', '5d5de21c', 'd38aa58d', '46003790', 'd38aa58d', '46003790', 'd38aa58d', '46003790']"
blk_-6808209667734635151,"['bbb51b95', '3d91fa85', 'bbb51b95', 'bbb51b95', 'd38aa58d', '46003790', '46003790', '5d5de21c', '5d5de21c', 'd38aa58d', '46003790', 'd38aa58d', '5d5de21c', 'a333d363', '4dec0816']"
blk_-15614735707897994,"['bbb51b95', '3d91fa85', 'bbb51b95', 'bbb51b95', 'd38aa58d', '46003790', 'd38aa58d', '46003790', 'd38aa58d', '46003790', '5d5de21c', '5d5de21c', '5d5de21c']"
blk_-5283019334173144877,"['bbb51b95', '3d91fa85', 'bbb51b95', 'bbb51b95', 'd38aa58d', '46003790', 'd38aa58d', '46003790', 'd38aa58d', '46003790', '5d5de21c', '5d5de21c', '5d5de21c']"
blk_-7403016268243448407,"['3d91fa85', 'bbb51b95', 'bbb51b95', 'bbb51b95', '5d5de21c', '5d5de21c', 'd38aa58d', '46003790', 'd38aa58d', '46003790', 'd38aa58d', '46003790', '5d5de21c', '32777b38', 'a333d363', '4dec0816', 'a333d363']"
blk_1325709917533750482,"['bbb51b95', 'bbb51b95', 'bbb51b95', '3d91fa85', 'd38aa58d', '46003790', 'd38aa58d', '46003790', '5d5de21c', '5d5de21c', 'd38aa58d', '46003790', '5d5de21c']"
blk_7154192258121728001,"['3d91fa85', 'bbb51b95', 'bbb51b95', 'bbb51b95', '5d5de21c', '5d5de21c', '5d5de21c', 'd38aa58d', '46003790', 'd38aa58d', '46003790', 'd38aa58d', '46003790']"
blk_772586971470200635,"['bbb51b95', 'bbb51b95', 'bbb51b95', '3d91fa85', 'd38aa58d', '46003790', 'd38aa58d', '46003790', 'd38aa58d', '46003790', '5d5de21c', '5d5de21c', '5d5de21c']"
blk_-2975469063163653515,"['3d91fa85', 'bbb51b95', 'bbb51b95', 'bbb51b95', 'd38aa58d', 'd38aa58d', '46003790', '46003790', 'd38aa58d', '46003790', '5d5de21c', '5d5de21c', '5d5de21c']"
blk_-2031727762669739687,"['3d91fa85', 'bbb51b95', 'bbb51b95', 'bbb51b95', '46003790', '5d5de21c', '5d5de21c', 'd38aa58d', 'd38aa58d', '46003790', 'd38aa58d', '46003790', '5d5de21c']"
blk_4583637358927318213,"['3d91fa85', 'bbb51b95', 'bbb51b95', 'bbb51b95', '5d5de21c', '5d5de21c', '5d5de21c', 'd38aa58d', '46003790', 'd38aa58d', '46003790', 'd38aa58d', '46003790']"
blk_-8615991803757223008,"['bbb51b95', 'bbb51b95', 'bbb51b95', '3d91fa85', '5d5de21c', '5d5de21c', 'd38aa58d', '46003790', 'd38aa58d', '46003790', 'd38aa58d', '46003790', '5d5de21c', 'a333d363', '4dec0816', 'a333d363']"
blk_2176025093603043231,"['3d91fa85', 'bbb51b95', 'bbb51b95', 'bbb51b95', '5d5de21c', '5d5de21c', '5d5de21c', 'd38aa58d', '46003790', 'd38aa58d', '46003790', 'd38aa58d', '46003790', '32777b38']"
blk_-335141948727564584,"['bbb51b95', 'bbb51b95', 'bbb51b95', '3d91fa85', 'd38aa58d', '46003790', 'd38aa58d', '46003790', 'd38aa58d', '46003790', '5d5de21c', '5d5de21c', '5d5de21c', 'a333d363', '4dec0816']"
blk_-5444497426303978512,"['bbb51b95', '3d91fa85', 'bbb51b95', 'bbb51b95', 'd38aa58d', 'd38aa58d', '46003790', '46003790', '5d5de21c', '5d5de21c', 'd38aa58d', '46003790', '5d5de21c', '32777b38']"
blk_-738294483157650100,"['bbb51b95', 'bbb51b95', 'bbb51b95', '3d91fa85', 'd38aa58d', '46003790', 'd38aa58d', '46003790', 'd38aa58d', '46003790', '5d5de21c', '5d5de21c', '5d5de21c']"
blk_-7554812270260474294,"['3d91fa85', 'bbb51b95', 'bbb51b95', 'bbb51b95', '5d5de21c', '5d5de21c', '5d5de21c', 'd38aa58d', '46003790', 'd38aa58d', '46003790', 'd38aa58d', '46003790']"
blk_1755611597604576316,"['3d91fa85', 'bbb51b95', 'bbb51b95', 'bbb51b95', '5d5de21c', 'd38aa58d', '46003790', 'd38aa58d', '46003790', 'd38aa58d', '46003790', '5d5de21c', '5d5de21c', '32777b38', 'a333d363', '4dec0816', 'a333d363']"
blk_2488731144843422228,"['bbb51b95', 'bbb51b95', 'bbb51b95', '3d91fa85', 'd38aa58d', '46003790', 'd38aa58d', '46003790', 'd38aa58d', '46003790', '5d5de21c', '5d5de21c', '5d5de21c', 'd63ef163', 'd63ef163', 'd63ef163', 'dba996ef', 'dba996ef', 'dba996ef']"
blk_-4486433662954352775,"['bbb51b95', 'bbb51b95', 'bbb51b95', '3d91fa85', 'd38aa58d', '46003790', 'd38aa58d', '46003790', 'd38aa58d', '46003790', '5d5de21c', '5d5de21c', '5d5de21c', 'a333d363']"
blk_5980397916240231204,"['bbb51b95', '3d91fa85', 'bbb51b95', 'bbb51b95', 'd38aa58d', '46003790', 'd38aa58d', '46003790', '5d5de21c', '5d5de21c', 'd38aa58d', '46003790', '5d5de21c', '32777b38']"
blk_-1308671624612033799,"['3d91fa85', 'bbb51b95', 'bbb51b95', 'bbb51b95', '5d5de21c', '5d5de21c', '5d5de21c', 'd38aa58d', 'd38aa58d', '46003790', '46003790', 'd38aa58d', '46003790', '32777b38']"
blk_-5709452146614219396,"['bbb51b95', '3d91fa85', 'bbb51b95', 'bbb51b95', 'd38aa58d', '46003790', 'd38aa58d', '46003790', 'd38aa58d', '46003790', '5d5de21c', '5d5de21c', '5d5de21c']"
blk_-2184446361737931295,"['3d91fa85', 'bbb51b95', 'bbb51b95', 'bbb51b95', '5d5de21c', '5d5de21c', '5d5de21c', 'd38aa58d', '46003790', 'd38aa58d', '46003790', 'd38aa58d', '46003790', '32777b38', 'a333d363', 'a333d363', '4dec0816']"
blk_4090224566936193919,"['bbb51b95', '3d91fa85', 'bbb51b95', 'bbb51b95', '5d5de21c', 'd38aa58d', 'd38aa58d', '46003790', '46003790', '5d5de21c', '5d5de21c', 'd38aa58d', '46003790']"
blk_3987454875245692871,"['3d91fa85', 'bbb51b95', 'bbb51b95', 'bbb51b95', '5d5de21c', '5d5de21c', 'd38aa58d', '46003790', 'd38aa58d', '46003790', '5d5de21c', 'd38aa58d', '46003790']"
blk_-3130931879184502540,"['bbb51b95', 'bbb51b95', '3d91fa85', 'bbb51b95', 'd38aa58d', '46003790', 'd38aa58d', '46003790', 'd38aa58d', '46003790', '5d5de21c', '5d5de21c', '5d5de21c']"
blk_1237419982788854994,"['bbb51b95', 'bbb51b95', 'bbb51b95', '3d91fa85', 'd38aa58d', '46003790', 'd38aa58d', '46003790', 'd38aa58d', '46003790', '5d5de21c', '5d5de21c', '5d5de21c', 'd63ef163', 'd63ef163', 'd63ef163', 'dba996ef', 'dba996ef', 'dba996ef']"
blk_-8174327210689510897,"['bbb51b95', 'bbb51b95', 'bbb51b95', '3d91fa85', 'd38aa58d', '46003790', 'd38aa58d', '46003790', 'd38aa58d', '46003790', '5d5de21c', '5d5de21c', '5d5de21c']"
blk_-7422069206210904543,"['bbb51b95', 'bbb51b95', 'bbb51b95', '3d91fa85', 'd38aa58d', '46003790', 'd38aa58d', '46003790', 'd38aa58d', '46003790', '5d5de21c', '5d5de21c', '5d5de21c', 'd63ef163', 'd63ef163', 'd63ef163', 'dba996ef', 'dba996ef', 'dba996ef']"
blk_-3199036601570151285,"['3d91fa85', 'bbb51b95', 'bbb51b95', 'bbb51b95', '5d5de21c', '5d5de21c', 'd38aa58d', '46003790', 'd38aa58d', '46003790', '5d5de21c', 'd38aa58d', '46003790']"
blk_1197363229237057210,"['bbb51b95', 'bbb51b95', '3d91fa85', 'bbb51b95', 'd38aa58d', '46003790', '5d5de21c', 'd38aa58d', '46003790', 'd38aa58d', '46003790', '5d5de21c', '5d5de21c', 'a333d363', '4dec0816']"
blk_6372912769044720343,"['3d91fa85', 'bbb51b95', 'bbb51b95', 'bbb51b95', '5d5de21c', '5d5de21c', '5d5de21c', 'd38aa58d', '46003790', 'd38aa58d', '46003790', 'd38aa58d', '46003790']"
blk_-1739752359353390614,"['bbb51b95', 'bbb51b95', 'bbb51b95', '3d91fa85', 'd38aa58d', '46003790', 'd38aa58d', '46003790', 'd38aa58d', '46003790', '5d5de21c', '5d5de21c', '5d5de21c']"
blk_-5035097775576622529,"['bbb51b95', '3d91fa85', 'bbb51b95', 'bbb51b95', 'd38aa58d', '46003790', '5d5de21c', 'd38aa58d', '46003790', 'd38aa58d', '46003790', '5d5de21c', '5d5de21c']"
blk_-2126878494248750201,"['bbb51b95', 'bbb51b95', '3d91fa85', 'bbb51b95', 'd38aa58d', '46003790', 'd38aa58d', '46003790', 'd38aa58d', '46003790', '5d5de21c', '5d5de21c', '5d5de21c']"
blk_-4670557543393017535,"['3d91fa85', 'bbb51b95', 'bbb51b95', 'bbb51b95', '5d5de21c', '5d5de21c', '5d5de21c', 'd38aa58d', '46003790', 'd38aa58d', '46003790', 'd38aa58d', '46003790']"
blk_5359614638930787182,"['bbb51b95', '3d91fa85', 'bbb51b95', 'bbb51b95', 'd38aa58d', '46003790', 'd38aa58d', '46003790', '5d5de21c', '5d5de21c', '46003790', 'd38aa58d', '5d5de21c']"
blk_3647098096660331647,"['bbb51b95', 'bbb51b95', '3d91fa85', 'bbb51b95', 'd38aa58d', '46003790', 'd38aa58d', 'd38aa58d', '46003790', '46003790', '5d5de21c', '5d5de21c', '5d5de21c', '32777b38', '32777b38', '32777b38', 'a333d363']"
blk_-3183083655655778712,"['bbb51b95', 'bbb51b95', '3d91fa85', 'bbb51b95', 'd38aa58d', '46003790', 'd38aa58d', '46003790', 'd38aa58d', '46003790', '5d5de21c', '5d5de21c', '5d5de21c']"
blk_-3247671303133571264,"['bbb51b95', 'bbb51b95', 'bbb51b95', '3d91fa85', 'd38aa58d', '46003790', 'd38aa58d', '46003790', 'd38aa58d', '46003790', '5d5de21c', '5d5de21c', '5d5de21c']"
blk_6413824396165490706,"['3d91fa85', 'bbb51b95', 'bbb51b95', 'bbb51b95', '5d5de21c', '5d5de21c', '5d5de21c', 'd38aa58d', '46003790', 'd38aa58d', '46003790', 'd38aa58d', '46003790']"
blk_-1451811206772270315,"['3d91fa85', 'bbb51b95', 'bbb51b95', 'bbb51b95', 'd38aa58d', '46003790', 'd38aa58d', '46003790', 'd38aa58d', '46003790', '5d5de21c', '5d5de21c', '5d5de21c']"
blk_2033235962429909969,"['bbb51b95', 'bbb51b95', 'bbb51b95', '3d91fa85', '5d5de21c', '5d5de21c', 'd38aa58d', '46003790', 'd38aa58d', '46003790', 'd38aa58d', '46003790', '5d5de21c']"
blk_819179290057647726,"['bbb51b95', '3d91fa85', 'bbb51b95', 'bbb51b95', 'd38aa58d', '46003790', 'd38aa58d', '46003790', 'd38aa58d', '46003790', '5d5de21c', '5d5de21c', '5d5de21c']"
blk_8542117199727119465,"['bbb51b95', 'bbb51b95', 'bbb51b95', '3d91fa85', 'd38aa58d', '46003790', 'd38aa58d', '46003790', 'd38aa58d', '46003790', '5d5de21c', '5d5de21c', '5d5de21c']"
blk_7718386631576542004,"['bbb51b95', 'bbb51b95', '3d91fa85', 'bbb51b95', 'd38aa58d', '46003790', 'd38aa58d', '46003790', 'd38aa58d', '46003790', '5d5de21c', '5d5de21c', '5d5de21c']"
blk_-7277566380185226455,"['bbb51b95', 'bbb51b95', 'bbb51b95', '3d91fa85', 'd38aa58d', '46003790', 'd38aa58d', '46003790', '5d5de21c', '5d5de21c', 'd38aa58d', '46003790', '5d5de21c']"
blk_-5486344488672442576,"['bbb51b95', 'bbb51b95', '3d91fa85', 'bbb51b95', 'd38aa58d', '46003790', 'd38aa58d', '46003790', 'd38aa58d', '46003790', '5d5de21c', '5d5de21c', '5d5de21c']"
blk_2750875891098809495,"['bbb51b95', 'bbb51b95', 'bbb51b95', '3d91fa85', 'd38aa58d', '46003790', 'd38aa58d', '46003790', '5d5de21c', '5d5de21c', 'd38aa58d', '46003790', '5d5de21c', '32777b38', 'a333d363', '4dec0816', 'a333d363']"
blk_-6824735597739298331,"['bbb51b95', 'bbb51b95', '3d91fa85', 'bbb51b95', 'd38aa58d', '46003790', 'd38aa58d', '46003790', 'd38aa58d', '46003790', '5d5de21c', '5d5de21c', '5d5de21c', 'a333d363', '4dec0816']"
blk_-4656897471902635546,"['bbb51b95', '3d91fa85', 'bbb51b95', 'bbb51b95', 'd38aa58d', '46003790', 'd38aa58d', '46003790', 'd38aa58d', '46003790', '5d5de21c', '5d5de21c', '5d5de21c']"
blk_-7659177791949199295,"['bbb51b95', 'bbb51b95', 'bbb51b95', '3d91fa85', 'd38aa58d', '46003790', '46003790', '5d5de21c', 'd38aa58d', '46003790', 'd38aa58d', '5d5de21c', '5d5de21c']"
blk_2504139043623433338,"['3d91fa85', 'bbb51b95', 'bbb51b95', '5d5de21c', 'bbb51b95', 'd38aa58d', '46003790', '5d5de21c', '5d5de21c', 'd38aa58d', '46003790', 'd38aa58d', '46003790', '4dec0816']"
blk_8707532500076085850,"['bbb51b95', 'bbb51b95', '3d91fa85', 'bbb51b95', '46003790', '5d5de21c', 'd38aa58d', '46003790', 'd38aa58d', 'd38aa58d', '46003790', '5d5de21c', '5d5de21c']"
blk_3090061612867464957,"['bbb51b95', 'bbb51b95', 'bbb51b95', '3d91fa85', 'd38aa58d', '46003790', 'd38aa58d', '46003790', 'd38aa58d', '46003790', '5d5de21c', '5d5de21c', '5d5de21c']"
blk_3351378363674939568,"['3d91fa85', 'bbb51b95', 'bbb51b95', 'bbb51b95', '5d5de21c', '5d5de21c', '5d5de21c', 'd38aa58d', 'd38aa58d', '46003790', '46003790', 'd38aa58d', '46003790']"
blk_5792489080791696128,"['3d91fa85', 'bbb51b95', 'bbb51b95', 'bbb51b95', '5d5de21c', '5d5de21c', '5d5de21c', 'd38aa58d', '46003790', 'd38aa58d', '46003790', 'd38aa58d', '46003790', '32777b38']"
blk_-2365270289565220395,"['bbb51b95', 'bbb51b95', 'bbb51b95', '3d91fa85', 'd38aa58d', '46003790', 'd38aa58d', '46003790', '5d5de21c', '5d5de21c', 'd38aa58d', '46003790', '5d5de21c', 'dba996ef', 'd63ef163', 'd63ef163', 'd63ef163', 'dba996ef', 'dba996ef']"
blk_845619111872659887,"['bbb51b95', '3d91fa85', 'bbb51b95', 'bbb51b95', 'd38aa58d', '46003790', 'd38aa58d', '46003790', 'd38aa58d', '46003790', '5d5de21c', '5d5de21c', '5d5de21c', '32777b38', '32777b38', 'a333d363', 'a333d363']"
blk_3462498190120640722,"['3d91fa85', 'bbb51b95', 'bbb51b95', 'bbb51b95', '5d5de21c', '5d5de21c', 'd38aa58d', '46003790', '46003790', '5d5de21c', 'd38aa58d', '46003790', 'd38aa58d']"
blk_-1116739766389124376,"['bbb51b95', 'bbb51b95', '3d91fa85', 'bbb51b95', 'd38aa58d', '46003790', 'd38aa58d', '46003790', 'd38aa58d', '46003790', '5d5de21c', '5d5de21c', '5d5de21c']"
blk_308138978640650273,"['bbb51b95', 'bbb51b95', '3d91fa85', 'bbb51b95', 'd38aa58d', '46003790', 'd38aa58d', '46003790', 'd38aa58d', '46003790', '5d5de21c', '5d5de21c', '5d5de21c']"
blk_-4096319782954747424,"['bbb51b95', 'bbb51b95', '3d91fa85', 'bbb51b95', 'd38aa58d', '46003790', 'd38aa58d', '46003790', 'd38aa58d', '46003790', '5d5de21c', '5d5de21c', '5d5de21c']"
blk_-8526516225665487646,"['3d91fa85', 'bbb51b95', 'bbb51b95', 'bbb51b95', '5d5de21c', '5d5de21c', '5d5de21c', 'd38aa58d', '46003790', 'd38aa58d', '46003790', 'd38aa58d', '46003790']"
blk_-5306904178510287486,"['bbb51b95', '3d91fa85', 'bbb51b95', 'bbb51b95', 'd38aa58d', '46003790', 'd38aa58d', '46003790', 'd38aa58d', '46003790', '5d5de21c', '5d5de21c', '5d5de21c']"
blk_3196351619274957151,"['3d91fa85', 'bbb51b95', 'bbb51b95', 'bbb51b95', '46003790', '5d5de21c', '5d5de21c', '5d5de21c', 'd38aa58d', 'd38aa58d', '46003790', 'd38aa58d', '46003790', 'a333d363']"
blk_-7798946417843399211,"['bbb51b95', '3d91fa85', 'bbb51b95', 'bbb51b95', 'd38aa58d', '46003790', '5d5de21c', 'd38aa58d', '46003790', 'd38aa58d', '46003790', '5d5de21c', '5d5de21c']"
blk_-9182528874816326531,"['3d91fa85', 'bbb51b95', 'bbb51b95', 'bbb51b95', '5d5de21c', '5d5de21c', 'd38aa58d', '46003790', 'd38aa58d', '46003790', 'd38aa58d', '46003790', '5d5de21c']"
blk_1403209125792040756,"['bbb51b95', 'bbb51b95', 'bbb51b95', '3d91fa85', 'd38aa58d', '46003790', 'd38aa58d', '46003790', 'd38aa58d', '46003790', '5d5de21c', '5d5de21c', '5d5de21c', 'a333d363', '4dec0816']"
blk_-8542513022761404750,"['bbb51b95', 'bbb51b95', '3d91fa85', 'bbb51b95', 'd38aa58d', '46003790', 'd38aa58d', '46003790', 'd38aa58d', '46003790', '5d5de21c', '5d5de21c', '5d5de21c']"
blk_538271179890144221,"['bbb51b95', 'bbb51b95', '3d91fa85', 'bbb51b95', 'd38aa58d', '46003790', 'd38aa58d', '46003790', 'd38aa58d', '46003790', '5d5de21c', '5d5de21c', '5d5de21c']"
blk_8752080262068586661,"['bbb51b95', 'bbb51b95', '3d91fa85', 'bbb51b95', '5d5de21c', '5d5de21c', 'd38aa58d', '46003790', '5d5de21c', 'd38aa58d', '46003790', 'd38aa58d', '46003790']"
blk_-3264842198971198684,"['3d91fa85', 'bbb51b95', 'bbb51b95', 'bbb51b95', '5d5de21c', '5d5de21c', 'd38aa58d', '46003790', 'd38aa58d', '46003790', 'd38aa58d', '46003790', '5d5de21c']"
blk_97043140222490835,"['bbb51b95', 'bbb51b95', 'bbb51b95', '3d91fa85', 'd38aa58d', '46003790', '5d5de21c', 'd38aa58d', '46003790', 'd38aa58d', '46003790', '5d5de21c', '5d5de21c']"
blk_2224907527715374983,"['bbb51b95', '3d91fa85', 'bbb51b95', 'bbb51b95', 'd38aa58d', '46003790', 'd38aa58d', '46003790', 'd38aa58d', '46003790', '5d5de21c', '5d5de21c', '5d5de21c', '32777b38', '32777b38', '32777b38']"
blk_7397856966879264116,"['3d91fa85', 'bbb51b95', 'bbb51b95', 'bbb51b95', 'd38aa58d', '46003790', 'd38aa58d', '46003790', 'd38aa58d', '46003790', '5d5de21c', '5d5de21c', '5d5de21c', '32777b38']"
blk_3593798586610575214,"['bbb51b95', 'bbb51b95', 'bbb51b95', '3d91fa85', 'd38aa58d', '46003790', '5d5de21c', 'd38aa58d', '46003790', 'd38aa58d', '46003790', '5d5de21c', '5d5de21c']"
blk_-481076868995154048,"['3d91fa85', 'bbb51b95', 'bbb51b95', 'bbb51b95', '5d5de21c', '5d5de21c', '5d5de21c', 'd38aa58d', '46003790', 'd38aa58d', '46003790', 'd38aa58d', '46003790']"
blk_2399297971023079019,"['3d91fa85', 'bbb51b95', 'bbb51b95', 'bbb51b95', '5d5de21c', 'd38aa58d', '46003790', 'd38aa58d', '46003790', 'd38aa58d', '46003790', '5d5de21c', '5d5de21c']"
blk_-3059453549958878582,"['3d91fa85', 'bbb51b95', 'bbb51b95', 'bbb51b95', '5d5de21c', '5d5de21c', 'd38aa58d', '46003790', 'd38aa58d', '46003790', 'd38aa58d', '46003790', '5d5de21c']"
blk_-5492426726565747011,"['bbb51b95', 'bbb51b95', '3d91fa85', 'bbb51b95', 'd38aa58d', '46003790', 'd38aa58d', '46003790', 'd38aa58d', '46003790', '5d5de21c', '5d5de21c', '5d5de21c']"
blk_-7795956839400565799,"['bbb51b95', 'bbb51b95', '3d91fa85', 'bbb51b95', 'd38aa58d', '46003790', 'd38aa58d', '46003790', 'd38aa58d', '46003790', '5d5de21c', '5d5de21c', '5d5de21c']"
blk_-3593865940418640982,"['bbb51b95', 'bbb51b95', '3d91fa85', 'bbb51b95', 'd38aa58d', '46003790', 'd38aa58d', '46003790', 'd38aa58d', '46003790', '5d5de21c', '5d5de21c', '5d5de21c']"
blk_-2548156318877527202,"['3d91fa85', 'bbb51b95', 'bbb51b95', 'bbb51b95', '5d5de21c', '5d5de21c', 'd38aa58d', '46003790', 'd38aa58d', '46003790', 'd38aa58d', '46003790', '5d5de21c']"
blk_-3139526458252732416,"['bbb51b95', 'bbb51b95', 'bbb51b95', '3d91fa85', 'd38aa58d', '46003790', '46003790', 'd38aa58d', '46003790', '5d5de21c', '5d5de21c', '5d5de21c', 'd38aa58d']"
blk_-2899131240319088086,"['bbb51b95', 'bbb51b95', 'bbb51b95', '3d91fa85', 'd38aa58d', '46003790', 'd38aa58d', '46003790', 'd38aa58d', '46003790', '5d5de21c', '5d5de21c', '5d5de21c']"
blk_419177463531955788,"['bbb51b95', 'bbb51b95', 'bbb51b95', '3d91fa85', 'd38aa58d', '46003790', 'd38aa58d', '46003790', 'd38aa58d', '46003790', '5d5de21c', '5d5de21c', '5d5de21c']"
blk_6087873084761098337,"['bbb51b95', '3d91fa85', 'bbb51b95', 'bbb51b95', '5d5de21c', 'd38aa58d', '46003790', 'd38aa58d', '46003790', 'd38aa58d', '46003790', '5d5de21c', '5d5de21c', '4dec0816']"
blk_-2161143365526382897,"['3d91fa85', 'bbb51b95', 'bbb51b95', 'bbb51b95', '5d5de21c', '5d5de21c', '5d5de21c', 'd38aa58d', '46003790', 'd38aa58d', '46003790', 'd38aa58d', '46003790']"
blk_-4498718512656070135,"['bbb51b95', '3d91fa85', 'bbb51b95', 'bbb51b95', 'd38aa58d', '46003790', 'd38aa58d', '46003790', '5d5de21c', '5d5de21c', 'd38aa58d', '46003790', '5d5de21c', '32777b38', '32777b38', 'a333d363', '4dec0816', 'a333d363']"
blk_7954110379488499927,"['3d91fa85', 'bbb51b95', 'bbb51b95', 'bbb51b95', '5d5de21c', '5d5de21c', '5d5de21c', 'd38aa58d', '46003790', 'd38aa58d', '46003790', 'd38aa58d', '46003790', 'a333d363', '4dec0816', 'a333d363']"
blk_-4263809707594865707,"['3d91fa85', 'bbb51b95', 'bbb51b95', 'bbb51b95', '5d5de21c', '5d5de21c', 'd38aa58d', '46003790', 'd38aa58d', '46003790', 'd38aa58d', '46003790', '5d5de21c']"
blk_-8757323546566135646,"['3d91fa85', 'bbb51b95', 'bbb51b95', 'bbb51b95', '5d5de21c', '5d5de21c', 'd38aa58d', '46003790', 'd38aa58d', '46003790', 'd38aa58d', '46003790', '5d5de21c']"
blk_-2612524543320881030,"['3d91fa85', 'bbb51b95', 'bbb51b95', 'bbb51b95', '5d5de21c', 'd38aa58d', '46003790', '5d5de21c', '5d5de21c', 'd38aa58d', '46003790', 'd38aa58d', '46003790']"
blk_-8266952520502442326,"['bbb51b95', 'bbb51b95', 'bbb51b95', '3d91fa85', '5d5de21c', 'd38aa58d', '46003790', 'd38aa58d', '46003790', 'd38aa58d', '46003790', '5d5de21c', '5d5de21c']"
blk_7328177564787399140,"['3d91fa85', 'bbb51b95', 'bbb51b95', 'bbb51b95', '5d5de21c', 'd38aa58d', '46003790', 'd38aa58d', '46003790', '5d5de21c', '5d5de21c', 'd38aa58d', '46003790']"
blk_-1683472398812968898,"['3d91fa85', 'bbb51b95', 'bbb51b95', 'bbb51b95', '5d5de21c', '5d5de21c', 'd38aa58d', '46003790', 'd38aa58d', '46003790', '5d5de21c', 'd38aa58d', '46003790']"
blk_2935646221759476539,"['bbb51b95', 'bbb51b95', 'bbb51b95', '3d91fa85', 'd38aa58d', '46003790', 'd38aa58d', '46003790', 'd38aa58d', '46003790', '5d5de21c', '5d5de21c', '5d5de21c']"
blk_6146754331621635201,"['3d91fa85', 'bbb51b95', 'bbb51b95', 'bbb51b95', '5d5de21c', '5d5de21c', 'd38aa58d', '46003790', 'd38aa58d', '46003790', '5d5de21c', 'd38aa58d', '46003790', '32777b38']"
blk_4905951036856715785,"['bbb51b95', '3d91fa85', 'bbb51b95', 'bbb51b95', 'd38aa58d', '46003790', 'd38aa58d', '46003790', 'd38aa58d', '46003790', '5d5de21c', '5d5de21c', '5d5de21c']"
blk_-6174155369373380263,"['3d91fa85', 'bbb51b95', 'bbb51b95', 'bbb51b95', '5d5de21c', '5d5de21c', '5d5de21c', 'd38aa58d', '46003790', 'd38aa58d', '46003790', 'd38aa58d', '46003790', 'a333d363']"
blk_3378475397332236223,"['bbb51b95', 'bbb51b95', 'bbb51b95', '3d91fa85', 'd38aa58d', '46003790', 'd38aa58d', '46003790', 'd38aa58d', '46003790', '5d5de21c', '5d5de21c', '5d5de21c']"
blk_3560752169407831467,"['3d91fa85', 'bbb51b95', 'bbb51b95', 'bbb51b95', '5d5de21c', 'd38aa58d', '46003790', '46003790', 'd38aa58d', '46003790', '5d5de21c', '5d5de21c', 'd38aa58d']"
blk_-673555322665619892,"['3d91fa85', 'bbb51b95', 'bbb51b95', 'bbb51b95', '5d5de21c', 'd38aa58d', '46003790', 'd38aa58d', '46003790', 'd38aa58d', '46003790', '5d5de21c', '5d5de21c', 'a333d363', 'a333d363', '4dec0816']"
blk_-5344470181373803167,"['bbb51b95', 'bbb51b95', 'bbb51b95', '3d91fa85', 'd38aa58d', '46003790', 'd38aa58d', '46003790', 'd38aa58d', '46003790', '5d5de21c', '5d5de21c', '5d5de21c', '4dec0816']"
blk_4809161365988149255,"['3d91fa85', 'bbb51b95', 'bbb51b95', 'bbb51b95', '5d5de21c', '5d5de21c', '5d5de21c', 'd38aa58d', '46003790', 'd38aa58d', '46003790', 'd38aa58d', '46003790', 'a333d363', '4dec0816']"
blk_-5900394222032997175,"['bbb51b95', 'bbb51b95', 'bbb51b95', '3d91fa85', 'd38aa58d', '46003790', 'd38aa58d', '46003790', '5d5de21c', 'd38aa58d', '46003790', '5d5de21c', '5d5de21c']"
blk_-2194648188492570672,"['bbb51b95', '3d91fa85', 'bbb51b95', 'bbb51b95', 'd38aa58d', '46003790', 'd38aa58d', '46003790', '5d5de21c', '5d5de21c', 'd38aa58d', '46003790', '5d5de21c', 'd63ef163', 'd63ef163', 'd63ef163', 'dba996ef', 'dba996ef', 'dba996ef']"
blk_-3147619663799158604,"['bbb51b95', 'bbb51b95', 'bbb51b95', '3d91fa85', 'd38aa58d', '46003790', 'd38aa58d', '46003790', 'd38aa58d', '46003790', '5d5de21c', '5d5de21c', '5d5de21c']"
blk_590043979617619139,"['3d91fa85', 'bbb51b95', 'bbb51b95', 'bbb51b95', '5d5de21c', 'd38aa58d', '46003790', '5d5de21c', '5d5de21c', 'd38aa58d', '46003790', 'd38aa58d', '46003790']"
blk_-5337404340914508023,"['bbb51b95', 'bbb51b95', 'bbb51b95', '3d91fa85', 'd38aa58d', '46003790', 'd38aa58d', '46003790', 'd38aa58d', '46003790', '5d5de21c', '5d5de21c', '5d5de21c']"
blk_-7075505327225596137,"['bbb51b95', '3d91fa85', 'bbb51b95', 'bbb51b95', 'd38aa58d', '46003790', 'd38aa58d', '46003790', 'd38aa58d', '46003790', '5d5de21c', '5d5de21c', '5d5de21c']"
blk_-8695696219905650430,"['3d91fa85', 'bbb51b95', 'bbb51b95', 'bbb51b95', '5d5de21c', '5d5de21c', 'd38aa58d', '46003790', '5d5de21c', 'd38aa58d', '46003790', 'd38aa58d', '46003790', 'a333d363', '4dec0816']"
blk_-609936081743615085,"['bbb51b95', '3d91fa85', 'bbb51b95', 'bbb51b95', 'd38aa58d', '46003790', '5d5de21c', '5d5de21c', 'd38aa58d', '46003790', '5d5de21c', 'd38aa58d', '46003790']"
blk_-6081297074925531572,"['3d91fa85', 'bbb51b95', 'bbb51b95', 'bbb51b95', '5d5de21c', '5d5de21c', '5d5de21c', 'd38aa58d', '46003790', 'd38aa58d', '46003790', 'd38aa58d', '46003790', '4dec0816']"
blk_-5754019223058288394,"['bbb51b95', 'bbb51b95', '3d91fa85', 'bbb51b95', 'd38aa58d', '46003790', 'd38aa58d', '46003790', '5d5de21c', 'd38aa58d', '46003790', '5d5de21c', '5d5de21c', '4dec0816']"
blk_5750847135228551651,"['bbb51b95', 'bbb51b95', 'bbb51b95', '3d91fa85', 'd38aa58d', '46003790', 'd38aa58d', '46003790', 'd38aa58d', '46003790', '5d5de21c', '5d5de21c', '5d5de21c']"
blk_1279570414893923389,"['bbb51b95', 'bbb51b95', '3d91fa85', 'bbb51b95', 'd38aa58d', '46003790', 'd38aa58d', '46003790', 'd38aa58d', '46003790', '5d5de21c', '5d5de21c', '5d5de21c']"
blk_6389171403734715212,"['bbb51b95', 'bbb51b95', '3d91fa85', 'bbb51b95', 'd38aa58d', '46003790', 'd38aa58d', '46003790', 'd38aa58d', '46003790', '5d5de21c', '5d5de21c', '5d5de21c']"
blk_8481881679909046929,"['bbb51b95', '3d91fa85', 'bbb51b95', 'bbb51b95', 'd38aa58d', '46003790', 'd38aa58d', '46003790', 'd38aa58d', '46003790', '5d5de21c', '5d5de21c', '5d5de21c']"
blk_3011417479263817597,"['bbb51b95', 'bbb51b95', '3d91fa85', 'bbb51b95', 'd38aa58d', '46003790', 'd38aa58d', '46003790', 'd38aa58d', '46003790', '5d5de21c', '5d5de21c', '5d5de21c']"
blk_1666784200661576690,"['bbb51b95', 'bbb51b95', '3d91fa85', 'bbb51b95', 'd38aa58d', '46003790', 'd38aa58d', '46003790', 'd38aa58d', '46003790', '5d5de21c', '5d5de21c', '5d5de21c']"
blk_-1550368259936421152,"['bbb51b95', 'bbb51b95', 'bbb51b95', '3d91fa85', 'd38aa58d', '46003790', 'd38aa58d', '46003790', 'd38aa58d', '46003790', '5d5de21c', '5d5de21c', '5d5de21c']"
blk_-6004672462484711522,"['3d91fa85', 'bbb51b95', 'bbb51b95', 'bbb51b95', 'd38aa58d', '46003790', 'd38aa58d', '46003790', 'd38aa58d', '46003790', '5d5de21c', '5d5de21c', '5d5de21c']"
blk_2614836504730318291,"['bbb51b95', '3d91fa85', 'bbb51b95', 'bbb51b95', 'd38aa58d', '46003790', 'd38aa58d', '46003790', 'd38aa58d', '46003790', '5d5de21c', '5d5de21c', '5d5de21c']"
blk_6681939448410633958,"['3d91fa85', 'bbb51b95', 'bbb51b95', 'bbb51b95', '5d5de21c', '5d5de21c', '5d5de21c', 'd38aa58d', '46003790', 'd38aa58d', '46003790', 'd38aa58d', '46003790']"
blk_2012112258364335779,"['3d91fa85', 'bbb51b95', 'bbb51b95', 'bbb51b95', '5d5de21c', '5d5de21c', '5d5de21c', 'd38aa58d', 'd38aa58d', '46003790', '46003790', 'd38aa58d', '46003790']"
blk_-3758307373231144373,"['3d91fa85', 'bbb51b95', 'bbb51b95', 'bbb51b95', '5d5de21c', '5d5de21c', 'd38aa58d', '46003790', 'd38aa58d', '46003790', 'd38aa58d', '46003790', '5d5de21c', 'a333d363']"
blk_-4892328155119825703,"['3d91fa85', 'bbb51b95', 'bbb51b95', 'bbb51b95', '5d5de21c', '5d5de21c', '5d5de21c', 'd38aa58d', '46003790', 'd38aa58d', '46003790', 'd38aa58d', '46003790', 'a333d363', '4dec0816']"
blk_-5973589004014386843,"['3d91fa85', 'bbb51b95', 'bbb51b95', 'bbb51b95', '5d5de21c', '5d5de21c', 'd38aa58d', '46003790', 'd38aa58d', '46003790', '5d5de21c', 'd38aa58d', '46003790', 'a333d363']"
blk_8403565759731601248,"['bbb51b95', '3d91fa85', 'bbb51b95', 'bbb51b95', 'd38aa58d', '46003790', '5d5de21c', 'd38aa58d', '46003790', 'd38aa58d', '46003790', '5d5de21c', '5d5de21c']"
blk_-3385383299105964187,"['bbb51b95', 'bbb51b95', 'bbb51b95', '3d91fa85', 'd38aa58d', '46003790', 'd38aa58d', '46003790', 'd38aa58d', '46003790', '5d5de21c', '5d5de21c', '5d5de21c']"
blk_-4808292942057429695,"['bbb51b95', '3d91fa85', 'bbb51b95', 'bbb51b95', 'd38aa58d', '46003790', 'd38aa58d', '46003790', '5d5de21c', '5d5de21c', 'd38aa58d', '46003790', '5d5de21c']"
blk_-1916613950122344966,"['bbb51b95', '3d91fa85', 'bbb51b95', 'bbb51b95', 'd38aa58d', '46003790', 'd38aa58d', '46003790', 'd38aa58d', '46003790', '5d5de21c', '5d5de21c', '5d5de21c']"
blk_1269516722916062100,"['3d91fa85', 'bbb51b95', 'bbb51b95', 'bbb51b95', 'd38aa58d', '46003790', 'd38aa58d', '46003790', 'd38aa58d', '46003790', '5d5de21c', '5d5de21c', '5d5de21c']"
blk_2873754673302508448,"['bbb51b95', 'bbb51b95', '3d91fa85', 'bbb51b95', 'd38aa58d', '46003790', 'd38aa58d', '46003790', 'd38aa58d', '46003790', '5d5de21c', '5d5de21c', '5d5de21c']"
blk_47121558025677707,"['bbb51b95', 'bbb51b95', '3d91fa85', 'bbb51b95', 'd38aa58d', '46003790', 'd38aa58d', '46003790', 'd38aa58d', '46003790', '5d5de21c', '5d5de21c', '5d5de21c']"
blk_-6988358311264114890,"['bbb51b95', '3d91fa85', 'bbb51b95', 'bbb51b95', 'd38aa58d', '46003790', 'd38aa58d', '46003790', 'd38aa58d', '46003790', '5d5de21c', '5d5de21c', '5d5de21c']"
blk_-8980319102447457554,"['bbb51b95', 'bbb51b95', 'bbb51b95', '3d91fa85', 'd38aa58d', '46003790', 'd38aa58d', '46003790', 'd38aa58d', '46003790', '5d5de21c', '5d5de21c', '5d5de21c']"
blk_383532247106723411,"['bbb51b95', 'bbb51b95', '3d91fa85', 'bbb51b95', 'd38aa58d', '46003790', 'd38aa58d', '46003790', 'd38aa58d', '46003790', '5d5de21c', '5d5de21c', '5d5de21c', 'd63ef163', 'd63ef163', 'd63ef163', 'dba996ef', 'dba996ef', 'dba996ef']"
blk_1368375145513846937,"['bbb51b95', '3d91fa85', 'bbb51b95', 'bbb51b95', 'd38aa58d', '46003790', 'd38aa58d', '46003790', 'd38aa58d', '46003790', '5d5de21c', '5d5de21c', '5d5de21c', 'a333d363', '4dec0816']"
blk_6246326843675758486,"['bbb51b95', 'bbb51b95', '3d91fa85', 'bbb51b95', 'd38aa58d', '46003790', 'd38aa58d', '46003790', 'd38aa58d', '46003790', '5d5de21c', '5d5de21c', '5d5de21c']"
blk_3736358248921435285,"['3d91fa85', 'bbb51b95', 'bbb51b95', 'bbb51b95', '5d5de21c', '5d5de21c', 'd38aa58d', '46003790', 'd38aa58d', '46003790', 'd38aa58d', '46003790', '5d5de21c']"
blk_-3400565509364697857,"['3d91fa85', 'bbb51b95', 'bbb51b95', 'bbb51b95', '5d5de21c', '5d5de21c', '5d5de21c', 'd38aa58d', '46003790', 'd38aa58d', '46003790', 'd38aa58d', '46003790', 'a333d363', '4dec0816', 'a333d363']"
blk_-6515376400884528598,"['bbb51b95', 'bbb51b95', 'bbb51b95', '3d91fa85', 'd38aa58d', '46003790', 'd38aa58d', '46003790', 'd38aa58d', '46003790', '5d5de21c', '5d5de21c', '5d5de21c', 'd63ef163', 'd63ef163', 'd63ef163', 'dba996ef', 'dba996ef', 'dba996ef']"
blk_3758796656589967496,"['bbb51b95', 'bbb51b95', '3d91fa85', 'bbb51b95', 'd38aa58d', '46003790', 'd38aa58d', '46003790', 'd38aa58d', '46003790', '5d5de21c', '5d5de21c', '5d5de21c']"
blk_-7577483672598113785,"['bbb51b95', 'bbb51b95', 'bbb51b95', '3d91fa85', 'd38aa58d', '46003790', 'd38aa58d', '46003790', 'd38aa58d', '46003790', '5d5de21c', '5d5de21c', '5d5de21c']"
blk_1464550041760402247,"['3d91fa85', 'bbb51b95', 'bbb51b95', 'bbb51b95', 'd38aa58d', '46003790', 'd38aa58d', '46003790', 'd38aa58d', '46003790', '5d5de21c', '5d5de21c', '5d5de21c']"
blk_1431594501002453478,"['3d91fa85', 'bbb51b95', '5d5de21c', '5d5de21c', '5d5de21c', 'd38aa58d', '46003790', 'bbb51b95', 'd38aa58d', '46003790', 'bbb51b95', 'd38aa58d', '46003790', '4dec0816']"
blk_6324792656848834609,"['3d91fa85', 'bbb51b95', 'bbb51b95', 'bbb51b95', 'd38aa58d', '46003790', 'd38aa58d', '46003790', 'd38aa58d', '46003790', '5d5de21c', '5d5de21c', '5d5de21c', 'a333d363', '4dec0816']"
blk_6757801897431528753,"['3d91fa85', 'bbb51b95', 'bbb51b95', 'bbb51b95', '5d5de21c', '5d5de21c', '5d5de21c', 'd38aa58d', '46003790', 'd38aa58d', '46003790', 'd38aa58d', '46003790', 'a333d363']"
blk_-8264024191612984347,"['3d91fa85', 'bbb51b95', 'bbb51b95', 'bbb51b95', '5d5de21c', '5d5de21c', '5d5de21c', 'd38aa58d', '46003790', 'd38aa58d', '46003790', 'd38aa58d', '46003790']"
blk_3575145540095437191,"['bbb51b95', 'bbb51b95', 'bbb51b95', '3d91fa85', 'd38aa58d', '46003790', 'd38aa58d', '46003790', '5d5de21c', '5d5de21c', 'd38aa58d', '46003790', '5d5de21c']"
blk_-2947515393396507971,"['bbb51b95', 'bbb51b95', 'bbb51b95', '3d91fa85', 'd38aa58d', '46003790', 'd38aa58d', '46003790', 'd38aa58d', '46003790', '5d5de21c', '5d5de21c', '5d5de21c', '32777b38', '32777b38', '32777b38', 'a333d363']"
blk_6884461846825351507,"['3d91fa85', 'bbb51b95', 'bbb51b95', 'bbb51b95', '5d5de21c', '5d5de21c', '5d5de21c', 'd38aa58d', '46003790', 'd38aa58d', '46003790', 'd38aa58d', '46003790']"
blk_-8558832259851105299,"['bbb51b95', 'bbb51b95', '3d91fa85', 'bbb51b95', 'd38aa58d', '46003790', 'd38aa58d', '46003790', 'd38aa58d', '46003790', '5d5de21c', '5d5de21c', '5d5de21c']"
blk_-6987163578195053054,"['bbb51b95', 'bbb51b95', 'bbb51b95', '3d91fa85', 'd38aa58d', '46003790', 'd38aa58d', '46003790', '5d5de21c', '5d5de21c', '5d5de21c', 'd38aa58d', '46003790']"
blk_2333628909821562525,"['bbb51b95', 'bbb51b95', '3d91fa85', 'bbb51b95', 'd38aa58d', '46003790', 'd38aa58d', '46003790', 'd38aa58d', '46003790', '5d5de21c', '5d5de21c', '5d5de21c']"
blk_-5958865913113920524,"['bbb51b95', 'bbb51b95', 'bbb51b95', '3d91fa85', 'd38aa58d', '46003790', 'd38aa58d', '46003790', 'd38aa58d', '46003790', '5d5de21c', '5d5de21c', '5d5de21c']"
blk_-8926134708554823498,"['bbb51b95', 'bbb51b95', 'bbb51b95', '3d91fa85', 'd38aa58d', '46003790', 'd38aa58d', '46003790', 'd38aa58d', '46003790', '5d5de21c', '5d5de21c', '5d5de21c', 'd63ef163', 'd63ef163', 'd63ef163', 'dba996ef', 'dba996ef', 'dba996ef']"
blk_-6990044695334255696,"['bbb51b95', 'bbb51b95', 'bbb51b95', '3d91fa85', 'd38aa58d', '46003790', 'd38aa58d', '46003790', 'd38aa58d', '46003790', '5d5de21c', '5d5de21c', '5d5de21c', '4dec0816']"
blk_8275263460808978696,"['bbb51b95', 'bbb51b95', '3d91fa85', 'bbb51b95', 'd38aa58d', '46003790', 'd38aa58d', '46003790', '5d5de21c', '5d5de21c', '5d5de21c', 'd38aa58d', '46003790']"
blk_-7563839913615465347,"['bbb51b95', 'bbb51b95', 'bbb51b95', '3d91fa85', 'd38aa58d', '46003790', 'd38aa58d', '46003790', 'd38aa58d', '46003790', '5d5de21c', '5d5de21c', '5d5de21c', 'd63ef163', 'd63ef163', 'd63ef163', 'dba996ef', 'dba996ef', 'dba996ef']"
blk_368144584424702231,"['3d91fa85', 'bbb51b95', 'bbb51b95', 'bbb51b95', '5d5de21c', '5d5de21c', '5d5de21c', 'd38aa58d', '46003790', 'd38aa58d', '46003790', 'd38aa58d', '46003790', '32777b38']"
blk_6956955317899642567,"['bbb51b95', 'bbb51b95', 'bbb51b95', '3d91fa85', 'd38aa58d', '46003790', 'd38aa58d', '46003790', 'd38aa58d', '46003790', '5d5de21c', '5d5de21c', '5d5de21c']"
blk_-4090503235465178635,"['bbb51b95', 'bbb51b95', '3d91fa85', 'bbb51b95', 'd38aa58d', '46003790', 'd38aa58d', '46003790', '5d5de21c', '5d5de21c', '5d5de21c', 'd38aa58d', '46003790', '4dec0816']"
blk_7073814624784265131,"['3d91fa85', 'bbb51b95', 'bbb51b95', 'bbb51b95', '5d5de21c', 'd38aa58d', '46003790', 'd38aa58d', '46003790', '5d5de21c', '5d5de21c', 'd38aa58d', '46003790']"
blk_-8374141385202926584,"['3d91fa85', 'bbb51b95', 'bbb51b95', 'bbb51b95', '5d5de21c', '5d5de21c', '5d5de21c', 'd38aa58d', '46003790', 'd38aa58d', '46003790', 'd38aa58d', '46003790']"
blk_-1349197214030459858,"['3d91fa85', 'bbb51b95', 'bbb51b95', 'bbb51b95', '46003790', '5d5de21c', '5d5de21c', '5d5de21c', 'd38aa58d', 'd38aa58d', '46003790', 'd38aa58d', '46003790']"
blk_-5607824492352204562,"['3d91fa85', 'bbb51b95', 'bbb51b95', 'bbb51b95', '5d5de21c', '5d5de21c', 'd38aa58d', '46003790', 'd38aa58d', '46003790', '5d5de21c', 'd38aa58d', '46003790']"
blk_-2459713912863727438,"['3d91fa85', 'bbb51b95', 'bbb51b95', 'bbb51b95', '5d5de21c', '5d5de21c', '5d5de21c', 'd38aa58d', '46003790', 'd38aa58d', 'd38aa58d', '46003790', '46003790']"
blk_-3328085315435167845,"['bbb51b95', 'bbb51b95', 'bbb51b95', '3d91fa85', 'd38aa58d', '46003790', 'd38aa58d', '46003790', 'd38aa58d', '46003790', '5d5de21c', '5d5de21c', '5d5de21c']"
blk_-6108780682959356968,"['bbb51b95', '3d91fa85', 'bbb51b95', 'bbb51b95', 'd38aa58d', 'd38aa58d', '46003790', '46003790', '5d5de21c', '5d5de21c', 'd38aa58d', '46003790', '5d5de21c', '32777b38', '32777b38', '32777b38', 'a333d363']"
blk_6754259214372057890,"['bbb51b95', '3d91fa85', 'bbb51b95', 'bbb51b95', 'd38aa58d', '46003790', 'd38aa58d', '46003790', 'd38aa58d', '46003790', '5d5de21c', '5d5de21c', '5d5de21c', 'a333d363']"
blk_6447423995782028823,"['bbb51b95', 'bbb51b95', 'bbb51b95', '3d91fa85', 'd38aa58d', '46003790', 'd38aa58d', '46003790', '46003790', '5d5de21c', '5d5de21c', 'd38aa58d', '5d5de21c', 'd63ef163', 'd63ef163', 'd63ef163', 'dba996ef', 'dba996ef', 'dba996ef']"
blk_128747252826094959,"['bbb51b95', 'bbb51b95', '3d91fa85', 'bbb51b95', 'd38aa58d', '46003790', 'd38aa58d', '46003790', 'd38aa58d', '46003790', '5d5de21c', '5d5de21c', '5d5de21c', 'a333d363', '4dec0816']"
blk_6377636211294567339,"['bbb51b95', '3d91fa85', 'bbb51b95', 'bbb51b95', 'd38aa58d', '46003790', 'd38aa58d', '46003790', 'd38aa58d', '46003790', '5d5de21c', '5d5de21c', '5d5de21c']"
blk_-2124994363954838990,"['bbb51b95', '3d91fa85', 'bbb51b95', 'bbb51b95', 'd38aa58d', '46003790', 'd38aa58d', '46003790', 'd38aa58d', '46003790', '5d5de21c', '5d5de21c', '5d5de21c']"
blk_-5344766136174387212,"['bbb51b95', 'bbb51b95', '3d91fa85', 'bbb51b95', 'd38aa58d', '46003790', 'd38aa58d', '46003790', 'd38aa58d', '46003790', '5d5de21c', '5d5de21c', '5d5de21c']"
blk_-2654346802825487473,"['bbb51b95', '3d91fa85', 'bbb51b95', 'bbb51b95', 'd38aa58d', '46003790', '5d5de21c', 'd38aa58d', '46003790', 'd38aa58d', '46003790', '5d5de21c', '5d5de21c']"
blk_7804715869289796608,"['3d91fa85', 'bbb51b95', 'bbb51b95', 'bbb51b95', '5d5de21c', '5d5de21c', 'd38aa58d', '46003790', 'd38aa58d', '46003790', 'd38aa58d', '46003790', '5d5de21c']"
blk_-3535745697875280072,"['bbb51b95', '3d91fa85', 'bbb51b95', 'bbb51b95', 'd38aa58d', '46003790', 'd38aa58d', '46003790', 'd38aa58d', '46003790', '5d5de21c', '5d5de21c', '5d5de21c', '32777b38', '32777b38', 'a333d363', '4dec0816']"
blk_-3550442427647762800,"['bbb51b95', 'bbb51b95', 'bbb51b95', '3d91fa85', 'd38aa58d', '46003790', 'd38aa58d', '46003790', 'd38aa58d', '46003790', '5d5de21c', '5d5de21c', '5d5de21c']"
blk_1278282718485779688,"['bbb51b95', 'bbb51b95', 'bbb51b95', '3d91fa85', 'd38aa58d', '46003790', 'd38aa58d', '46003790', '5d5de21c', 'd38aa58d', '46003790', '5d5de21c', '5d5de21c', 'a333d363', '4dec0816']"
blk_2138619155831435358,"['bbb51b95', '3d91fa85', 'bbb51b95', 'bbb51b95', 'd38aa58d', '46003790', 'd38aa58d', '46003790', 'd38aa58d', '46003790', '5d5de21c', '5d5de21c', '5d5de21c']"
blk_-8499140771016724515,"['bbb51b95', 'bbb51b95', '3d91fa85', 'bbb51b95', 'd38aa58d', '46003790', 'd38aa58d', '46003790', 'd38aa58d', '46003790', '5d5de21c', '5d5de21c', '5d5de21c', '4dec0816']"
blk_-2115722715941358272,"['3d91fa85', 'bbb51b95', 'bbb51b95', 'bbb51b95', 'd38aa58d', '46003790', '5d5de21c', '5d5de21c', 'd38aa58d', '46003790', '5d5de21c', 'd38aa58d', '46003790']"
blk_-2638057115767328520,"['3d91fa85', 'bbb51b95', 'bbb51b95', 'bbb51b95', '5d5de21c', '5d5de21c', '5d5de21c', 'd38aa58d', '46003790', 'd38aa58d', '46003790', 'd38aa58d', '46003790']"
blk_1934290736068288851,"['bbb51b95', 'bbb51b95', 'bbb51b95', '3d91fa85', 'd38aa58d', '46003790', 'd38aa58d', '46003790', '5d5de21c', '5d5de21c', 'd38aa58d', '46003790', '5d5de21c']"
blk_-309289315381349348,"['bbb51b95', '3d91fa85', 'bbb51b95', 'bbb51b95', 'd38aa58d', '46003790', 'd38aa58d', '46003790', 'd38aa58d', '46003790', '5d5de21c', '5d5de21c', '5d5de21c']"
blk_-7453391683012592538,"['3d91fa85', 'bbb51b95', 'bbb51b95', 'bbb51b95', '5d5de21c', '5d5de21c', 'd38aa58d', '46003790', 'd38aa58d', '46003790', 'd38aa58d', '46003790', '5d5de21c', '4dec0816']"
blk_2299605242033534600,"['bbb51b95', 'bbb51b95', '3d91fa85', 'bbb51b95', 'd38aa58d', '46003790', 'd38aa58d', '46003790', 'd38aa58d', '46003790', '5d5de21c', '5d5de21c', '5d5de21c', 'a333d363']"
blk_-165058378747718495,"['bbb51b95', 'bbb51b95', 'bbb51b95', '3d91fa85', 'd38aa58d', '46003790', 'd38aa58d', '46003790', 'd38aa58d', '46003790', '5d5de21c', '5d5de21c', '5d5de21c']"
blk_5468123443193140580,"['bbb51b95', 'bbb51b95', 'bbb51b95', '3d91fa85', 'd38aa58d', '46003790', 'd38aa58d', '46003790', 'd38aa58d', '46003790', '5d5de21c', '5d5de21c', '5d5de21c', 'd63ef163', 'd63ef163', 'd63ef163', 'dba996ef', 'dba996ef', 'dba996ef']"
blk_628546317351174599,"['bbb51b95', 'bbb51b95', 'bbb51b95', '3d91fa85', 'd38aa58d', 'd38aa58d', '46003790', '46003790', 'd38aa58d', '46003790', '5d5de21c', '5d5de21c', '5d5de21c']"
blk_-6483140945853482068,"['bbb51b95', 'bbb51b95', 'bbb51b95', '3d91fa85', 'd38aa58d', '46003790', 'd38aa58d', '46003790', 'd38aa58d', '46003790', '5d5de21c', '5d5de21c', '5d5de21c', 'a333d363', '4dec0816']"
blk_-3463870207777353588,"['3d91fa85', 'bbb51b95', 'bbb51b95', 'bbb51b95', '5d5de21c', '5d5de21c', 'd38aa58d', '46003790', 'd38aa58d', '46003790', 'd38aa58d', '46003790', '5d5de21c', '32777b38']"
blk_-2032740670708110312,"['bbb51b95', 'bbb51b95', 'bbb51b95', '3d91fa85', 'd38aa58d', '46003790', 'd38aa58d', '46003790', 'd38aa58d', '46003790', '5d5de21c', '5d5de21c', '5d5de21c']"
blk_1528190103339263244,"['bbb51b95', 'bbb51b95', '3d91fa85', 'bbb51b95', 'd38aa58d', '46003790', '5d5de21c', '5d5de21c', 'd38aa58d', '46003790', 'd38aa58d', '46003790', '5d5de21c']"
blk_-4525106451631148227,"['3d91fa85', 'bbb51b95', 'bbb51b95', 'bbb51b95', '5d5de21c', '5d5de21c', 'd38aa58d', '46003790', '5d5de21c', 'd38aa58d', '46003790', 'd38aa58d', '46003790', '32777b38', 'a333d363', 'a333d363', '4dec0816']"
blk_472362021236123041,"['3d91fa85', 'bbb51b95', 'bbb51b95', 'bbb51b95', '5d5de21c', '5d5de21c', 'd38aa58d', '46003790', 'd38aa58d', '46003790', 'd38aa58d', '46003790', '5d5de21c']"
blk_-8568493021683001629,"['bbb51b95', 'bbb51b95', '3d91fa85', 'bbb51b95', 'd38aa58d', '46003790', 'd38aa58d', 'd38aa58d', '46003790', '46003790', '5d5de21c', '5d5de21c', '5d5de21c', 'd63ef163', 'd63ef163', 'd63ef163', 'dba996ef', 'dba996ef', 'dba996ef']"
blk_4569483316451218440,"['bbb51b95', 'bbb51b95', '3d91fa85', 'bbb51b95', 'd38aa58d', '46003790', 'd38aa58d', '46003790', 'd38aa58d', '46003790', '5d5de21c', '5d5de21c', '5d5de21c', 'a333d363', '4dec0816']"
blk_-8554622565146693056,"['3d91fa85', 'bbb51b95', 'bbb51b95', 'bbb51b95', 'd38aa58d', '46003790', 'd38aa58d', '46003790', 'd38aa58d', '46003790', '5d5de21c', '5d5de21c', '5d5de21c']"
blk_3140475808133040162,"['bbb51b95', 'bbb51b95', '3d91fa85', 'bbb51b95', 'd38aa58d', '46003790', 'd38aa58d', '46003790', 'd38aa58d', '46003790', '5d5de21c', '5d5de21c', '5d5de21c']"
blk_-3289508369261781316,"['3d91fa85', 'bbb51b95', 'bbb51b95', 'bbb51b95', '5d5de21c', '5d5de21c', '5d5de21c', 'd38aa58d', '46003790', 'd38aa58d', '46003790', 'd38aa58d', '46003790']"
blk_-1795875939919910712,"['bbb51b95', '3d91fa85', 'bbb51b95', 'bbb51b95', 'd38aa58d', '46003790', 'd38aa58d', '46003790', 'd38aa58d', '46003790', '5d5de21c', '5d5de21c', '5d5de21c']"
blk_-3301162379232456058,"['bbb51b95', 'bbb51b95', '3d91fa85', 'bbb51b95', 'd38aa58d', '46003790', 'd38aa58d', '46003790', 'd38aa58d', '46003790', '5d5de21c', '5d5de21c', '5d5de21c']"
blk_-3952528601248991619,"['bbb51b95', 'bbb51b95', '3d91fa85', 'bbb51b95', 'd38aa58d', '46003790', 'd38aa58d', '46003790', 'd38aa58d', '46003790', '5d5de21c', '5d5de21c', '5d5de21c']"
blk_2973549564666438231,"['bbb51b95', '3d91fa85', 'bbb51b95', 'bbb51b95', 'd38aa58d', '46003790', 'd38aa58d', '46003790', 'd38aa58d', '46003790', '5d5de21c', '5d5de21c', '5d5de21c']"
blk_-6846430871985664406,"['bbb51b95', '3d91fa85', 'bbb51b95', 'bbb51b95', 'd38aa58d', '46003790', 'd38aa58d', '46003790', '5d5de21c', '5d5de21c', 'd38aa58d', '46003790', '5d5de21c', 'a333d363']"
blk_276567835327261511,"['bbb51b95', 'bbb51b95', 'bbb51b95', '3d91fa85', 'd38aa58d', '46003790', '5d5de21c', 'd38aa58d', 'd38aa58d', '46003790', '46003790', '5d5de21c', '5d5de21c', 'd63ef163', 'd63ef163', 'd63ef163', 'dba996ef', 'dba996ef', 'dba996ef']"
blk_3092049487891264978,"['bbb51b95', 'bbb51b95', '3d91fa85', 'bbb51b95', 'd38aa58d', '46003790', 'd38aa58d', '46003790', 'd38aa58d', '46003790', '5d5de21c', '5d5de21c', '5d5de21c', 'a333d363']"
blk_-7525059936258574236,"['bbb51b95', '3d91fa85', 'bbb51b95', 'bbb51b95', 'd38aa58d', '46003790', 'd38aa58d', '46003790', 'd38aa58d', '46003790', '5d5de21c', '5d5de21c', '5d5de21c']"
blk_-6920621006428629119,"['bbb51b95', 'bbb51b95', 'bbb51b95', '3d91fa85', 'd38aa58d', '46003790', 'd38aa58d', '46003790', 'd38aa58d', '46003790', '5d5de21c', '5d5de21c', '5d5de21c']"
blk_-3740071612735850187,"['bbb51b95', 'bbb51b95', 'bbb51b95', '3d91fa85', 'd38aa58d', '46003790', 'd38aa58d', '46003790', 'd38aa58d', '46003790', '5d5de21c', '5d5de21c', '5d5de21c', 'd63ef163', 'd63ef163', 'd63ef163', 'dba996ef', 'dba996ef', 'dba996ef']"
blk_-3737633139679425125,"['3d91fa85', 'bbb51b95', 'bbb51b95', 'bbb51b95', '5d5de21c', '5d5de21c', '5d5de21c', 'd38aa58d', '46003790', 'd38aa58d', '46003790', 'd38aa58d', '46003790']"
blk_-1969558035181995323,"['bbb51b95', '3d91fa85', 'bbb51b95', 'bbb51b95', 'd38aa58d', '46003790', 'd38aa58d', '46003790', 'd38aa58d', '46003790', '5d5de21c', '5d5de21c', '5d5de21c', '32777b38']"
blk_-1125966682406565178,"['bbb51b95', '3d91fa85', 'bbb51b95', 'bbb51b95', 'd38aa58d', '46003790', 'd38aa58d', '46003790', 'd38aa58d', '46003790', '5d5de21c', '5d5de21c', '5d5de21c']"
blk_-6064181432928632348,"['bbb51b95', '3d91fa85', 'bbb51b95', 'bbb51b95', 'd38aa58d', '46003790', 'd38aa58d', '46003790', 'd38aa58d', '46003790', '5d5de21c', '5d5de21c', '5d5de21c']"
blk_7532358793658738669,"['bbb51b95', 'bbb51b95', 'bbb51b95', '3d91fa85', 'd38aa58d', '46003790', 'd38aa58d', '46003790', 'd38aa58d', '46003790', '5d5de21c', '5d5de21c', '5d5de21c']"
blk_6500160268110250004,"['3d91fa85', 'bbb51b95', 'bbb51b95', 'bbb51b95', '5d5de21c', '5d5de21c', 'd38aa58d', '46003790', 'd38aa58d', '46003790', 'd38aa58d', '46003790', '5d5de21c', '32777b38', 'a333d363', 'a333d363', '4dec0816']"
blk_6218425654846820656,"['bbb51b95', '3d91fa85', 'bbb51b95', 'bbb51b95', 'd38aa58d', '46003790', 'd38aa58d', '46003790', 'd38aa58d', '46003790', '5d5de21c', '5d5de21c', '5d5de21c']"
blk_-5217463363863609738,"['bbb51b95', 'bbb51b95', 'bbb51b95', '3d91fa85', 'd38aa58d', '46003790', 'd38aa58d', '46003790', 'd38aa58d', '46003790', '5d5de21c', '5d5de21c', '5d5de21c']"
blk_-3327569627439351926,"['bbb51b95', '3d91fa85', 'bbb51b95', 'bbb51b95', 'd38aa58d', '46003790', 'd38aa58d', '46003790', 'd38aa58d', '46003790', '5d5de21c', '5d5de21c', '5d5de21c']"
blk_6546587795487380505,"['3d91fa85', 'bbb51b95', 'bbb51b95', 'bbb51b95', '5d5de21c', '5d5de21c', 'd38aa58d', '46003790', 'd38aa58d', '46003790', 'd38aa58d', '46003790', '5d5de21c', '32777b38']"
blk_7907560701941886849,"['bbb51b95', '3d91fa85', 'bbb51b95', 'bbb51b95', 'd38aa58d', '46003790', 'd38aa58d', '46003790', 'd38aa58d', '46003790', '5d5de21c', '5d5de21c', '5d5de21c', '32777b38', 'a333d363', '4dec0816']"
blk_7298710832628537994,"['bbb51b95', '3d91fa85', 'bbb51b95', 'bbb51b95', 'd38aa58d', '46003790', 'd38aa58d', '46003790', '5d5de21c', '5d5de21c', 'd38aa58d', '46003790', '5d5de21c']"
blk_2492674685834055776,"['bbb51b95', 'bbb51b95', 'bbb51b95', '3d91fa85', 'd38aa58d', '46003790', 'd38aa58d', '46003790', 'd38aa58d', '46003790', '5d5de21c', '5d5de21c', '5d5de21c']"
blk_-9197728834254685951,"['3d91fa85', 'bbb51b95', 'bbb51b95', 'bbb51b95', '5d5de21c', '5d5de21c', 'd38aa58d', '46003790', 'd38aa58d', '46003790', 'd38aa58d', '46003790', '5d5de21c', '4dec0816']"
blk_-4930799262302448559,"['bbb51b95', 'bbb51b95', '3d91fa85', 'bbb51b95', 'd38aa58d', '46003790', 'd38aa58d', '46003790', 'd38aa58d', '46003790', '5d5de21c', '5d5de21c', '5d5de21c']"
blk_-7038413773202478759,"['bbb51b95', 'bbb51b95', 'bbb51b95', '3d91fa85', 'd38aa58d', '46003790', 'd38aa58d', '46003790', 'd38aa58d', '46003790', '5d5de21c', '5d5de21c', '5d5de21c']"
blk_5152795425452640598,"['bbb51b95', '3d91fa85', 'bbb51b95', 'bbb51b95', '46003790', 'd38aa58d', '46003790', 'd38aa58d', 'd38aa58d', '46003790', '5d5de21c', '5d5de21c', '5d5de21c']"
blk_4921865155833522685,"['bbb51b95', '3d91fa85', 'bbb51b95', 'bbb51b95', 'd38aa58d', '46003790', 'd38aa58d', 'd38aa58d', '46003790', '46003790', '5d5de21c', '5d5de21c', '5d5de21c']"
blk_-9053003797271266062,"['3d91fa85', 'bbb51b95', 'bbb51b95', 'bbb51b95', '5d5de21c', '5d5de21c', '5d5de21c', 'd38aa58d', '46003790', 'd38aa58d', '46003790', 'd38aa58d', '46003790']"
blk_5677208416136566498,"['bbb51b95', 'bbb51b95', '3d91fa85', 'bbb51b95', 'd38aa58d', '46003790', 'd38aa58d', '46003790', 'd38aa58d', '46003790', '5d5de21c', '5d5de21c', '5d5de21c']"
blk_-5978412819517748233,"['bbb51b95', '3d91fa85', 'bbb51b95', 'bbb51b95', 'd38aa58d', '46003790', 'd38aa58d', '46003790', '5d5de21c', '5d5de21c', 'd38aa58d', '46003790', '5d5de21c']"
blk_-5918241833663574035,"['bbb51b95', 'bbb51b95', '3d91fa85', 'bbb51b95', 'd38aa58d', '46003790', 'd38aa58d', '46003790', 'd38aa58d', '46003790', '5d5de21c', '5d5de21c', '5d5de21c']"
blk_-779387698786554371,"['bbb51b95', 'bbb51b95', 'bbb51b95', '3d91fa85', 'd38aa58d', '46003790', 'd38aa58d', '46003790', 'd38aa58d', '46003790', '5d5de21c', '5d5de21c', '5d5de21c']"
blk_-2500020252807556690,"['bbb51b95', 'bbb51b95', '3d91fa85', 'bbb51b95', 'd38aa58d', '46003790', 'd38aa58d', '46003790', '5d5de21c', '5d5de21c', 'd38aa58d', '46003790', '5d5de21c']"
blk_-675743740678886205,"['3d91fa85', 'bbb51b95', 'bbb51b95', 'bbb51b95', '5d5de21c', '5d5de21c', '5d5de21c', 'd38aa58d', '46003790', 'd38aa58d', 'd38aa58d', '46003790', '46003790', 'a333d363', '4dec0816']"
blk_3116475255880731866,"['3d91fa85', 'bbb51b95', 'bbb51b95', 'bbb51b95', 'd38aa58d', '46003790', '5d5de21c', '5d5de21c', '5d5de21c', 'd38aa58d', '46003790', 'd38aa58d', '46003790', '32777b38', 'a333d363']"
blk_-4329536366615768248,"['bbb51b95', 'bbb51b95', '3d91fa85', 'bbb51b95', 'd38aa58d', '46003790', 'd38aa58d', '46003790', 'd38aa58d', '46003790', '5d5de21c', '5d5de21c', '5d5de21c', 'd63ef163', 'd63ef163', 'd63ef163', 'dba996ef', 'dba996ef', 'dba996ef']"
blk_7233106886369251539,"['bbb51b95', '3d91fa85', 'bbb51b95', 'bbb51b95', 'd38aa58d', '46003790', 'd38aa58d', '46003790', 'd38aa58d', '46003790', '5d5de21c', '5d5de21c', '5d5de21c']"
blk_-6789310797887663777,"['bbb51b95', 'bbb51b95', '3d91fa85', 'bbb51b95', 'd38aa58d', '46003790', 'd38aa58d', '46003790', 'd38aa58d', '46003790', '5d5de21c', '5d5de21c', '5d5de21c']"
blk_-8080078033685848870,"['3d91fa85', 'bbb51b95', 'bbb51b95', 'bbb51b95', '5d5de21c', '5d5de21c', 'd38aa58d', '46003790', 'd38aa58d', '46003790', '5d5de21c', 'd38aa58d', '46003790']"
blk_-7846885605280981564,"['bbb51b95', 'bbb51b95', '3d91fa85', 'bbb51b95', 'd38aa58d', '46003790', 'd38aa58d', 'd38aa58d', '46003790', '46003790', '5d5de21c', '5d5de21c', '5d5de21c']"
blk_-4667470578821022066,"['bbb51b95', 'bbb51b95', 'bbb51b95', '3d91fa85', 'd38aa58d', '46003790', 'd38aa58d', '46003790', 'd38aa58d', '46003790', '5d5de21c', '5d5de21c', '5d5de21c', '32777b38', '32777b38', '32777b38', 'a333d363', 'a333d363', 'a333d363', 'a333d363', 'a333d363', 'a333d363', 'a333d363', 'a333d363', 'a333d363', 'a333d363', '4dec0816', 'a333d363', 'a333d363', 'a333d363', 'a333d363', 'a333d363']"
blk_-8907418798991321287,"['3d91fa85', 'bbb51b95', 'bbb51b95', 'bbb51b95', '5d5de21c', '5d5de21c', 'd38aa58d', '46003790', 'd38aa58d', '46003790', '5d5de21c', 'd38aa58d', '46003790']"
blk_-6147236675508360066,"['bbb51b95', 'bbb51b95', '3d91fa85', 'bbb51b95', 'd38aa58d', '46003790', 'd38aa58d', '46003790', 'd38aa58d', '46003790', '5d5de21c', '5d5de21c', '5d5de21c']"
blk_-7623946486035667939,"['bbb51b95', '3d91fa85', 'bbb51b95', 'bbb51b95', 'd38aa58d', '46003790', 'd38aa58d', '46003790', 'd38aa58d', '46003790', '5d5de21c', '5d5de21c', '5d5de21c']"
blk_-4849445400179715943,"['3d91fa85', 'bbb51b95', 'bbb51b95', 'bbb51b95', '5d5de21c', '5d5de21c', '5d5de21c', 'd38aa58d', '46003790', 'd38aa58d', '46003790', 'd38aa58d', '46003790']"
blk_7672247746836599687,"['3d91fa85', 'bbb51b95', 'bbb51b95', 'bbb51b95', '5d5de21c', 'd38aa58d', '46003790', '5d5de21c', 'd38aa58d', '46003790', 'd38aa58d', '46003790', '5d5de21c', '32777b38', 'a333d363', '4dec0816']"
blk_-1478572981214642221,"['bbb51b95', 'bbb51b95', 'bbb51b95', '3d91fa85', 'd38aa58d', '46003790', 'd38aa58d', '46003790', 'd38aa58d', '46003790', '5d5de21c', '5d5de21c', '5d5de21c']"
blk_-3535894138753380988,"['3d91fa85', 'bbb51b95', 'bbb51b95', 'bbb51b95', '5d5de21c', '5d5de21c', '5d5de21c', 'd38aa58d', '46003790', 'd38aa58d', '46003790', 'd38aa58d', '46003790']"
blk_4385079400972582700,"['3d91fa85', 'bbb51b95', 'bbb51b95', 'bbb51b95', '5d5de21c', '5d5de21c', 'd38aa58d', '46003790', '5d5de21c', 'd38aa58d', '46003790', 'd38aa58d', '46003790', 'a333d363']"
blk_-4024918079543882113,"['3d91fa85', 'bbb51b95', 'bbb51b95', 'bbb51b95', 'd38aa58d', '46003790', 'd38aa58d', '46003790', 'd38aa58d', '46003790', '5d5de21c', '5d5de21c', '5d5de21c']"
blk_8978858146494824252,"['bbb51b95', 'bbb51b95', 'bbb51b95', '3d91fa85', '46003790', 'd38aa58d', '46003790', '5d5de21c', 'd38aa58d', 'd38aa58d', '46003790', '5d5de21c', '5d5de21c']"
blk_1601363568569390195,"['bbb51b95', 'bbb51b95', '3d91fa85', 'bbb51b95', 'd38aa58d', '46003790', 'd38aa58d', '46003790', 'd38aa58d', '46003790', '5d5de21c', '5d5de21c', '5d5de21c', 'a333d363', '4dec0816']"
blk_3597890974405218914,"['3d91fa85', 'bbb51b95', 'bbb51b95', 'bbb51b95', 'd38aa58d', '46003790', 'd38aa58d', '46003790', '5d5de21c', '5d5de21c', 'd38aa58d', '46003790', '5d5de21c']"
blk_3313313812196744377,"['bbb51b95', 'bbb51b95', '3d91fa85', 'bbb51b95', 'd38aa58d', '46003790', 'd38aa58d', '46003790', 'd38aa58d', '46003790', '5d5de21c', '5d5de21c', '5d5de21c']"
blk_-620447443733669441,"['bbb51b95', 'bbb51b95', '3d91fa85', 'bbb51b95', 'd38aa58d', '46003790', 'd38aa58d', '46003790', 'd38aa58d', '46003790', '5d5de21c', '5d5de21c', '5d5de21c']"
blk_-1684870133667115401,"['bbb51b95', 'bbb51b95', 'bbb51b95', '3d91fa85', 'd38aa58d', '46003790', 'd38aa58d', '46003790', 'd38aa58d', '46003790', '5d5de21c', '5d5de21c', '5d5de21c']"
blk_3281514466097391473,"['3d91fa85', 'bbb51b95', 'bbb51b95', 'bbb51b95', 'd38aa58d', '46003790', 'd38aa58d', '46003790', '5d5de21c', '5d5de21c', 'd38aa58d', '46003790', '5d5de21c', 'd63ef163', 'd63ef163', 'd63ef163', 'dba996ef', 'dba996ef', 'dba996ef']"
blk_7885055843101788481,"['bbb51b95', 'bbb51b95', 'bbb51b95', '3d91fa85', 'd38aa58d', '46003790', 'd38aa58d', '46003790', 'd38aa58d', '46003790', '5d5de21c', '5d5de21c', '5d5de21c']"
blk_-5543519011028911232,"['bbb51b95', 'bbb51b95', '3d91fa85', 'bbb51b95', 'd38aa58d', '46003790', 'd38aa58d', 'd38aa58d', '46003790', '46003790', '5d5de21c', '5d5de21c', '5d5de21c']"
blk_3666697906904969068,"['bbb51b95', 'bbb51b95', 'bbb51b95', '3d91fa85', 'd38aa58d', '46003790', 'd38aa58d', '46003790', '5d5de21c', '5d5de21c', 'd38aa58d', '46003790', '5d5de21c']"
blk_-2740288440039344152,"['bbb51b95', 'bbb51b95', '3d91fa85', 'bbb51b95', 'd38aa58d', '46003790', 'd38aa58d', '46003790', '5d5de21c', '5d5de21c', 'd38aa58d', '46003790', '5d5de21c']"
blk_1844603440538376243,"['bbb51b95', 'bbb51b95', '3d91fa85', 'bbb51b95', 'd38aa58d', '46003790', 'd38aa58d', '46003790', 'd38aa58d', '46003790', '5d5de21c', '5d5de21c', '5d5de21c']"
blk_-1412190707253453103,"['bbb51b95', '3d91fa85', 'bbb51b95', 'bbb51b95', 'd38aa58d', '46003790', '5d5de21c', 'd38aa58d', '46003790', 'd38aa58d', '46003790', '5d5de21c', '5d5de21c', '32777b38', '32777b38', 'a333d363', '4dec0816', 'a333d363']"
blk_-2035881055342955030,"['bbb51b95', 'bbb51b95', 'bbb51b95', '3d91fa85', 'd38aa58d', '46003790', 'd38aa58d', '46003790', 'd38aa58d', '46003790', '5d5de21c', '5d5de21c', '5d5de21c', '4dec0816']"
blk_4652697699128039166,"['bbb51b95', 'bbb51b95', '3d91fa85', 'bbb51b95', '5d5de21c', 'd38aa58d', '46003790', '5d5de21c', 'd38aa58d', '46003790', 'd38aa58d', '46003790', '5d5de21c', '32777b38']"
blk_-8293983907909156904,"['3d91fa85', 'bbb51b95', 'bbb51b95', 'bbb51b95', '5d5de21c', '5d5de21c', '5d5de21c', 'd38aa58d', '46003790', 'd38aa58d', '46003790', 'd38aa58d', '46003790']"
blk_-3421274606957652883,"['3d91fa85', 'bbb51b95', 'bbb51b95', 'bbb51b95', '5d5de21c', '5d5de21c', '5d5de21c', 'd38aa58d', '46003790', 'd38aa58d', '46003790', 'd38aa58d', '46003790', 'a333d363', '4dec0816']"
blk_-8290746168952928953,"['3d91fa85', 'bbb51b95', 'bbb51b95', 'bbb51b95', '5d5de21c', '5d5de21c', 'd38aa58d', '46003790', 'd38aa58d', '46003790', 'd38aa58d', '46003790', '5d5de21c']"
blk_5432972008077267255,"['3d91fa85', 'bbb51b95', 'bbb51b95', 'bbb51b95', '5d5de21c', '5d5de21c', '5d5de21c', 'd38aa58d', '46003790', 'd38aa58d', '46003790', 'd38aa58d', '46003790']"
blk_8687795892166456808,"['bbb51b95', '3d91fa85', 'bbb51b95', 'bbb51b95', '5d5de21c', '5d5de21c', 'd38aa58d', '46003790', 'd38aa58d', '46003790', 'd38aa58d', '46003790', '5d5de21c', 'a333d363', '4dec0816', 'a333d363']"
blk_-6615296527340700051,"['bbb51b95', 'bbb51b95', 'bbb51b95', '3d91fa85', 'd38aa58d', '46003790', 'd38aa58d', '46003790', 'd38aa58d', '46003790', '5d5de21c', '5d5de21c', '5d5de21c']"
blk_-7537203211843020463,"['bbb51b95', 'bbb51b95', '3d91fa85', 'bbb51b95', 'd38aa58d', '46003790', 'd38aa58d', '46003790', 'd38aa58d', '46003790', '5d5de21c', '5d5de21c', '5d5de21c']"
blk_-4018749104981137302,"['bbb51b95', 'bbb51b95', '3d91fa85', 'bbb51b95', 'd38aa58d', '46003790', 'd38aa58d', '46003790', '5d5de21c', 'd38aa58d', '46003790', '5d5de21c', '5d5de21c', 'a333d363', 'a333d363', '4dec0816']"
blk_-6031314486011076449,"['3d91fa85', 'bbb51b95', 'bbb51b95', 'bbb51b95', '5d5de21c', '5d5de21c', '5d5de21c', 'd38aa58d', '46003790', 'd38aa58d', '46003790', 'd38aa58d', '46003790', 'a333d363', 'a333d363', '4dec0816']"
blk_-3478782298957060298,"['bbb51b95', '3d91fa85', 'bbb51b95', 'bbb51b95', 'd38aa58d', '46003790', 'd38aa58d', '46003790', 'd38aa58d', '46003790', '5d5de21c', '5d5de21c', '5d5de21c']"
blk_4792778365393141454,"['bbb51b95', '3d91fa85', 'bbb51b95', 'bbb51b95', 'd38aa58d', '46003790', 'd38aa58d', '46003790', 'd38aa58d', '46003790', '5d5de21c', '5d5de21c', '5d5de21c']"
blk_-2081664753411356438,"['bbb51b95', '3d91fa85', 'bbb51b95', 'bbb51b95', 'd38aa58d', '46003790', 'd38aa58d', '46003790', 'd38aa58d', '46003790', '5d5de21c', '5d5de21c', '5d5de21c', '32777b38']"
blk_7000942295527293456,"['bbb51b95', '3d91fa85', 'bbb51b95', 'bbb51b95', 'd38aa58d', '46003790', '46003790', '5d5de21c', 'd38aa58d', '46003790', 'd38aa58d', '5d5de21c', '5d5de21c']"
blk_4396049989065616824,"['bbb51b95', '3d91fa85', 'bbb51b95', 'bbb51b95', 'd38aa58d', '46003790', 'd38aa58d', '46003790', '5d5de21c', '5d5de21c', 'd38aa58d', '46003790', '5d5de21c']"
blk_-5393504535122924152,"['bbb51b95', '3d91fa85', 'bbb51b95', 'bbb51b95', 'd38aa58d', '46003790', 'd38aa58d', '46003790', 'd38aa58d', '46003790', '5d5de21c', '5d5de21c', '5d5de21c', '4dec0816']"
blk_48525153910831621,"['bbb51b95', 'bbb51b95', 'bbb51b95', '3d91fa85', 'd38aa58d', '46003790', 'd38aa58d', '46003790', '5d5de21c', '5d5de21c', 'd38aa58d', '46003790', '5d5de21c']"
blk_-2127925119585035782,"['3d91fa85', 'bbb51b95', 'bbb51b95', 'bbb51b95', '5d5de21c', 'd38aa58d', '46003790', 'd38aa58d', '46003790', 'd38aa58d', '46003790', '5d5de21c', '5d5de21c']"
blk_2740472851261719041,"['bbb51b95', 'bbb51b95', 'bbb51b95', '3d91fa85', 'd38aa58d', '46003790', 'd38aa58d', '46003790', 'd38aa58d', '46003790', '5d5de21c', '5d5de21c', '5d5de21c']"
blk_5007216520243288945,"['bbb51b95', 'bbb51b95', 'bbb51b95', '3d91fa85', 'd38aa58d', '46003790', 'd38aa58d', '46003790', 'd38aa58d', '46003790', '5d5de21c', '5d5de21c', '5d5de21c']"
blk_-2808429359005453416,"['3d91fa85', 'bbb51b95', 'bbb51b95', 'bbb51b95', '5d5de21c', '5d5de21c', '46003790', 'd38aa58d', '46003790', '5d5de21c', 'd38aa58d', 'd38aa58d', '46003790', 'a333d363', '4dec0816', 'a333d363']"
blk_-7300835887062415762,"['3d91fa85', 'bbb51b95', 'bbb51b95', 'bbb51b95', '5d5de21c', 'd38aa58d', '46003790', 'd38aa58d', '46003790', '5d5de21c', '5d5de21c', 'd38aa58d', '46003790']"
blk_-5104110040762992105,"['bbb51b95', '3d91fa85', 'bbb51b95', 'bbb51b95', 'd38aa58d', '46003790', 'd38aa58d', '46003790', '5d5de21c', '5d5de21c', 'd38aa58d', '46003790', '5d5de21c']"
blk_-4822800290317424537,"['bbb51b95', '3d91fa85', 'bbb51b95', 'bbb51b95', 'd38aa58d', '46003790', 'd38aa58d', '46003790', 'd38aa58d', '46003790', '5d5de21c', '5d5de21c', '5d5de21c']"
blk_-3791998034837247625,"['bbb51b95', '3d91fa85', 'bbb51b95', 'bbb51b95', 'd38aa58d', '46003790', '5d5de21c', 'd38aa58d', '46003790', 'd38aa58d', '46003790', '5d5de21c', '5d5de21c']"
blk_6740461008401052135,"['bbb51b95', '3d91fa85', 'bbb51b95', 'bbb51b95', 'd38aa58d', '46003790', 'd38aa58d', '46003790', 'd38aa58d', '46003790', '5d5de21c', '5d5de21c', '5d5de21c']"
blk_-4036165047511245769,"['3d91fa85', 'bbb51b95', 'bbb51b95', 'bbb51b95', '5d5de21c', '5d5de21c', '5d5de21c', 'd38aa58d', '46003790', 'd38aa58d', '46003790', 'd38aa58d', '46003790', '32777b38', 'a333d363']"
blk_8058640000282362314,"['bbb51b95', '3d91fa85', 'bbb51b95', 'bbb51b95', 'd38aa58d', '46003790', 'd38aa58d', '46003790', 'd38aa58d', '46003790', '5d5de21c', '5d5de21c', '5d5de21c']"
blk_-7742173370096168750,"['bbb51b95', 'bbb51b95', 'bbb51b95', '3d91fa85', '46003790', '5d5de21c', 'd38aa58d', '46003790', 'd38aa58d', 'd38aa58d', '46003790', '5d5de21c', '5d5de21c']"
blk_-7701660916781179132,"['3d91fa85', 'bbb51b95', 'bbb51b95', 'bbb51b95', '5d5de21c', '5d5de21c', '5d5de21c', 'd38aa58d', '46003790', 'd38aa58d', '46003790', 'd38aa58d', '46003790', '32777b38']"
blk_-1356012331970579897,"['3d91fa85', 'bbb51b95', 'bbb51b95', 'bbb51b95', 'd38aa58d', '46003790', 'd38aa58d', '46003790', '5d5de21c', 'd38aa58d', '46003790', '5d5de21c', '5d5de21c']"
blk_1587152600597510040,"['3d91fa85', 'bbb51b95', 'bbb51b95', 'bbb51b95', 'd38aa58d', '46003790', 'd38aa58d', '46003790', 'd38aa58d', '46003790', '5d5de21c', '5d5de21c', '5d5de21c']"
blk_3282326077501172000,"['bbb51b95', 'bbb51b95', 'bbb51b95', '3d91fa85', 'd38aa58d', '46003790', 'd38aa58d', '46003790', '5d5de21c', '5d5de21c', 'd38aa58d', '46003790', '5d5de21c']"
blk_6208761596018924478,"['3d91fa85', 'bbb51b95', 'bbb51b95', 'bbb51b95', '5d5de21c', '5d5de21c', 'd38aa58d', '46003790', 'd38aa58d', '46003790', 'd38aa58d', '46003790', '5d5de21c']"
blk_-3472559974020639374,"['bbb51b95', 'bbb51b95', 'bbb51b95', '3d91fa85', 'd38aa58d', '46003790', 'd38aa58d', '46003790', 'd38aa58d', '46003790', '5d5de21c', '5d5de21c', '5d5de21c', 'a333d363']"
blk_4283285059177094176,"['bbb51b95', 'bbb51b95', 'bbb51b95', '3d91fa85', 'd38aa58d', '46003790', 'd38aa58d', '46003790', '5d5de21c', '5d5de21c', 'd38aa58d', '46003790', '5d5de21c']"
blk_-5389869929883135678,"['bbb51b95', '3d91fa85', 'bbb51b95', 'bbb51b95', 'd38aa58d', '46003790', 'd38aa58d', '46003790', '5d5de21c', 'd38aa58d', '46003790', '5d5de21c', '5d5de21c']"
blk_-2748361300879068486,"['bbb51b95', 'bbb51b95', '3d91fa85', 'bbb51b95', 'd38aa58d', '46003790', 'd38aa58d', '46003790', '5d5de21c', '5d5de21c', 'd38aa58d', '46003790', '5d5de21c']"
blk_5479991025666274622,"['bbb51b95', 'bbb51b95', '3d91fa85', 'bbb51b95', 'd38aa58d', '46003790', 'd38aa58d', '46003790', 'd38aa58d', '46003790', '5d5de21c', '5d5de21c', '5d5de21c', '32777b38', 'a333d363', 'a333d363', '4dec0816']"
blk_-2135636665902769277,"['bbb51b95', '3d91fa85', 'bbb51b95', 'bbb51b95', '46003790', 'd38aa58d', 'd38aa58d', '46003790', '5d5de21c', '5d5de21c', '5d5de21c', 'd38aa58d', '46003790']"
blk_2293225989267885808,"['3d91fa85', 'bbb51b95', 'bbb51b95', 'bbb51b95', '5d5de21c', '5d5de21c', '5d5de21c', 'd38aa58d', '46003790', 'd38aa58d', '46003790', '46003790', 'd38aa58d']"
blk_-3154001868332857129,"['3d91fa85', 'bbb51b95', 'bbb51b95', 'bbb51b95', '5d5de21c', '5d5de21c', '5d5de21c', 'd38aa58d', '46003790', 'd38aa58d', '46003790', 'd38aa58d', '46003790', 'a333d363']"
blk_6262020218678805424,"['bbb51b95', '3d91fa85', 'bbb51b95', 'bbb51b95', 'd38aa58d', '46003790', 'd38aa58d', '46003790', 'd38aa58d', '46003790', '5d5de21c', '5d5de21c', '5d5de21c']"
blk_8539275714769470116,"['bbb51b95', 'bbb51b95', '3d91fa85', 'bbb51b95', 'd38aa58d', '46003790', 'd38aa58d', '46003790', '5d5de21c', 'd38aa58d', '46003790', '5d5de21c', '5d5de21c']"
blk_3255113190995665251,"['bbb51b95', 'bbb51b95', 'bbb51b95', '3d91fa85', 'd38aa58d', '46003790', 'd38aa58d', '46003790', 'd38aa58d', '46003790', '5d5de21c', '5d5de21c', '5d5de21c', '4dec0816']"
blk_-3536943305435076459,"['bbb51b95', '3d91fa85', 'bbb51b95', 'bbb51b95', 'd38aa58d', '46003790', 'd38aa58d', '46003790', 'd38aa58d', '46003790', '5d5de21c', '5d5de21c', '5d5de21c']"
blk_-1486958904301002271,"['bbb51b95', '3d91fa85', 'bbb51b95', 'bbb51b95', 'd38aa58d', '46003790', 'd38aa58d', '46003790', 'd38aa58d', '46003790', '5d5de21c', '5d5de21c', '5d5de21c']"
blk_2401874519256743927,"['bbb51b95', 'bbb51b95', '3d91fa85', 'bbb51b95', 'd38aa58d', '46003790', '46003790', '5d5de21c', 'd38aa58d', '46003790', 'd38aa58d', '5d5de21c', '5d5de21c']"
blk_5460642618677184178,"['bbb51b95', 'bbb51b95', 'bbb51b95', '3d91fa85', 'd38aa58d', '46003790', 'd38aa58d', '46003790', '5d5de21c', '5d5de21c', 'd38aa58d', '46003790', '5d5de21c']"
blk_-5568354410396446506,"['bbb51b95', 'bbb51b95', 'bbb51b95', '3d91fa85', 'd38aa58d', '46003790', 'd38aa58d', '46003790', '5d5de21c', '5d5de21c', 'd38aa58d', '46003790', '5d5de21c']"
blk_541458502420960920,"['bbb51b95', '3d91fa85', 'bbb51b95', 'bbb51b95', 'd38aa58d', '46003790', '5d5de21c', 'd38aa58d', '46003790', 'd38aa58d', '46003790', '5d5de21c', '5d5de21c', '32777b38', '32777b38', '32777b38', 'a333d363']"
blk_7098288583108356780,"['bbb51b95', '3d91fa85', 'bbb51b95', 'bbb51b95', 'd38aa58d', '46003790', 'd38aa58d', '46003790', 'd38aa58d', '46003790', '5d5de21c', '5d5de21c', '5d5de21c']"
blk_1221431229718050812,"['bbb51b95', '3d91fa85', 'bbb51b95', 'bbb51b95', 'd38aa58d', '46003790', '46003790', 'd38aa58d', '46003790', '5d5de21c', '5d5de21c', 'd38aa58d', '5d5de21c']"
blk_2022426731431630486,"['bbb51b95', '3d91fa85', 'bbb51b95', 'bbb51b95', 'd38aa58d', '46003790', 'd38aa58d', '46003790', 'd38aa58d', '46003790', '5d5de21c', '5d5de21c', '5d5de21c']"
blk_-5416699336123478304,"['bbb51b95', 'bbb51b95', 'bbb51b95', '3d91fa85', 'd38aa58d', '46003790', 'd38aa58d', '46003790', 'd38aa58d', '46003790', '5d5de21c', '5d5de21c', '5d5de21c']"
blk_-5068103596679273128,"['bbb51b95', '3d91fa85', 'bbb51b95', 'bbb51b95', 'd38aa58d', '46003790', '5d5de21c', '5d5de21c', '5d5de21c', 'd38aa58d', '46003790', 'd38aa58d', '46003790']"
blk_4221824316497093864,"['bbb51b95', 'bbb51b95', 'bbb51b95', '3d91fa85', 'd38aa58d', '46003790', 'd38aa58d', '46003790', 'd38aa58d', '46003790', '5d5de21c', '5d5de21c', '5d5de21c', 'a333d363']"
blk_-3176365909559061775,"['3d91fa85', 'bbb51b95', 'bbb51b95', 'bbb51b95', '5d5de21c', '5d5de21c', '5d5de21c', 'd38aa58d', '46003790', 'd38aa58d', '46003790', 'd38aa58d', '46003790']"
blk_7325795481709802769,"['bbb51b95', 'bbb51b95', 'bbb51b95', '3d91fa85', 'd38aa58d', '46003790', 'd38aa58d', '46003790', 'd38aa58d', '46003790', '5d5de21c', '5d5de21c', '5d5de21c', 'd63ef163', 'd63ef163', 'd63ef163', 'dba996ef', 'dba996ef', 'dba996ef']"
blk_6506237618820133182,"['3d91fa85', 'bbb51b95', 'bbb51b95', 'bbb51b95', '5d5de21c', '5d5de21c', 'd38aa58d', '46003790', 'd38aa58d', '46003790', '5d5de21c', 'd38aa58d', '46003790']"
blk_8135462944204400439,"['bbb51b95', 'bbb51b95', 'bbb51b95', '3d91fa85', 'd38aa58d', '46003790', 'd38aa58d', '46003790', 'd38aa58d', '46003790', '5d5de21c', '5d5de21c', '5d5de21c', '32777b38', 'a333d363', '4dec0816', 'a333d363']"
blk_5980175930982674758,"['bbb51b95', 'bbb51b95', 'bbb51b95', '3d91fa85', 'd38aa58d', '46003790', 'd38aa58d', '46003790', 'd38aa58d', '46003790', '5d5de21c', '5d5de21c', '5d5de21c', '4dec0816']"
blk_2344229441624264598,"['3d91fa85', 'bbb51b95', 'bbb51b95', 'bbb51b95', '5d5de21c', '5d5de21c', '5d5de21c', 'd38aa58d', '46003790', 'd38aa58d', '46003790', 'd38aa58d', '46003790', '4dec0816']"
blk_8418947032989643314,"['bbb51b95', 'bbb51b95', 'bbb51b95', '3d91fa85', 'd38aa58d', '46003790', 'd38aa58d', '46003790', 'd38aa58d', '46003790', '5d5de21c', '5d5de21c', '5d5de21c']"
blk_6278407915975427736,"['bbb51b95', 'bbb51b95', 'bbb51b95', '3d91fa85', 'd38aa58d', '46003790', 'd38aa58d', '46003790', 'd38aa58d', '46003790', '5d5de21c', '5d5de21c', '5d5de21c']"
blk_-79660221136972361,"['bbb51b95', 'bbb51b95', '3d91fa85', 'bbb51b95', 'd38aa58d', '46003790', 'd38aa58d', '46003790', 'd38aa58d', '46003790', '5d5de21c', '5d5de21c', '5d5de21c', 'd63ef163', 'd63ef163', 'd63ef163', 'dba996ef', 'dba996ef', 'dba996ef']"
blk_2694722350484894815,"['bbb51b95', 'bbb51b95', '3d91fa85', 'bbb51b95', 'd38aa58d', '46003790', 'd38aa58d', '46003790', 'd38aa58d', '46003790', '5d5de21c', '5d5de21c', '5d5de21c']"
blk_-6787279136881472697,"['bbb51b95', '3d91fa85', 'bbb51b95', 'bbb51b95', 'd38aa58d', '46003790', 'd38aa58d', '46003790', 'd38aa58d', '46003790', '5d5de21c', '5d5de21c', '5d5de21c']"
blk_-2480090344571733709,"['bbb51b95', 'bbb51b95', 'bbb51b95', '3d91fa85', 'd38aa58d', '46003790', 'd38aa58d', '46003790', 'd38aa58d', '46003790', '5d5de21c', '5d5de21c', '5d5de21c', '4dec0816']"
blk_1117299552070014203,"['bbb51b95', 'bbb51b95', 'bbb51b95', '3d91fa85', 'd38aa58d', '46003790', 'd38aa58d', '46003790', 'd38aa58d', '46003790', '5d5de21c', '5d5de21c', '5d5de21c']"
blk_6701035543579034396,"['3d91fa85', 'bbb51b95', 'bbb51b95', 'bbb51b95', '5d5de21c', '5d5de21c', '5d5de21c', 'd38aa58d', '46003790', 'd38aa58d', '46003790', 'd38aa58d', '46003790']"
blk_-1169154437205024821,"['bbb51b95', 'bbb51b95', 'bbb51b95', '3d91fa85', 'd38aa58d', '46003790', 'd38aa58d', '46003790', 'd38aa58d', '46003790', '5d5de21c', '5d5de21c', '5d5de21c', 'd63ef163', 'd63ef163', 'd63ef163', 'dba996ef', 'dba996ef', 'dba996ef']"
blk_-8191092721159697116,"['bbb51b95', '3d91fa85', 'bbb51b95', 'bbb51b95', 'd38aa58d', '46003790', 'd38aa58d', '46003790', '5d5de21c', '5d5de21c', 'd38aa58d', '46003790', '5d5de21c']"
blk_5797431386895924180,"['bbb51b95', 'bbb51b95', 'bbb51b95', '3d91fa85', 'd38aa58d', '46003790', 'd38aa58d', '46003790', '5d5de21c', '5d5de21c', 'd38aa58d', '46003790', '5d5de21c']"
blk_6652333621096073069,"['3d91fa85', 'bbb51b95', 'bbb51b95', 'bbb51b95', '5d5de21c', '5d5de21c', 'd38aa58d', '46003790', '5d5de21c', 'd38aa58d', '46003790', 'd38aa58d', '46003790']"
blk_4050281084405391481,"['3d91fa85', 'bbb51b95', 'bbb51b95', 'bbb51b95', '5d5de21c', '5d5de21c', '5d5de21c', 'd38aa58d', '46003790', 'd38aa58d', '46003790', 'd38aa58d', '46003790']"
blk_7036173181643177087,"['bbb51b95', '3d91fa85', 'bbb51b95', 'bbb51b95', 'd38aa58d', '46003790', 'd38aa58d', '46003790', 'd38aa58d', '46003790', '5d5de21c', '5d5de21c', '5d5de21c']"
blk_-2537367147873558597,"['3d91fa85', 'bbb51b95', 'bbb51b95', 'bbb51b95', '5d5de21c', '5d5de21c', 'd38aa58d', '46003790', 'd38aa58d', '46003790', '5d5de21c', 'd38aa58d', '46003790', 'a333d363', 'a333d363', '4dec0816']"
blk_1629607480991820150,"['bbb51b95', 'bbb51b95', '3d91fa85', 'bbb51b95', 'd38aa58d', '46003790', 'd38aa58d', '46003790', 'd38aa58d', '46003790', '5d5de21c', '5d5de21c', '5d5de21c']"
blk_-7958536768266450624,"['bbb51b95', '3d91fa85', 'bbb51b95', 'bbb51b95', 'd38aa58d', '46003790', 'd38aa58d', '46003790', 'd38aa58d', '46003790', '5d5de21c', '5d5de21c', '5d5de21c', 'd63ef163', 'd63ef163', 'd63ef163', 'dba996ef', 'dba996ef', 'dba996ef']"
blk_-8151677821438058845,"['bbb51b95', 'bbb51b95', '3d91fa85', 'bbb51b95', 'd38aa58d', '46003790', 'd38aa58d', '46003790', 'd38aa58d', '46003790', '5d5de21c', '5d5de21c', '5d5de21c']"
blk_2803519574377093270,"['bbb51b95', 'bbb51b95', '3d91fa85', 'bbb51b95', 'd38aa58d', '46003790', 'd38aa58d', '46003790', 'd38aa58d', '46003790', '5d5de21c', '5d5de21c', '5d5de21c']"
blk_-4003794507459041119,"['bbb51b95', 'bbb51b95', '3d91fa85', 'bbb51b95', 'd38aa58d', '46003790', 'd38aa58d', '46003790', '5d5de21c', '5d5de21c', 'd38aa58d', '46003790', '5d5de21c']"
blk_-6487613344870651869,"['3d91fa85', 'bbb51b95', 'bbb51b95', 'bbb51b95', '5d5de21c', 'd38aa58d', '46003790', 'd38aa58d', '46003790', 'd38aa58d', '46003790', '5d5de21c', '5d5de21c', '32777b38']"
blk_5649954395695518038,"['bbb51b95', '3d91fa85', 'bbb51b95', 'bbb51b95', 'd38aa58d', '46003790', 'd38aa58d', '46003790', 'd38aa58d', '46003790', '5d5de21c', '5d5de21c', '5d5de21c']"
blk_-9171560892856574518,"['3d91fa85', 'bbb51b95', 'bbb51b95', 'bbb51b95', '5d5de21c', '5d5de21c', '46003790', 'd38aa58d', '46003790', '5d5de21c', 'd38aa58d', 'd38aa58d', '46003790']"
blk_-3388710463602370014,"['bbb51b95', '3d91fa85', 'bbb51b95', 'bbb51b95', 'd38aa58d', '46003790', 'd38aa58d', '46003790', 'd38aa58d', '46003790', '5d5de21c', '5d5de21c', '5d5de21c']"
blk_-4961294601481415897,"['bbb51b95', 'd38aa58d', '46003790', 'bbb51b95', 'd38aa58d', '46003790', 'bbb51b95', 'd38aa58d', '46003790', '5d5de21c', '5d5de21c', '5d5de21c', '3d91fa85', '4dec0816']"
blk_-1646425199037946308,"['bbb51b95', 'bbb51b95', '3d91fa85', 'bbb51b95', 'd38aa58d', '46003790', 'd38aa58d', '46003790', 'd38aa58d', '46003790', '5d5de21c', '5d5de21c', '5d5de21c']"
blk_-6523941243857158299,"['bbb51b95', 'bbb51b95', 'bbb51b95', '3d91fa85', 'd38aa58d', '46003790', 'd38aa58d', '46003790', 'd38aa58d', '46003790', '5d5de21c', '5d5de21c', '5d5de21c']"
blk_-7857624881307299313,"['3d91fa85', 'bbb51b95', 'bbb51b95', 'bbb51b95', '5d5de21c', '5d5de21c', '5d5de21c', 'd38aa58d', '46003790', 'd38aa58d', '46003790', 'd38aa58d', '46003790']"
blk_-4878168974594522912,"['bbb51b95', 'bbb51b95', 'bbb51b95', '3d91fa85', 'd38aa58d', '46003790', 'd38aa58d', '46003790', 'd38aa58d', '46003790', '5d5de21c', '5d5de21c', '5d5de21c']"
blk_2731496179221907895,"['3d91fa85', 'bbb51b95', 'bbb51b95', 'bbb51b95', '5d5de21c', '5d5de21c', '5d5de21c', 'd38aa58d', '46003790', 'd38aa58d', 'd38aa58d', '46003790', '46003790']"
blk_-2631620697662528314,"['bbb51b95', 'bbb51b95', '3d91fa85', 'bbb51b95', 'd38aa58d', '46003790', 'd38aa58d', '46003790', 'd38aa58d', '46003790', '5d5de21c', '5d5de21c', '5d5de21c']"
blk_-8706702431596142348,"['bbb51b95', 'bbb51b95', '3d91fa85', 'bbb51b95', 'd38aa58d', '46003790', 'd38aa58d', '46003790', 'd38aa58d', '46003790', '5d5de21c', '5d5de21c', '5d5de21c']"
blk_-6827729305666498601,"['bbb51b95', 'bbb51b95', '3d91fa85', 'bbb51b95', 'd38aa58d', '46003790', 'd38aa58d', '46003790', 'd38aa58d', '46003790', '5d5de21c', '5d5de21c', '5d5de21c', '32777b38', '32777b38']"
blk_-4375690482018372477,"['3d91fa85', 'bbb51b95', 'bbb51b95', 'bbb51b95', '5d5de21c', '5d5de21c', '5d5de21c', 'd38aa58d', '46003790', 'd38aa58d', '46003790', 'd38aa58d', '46003790']"
blk_3349468155292270047,"['3d91fa85', 'bbb51b95', 'bbb51b95', 'bbb51b95', '5d5de21c', '5d5de21c', '5d5de21c', 'd38aa58d', '46003790', 'd38aa58d', '46003790', 'd38aa58d', '46003790']"
blk_-3670806198646583026,"['bbb51b95', 'bbb51b95', 'bbb51b95', '3d91fa85', 'd38aa58d', '46003790', 'd38aa58d', '46003790', 'd38aa58d', '46003790', '5d5de21c', '5d5de21c', '5d5de21c']"
blk_4312730463359350641,"['3d91fa85', 'bbb51b95', 'bbb51b95', 'bbb51b95', '5d5de21c', 'd38aa58d', '46003790', '5d5de21c', '5d5de21c', 'd38aa58d', '46003790', 'd38aa58d', '46003790', '32777b38', 'a333d363', '4dec0816']"
blk_-912991560999982812,"['3d91fa85', 'bbb51b95', 'bbb51b95', 'bbb51b95', '5d5de21c', '5d5de21c', '5d5de21c', 'd38aa58d', '46003790', 'd38aa58d', '46003790', 'd38aa58d', '46003790', 'a333d363', 'a333d363', '4dec0816']"
blk_6917404458495193904,"['bbb51b95', '3d91fa85', 'bbb51b95', 'bbb51b95', 'd38aa58d', '46003790', 'd38aa58d', '46003790', 'd38aa58d', '46003790', '5d5de21c', '5d5de21c', '5d5de21c']"
blk_4607645580199623243,"['bbb51b95', 'bbb51b95', 'bbb51b95', '3d91fa85', 'd38aa58d', '46003790', 'd38aa58d', '46003790', 'd38aa58d', '46003790', '5d5de21c', '5d5de21c', '5d5de21c', 'a333d363']"
blk_-2362390499446434919,"['bbb51b95', 'bbb51b95', 'bbb51b95', '3d91fa85', '5d5de21c', 'd38aa58d', '46003790', 'd38aa58d', '46003790', 'd38aa58d', '46003790', '5d5de21c', '5d5de21c']"
blk_5585852709131807814,"['bbb51b95', 'bbb51b95', 'bbb51b95', '3d91fa85', 'd38aa58d', '46003790', 'd38aa58d', '46003790', 'd38aa58d', '46003790', '5d5de21c', '5d5de21c', '5d5de21c']"
blk_7034391505127133718,"['bbb51b95', 'bbb51b95', '3d91fa85', 'bbb51b95', 'd38aa58d', '46003790', 'd38aa58d', '46003790', 'd38aa58d', '46003790', '5d5de21c', '5d5de21c', '5d5de21c', '32777b38', '32777b38', '32777b38']"
blk_1873467649524836218,"['bbb51b95', 'bbb51b95', '3d91fa85', 'bbb51b95', 'd38aa58d', '46003790', '5d5de21c', 'd38aa58d', '46003790', 'd38aa58d', '46003790', '5d5de21c', '5d5de21c']"
blk_-5955145838355066411,"['3d91fa85', 'bbb51b95', 'bbb51b95', 'bbb51b95', 'd38aa58d', '46003790', 'd38aa58d', '46003790', 'd38aa58d', '46003790', '5d5de21c', '5d5de21c', '5d5de21c']"
blk_-4135082430349028447,"['bbb51b95', 'bbb51b95', '3d91fa85', 'd38aa58d', '46003790', 'bbb51b95', 'd38aa58d', '46003790', 'd38aa58d', '46003790', '5d5de21c', '5d5de21c', '5d5de21c', '4dec0816']"
blk_-4131686049374587544,"['bbb51b95', 'bbb51b95', '3d91fa85', 'bbb51b95', 'd38aa58d', '46003790', 'd38aa58d', '46003790', 'd38aa58d', '46003790', '5d5de21c', '5d5de21c', '5d5de21c', 'a333d363']"
blk_2417481740106877644,"['3d91fa85', 'bbb51b95', 'bbb51b95', 'bbb51b95', '5d5de21c', '5d5de21c', '5d5de21c', 'd38aa58d', '46003790', 'd38aa58d', '46003790', 'd38aa58d', '46003790', 'a333d363']"
blk_-5467524082916284808,"['bbb51b95', 'bbb51b95', 'bbb51b95', '3d91fa85', 'd38aa58d', '46003790', 'd38aa58d', '46003790', 'd38aa58d', '46003790', '5d5de21c', '5d5de21c', '5d5de21c']"
blk_-2226632335000120191,"['bbb51b95', 'bbb51b95', '3d91fa85', 'bbb51b95', 'd38aa58d', '46003790', 'd38aa58d', '46003790', 'd38aa58d', '46003790', '5d5de21c', '5d5de21c', '5d5de21c']"
blk_6756598094048181340,"['bbb51b95', 'bbb51b95', '3d91fa85', 'bbb51b95', 'd38aa58d', '46003790', 'd38aa58d', '46003790', 'd38aa58d', '46003790', '5d5de21c', '5d5de21c', '5d5de21c', 'd63ef163', 'd63ef163', 'd63ef163', 'dba996ef', 'dba996ef', 'dba996ef']"
blk_-8599490633625772282,"['bbb51b95', 'bbb51b95', '3d91fa85', 'bbb51b95', 'd38aa58d', '46003790', 'd38aa58d', '46003790', '5d5de21c', 'd38aa58d', '46003790', '5d5de21c', '5d5de21c', 'a333d363']"
blk_-8397133896482749562,"['bbb51b95', '3d91fa85', 'bbb51b95', 'bbb51b95', 'd38aa58d', '46003790', 'd38aa58d', '46003790', 'd38aa58d', '46003790', '5d5de21c', '5d5de21c', '5d5de21c']"
blk_4993285353249707081,"['bbb51b95', 'bbb51b95', '3d91fa85', 'bbb51b95', 'd38aa58d', '46003790', 'd38aa58d', '46003790', '5d5de21c', '5d5de21c', 'd38aa58d', '46003790', '5d5de21c', '32777b38', '32777b38', '32777b38']"
blk_2951662513916542521,"['bbb51b95', 'bbb51b95', '3d91fa85', 'bbb51b95', 'd38aa58d', '46003790', 'd38aa58d', '46003790', '5d5de21c', '5d5de21c', 'd38aa58d', '46003790', '5d5de21c']"
blk_1487989884328212671,"['bbb51b95', 'bbb51b95', 'bbb51b95', '3d91fa85', 'd38aa58d', '46003790', '5d5de21c', 'd38aa58d', '46003790', '5d5de21c', 'd38aa58d', '46003790', '5d5de21c']"
blk_686516674194052342,"['3d91fa85', 'bbb51b95', 'bbb51b95', 'bbb51b95', 'd38aa58d', '46003790', 'd38aa58d', '46003790', 'd38aa58d', '46003790', '5d5de21c', '5d5de21c', '5d5de21c']"
blk_-4925836493245767874,"['3d91fa85', 'bbb51b95', 'bbb51b95', 'bbb51b95', '5d5de21c', '5d5de21c', '5d5de21c', 'd38aa58d', '46003790', 'd38aa58d', '46003790', 'd38aa58d', '46003790', 'a333d363']"
blk_9160927546167918626,"['bbb51b95', '3d91fa85', 'bbb51b95', 'bbb51b95', 'd38aa58d', '46003790', 'd38aa58d', '46003790', 'd38aa58d', '46003790', '5d5de21c', '5d5de21c', '5d5de21c']"
blk_1135566014806713828,"['bbb51b95', 'bbb51b95', '3d91fa85', 'bbb51b95', 'd38aa58d', '46003790', 'd38aa58d', '46003790', 'd38aa58d', '46003790', '5d5de21c', '5d5de21c', '5d5de21c']"
blk_-8652958470335503158,"['bbb51b95', '3d91fa85', 'bbb51b95', 'bbb51b95', 'd38aa58d', '46003790', 'd38aa58d', 'd38aa58d', '46003790', '46003790', '5d5de21c', '5d5de21c', '5d5de21c']"
blk_2421868834208606536,"['bbb51b95', 'bbb51b95', 'bbb51b95', '3d91fa85', '46003790', 'd38aa58d', '46003790', '5d5de21c', '5d5de21c', 'd38aa58d', '46003790', 'd38aa58d', '5d5de21c']"
blk_806198951783115964,"['bbb51b95', '3d91fa85', 'bbb51b95', 'bbb51b95', 'd38aa58d', '46003790', '5d5de21c', 'd38aa58d', '46003790', 'd38aa58d', '46003790', '5d5de21c', '5d5de21c']"
blk_-3727168203500000794,"['3d91fa85', 'bbb51b95', 'bbb51b95', 'bbb51b95', '5d5de21c', '5d5de21c', '5d5de21c', 'd38aa58d', '46003790', 'd38aa58d', '46003790', 'd38aa58d', '46003790']"
blk_9110791782314873419,"['bbb51b95', '3d91fa85', 'bbb51b95', 'bbb51b95', 'd38aa58d', '46003790', 'd38aa58d', '46003790', 'd38aa58d', '46003790', '5d5de21c', '5d5de21c', '5d5de21c']"
blk_-6882555957546803516,"['bbb51b95', '3d91fa85', 'bbb51b95', 'bbb51b95', 'd38aa58d', '46003790', 'd38aa58d', '46003790', '5d5de21c', 'd38aa58d', '46003790', '5d5de21c', '5d5de21c']"
blk_3975373486699643915,"['bbb51b95', 'bbb51b95', 'bbb51b95', '3d91fa85', 'd38aa58d', '46003790', 'd38aa58d', '46003790', '5d5de21c', '5d5de21c', '5d5de21c', 'd38aa58d', '46003790', 'd63ef163', 'd63ef163', 'd63ef163', 'dba996ef', 'dba996ef', 'dba996ef']"
blk_798251194991503165,"['3d91fa85', 'bbb51b95', 'bbb51b95', 'bbb51b95', '5d5de21c', '5d5de21c', '5d5de21c', 'd38aa58d', '46003790', 'd38aa58d', '46003790', 'd38aa58d', '46003790']"
blk_-7003867271350674831,"['bbb51b95', 'bbb51b95', '3d91fa85', 'bbb51b95', 'd38aa58d', '46003790', 'd38aa58d', '46003790', '5d5de21c', 'd38aa58d', '46003790', '5d5de21c', '5d5de21c']"
blk_3503382761972002225,"['bbb51b95', 'bbb51b95', 'bbb51b95', '3d91fa85', 'd38aa58d', '46003790', 'd38aa58d', '46003790', 'd38aa58d', '46003790', '5d5de21c', '5d5de21c', '5d5de21c']"
blk_-3504772947394982919,"['3d91fa85', 'bbb51b95', 'bbb51b95', 'bbb51b95', 'd38aa58d', '46003790', 'd38aa58d', '46003790', '5d5de21c', '5d5de21c', '5d5de21c', 'd38aa58d', '46003790']"
blk_510702484865688072,"['bbb51b95', 'bbb51b95', 'bbb51b95', '3d91fa85', 'd38aa58d', '46003790', 'd38aa58d', '46003790', '5d5de21c', 'd38aa58d', '46003790', '5d5de21c', '5d5de21c']"
blk_7131228062659550736,"['3d91fa85', 'bbb51b95', 'bbb51b95', 'bbb51b95', '5d5de21c', '5d5de21c', '5d5de21c', 'd38aa58d', '46003790', 'd38aa58d', '46003790', 'd38aa58d', '46003790', '32777b38', 'a333d363', '4dec0816']"
blk_1578079427548772488,"['3d91fa85', 'bbb51b95', 'bbb51b95', 'bbb51b95', '5d5de21c', '5d5de21c', 'd38aa58d', '46003790', 'd38aa58d', '46003790', '5d5de21c', 'd38aa58d', '46003790']"
blk_-8974433485778273038,"['bbb51b95', 'bbb51b95', '3d91fa85', 'bbb51b95', 'd38aa58d', '46003790', 'd38aa58d', '46003790', 'd38aa58d', '46003790', '5d5de21c', '5d5de21c', '5d5de21c']"
blk_-6915266768108278480,"['bbb51b95', '3d91fa85', 'bbb51b95', 'bbb51b95', 'd38aa58d', '46003790', 'd38aa58d', '46003790', 'd38aa58d', '46003790', '5d5de21c', '5d5de21c', '5d5de21c']"
blk_-7684605085561525434,"['bbb51b95', '3d91fa85', 'bbb51b95', 'bbb51b95', 'd38aa58d', '46003790', 'd38aa58d', 'd38aa58d', '46003790', '46003790', '5d5de21c', '5d5de21c', '5d5de21c']"
blk_7336235321219576165,"['bbb51b95', 'bbb51b95', '3d91fa85', 'bbb51b95', 'd38aa58d', '46003790', 'd38aa58d', '46003790', 'd38aa58d', '46003790', '5d5de21c', '5d5de21c', '5d5de21c']"
blk_-7995248115642442657,"['3d91fa85', 'bbb51b95', 'bbb51b95', 'bbb51b95', 'd38aa58d', '46003790', 'd38aa58d', '46003790', 'd38aa58d', '46003790', '5d5de21c', '5d5de21c', '5d5de21c']"
blk_-2945754942843261634,"['bbb51b95', '3d91fa85', 'bbb51b95', 'bbb51b95', '46003790', 'd38aa58d', '46003790', '5d5de21c', '5d5de21c', '5d5de21c', 'd38aa58d', 'd38aa58d', '46003790', '32777b38']"
blk_1481874527680898097,"['3d91fa85', 'bbb51b95', 'bbb51b95', 'bbb51b95', '5d5de21c', 'd38aa58d', '46003790', 'd38aa58d', '46003790', 'd38aa58d', '46003790', '5d5de21c', '5d5de21c', '32777b38']"
blk_2026996530647706954,"['bbb51b95', 'bbb51b95', 'bbb51b95', '3d91fa85', 'd38aa58d', '46003790', 'd38aa58d', '46003790', '5d5de21c', '5d5de21c', 'd38aa58d', '46003790', '5d5de21c', 'd63ef163', 'd63ef163', 'd63ef163', 'dba996ef', 'dba996ef', 'dba996ef']"
blk_-4448007328834054245,"['3d91fa85', 'bbb51b95', 'bbb51b95', 'bbb51b95', '5d5de21c', '5d5de21c', '5d5de21c', 'd38aa58d', '46003790', 'd38aa58d', '46003790', 'd38aa58d', '46003790']"
blk_1745212034392910094,"['bbb51b95', 'bbb51b95', 'bbb51b95', '3d91fa85', 'd38aa58d', '46003790', 'd38aa58d', '46003790', '5d5de21c', '5d5de21c', 'd38aa58d', '46003790', '5d5de21c', '4dec0816']"
blk_3765728090923037508,"['bbb51b95', '3d91fa85', 'bbb51b95', 'bbb51b95', 'd38aa58d', '46003790', 'd38aa58d', '46003790', 'd38aa58d', '46003790', '5d5de21c', '5d5de21c', '5d5de21c']"
blk_1825254303440515375,"['bbb51b95', 'bbb51b95', 'bbb51b95', '3d91fa85', 'd38aa58d', '46003790', 'd38aa58d', '46003790', '5d5de21c', 'd38aa58d', '46003790', '5d5de21c', '5d5de21c']"
blk_-4701075922381527260,"['bbb51b95', 'bbb51b95', '3d91fa85', 'bbb51b95', 'd38aa58d', '46003790', 'd38aa58d', '46003790', 'd38aa58d', '46003790', '5d5de21c', '5d5de21c', '5d5de21c']"
blk_728639696041421015,"['3d91fa85', 'bbb51b95', 'bbb51b95', 'bbb51b95', '5d5de21c', '5d5de21c', '5d5de21c', 'd38aa58d', '46003790', 'd38aa58d', '46003790', 'd38aa58d', '46003790']"
blk_3431238693470577999,"['bbb51b95', '3d91fa85', 'bbb51b95', 'bbb51b95', 'd38aa58d', '46003790', 'd38aa58d', '46003790', 'd38aa58d', '46003790', '5d5de21c', '5d5de21c', '5d5de21c']"
blk_-4499251084596054344,"['bbb51b95', 'bbb51b95', '3d91fa85', 'bbb51b95', 'd38aa58d', '46003790', '5d5de21c', 'd38aa58d', '46003790', 'd38aa58d', '46003790', '5d5de21c', '5d5de21c', 'a333d363', '4dec0816']"
blk_5440202490033252877,"['bbb51b95', 'bbb51b95', '3d91fa85', 'bbb51b95', 'd38aa58d', '46003790', 'd38aa58d', '46003790', '46003790', '5d5de21c', '5d5de21c', '5d5de21c', 'd38aa58d']"
blk_-4865181328034402833,"['3d91fa85', 'bbb51b95', 'bbb51b95', 'bbb51b95', '5d5de21c', '5d5de21c', '5d5de21c', 'd38aa58d', '46003790', 'd38aa58d', '46003790', 'd38aa58d', '46003790']"
blk_-4022203167272838352,"['3d91fa85', 'bbb51b95', 'bbb51b95', 'bbb51b95', '5d5de21c', '5d5de21c', '5d5de21c', 'd38aa58d', '46003790', 'd38aa58d', '46003790', 'd38aa58d', '46003790', '32777b38', 'a333d363', '4dec0816', 'a333d363']"
blk_-1968452139562405084,"['3d91fa85', 'bbb51b95', 'bbb51b95', 'bbb51b95', '5d5de21c', '5d5de21c', '5d5de21c', 'd38aa58d', '46003790', 'd38aa58d', '46003790', 'd38aa58d', '46003790', '4dec0816']"
blk_5503358501379433634,"['bbb51b95', '3d91fa85', 'bbb51b95', 'bbb51b95', 'd38aa58d', '46003790', 'd38aa58d', '46003790', 'd38aa58d', '46003790', '5d5de21c', '5d5de21c', '5d5de21c']"
blk_-7121239079617919538,"['bbb51b95', 'bbb51b95', 'bbb51b95', '3d91fa85', 'd38aa58d', '46003790', 'd38aa58d', '46003790', 'd38aa58d', '46003790', '5d5de21c', '5d5de21c', '5d5de21c']"
blk_-4512964986351787757,"['3d91fa85', 'bbb51b95', 'bbb51b95', 'bbb51b95', 'd38aa58d', '46003790', 'd38aa58d', '46003790', 'd38aa58d', '46003790', '5d5de21c', '5d5de21c', '5d5de21c']"
blk_452094047267433728,"['bbb51b95', 'bbb51b95', '3d91fa85', 'bbb51b95', 'd38aa58d', '46003790', 'd38aa58d', '46003790', 'd38aa58d', '46003790', '5d5de21c', '5d5de21c', '5d5de21c']"
blk_-7746674254705142192,"['bbb51b95', 'bbb51b95', '3d91fa85', 'bbb51b95', '46003790', 'd38aa58d', '46003790', 'd38aa58d', '46003790', '5d5de21c', '5d5de21c', '5d5de21c', 'd38aa58d']"
blk_8130737391743957255,"['bbb51b95', '3d91fa85', 'bbb51b95', 'bbb51b95', 'd38aa58d', '46003790', '5d5de21c', '5d5de21c', 'd38aa58d', '46003790', 'd38aa58d', '46003790', '5d5de21c']"
blk_-2845723435629640648,"['bbb51b95', 'bbb51b95', 'bbb51b95', '3d91fa85', 'd38aa58d', '46003790', 'd38aa58d', '46003790', 'd38aa58d', '46003790', '5d5de21c', '5d5de21c', '5d5de21c']"
blk_-7616987159573427647,"['bbb51b95', 'bbb51b95', 'bbb51b95', '3d91fa85', 'd38aa58d', '46003790', 'd38aa58d', '46003790', 'd38aa58d', '46003790', '5d5de21c', '5d5de21c', '5d5de21c', 'a333d363', '4dec0816']"
blk_-8622547932553053709,"['bbb51b95', 'bbb51b95', '3d91fa85', 'bbb51b95', 'd38aa58d', '46003790', 'd38aa58d', '46003790', 'd38aa58d', '46003790', '5d5de21c', '5d5de21c', '5d5de21c']"
blk_-6681098326171039039,"['3d91fa85', 'bbb51b95', 'bbb51b95', 'bbb51b95', '5d5de21c', '5d5de21c', '5d5de21c', 'd38aa58d', '46003790', 'd38aa58d', '46003790', 'd38aa58d', '46003790', 'a333d363', '4dec0816']"
blk_4489688946854578294,"['bbb51b95', 'bbb51b95', 'bbb51b95', '3d91fa85', 'd38aa58d', '46003790', 'd38aa58d', '46003790', 'd38aa58d', '46003790', '5d5de21c', '5d5de21c', '5d5de21c']"
blk_-8844477837581147257,"['bbb51b95', 'bbb51b95', 'bbb51b95', '3d91fa85', 'd38aa58d', '46003790', 'd38aa58d', '46003790', 'd38aa58d', '46003790', '5d5de21c', '5d5de21c', '5d5de21c']"
blk_-1396210182605857686,"['bbb51b95', 'bbb51b95', '3d91fa85', 'bbb51b95', 'd38aa58d', '46003790', 'd38aa58d', '46003790', 'd38aa58d', '46003790', '5d5de21c', '5d5de21c', '5d5de21c']"
blk_-8847412319871647303,"['bbb51b95', 'bbb51b95', '3d91fa85', 'bbb51b95', 'd38aa58d', '46003790', '46003790', 'd38aa58d', 'd38aa58d', '46003790', '5d5de21c', '5d5de21c', '5d5de21c']"
blk_-1326197179854128299,"['bbb51b95', '3d91fa85', 'bbb51b95', 'bbb51b95', 'd38aa58d', '46003790', 'd38aa58d', '46003790', 'd38aa58d', '46003790', '5d5de21c', '5d5de21c', '5d5de21c', 'd63ef163', 'd63ef163', 'd63ef163', 'dba996ef', 'dba996ef', 'dba996ef']"
blk_-8439782671807821709,"['3d91fa85', 'bbb51b95', 'bbb51b95', 'bbb51b95', '5d5de21c', 'd38aa58d', '46003790', '5d5de21c', '5d5de21c', 'd38aa58d', '46003790', 'd38aa58d', '46003790']"
blk_-8426566918839220582,"['3d91fa85', 'bbb51b95', 'bbb51b95', 'bbb51b95', 'd38aa58d', '46003790', 'd38aa58d', '46003790', 'd38aa58d', '46003790', '5d5de21c', '5d5de21c', '5d5de21c', '32777b38', 'a333d363', '4dec0816', 'a333d363']"
blk_-5322652382367566991,"['bbb51b95', '3d91fa85', 'bbb51b95', 'bbb51b95', 'd38aa58d', '46003790', 'd38aa58d', '46003790', 'd38aa58d', '46003790', '5d5de21c', '5d5de21c', '5d5de21c', 'a333d363']"
blk_-5646600684761084299,"['bbb51b95', 'bbb51b95', 'bbb51b95', '3d91fa85', 'd38aa58d', '46003790', '5d5de21c', 'd38aa58d', '46003790', 'd38aa58d', '46003790', '5d5de21c', '5d5de21c']"
blk_-4836535143422514431,"['3d91fa85', 'bbb51b95', 'bbb51b95', 'bbb51b95', '5d5de21c', '5d5de21c', '5d5de21c', 'd38aa58d', '46003790', 'd38aa58d', '46003790', 'd38aa58d', '46003790', '32777b38', 'a333d363', 'a333d363', '4dec0816']"
blk_-4953481134966987264,"['bbb51b95', 'bbb51b95', 'bbb51b95', '3d91fa85', 'd38aa58d', '46003790', 'd38aa58d', '46003790', 'd38aa58d', '46003790', '5d5de21c', '5d5de21c', '5d5de21c', 'a333d363']"
blk_-8181768025944631819,"['bbb51b95', 'bbb51b95', 'bbb51b95', '3d91fa85', 'd38aa58d', '46003790', 'd38aa58d', '46003790', 'd38aa58d', '46003790', '5d5de21c', '5d5de21c', '5d5de21c']"
blk_-6644278109849772092,"['bbb51b95', '3d91fa85', 'bbb51b95', 'bbb51b95', 'd38aa58d', '46003790', '5d5de21c', 'd38aa58d', '46003790', 'd38aa58d', '46003790', '5d5de21c', '5d5de21c', '32777b38', '32777b38']"
blk_-6931080266317198977,"['bbb51b95', '3d91fa85', 'bbb51b95', 'bbb51b95', 'd38aa58d', '46003790', 'd38aa58d', '46003790', 'd38aa58d', '46003790', '5d5de21c', '5d5de21c', '5d5de21c', '32777b38', '32777b38', '32777b38', 'a333d363', 'a333d363', 'a333d363', 'a333d363', 'a333d363', '4dec0816', 'a333d363', 'a333d363', 'a333d363', 'a333d363', 'a333d363', 'a333d363', 'a333d363', 'a333d363', 'a333d363', 'a333d363']"
blk_-2236556664111505193,"['3d91fa85', 'bbb51b95', 'bbb51b95', 'bbb51b95', 'd38aa58d', '46003790', 'd38aa58d', '46003790', '5d5de21c', '5d5de21c', '5d5de21c', 'd38aa58d', '46003790']"
blk_6060877201645508267,"['3d91fa85', 'bbb51b95', 'bbb51b95', 'bbb51b95', 'd38aa58d', '46003790', 'd38aa58d', '46003790', 'd38aa58d', '46003790', '5d5de21c', '5d5de21c', '5d5de21c']"
blk_1191507542687279633,"['3d91fa85', 'bbb51b95', 'bbb51b95', 'bbb51b95', '5d5de21c', '5d5de21c', '5d5de21c', 'd38aa58d', '46003790', 'd38aa58d', '46003790', 'd38aa58d', '46003790']"
blk_-3921789203971262564,"['bbb51b95', 'bbb51b95', 'bbb51b95', '3d91fa85', 'd38aa58d', '46003790', 'd38aa58d', '46003790', '5d5de21c', 'd38aa58d', '46003790', '5d5de21c', '5d5de21c']"
blk_-2218621196865876740,"['bbb51b95', 'bbb51b95', '3d91fa85', 'bbb51b95', 'd38aa58d', '46003790', 'd38aa58d', '46003790', 'd38aa58d', '46003790', '5d5de21c', '5d5de21c', '5d5de21c', '32777b38', '32777b38']"
blk_-4268315603687511821,"['3d91fa85', 'bbb51b95', 'bbb51b95', 'bbb51b95', '5d5de21c', '5d5de21c', '5d5de21c', 'd38aa58d', '46003790', 'd38aa58d', '46003790', 'd38aa58d', '46003790']"
blk_-516398352197299245,"['bbb51b95', 'bbb51b95', 'bbb51b95', '3d91fa85', 'd38aa58d', '46003790', 'd38aa58d', '46003790', 'd38aa58d', '46003790', '5d5de21c', '5d5de21c', '5d5de21c']"
blk_-2147813459893541908,"['bbb51b95', '3d91fa85', 'bbb51b95', 'bbb51b95', 'd38aa58d', '46003790', 'd38aa58d', '46003790', '5d5de21c', '5d5de21c', '5d5de21c', 'd38aa58d', '46003790']"
blk_5210496456633020334,"['3d91fa85', 'bbb51b95', 'bbb51b95', 'bbb51b95', '5d5de21c', '5d5de21c', '5d5de21c', 'd38aa58d', '46003790', 'd38aa58d', '46003790', 'd38aa58d', '46003790', '4dec0816']"
blk_-5240531037615934485,"['3d91fa85', 'bbb51b95', 'bbb51b95', 'bbb51b95', 'd38aa58d', '46003790', 'd38aa58d', '46003790', 'd38aa58d', '46003790', '5d5de21c', '5d5de21c', '5d5de21c']"
blk_4817520586094301152,"['3d91fa85', 'bbb51b95', 'bbb51b95', 'bbb51b95', '5d5de21c', '5d5de21c', 'd38aa58d', '46003790', 'd38aa58d', '46003790', 'd38aa58d', '46003790', '5d5de21c']"
blk_5774617521588127967,"['bbb51b95', 'bbb51b95', '3d91fa85', 'bbb51b95', 'd38aa58d', '46003790', 'd38aa58d', '46003790', 'd38aa58d', '46003790', '5d5de21c', '5d5de21c', '5d5de21c']"
blk_7001357995604296398,"['3d91fa85', 'bbb51b95', 'bbb51b95', 'bbb51b95', '5d5de21c', '5d5de21c', '5d5de21c', 'd38aa58d', '46003790', 'd38aa58d', '46003790', 'd38aa58d', '46003790']"
blk_-3074196019390077835,"['bbb51b95', 'bbb51b95', '3d91fa85', 'bbb51b95', 'd38aa58d', '46003790', '5d5de21c', 'd38aa58d', '46003790', 'd38aa58d', '46003790', '5d5de21c', '5d5de21c']"
blk_-4473507007642505526,"['bbb51b95', '3d91fa85', 'bbb51b95', 'bbb51b95', 'd38aa58d', '46003790', '5d5de21c', '5d5de21c', 'd38aa58d', '46003790', 'd38aa58d', '46003790', '5d5de21c', '4dec0816']"
blk_4887365702046790962,"['bbb51b95', '3d91fa85', 'bbb51b95', 'bbb51b95', 'd38aa58d', '46003790', '5d5de21c', '5d5de21c', '5d5de21c', 'd38aa58d', '46003790', 'd38aa58d', '46003790', 'a333d363', '4dec0816']"
blk_4743950951613442256,"['bbb51b95', 'bbb51b95', '3d91fa85', 'bbb51b95', 'd38aa58d', '46003790', 'd38aa58d', '46003790', '46003790', '5d5de21c', '5d5de21c', '5d5de21c', 'd38aa58d']"
blk_-4632881333614809466,"['bbb51b95', '3d91fa85', 'bbb51b95', 'bbb51b95', 'd38aa58d', '46003790', 'd38aa58d', '46003790', 'd38aa58d', '46003790', '5d5de21c', '5d5de21c', '5d5de21c']"
blk_8602896389614351556,"['3d91fa85', 'bbb51b95', 'bbb51b95', 'bbb51b95', '5d5de21c', '5d5de21c', 'd38aa58d', '46003790', 'd38aa58d', '46003790', 'd38aa58d', '46003790', '5d5de21c']"
blk_-1224085427676021047,"['bbb51b95', 'bbb51b95', '3d91fa85', 'bbb51b95', 'd38aa58d', '46003790', '5d5de21c', 'd38aa58d', '46003790', 'd38aa58d', '46003790', '5d5de21c', '5d5de21c', '4dec0816']"
blk_-7533019454352161502,"['3d91fa85', 'bbb51b95', 'bbb51b95', 'bbb51b95', '5d5de21c', '5d5de21c', '5d5de21c', 'd38aa58d', '46003790', 'd38aa58d', '46003790', 'd38aa58d', '46003790', 'a333d363', '4dec0816']"
blk_-2073649960843172002,"['bbb51b95', '3d91fa85', 'bbb51b95', 'bbb51b95', 'd38aa58d', '46003790', 'd38aa58d', '46003790', 'd38aa58d', '46003790', '5d5de21c', '5d5de21c', '5d5de21c', 'a333d363']"
blk_-4574147265388255458,"['3d91fa85', 'bbb51b95', 'bbb51b95', 'bbb51b95', '5d5de21c', '5d5de21c', 'd38aa58d', '46003790', 'd38aa58d', '46003790', '5d5de21c', 'd38aa58d', '46003790']"
blk_-7067657815457266165,"['3d91fa85', 'bbb51b95', 'bbb51b95', 'bbb51b95', '46003790', '5d5de21c', '5d5de21c', '5d5de21c', 'd38aa58d', '46003790', 'd38aa58d', '46003790', 'd38aa58d']"
blk_-6360592686905314308,"['bbb51b95', 'bbb51b95', '3d91fa85', 'bbb51b95', 'd38aa58d', '46003790', 'd38aa58d', '46003790', 'd38aa58d', '46003790', '5d5de21c', '5d5de21c', '5d5de21c']"
blk_-2277134655180095385,"['bbb51b95', '3d91fa85', 'bbb51b95', 'bbb51b95', 'd38aa58d', '46003790', 'd38aa58d', '46003790', 'd38aa58d', '46003790', '5d5de21c', '5d5de21c', '5d5de21c']"
blk_372066525310029591,"['3d91fa85', 'bbb51b95', 'bbb51b95', 'bbb51b95', 'd38aa58d', '46003790', 'd38aa58d', '46003790', 'd38aa58d', '46003790', '5d5de21c', '5d5de21c', '5d5de21c']"
blk_1821169917632977708,"['3d91fa85', 'bbb51b95', 'bbb51b95', 'bbb51b95', '5d5de21c', '5d5de21c', '5d5de21c', 'd38aa58d', '46003790', 'd38aa58d', '46003790', 'd38aa58d', '46003790']"
blk_-9008303237634824791,"['3d91fa85', 'bbb51b95', 'bbb51b95', 'bbb51b95', '5d5de21c', '5d5de21c', '5d5de21c', 'd38aa58d', '46003790', 'd38aa58d', '46003790', 'd38aa58d', '46003790', 'a333d363', 'a333d363', '4dec0816']"
blk_1931612704738073344,"['bbb51b95', 'bbb51b95', '3d91fa85', 'bbb51b95', 'd38aa58d', '46003790', 'd38aa58d', '46003790', 'd38aa58d', '46003790', '5d5de21c', '5d5de21c', '5d5de21c']"
blk_-1512852785052790465,"['bbb51b95', '3d91fa85', 'bbb51b95', 'bbb51b95', '46003790', 'd38aa58d', '46003790', '5d5de21c', '5d5de21c', 'd38aa58d', 'd38aa58d', '46003790', '5d5de21c']"
blk_-23779719570111824,"['bbb51b95', '3d91fa85', 'bbb51b95', 'bbb51b95', 'd38aa58d', '46003790', 'd38aa58d', '46003790', 'd38aa58d', '46003790', '5d5de21c', '5d5de21c', '5d5de21c', 'd63ef163', 'd63ef163', 'd63ef163', 'dba996ef', 'dba996ef', 'dba996ef']"
blk_1648011965389184693,"['bbb51b95', 'bbb51b95', 'bbb51b95', '3d91fa85', 'd38aa58d', '46003790', 'd38aa58d', '46003790', 'd38aa58d', '46003790', '5d5de21c', '5d5de21c', '5d5de21c']"
blk_-3390713761695646354,"['bbb51b95', 'bbb51b95', '3d91fa85', 'bbb51b95', 'd38aa58d', '46003790', 'd38aa58d', '46003790', 'd38aa58d', '46003790', '5d5de21c', '5d5de21c', '5d5de21c']"
blk_3336955415774634273,"['bbb51b95', 'bbb51b95', 'bbb51b95', '3d91fa85', 'd38aa58d', '46003790', 'd38aa58d', '46003790', 'd38aa58d', '46003790', '5d5de21c', '5d5de21c', '5d5de21c']"
blk_-2190512272043498903,"['3d91fa85', 'bbb51b95', 'bbb51b95', 'bbb51b95', '5d5de21c', '5d5de21c', '5d5de21c', 'd38aa58d', '46003790', 'd38aa58d', '46003790', 'd38aa58d', '46003790']"
blk_-101039359365413802,"['bbb51b95', '3d91fa85', 'bbb51b95', 'bbb51b95', 'd38aa58d', '46003790', 'd38aa58d', '46003790', 'd38aa58d', '46003790', '5d5de21c', '5d5de21c', '5d5de21c', '4dec0816']"
blk_-2523022365037353613,"['3d91fa85', 'bbb51b95', 'bbb51b95', 'bbb51b95', '5d5de21c', 'd38aa58d', '46003790', '5d5de21c', '5d5de21c', 'd38aa58d', 'd38aa58d', '46003790', '46003790']"
blk_8485103439545188369,"['bbb51b95', 'bbb51b95', '3d91fa85', 'bbb51b95', 'd38aa58d', '46003790', 'd38aa58d', '46003790', 'd38aa58d', '46003790', '5d5de21c', '5d5de21c', '5d5de21c']"
blk_-7238316430860142396,"['bbb51b95', 'bbb51b95', '3d91fa85', 'bbb51b95', 'd38aa58d', '46003790', '5d5de21c', 'd38aa58d', '46003790', 'd38aa58d', '46003790', '5d5de21c', '5d5de21c']"
blk_-40343398661732120,"['3d91fa85', 'bbb51b95', 'bbb51b95', 'bbb51b95', '5d5de21c', '5d5de21c', 'd38aa58d', '46003790', '5d5de21c', 'd38aa58d', '46003790', 'd38aa58d', '46003790']"
blk_-8192198888968963077,"['bbb51b95', 'bbb51b95', 'bbb51b95', '3d91fa85', 'd38aa58d', '46003790', 'd38aa58d', '46003790', '5d5de21c', 'd38aa58d', '46003790', '5d5de21c', '5d5de21c']"
blk_6132825760305244453,"['bbb51b95', 'bbb51b95', '3d91fa85', 'bbb51b95', 'd38aa58d', '46003790', 'd38aa58d', '46003790', '5d5de21c', '5d5de21c', 'd38aa58d', '46003790', '5d5de21c']"
blk_7278354134476399468,"['bbb51b95', '3d91fa85', 'bbb51b95', 'bbb51b95', 'd38aa58d', '46003790', 'd38aa58d', '46003790', 'd38aa58d', '46003790', '5d5de21c', '5d5de21c', '5d5de21c']"
blk_-5273071941339979758,"['bbb51b95', 'bbb51b95', 'bbb51b95', '3d91fa85', 'd38aa58d', '46003790', '5d5de21c', 'd38aa58d', '46003790', 'd38aa58d', '46003790', '5d5de21c', '5d5de21c', 'a333d363', '4dec0816']"
blk_-517535369305906607,"['bbb51b95', 'bbb51b95', '3d91fa85', 'bbb51b95', 'd38aa58d', '46003790', 'd38aa58d', '46003790', 'd38aa58d', '46003790', '5d5de21c', '5d5de21c', '5d5de21c']"
blk_-1002473978927694046,"['bbb51b95', 'bbb51b95', 'bbb51b95', '3d91fa85', 'd38aa58d', '46003790', 'd38aa58d', '46003790', 'd38aa58d', '46003790', '5d5de21c', '5d5de21c', '5d5de21c', 'd63ef163', 'd63ef163', 'd63ef163', 'dba996ef', 'dba996ef', 'dba996ef']"
blk_898692484782718901,"['3d91fa85', 'bbb51b95', 'bbb51b95', 'bbb51b95', '5d5de21c', 'd38aa58d', '46003790', '5d5de21c', '5d5de21c', 'd38aa58d', '46003790', 'd38aa58d', '46003790']"
blk_-5329009961390443248,"['3d91fa85', 'bbb51b95', 'bbb51b95', 'bbb51b95', '5d5de21c', '5d5de21c', '5d5de21c', 'd38aa58d', '46003790', 'd38aa58d', '46003790', 'd38aa58d', '46003790']"
blk_2792250656473584301,"['3d91fa85', 'bbb51b95', 'bbb51b95', 'bbb51b95', '5d5de21c', '5d5de21c', '5d5de21c', 'd38aa58d', '46003790', 'd38aa58d', '46003790', 'd38aa58d', '46003790', 'a333d363', '4dec0816', 'a333d363']"
blk_-8416213694823474768,"['bbb51b95', '3d91fa85', 'bbb51b95', 'bbb51b95', 'd38aa58d', '46003790', 'd38aa58d', '46003790', 'd38aa58d', '46003790', '5d5de21c', '5d5de21c', '5d5de21c']"
blk_-7996031732890747757,"['bbb51b95', 'bbb51b95', 'bbb51b95', '3d91fa85', 'd38aa58d', '46003790', 'd38aa58d', '46003790', 'd38aa58d', '46003790', '5d5de21c', '5d5de21c', '5d5de21c']"
blk_8876193574553627401,"['bbb51b95', '3d91fa85', 'bbb51b95', 'bbb51b95', 'd38aa58d', '46003790', '5d5de21c', '5d5de21c', 'd38aa58d', '46003790', 'd38aa58d', '46003790', '5d5de21c']"
blk_-7585552697865177792,"['3d91fa85', 'bbb51b95', 'bbb51b95', 'bbb51b95', '46003790', 'd38aa58d', '46003790', '5d5de21c', '5d5de21c', '5d5de21c', 'd38aa58d', '46003790', 'd38aa58d', 'a333d363', '4dec0816']"
blk_4420541081094012778,"['bbb51b95', 'bbb51b95', 'bbb51b95', '3d91fa85', 'd38aa58d', '46003790', 'd38aa58d', '46003790', 'd38aa58d', '46003790', '5d5de21c', '5d5de21c', '5d5de21c']"
blk_2709708544015294977,"['3d91fa85', 'bbb51b95', 'bbb51b95', 'bbb51b95', 'd38aa58d', '46003790', 'd38aa58d', '46003790', '5d5de21c', 'd38aa58d', '46003790', '5d5de21c', '5d5de21c', 'a333d363', '4dec0816']"
blk_6011958267199839159,"['3d91fa85', 'bbb51b95', 'bbb51b95', 'bbb51b95', 'd38aa58d', '46003790', 'd38aa58d', '46003790', '5d5de21c', 'd38aa58d', '46003790', '5d5de21c', '5d5de21c']"
blk_-6016419927344806254,"['3d91fa85', 'bbb51b95', 'bbb51b95', 'bbb51b95', '5d5de21c', 'd38aa58d', '46003790', '5d5de21c', '5d5de21c', 'd38aa58d', '46003790', 'd38aa58d', '46003790', 'a333d363', 'a333d363', '4dec0816']"
blk_6277503009512595795,"['bbb51b95', 'bbb51b95', 'bbb51b95', '3d91fa85', 'd38aa58d', '46003790', 'd38aa58d', '46003790', 'd38aa58d', '46003790', '5d5de21c', '5d5de21c', '5d5de21c', 'd63ef163', 'd63ef163', 'd63ef163', 'dba996ef', 'dba996ef', 'dba996ef']"
blk_2067562331466391076,"['bbb51b95', '3d91fa85', 'bbb51b95', 'bbb51b95', 'd38aa58d', '46003790', 'd38aa58d', '46003790', 'd38aa58d', '46003790', '5d5de21c', '5d5de21c', '5d5de21c']"
blk_7802118244589901105,"['bbb51b95', 'bbb51b95', '3d91fa85', 'bbb51b95', 'd38aa58d', '46003790', 'd38aa58d', '46003790', 'd38aa58d', '46003790', '5d5de21c', '5d5de21c', '5d5de21c']"
blk_-2177844484365796656,"['bbb51b95', 'bbb51b95', 'bbb51b95', '3d91fa85', 'd38aa58d', '46003790', 'd38aa58d', '46003790', 'd38aa58d', '46003790', '5d5de21c', '5d5de21c', '5d5de21c', '4dec0816']"
blk_-1119170123671317768,"['3d91fa85', 'bbb51b95', 'bbb51b95', 'bbb51b95', '5d5de21c', '5d5de21c', '5d5de21c', 'd38aa58d', '46003790', 'd38aa58d', '46003790', 'd38aa58d', '46003790']"
blk_-5039704551927839220,"['3d91fa85', 'bbb51b95', 'bbb51b95', 'bbb51b95', '5d5de21c', '5d5de21c', 'd38aa58d', '46003790', 'd38aa58d', '46003790', 'd38aa58d', '46003790', '5d5de21c', 'a333d363', '4dec0816']"
blk_-579096453705983779,"['bbb51b95', 'bbb51b95', '3d91fa85', 'bbb51b95', 'd38aa58d', '46003790', '5d5de21c', 'd38aa58d', '46003790', 'd38aa58d', '46003790', '5d5de21c', '5d5de21c']"
blk_-4083206735577017043,"['3d91fa85', 'bbb51b95', 'bbb51b95', 'bbb51b95', '5d5de21c', 'd38aa58d', '46003790', '5d5de21c', '5d5de21c', 'd38aa58d', '46003790', 'd38aa58d', '46003790']"
blk_-3368065924920649836,"['3d91fa85', 'bbb51b95', 'bbb51b95', 'bbb51b95', '5d5de21c', '5d5de21c', 'd38aa58d', '46003790', 'd38aa58d', '46003790', 'd38aa58d', '46003790', '5d5de21c', 'a333d363']"
blk_-9151711658327679567,"['bbb51b95', 'bbb51b95', 'bbb51b95', '3d91fa85', 'd38aa58d', '46003790', 'd38aa58d', '46003790', 'd38aa58d', '46003790', '5d5de21c', '5d5de21c', '5d5de21c']"
blk_1356300209724682219,"['3d91fa85', 'bbb51b95', 'bbb51b95', 'bbb51b95', 'd38aa58d', '46003790', 'd38aa58d', '46003790', 'd38aa58d', '46003790', '5d5de21c', '5d5de21c', '5d5de21c']"
blk_-1435659204020851966,"['3d91fa85', 'bbb51b95', 'bbb51b95', 'bbb51b95', 'd38aa58d', '46003790', '5d5de21c', 'd38aa58d', '46003790', 'd38aa58d', '46003790', '5d5de21c', '5d5de21c']"
blk_-3278261015009417107,"['3d91fa85', 'bbb51b95', 'bbb51b95', 'bbb51b95', '5d5de21c', 'd38aa58d', '46003790', 'd38aa58d', '46003790', '5d5de21c', '5d5de21c', 'd38aa58d', '46003790']"
blk_-1544984307848712172,"['bbb51b95', '3d91fa85', 'bbb51b95', 'bbb51b95', 'd38aa58d', '46003790', 'd38aa58d', '46003790', '5d5de21c', '5d5de21c', 'd38aa58d', '46003790', '5d5de21c']"
blk_-3306459281205129295,"['3d91fa85', 'bbb51b95', 'bbb51b95', 'bbb51b95', '5d5de21c', '5d5de21c', 'd38aa58d', '46003790', 'd38aa58d', 'd38aa58d', '46003790', '46003790', '5d5de21c']"
blk_3677392762795954282,"['bbb51b95', 'bbb51b95', 'bbb51b95', '3d91fa85', 'd38aa58d', '46003790', 'd38aa58d', '46003790', 'd38aa58d', '46003790', '5d5de21c', '5d5de21c', '5d5de21c']"
blk_5581602434002158148,"['bbb51b95', 'bbb51b95', 'bbb51b95', '3d91fa85', 'd38aa58d', '46003790', 'd38aa58d', '46003790', 'd38aa58d', '46003790', '5d5de21c', '5d5de21c', '5d5de21c']"
blk_7896944598876856829,"['bbb51b95', 'bbb51b95', 'bbb51b95', '3d91fa85', 'd38aa58d', '46003790', 'd38aa58d', '46003790', 'd38aa58d', '46003790', '5d5de21c', '5d5de21c', '5d5de21c', '4dec0816']"
blk_-5000553255499296589,"['bbb51b95', 'bbb51b95', 'bbb51b95', '3d91fa85', 'd38aa58d', '46003790', 'd38aa58d', '46003790', 'd38aa58d', '46003790', '5d5de21c', '5d5de21c', '5d5de21c']"
blk_5904530828969702475,"['bbb51b95', '3d91fa85', 'bbb51b95', 'bbb51b95', 'd38aa58d', '46003790', 'd38aa58d', '46003790', 'd38aa58d', '46003790', '5d5de21c', '5d5de21c', '5d5de21c']"
blk_5206692294271616697,"['3d91fa85', 'bbb51b95', 'bbb51b95', 'bbb51b95', '5d5de21c', '5d5de21c', '5d5de21c', 'd38aa58d', '46003790', 'd38aa58d', '46003790', 'd38aa58d', '46003790', '32777b38']"
blk_6789268499073460979,"['bbb51b95', 'bbb51b95', 'bbb51b95', '3d91fa85', 'd38aa58d', '46003790', 'd38aa58d', '46003790', 'd38aa58d', '46003790', '5d5de21c', '5d5de21c', '5d5de21c', 'a333d363', '4dec0816']"
blk_3460596710491396047,"['bbb51b95', '3d91fa85', 'bbb51b95', 'bbb51b95', 'd38aa58d', '46003790', '5d5de21c', '5d5de21c', '5d5de21c', 'd38aa58d', '46003790', 'd38aa58d', '46003790', '4dec0816']"
blk_3473422231283066518,"['3d91fa85', 'bbb51b95', 'bbb51b95', 'bbb51b95', '46003790', '5d5de21c', '5d5de21c', '5d5de21c', 'd38aa58d', '46003790', 'd38aa58d', '46003790', 'd38aa58d']"
blk_8626617493292648162,"['3d91fa85', 'bbb51b95', 'bbb51b95', 'bbb51b95', 'd38aa58d', '46003790', '5d5de21c', 'd38aa58d', '46003790', 'd38aa58d', '46003790', '5d5de21c', '5d5de21c']"
blk_8846939810100473559,"['bbb51b95', 'bbb51b95', 'bbb51b95', '3d91fa85', 'd38aa58d', '46003790', 'd38aa58d', '46003790', 'd38aa58d', '46003790', '5d5de21c', '5d5de21c', '5d5de21c']"
blk_1296921138021205702,"['bbb51b95', '3d91fa85', 'bbb51b95', 'bbb51b95', 'd38aa58d', '46003790', 'd38aa58d', '46003790', 'd38aa58d', '46003790', '5d5de21c', '5d5de21c', '5d5de21c']"
blk_-8415524806977888774,"['bbb51b95', '3d91fa85', 'bbb51b95', 'bbb51b95', 'd38aa58d', '46003790', 'd38aa58d', '46003790', '5d5de21c', '5d5de21c', '5d5de21c', 'd38aa58d', '46003790']"
blk_-263321381185071061,"['bbb51b95', 'bbb51b95', '3d91fa85', 'bbb51b95', 'd38aa58d', '46003790', 'd38aa58d', '46003790', '5d5de21c', '5d5de21c', 'd38aa58d', '46003790', '5d5de21c']"
blk_6391072774835767751,"['3d91fa85', 'bbb51b95', 'bbb51b95', 'bbb51b95', '5d5de21c', 'd38aa58d', '46003790', 'd38aa58d', '46003790', 'd38aa58d', '46003790', '5d5de21c', '5d5de21c']"
blk_-1792084332114185089,"['3d91fa85', 'bbb51b95', 'bbb51b95', 'bbb51b95', 'd38aa58d', '46003790', 'd38aa58d', '46003790', 'd38aa58d', '46003790', '5d5de21c', '5d5de21c', '5d5de21c']"
blk_2585482977321696711,"['3d91fa85', 'bbb51b95', 'bbb51b95', 'bbb51b95', '5d5de21c', '5d5de21c', '5d5de21c', 'd38aa58d', '46003790', 'd38aa58d', '46003790', 'd38aa58d', '46003790']"
blk_-8127194141062882969,"['3d91fa85', 'bbb51b95', 'bbb51b95', 'bbb51b95', '5d5de21c', 'd38aa58d', '46003790', 'd38aa58d', '46003790', 'd38aa58d', '46003790', '5d5de21c', '5d5de21c']"
blk_6936361469539355410,"['bbb51b95', 'bbb51b95', 'bbb51b95', '3d91fa85', 'd38aa58d', '46003790', 'd38aa58d', '46003790', 'd38aa58d', '46003790', '5d5de21c', '5d5de21c', '5d5de21c']"
blk_-3543377490922640555,"['3d91fa85', 'bbb51b95', 'bbb51b95', 'bbb51b95', '5d5de21c', '5d5de21c', '5d5de21c', 'd38aa58d', '46003790', 'd38aa58d', '46003790', 'd38aa58d', '46003790']"
blk_-5591462553873430661,"['bbb51b95', '3d91fa85', 'bbb51b95', 'bbb51b95', 'd38aa58d', '46003790', 'd38aa58d', '46003790', 'd38aa58d', '46003790', '5d5de21c', '5d5de21c', '5d5de21c']"
blk_3710464191311029400,"['bbb51b95', 'bbb51b95', 'bbb51b95', '3d91fa85', 'd38aa58d', '46003790', 'd38aa58d', '46003790', 'd38aa58d', '46003790', '5d5de21c', '5d5de21c', '5d5de21c']"
blk_-6741350970880080095,"['bbb51b95', '3d91fa85', 'bbb51b95', 'bbb51b95', 'd38aa58d', '46003790', 'd38aa58d', '46003790', 'd38aa58d', '46003790', '5d5de21c', '5d5de21c', '5d5de21c']"
blk_2913022780003054060,"['bbb51b95', '3d91fa85', 'bbb51b95', 'bbb51b95', '46003790', 'd38aa58d', '46003790', 'd38aa58d', '46003790', 'd38aa58d', '5d5de21c', '5d5de21c', '5d5de21c', '32777b38', '32777b38', 'a333d363', 'a333d363', '4dec0816']"
blk_-7965751613581969968,"['bbb51b95', 'bbb51b95', '3d91fa85', 'bbb51b95', 'd38aa58d', 'd38aa58d', '46003790', '46003790', '5d5de21c', 'd38aa58d', '46003790', '5d5de21c', '5d5de21c', 'a333d363']"
blk_6789269567502675603,"['bbb51b95', 'bbb51b95', 'bbb51b95', '3d91fa85', 'd38aa58d', '46003790', '5d5de21c', 'd38aa58d', '46003790', 'd38aa58d', '46003790', '5d5de21c', '5d5de21c', 'a333d363']"
blk_-7130689804583263537,"['bbb51b95', '3d91fa85', 'bbb51b95', 'bbb51b95', 'd38aa58d', '46003790', 'd38aa58d', '46003790', 'd38aa58d', '46003790', '5d5de21c', '5d5de21c', '5d5de21c', 'd63ef163', 'd63ef163', 'd63ef163', 'dba996ef', 'dba996ef', 'dba996ef']"
blk_-254635223020867359,"['bbb51b95', 'bbb51b95', '3d91fa85', 'bbb51b95', 'd38aa58d', '46003790', 'd38aa58d', '46003790', '5d5de21c', '5d5de21c', 'd38aa58d', '46003790', '5d5de21c', '32777b38']"
blk_1909396168594144916,"['3d91fa85', 'bbb51b95', 'bbb51b95', 'bbb51b95', '5d5de21c', '5d5de21c', 'd38aa58d', '46003790', 'd38aa58d', '46003790', '5d5de21c', 'd38aa58d', '46003790', '32777b38', 'a333d363']"
blk_-4844882844844688070,"['bbb51b95', '3d91fa85', 'bbb51b95', 'bbb51b95', 'd38aa58d', '46003790', 'd38aa58d', '46003790', '5d5de21c', 'd38aa58d', '46003790', '5d5de21c', '5d5de21c']"
blk_6452740536483624778,"['bbb51b95', '3d91fa85', 'bbb51b95', 'bbb51b95', 'd38aa58d', '46003790', 'd38aa58d', '46003790', 'd38aa58d', '46003790', '5d5de21c', '5d5de21c', '5d5de21c']"
blk_-7804693896642044672,"['bbb51b95', 'bbb51b95', 'bbb51b95', '3d91fa85', 'd38aa58d', '46003790', 'd38aa58d', '46003790', 'd38aa58d', '46003790', '5d5de21c', '5d5de21c', '5d5de21c']"
blk_-5537893671277641683,"['bbb51b95', '3d91fa85', 'bbb51b95', 'bbb51b95', 'd38aa58d', '46003790', 'd38aa58d', '46003790', 'd38aa58d', '46003790', '5d5de21c', '5d5de21c', '5d5de21c', 'd63ef163', 'd63ef163', 'd63ef163', 'dba996ef', 'dba996ef', 'dba996ef']"
blk_-916972917436052003,"['bbb51b95', '3d91fa85', 'bbb51b95', 'bbb51b95', 'd38aa58d', '46003790', 'd38aa58d', '46003790', 'd38aa58d', '46003790', '5d5de21c', '5d5de21c', '5d5de21c']"
blk_3833470742079893106,"['3d91fa85', 'bbb51b95', 'bbb51b95', 'bbb51b95', '5d5de21c', '5d5de21c', '5d5de21c', 'd38aa58d', '46003790', 'd38aa58d', '46003790', 'd38aa58d', '46003790']"
blk_-4966187198099700194,"['bbb51b95', '3d91fa85', 'bbb51b95', 'bbb51b95', 'd38aa58d', '46003790', 'd38aa58d', '46003790', 'd38aa58d', '46003790', '5d5de21c', '5d5de21c', '5d5de21c']"
blk_1402705822856979035,"['bbb51b95', 'bbb51b95', 'bbb51b95', '3d91fa85', '46003790', 'd38aa58d', '46003790', 'd38aa58d', '46003790', '5d5de21c', '5d5de21c', 'd38aa58d', '5d5de21c', 'a333d363']"
blk_-7655024961425224245,"['bbb51b95', '3d91fa85', 'bbb51b95', 'bbb51b95', 'd38aa58d', '46003790', 'd38aa58d', '46003790', '5d5de21c', 'd38aa58d', '46003790', '5d5de21c', '5d5de21c']"
blk_-3557446068179228324,"['bbb51b95', 'bbb51b95', '3d91fa85', 'bbb51b95', 'd38aa58d', '46003790', 'd38aa58d', '46003790', 'd38aa58d', '46003790', '5d5de21c', '5d5de21c', '5d5de21c', '32777b38', '32777b38', 'a333d363', '4dec0816', 'a333d363']"
blk_1889511100905269495,"['bbb51b95', 'bbb51b95', '3d91fa85', 'bbb51b95', 'd38aa58d', '46003790', '5d5de21c', '5d5de21c', 'd38aa58d', '46003790', 'd38aa58d', '46003790', '5d5de21c']"
blk_5874974016562217540,"['bbb51b95', 'bbb51b95', '3d91fa85', 'bbb51b95', 'd38aa58d', '46003790', '5d5de21c', '5d5de21c', 'd38aa58d', '46003790', 'd38aa58d', '46003790', '5d5de21c']"
blk_-5597631468894093992,"['bbb51b95', 'bbb51b95', 'bbb51b95', '3d91fa85', 'd38aa58d', '46003790', 'd38aa58d', '46003790', '5d5de21c', 'd38aa58d', '46003790', '5d5de21c', '5d5de21c']"
blk_1941823730857083799,"['bbb51b95', 'bbb51b95', '3d91fa85', 'bbb51b95', 'd38aa58d', '46003790', 'd38aa58d', '46003790', 'd38aa58d', '46003790', '5d5de21c', '5d5de21c', '5d5de21c', '32777b38']"
blk_3758275372098901107,"['bbb51b95', '3d91fa85', 'bbb51b95', 'bbb51b95', 'd38aa58d', '46003790', 'd38aa58d', '46003790', 'd38aa58d', '46003790', '5d5de21c', '5d5de21c', '5d5de21c']"
blk_-4319368462427091224,"['bbb51b95', '3d91fa85', 'bbb51b95', 'bbb51b95', 'd38aa58d', '46003790', 'd38aa58d', '46003790', 'd38aa58d', '46003790', '5d5de21c', '5d5de21c', '5d5de21c']"
blk_-3990181243022293290,"['3d91fa85', 'bbb51b95', 'bbb51b95', 'bbb51b95', '5d5de21c', '5d5de21c', '5d5de21c', 'd38aa58d', '46003790', 'd38aa58d', '46003790', 'd38aa58d', '46003790', 'a333d363', '4dec0816']"
blk_-8547625047522484891,"['3d91fa85', 'bbb51b95', 'bbb51b95', 'bbb51b95', 'd38aa58d', '46003790', 'd38aa58d', '46003790', '5d5de21c', '5d5de21c', 'd38aa58d', '46003790', '5d5de21c']"
blk_5950002548549788816,"['3d91fa85', 'bbb51b95', 'bbb51b95', 'bbb51b95', '5d5de21c', '5d5de21c', '5d5de21c', 'd38aa58d', '46003790', 'd38aa58d', '46003790', 'd38aa58d', '46003790', '32777b38']"
blk_6602178424599820574,"['bbb51b95', 'bbb51b95', '3d91fa85', 'bbb51b95', 'd38aa58d', '46003790', 'd38aa58d', '46003790', '5d5de21c', '5d5de21c', 'd38aa58d', '46003790', '5d5de21c']"
blk_-3755467135169516445,"['bbb51b95', '3d91fa85', 'bbb51b95', 'bbb51b95', 'd38aa58d', '46003790', 'd38aa58d', '46003790', 'd38aa58d', '46003790', '5d5de21c', '5d5de21c', '5d5de21c', '32777b38', '32777b38', '32777b38']"
blk_7363514559734106606,"['bbb51b95', '3d91fa85', 'bbb51b95', 'bbb51b95', 'd38aa58d', '46003790', 'd38aa58d', '46003790', 'd38aa58d', '46003790', '5d5de21c', '5d5de21c', '5d5de21c', 'd63ef163', 'd63ef163', 'd63ef163', 'dba996ef', 'dba996ef', 'dba996ef']"
blk_980195507552734159,"['3d91fa85', 'bbb51b95', 'bbb51b95', 'bbb51b95', '5d5de21c', '5d5de21c', '5d5de21c', 'd38aa58d', '46003790', 'd38aa58d', '46003790', 'd38aa58d', '46003790', '4dec0816']"
blk_8183499320232702853,"['bbb51b95', 'bbb51b95', 'bbb51b95', '3d91fa85', 'd38aa58d', '46003790', 'd38aa58d', '46003790', 'd38aa58d', '46003790', '5d5de21c', '5d5de21c', '5d5de21c', '32777b38', 'a333d363', 'a333d363', '4dec0816']"
blk_7863719833284729721,"['bbb51b95', '3d91fa85', 'bbb51b95', 'bbb51b95', 'd38aa58d', '46003790', 'd38aa58d', '46003790', 'd38aa58d', '46003790', '5d5de21c', '5d5de21c', '5d5de21c', '32777b38']"
blk_980407656712451853,"['bbb51b95', 'bbb51b95', 'bbb51b95', '3d91fa85', 'd38aa58d', '46003790', '46003790', 'd38aa58d', '46003790', '5d5de21c', '5d5de21c', '5d5de21c', 'd38aa58d']"
blk_-3174900159061592446,"['bbb51b95', 'bbb51b95', '3d91fa85', 'bbb51b95', 'd38aa58d', '46003790', 'd38aa58d', '46003790', 'd38aa58d', '46003790', '5d5de21c', '5d5de21c', '5d5de21c', 'a333d363']"
blk_476429298830481026,"['bbb51b95', '3d91fa85', 'bbb51b95', 'bbb51b95', 'd38aa58d', '46003790', 'd38aa58d', '46003790', 'd38aa58d', '46003790', '5d5de21c', '5d5de21c', '5d5de21c', '32777b38', '32777b38']"
blk_1283079845152826803,"['bbb51b95', 'bbb51b95', '3d91fa85', 'bbb51b95', 'd38aa58d', '46003790', 'd38aa58d', '46003790', 'd38aa58d', '46003790', '5d5de21c', '5d5de21c', '5d5de21c']"
blk_-2669470064284563281,"['3d91fa85', 'bbb51b95', 'bbb51b95', 'bbb51b95', '5d5de21c', 'd38aa58d', '46003790', '5d5de21c', '5d5de21c', 'd38aa58d', '46003790', 'd38aa58d', '46003790']"
blk_6486413424477192017,"['bbb51b95', '3d91fa85', 'bbb51b95', 'bbb51b95', 'd38aa58d', '46003790', 'd38aa58d', '46003790', 'd38aa58d', '46003790', '5d5de21c', '5d5de21c', '5d5de21c']"
blk_-5159481822711582642,"['3d91fa85', 'bbb51b95', 'bbb51b95', 'bbb51b95', '5d5de21c', 'd38aa58d', '46003790', 'd38aa58d', '46003790', '5d5de21c', '5d5de21c', 'd38aa58d', '46003790']"
blk_4753683434740750336,"['bbb51b95', '3d91fa85', 'bbb51b95', 'bbb51b95', 'd38aa58d', '46003790', 'd38aa58d', '46003790', 'd38aa58d', '46003790', '5d5de21c', '5d5de21c', '5d5de21c']"
blk_5241166726929317430,"['bbb51b95', 'bbb51b95', 'bbb51b95', '3d91fa85', 'd38aa58d', '46003790', 'd38aa58d', '46003790', 'd38aa58d', '46003790', '5d5de21c', '5d5de21c', '5d5de21c']"
blk_-2469168475076312219,"['bbb51b95', 'bbb51b95', '3d91fa85', 'bbb51b95', 'd38aa58d', '46003790', 'd38aa58d', '46003790', '5d5de21c', '5d5de21c', 'd38aa58d', '46003790', '5d5de21c']"
blk_-4058012580638550764,"['3d91fa85', 'bbb51b95', 'bbb51b95', 'bbb51b95', '5d5de21c', '5d5de21c', '5d5de21c', 'd38aa58d', '46003790', 'd38aa58d', '46003790', 'd38aa58d', '46003790', '4dec0816']"
blk_-522418399570809052,"['3d91fa85', 'bbb51b95', 'bbb51b95', 'bbb51b95', '5d5de21c', '5d5de21c', '5d5de21c', 'd38aa58d', '46003790', 'd38aa58d', '46003790', 'd38aa58d', '46003790', '32777b38']"
blk_-823757286930376604,"['bbb51b95', '3d91fa85', 'bbb51b95', 'bbb51b95', 'd38aa58d', '46003790', 'd38aa58d', '46003790', '5d5de21c', '5d5de21c', 'd38aa58d', '46003790', '5d5de21c']"
blk_-2096739999292187835,"['bbb51b95', 'bbb51b95', 'bbb51b95', '3d91fa85', 'd38aa58d', '46003790', 'd38aa58d', '46003790', 'd38aa58d', '46003790', '5d5de21c', '5d5de21c', '5d5de21c']"
blk_4364358791757763094,"['bbb51b95', 'bbb51b95', '3d91fa85', 'bbb51b95', 'd38aa58d', '46003790', 'd38aa58d', '46003790', 'd38aa58d', '46003790', '5d5de21c', '5d5de21c', '5d5de21c']"
blk_-8026141745430084980,"['3d91fa85', 'bbb51b95', 'bbb51b95', 'bbb51b95', '5d5de21c', '5d5de21c', 'd38aa58d', '46003790', 'd38aa58d', '46003790', '46003790', 'd38aa58d', '5d5de21c', 'a333d363', '4dec0816']"
blk_675773086141239291,"['bbb51b95', '3d91fa85', 'bbb51b95', 'bbb51b95', 'd38aa58d', '46003790', 'd38aa58d', '46003790', 'd38aa58d', '46003790', '5d5de21c', '5d5de21c', '5d5de21c', 'd63ef163', 'd63ef163', 'd63ef163', 'dba996ef', 'dba996ef', 'dba996ef']"
blk_6934084078533603150,"['bbb51b95', 'bbb51b95', '3d91fa85', 'bbb51b95', 'd38aa58d', '46003790', 'd38aa58d', '46003790', 'd38aa58d', '46003790', '5d5de21c', '5d5de21c', '5d5de21c', 'd63ef163', 'd63ef163', 'd63ef163', 'dba996ef', 'dba996ef', 'dba996ef']"
blk_-308554444996498628,"['bbb51b95', 'bbb51b95', '3d91fa85', 'bbb51b95', 'd38aa58d', '46003790', '46003790', '5d5de21c', '5d5de21c', 'd38aa58d', '46003790', 'd38aa58d', '5d5de21c']"
blk_7954948786605044513,"['3d91fa85', 'bbb51b95', 'bbb51b95', 'bbb51b95', '5d5de21c', '5d5de21c', '5d5de21c', 'd38aa58d', '46003790', 'd38aa58d', '46003790', 'd38aa58d', '46003790', 'a333d363']"
blk_-2385300193567872472,"['3d91fa85', 'bbb51b95', 'bbb51b95', 'bbb51b95', '5d5de21c', '5d5de21c', '5d5de21c', 'd38aa58d', '46003790', 'd38aa58d', '46003790', 'd38aa58d', '46003790', 'a333d363', '4dec0816', 'a333d363']"
blk_4250372823738054863,"['bbb51b95', '3d91fa85', 'bbb51b95', 'bbb51b95', 'd38aa58d', '46003790', 'd38aa58d', '46003790', '5d5de21c', '5d5de21c', 'd38aa58d', '46003790', '5d5de21c']"
blk_-5770915799062214774,"['bbb51b95', '3d91fa85', 'bbb51b95', 'bbb51b95', 'd38aa58d', '46003790', 'd38aa58d', '46003790', 'd38aa58d', '46003790', '5d5de21c', '5d5de21c', '5d5de21c']"
blk_3972287319691001044,"['bbb51b95', '3d91fa85', 'bbb51b95', 'bbb51b95', 'd38aa58d', '46003790', 'd38aa58d', '46003790', 'd38aa58d', '46003790', '5d5de21c', '5d5de21c', '5d5de21c', '32777b38', '32777b38', '32777b38', 'a333d363', 'a333d363', 'a333d363', 'a333d363', 'a333d363', 'a333d363', 'a333d363', '4dec0816', 'a333d363', 'a333d363', 'a333d363', 'a333d363', 'a333d363', 'a333d363', 'a333d363', 'a333d363']"
blk_3768302169177017478,"['3d91fa85', 'bbb51b95', 'bbb51b95', 'bbb51b95', '5d5de21c', '5d5de21c', 'd38aa58d', '46003790', 'd38aa58d', '46003790', '5d5de21c', 'd38aa58d', '46003790']"
blk_6734191348155334732,"['3d91fa85', 'bbb51b95', 'bbb51b95', 'bbb51b95', '5d5de21c', '5d5de21c', '5d5de21c', 'd38aa58d', '46003790', 'd38aa58d', '46003790', 'd38aa58d', '46003790', '4dec0816']"
blk_7534902901461528264,"['bbb51b95', 'bbb51b95', 'bbb51b95', '3d91fa85', 'd38aa58d', 'd38aa58d', '46003790', '46003790', 'd38aa58d', '46003790', '5d5de21c', '5d5de21c', '5d5de21c']"
blk_-2933440811687531488,"['3d91fa85', 'bbb51b95', 'bbb51b95', 'bbb51b95', '5d5de21c', '5d5de21c', '5d5de21c', 'd38aa58d', '46003790', 'd38aa58d', '46003790', 'd38aa58d', '46003790']"
blk_-4706237019197549050,"['bbb51b95', 'bbb51b95', '3d91fa85', 'bbb51b95', 'd38aa58d', '46003790', 'd38aa58d', '46003790', 'd38aa58d', '46003790', '5d5de21c', '5d5de21c', '5d5de21c']"
blk_7991381539580149648,"['bbb51b95', 'bbb51b95', '3d91fa85', 'bbb51b95', 'd38aa58d', '46003790', 'd38aa58d', '46003790', '5d5de21c', '5d5de21c', 'd38aa58d', '46003790', '5d5de21c']"
blk_8449516835456306623,"['3d91fa85', 'bbb51b95', 'bbb51b95', 'bbb51b95', 'd38aa58d', '46003790', 'd38aa58d', '46003790', 'd38aa58d', '46003790', '5d5de21c', '5d5de21c', '5d5de21c']"
blk_1105226233872521935,"['3d91fa85', 'bbb51b95', 'bbb51b95', 'bbb51b95', '5d5de21c', '5d5de21c', 'd38aa58d', '46003790', 'd38aa58d', '46003790', '5d5de21c', 'd38aa58d', '46003790']"
blk_-5988722759172567025,"['3d91fa85', 'bbb51b95', 'bbb51b95', 'bbb51b95', 'd38aa58d', '46003790', '5d5de21c', '5d5de21c', 'd38aa58d', '46003790', '46003790', '5d5de21c', 'd38aa58d']"
blk_6054716446524239011,"['3d91fa85', 'bbb51b95', 'bbb51b95', 'bbb51b95', '5d5de21c', '5d5de21c', '5d5de21c', 'd38aa58d', '46003790', 'd38aa58d', '46003790', 'd38aa58d', '46003790']"
blk_-1246928372065125391,"['3d91fa85', 'bbb51b95', 'bbb51b95', 'bbb51b95', '5d5de21c', '5d5de21c', '5d5de21c', 'd38aa58d', '46003790', 'd38aa58d', '46003790', 'd38aa58d', '46003790']"
blk_2969989189593307478,"['bbb51b95', 'bbb51b95', 'bbb51b95', '3d91fa85', 'd38aa58d', '46003790', '5d5de21c', 'd38aa58d', '46003790', 'd38aa58d', '46003790', '5d5de21c', '5d5de21c']"
blk_6082891657761920231,"['3d91fa85', 'bbb51b95', 'bbb51b95', 'bbb51b95', '5d5de21c', '5d5de21c', '5d5de21c', 'd38aa58d', '46003790', 'd38aa58d', '46003790', 'd38aa58d', '46003790', 'a333d363', 'a333d363', '4dec0816']"
blk_-292973884336674878,"['3d91fa85', 'bbb51b95', 'bbb51b95', 'bbb51b95', '5d5de21c', '5d5de21c', '5d5de21c', 'd38aa58d', '46003790', 'd38aa58d', '46003790', 'd38aa58d', '46003790', '32777b38', '4dec0816']"
blk_3775893535532500565,"['bbb51b95', '3d91fa85', 'bbb51b95', 'bbb51b95', '5d5de21c', 'd38aa58d', '46003790', 'd38aa58d', '46003790', 'd38aa58d', '46003790', '5d5de21c', '5d5de21c', '32777b38']"
blk_131270940497818220,"['bbb51b95', '3d91fa85', 'bbb51b95', 'bbb51b95', 'd38aa58d', '46003790', 'd38aa58d', '46003790', 'd38aa58d', '46003790', '5d5de21c', '5d5de21c', '5d5de21c']"
blk_2342600662231151640,"['bbb51b95', 'bbb51b95', 'bbb51b95', '3d91fa85', 'd38aa58d', '46003790', 'd38aa58d', '46003790', 'd38aa58d', '46003790', '5d5de21c', '5d5de21c', '5d5de21c']"
blk_4201429220606455029,"['bbb51b95', '3d91fa85', 'bbb51b95', 'bbb51b95', '46003790', '5d5de21c', 'd38aa58d', 'd38aa58d', '46003790', 'd38aa58d', '46003790', '5d5de21c', '5d5de21c']"
blk_-1487567287844059147,"['bbb51b95', '3d91fa85', 'bbb51b95', 'bbb51b95', 'd38aa58d', '46003790', '5d5de21c', 'd38aa58d', '46003790', 'd38aa58d', '46003790', '5d5de21c', '5d5de21c']"
blk_5776552451936914073,"['3d91fa85', 'bbb51b95', 'bbb51b95', 'bbb51b95', 'd38aa58d', '46003790', '5d5de21c', '5d5de21c', '5d5de21c', 'd38aa58d', '46003790', 'd38aa58d', '46003790']"
blk_-6281366162887293573,"['3d91fa85', 'bbb51b95', 'bbb51b95', 'bbb51b95', '5d5de21c', 'd38aa58d', '46003790', 'd38aa58d', '46003790', '5d5de21c', '5d5de21c', 'd38aa58d', '46003790']"
blk_-268948378664713479,"['3d91fa85', 'bbb51b95', 'bbb51b95', 'bbb51b95', '5d5de21c', '5d5de21c', 'd38aa58d', '46003790', 'd38aa58d', '46003790', '5d5de21c', 'd38aa58d', '46003790', 'a333d363', 'a333d363', '4dec0816']"
blk_1084705437645203504,"['3d91fa85', 'bbb51b95', 'bbb51b95', 'bbb51b95', 'd38aa58d', '46003790', 'd38aa58d', '46003790', 'd38aa58d', '46003790', '5d5de21c', '5d5de21c', '5d5de21c']"
blk_-7177081400614179922,"['bbb51b95', 'bbb51b95', '3d91fa85', 'bbb51b95', 'd38aa58d', '46003790', 'd38aa58d', '46003790', 'd38aa58d', '46003790', '5d5de21c', '5d5de21c', '5d5de21c']"
blk_-432870099166307036,"['bbb51b95', 'bbb51b95', 'bbb51b95', '3d91fa85', 'd38aa58d', '46003790', 'd38aa58d', '46003790', 'd38aa58d', '46003790', '5d5de21c', '5d5de21c', '5d5de21c']"
blk_-7411442240242775281,"['bbb51b95', 'bbb51b95', 'bbb51b95', '3d91fa85', 'd38aa58d', '46003790', 'd38aa58d', '46003790', 'd38aa58d', '46003790', '5d5de21c', '5d5de21c', '5d5de21c']"
blk_6626813607454254262,"['bbb51b95', 'bbb51b95', 'bbb51b95', '3d91fa85', 'd38aa58d', '46003790', '5d5de21c', 'd38aa58d', '46003790', 'd38aa58d', '46003790', '5d5de21c', '5d5de21c']"
blk_5091635680517632319,"['3d91fa85', 'bbb51b95', 'bbb51b95', 'bbb51b95', '5d5de21c', '5d5de21c', 'd38aa58d', '46003790', 'd38aa58d', '46003790', '5d5de21c', 'd38aa58d', '46003790']"
blk_781426866948221496,"['bbb51b95', 'bbb51b95', '3d91fa85', 'bbb51b95', 'd38aa58d', '46003790', 'd38aa58d', '46003790', 'd38aa58d', '46003790', '5d5de21c', '5d5de21c', '5d5de21c']"
blk_7736842835267228385,"['3d91fa85', 'bbb51b95', 'bbb51b95', 'bbb51b95', '5d5de21c', '5d5de21c', '5d5de21c', 'd38aa58d', '46003790', 'd38aa58d', '46003790', 'd38aa58d', '46003790']"
blk_-2445359752203116818,"['3d91fa85', 'bbb51b95', 'bbb51b95', 'bbb51b95', '5d5de21c', '5d5de21c', 'd38aa58d', '46003790', 'd38aa58d', '46003790', '5d5de21c', 'd38aa58d', '46003790', 'a333d363']"
blk_210231831923923012,"['3d91fa85', 'bbb51b95', 'bbb51b95', 'bbb51b95', '5d5de21c', '5d5de21c', '5d5de21c', 'd38aa58d', '46003790', 'd38aa58d', '46003790', 'd38aa58d', '46003790']"
blk_-8444405165686195264,"['bbb51b95', 'bbb51b95', '3d91fa85', 'bbb51b95', 'd38aa58d', '46003790', 'd38aa58d', '46003790', 'd38aa58d', '46003790', '5d5de21c', '5d5de21c', '5d5de21c']"
blk_4497688676385728943,"['bbb51b95', 'bbb51b95', '3d91fa85', 'bbb51b95', 'd38aa58d', '46003790', 'd38aa58d', '46003790', '5d5de21c', '5d5de21c', 'd38aa58d', '46003790', '5d5de21c']"
blk_-1163370371052807044,"['bbb51b95', 'bbb51b95', '3d91fa85', 'bbb51b95', 'd38aa58d', 'd38aa58d', '46003790', '46003790', 'd38aa58d', '46003790', '5d5de21c', '5d5de21c', '5d5de21c']"
blk_5744124060331715260,"['3d91fa85', 'bbb51b95', 'bbb51b95', 'bbb51b95', '5d5de21c', '5d5de21c', 'd38aa58d', '46003790', 'd38aa58d', '46003790', '5d5de21c', 'd38aa58d', '46003790']"
blk_-2630849995757927658,"['3d91fa85', 'bbb51b95', 'bbb51b95', 'bbb51b95', '5d5de21c', '5d5de21c', '5d5de21c', 'd38aa58d', '46003790', 'd38aa58d', '46003790', 'd38aa58d', '46003790']"
blk_1551180824119244546,"['bbb51b95', '3d91fa85', 'bbb51b95', 'bbb51b95', 'd38aa58d', '46003790', 'd38aa58d', '46003790', 'd38aa58d', '46003790', '5d5de21c', '5d5de21c', '5d5de21c']"
blk_-7112797276909380621,"['3d91fa85', 'bbb51b95', 'bbb51b95', 'bbb51b95', '5d5de21c', '5d5de21c', 'd38aa58d', '46003790', '46003790', '5d5de21c', 'd38aa58d', '46003790', 'd38aa58d']"
blk_622122336660684214,"['bbb51b95', '3d91fa85', 'bbb51b95', 'bbb51b95', '46003790', 'd38aa58d', '46003790', '5d5de21c', '5d5de21c', 'd38aa58d', '46003790', 'd38aa58d', '5d5de21c']"
blk_-2750159147942248406,"['3d91fa85', 'bbb51b95', 'bbb51b95', 'bbb51b95', 'd38aa58d', '46003790', 'd38aa58d', '46003790', 'd38aa58d', '46003790', '5d5de21c', '5d5de21c', '5d5de21c']"
blk_2749325788614255345,"['3d91fa85', 'bbb51b95', 'bbb51b95', 'bbb51b95', '5d5de21c', '5d5de21c', '5d5de21c', 'd38aa58d', '46003790', 'd38aa58d', '46003790', 'd38aa58d', '46003790', 'a333d363', '4dec0816']"
blk_-8102569445990638239,"['bbb51b95', '3d91fa85', 'bbb51b95', 'bbb51b95', 'd38aa58d', '46003790', 'd38aa58d', '46003790', 'd38aa58d', '46003790', '5d5de21c', '5d5de21c', '5d5de21c']"
blk_4058532269063816514,"['3d91fa85', 'bbb51b95', 'bbb51b95', 'bbb51b95', '5d5de21c', '5d5de21c', '5d5de21c', 'd38aa58d', '46003790', 'd38aa58d', '46003790', 'd38aa58d', '46003790']"
blk_-6809181994368905854,"['bbb51b95', 'bbb51b95', 'bbb51b95', '3d91fa85', 'd38aa58d', '46003790', 'd38aa58d', '46003790', 'd38aa58d', '46003790', '5d5de21c', '5d5de21c', '5d5de21c']"
blk_-1106201189774411501,"['bbb51b95', 'bbb51b95', 'bbb51b95', '3d91fa85', 'd38aa58d', '46003790', 'd38aa58d', '46003790', 'd38aa58d', '46003790', '5d5de21c', '5d5de21c', '5d5de21c']"
blk_7158117119124673246,"['bbb51b95', 'bbb51b95', '3d91fa85', 'bbb51b95', 'd38aa58d', '46003790', 'd38aa58d', '46003790', 'd38aa58d', '46003790', '5d5de21c', '5d5de21c', '5d5de21c', '32777b38', '32777b38', '32777b38', 'a333d363', 'a333d363', '4dec0816']"
blk_-292321224969759541,"['bbb51b95', '3d91fa85', 'bbb51b95', 'bbb51b95', 'd38aa58d', '46003790', 'd38aa58d', '46003790', 'd38aa58d', '46003790', '5d5de21c', '5d5de21c', '5d5de21c']"
blk_-3685311994087018260,"['bbb51b95', 'bbb51b95', '3d91fa85', 'bbb51b95', 'd38aa58d', '46003790', 'd38aa58d', '46003790', 'd38aa58d', '46003790', '5d5de21c', '5d5de21c', '5d5de21c']"
blk_-863340681237907121,"['3d91fa85', 'bbb51b95', 'bbb51b95', 'bbb51b95', 'd38aa58d', '46003790', '46003790', '5d5de21c', '5d5de21c', '5d5de21c', 'd38aa58d', '46003790', 'd38aa58d']"
blk_-1800675340142127102,"['bbb51b95', '3d91fa85', 'bbb51b95', 'bbb51b95', 'd38aa58d', '46003790', 'd38aa58d', '46003790', '5d5de21c', 'd38aa58d', '46003790', '5d5de21c', '5d5de21c']"
blk_-234118640067060129,"['bbb51b95', '3d91fa85', 'bbb51b95', 'bbb51b95', 'd38aa58d', '46003790', 'd38aa58d', '46003790', 'd38aa58d', '46003790', '5d5de21c', '5d5de21c', '5d5de21c', '4dec0816']"
blk_6385696202598947806,"['3d91fa85', 'bbb51b95', 'bbb51b95', 'bbb51b95', '5d5de21c', '5d5de21c', '5d5de21c', 'd38aa58d', '46003790', 'd38aa58d', '46003790', 'd38aa58d', '46003790']"
blk_-6292916580373969636,"['bbb51b95', 'bbb51b95', 'bbb51b95', '3d91fa85', 'd38aa58d', '46003790', 'd38aa58d', '46003790', '5d5de21c', 'd38aa58d', '46003790', '5d5de21c', '5d5de21c']"
blk_3372778083169884189,"['3d91fa85', 'bbb51b95', 'bbb51b95', 'bbb51b95', '5d5de21c', '5d5de21c', 'd38aa58d', '46003790', 'd38aa58d', '46003790', 'd38aa58d', '46003790', '5d5de21c', 'a333d363']"
blk_6337789853848350889,"['bbb51b95', 'bbb51b95', 'bbb51b95', '3d91fa85', 'd38aa58d', '46003790', 'd38aa58d', '46003790', 'd38aa58d', '46003790', '5d5de21c', '5d5de21c', '5d5de21c']"
blk_7652937398805436318,"['bbb51b95', 'bbb51b95', '3d91fa85', 'bbb51b95', '46003790', 'd38aa58d', '46003790', 'd38aa58d', '46003790', 'd38aa58d', '5d5de21c', '5d5de21c', '5d5de21c']"
blk_3201971588111428055,"['bbb51b95', 'bbb51b95', 'bbb51b95', '3d91fa85', 'd38aa58d', '46003790', 'd38aa58d', '46003790', '5d5de21c', '5d5de21c', 'd38aa58d', '46003790', '5d5de21c']"
blk_4533554717782958401,"['bbb51b95', 'bbb51b95', '3d91fa85', 'bbb51b95', '5d5de21c', 'd38aa58d', '46003790', 'd38aa58d', '46003790', 'd38aa58d', '46003790', '5d5de21c', '5d5de21c']"
blk_-6461805080871864089,"['bbb51b95', '3d91fa85', 'bbb51b95', 'bbb51b95', 'd38aa58d', '46003790', 'd38aa58d', '46003790', 'd38aa58d', '46003790', '5d5de21c', '5d5de21c', '5d5de21c']"
blk_-7165703049275864846,"['bbb51b95', 'bbb51b95', 'bbb51b95', '3d91fa85', 'd38aa58d', '46003790', 'd38aa58d', '46003790', 'd38aa58d', '46003790', '5d5de21c', '5d5de21c', '5d5de21c']"
blk_-4420606353431273451,"['bbb51b95', 'bbb51b95', '3d91fa85', 'bbb51b95', 'd38aa58d', '46003790', '5d5de21c', 'd38aa58d', '46003790', 'd38aa58d', '46003790', '5d5de21c', '5d5de21c']"
blk_-8637904794718327302,"['3d91fa85', 'bbb51b95', 'bbb51b95', 'bbb51b95', 'd38aa58d', '46003790', 'd38aa58d', '46003790', '5d5de21c', '5d5de21c', 'd38aa58d', '46003790', '5d5de21c']"
blk_-4955516320494581681,"['bbb51b95', '3d91fa85', 'bbb51b95', 'bbb51b95', 'd38aa58d', '46003790', 'd38aa58d', '46003790', 'd38aa58d', '46003790', '5d5de21c', '5d5de21c', '5d5de21c']"
blk_8751448391372717220,"['3d91fa85', 'bbb51b95', 'bbb51b95', 'bbb51b95', 'd38aa58d', '46003790', 'd38aa58d', '46003790', 'd38aa58d', '46003790', '5d5de21c', '5d5de21c', '5d5de21c', '32777b38', '32777b38', '32777b38', 'a333d363', '4dec0816', 'a333d363']"
blk_1087817594245148490,"['bbb51b95', 'bbb51b95', '3d91fa85', 'bbb51b95', 'd38aa58d', 'd38aa58d', '46003790', '46003790', '5d5de21c', '5d5de21c', '5d5de21c', 'd38aa58d', '46003790', 'a333d363', '4dec0816']"
blk_1471398556079448590,"['3d91fa85', 'bbb51b95', 'bbb51b95', 'bbb51b95', 'd38aa58d', '46003790', 'd38aa58d', '46003790', 'd38aa58d', '46003790', '5d5de21c', '5d5de21c', '5d5de21c', 'a333d363']"
blk_-3118069438872211984,"['bbb51b95', 'bbb51b95', '3d91fa85', 'bbb51b95', 'd38aa58d', '46003790', 'd38aa58d', '46003790', 'd38aa58d', '46003790', '5d5de21c', '5d5de21c', '5d5de21c']"
blk_-6755357320395799982,"['bbb51b95', 'bbb51b95', '3d91fa85', 'bbb51b95', 'd38aa58d', '46003790', 'd38aa58d', '46003790', '5d5de21c', '5d5de21c', 'd38aa58d', '46003790', '5d5de21c']"
blk_6227055072516687391,"['bbb51b95', 'bbb51b95', '3d91fa85', 'bbb51b95', 'd38aa58d', '46003790', 'd38aa58d', '46003790', 'd38aa58d', '46003790', '5d5de21c', '5d5de21c', '5d5de21c', '32777b38', '32777b38', '32777b38', 'a333d363', 'a333d363', 'a333d363', 'a333d363', 'a333d363', 'a333d363', 'a333d363', 'a333d363', 'a333d363', 'a333d363', 'a333d363', 'a333d363', 'a333d363', 'a333d363', 'a333d363', '4dec0816']"
blk_2833689196943227614,"['bbb51b95', 'bbb51b95', 'bbb51b95', '3d91fa85', 'd38aa58d', '46003790', 'd38aa58d', '46003790', 'd38aa58d', '46003790', '5d5de21c', '5d5de21c', '5d5de21c']"
blk_-8694050785235954236,"['bbb51b95', '3d91fa85', 'bbb51b95', 'bbb51b95', 'd38aa58d', '46003790', 'd38aa58d', '46003790', 'd38aa58d', '46003790', '5d5de21c', '5d5de21c', '5d5de21c']"
blk_-7201769255624237320,"['bbb51b95', '3d91fa85', 'bbb51b95', 'bbb51b95', 'd38aa58d', '46003790', 'd38aa58d', '46003790', 'd38aa58d', '46003790', '5d5de21c', '5d5de21c', '5d5de21c']"
blk_-2163204846856240368,"['3d91fa85', 'bbb51b95', 'bbb51b95', 'bbb51b95', '5d5de21c', '5d5de21c', '5d5de21c', 'd38aa58d', '46003790', 'd38aa58d', '46003790', 'd38aa58d', '46003790', 'a333d363', 'a333d363', '4dec0816']"
blk_-3199329769869494837,"['3d91fa85', 'bbb51b95', 'bbb51b95', 'bbb51b95', '5d5de21c', '5d5de21c', '5d5de21c', 'd38aa58d', '46003790', 'd38aa58d', '46003790', 'd38aa58d', '46003790']"
blk_6465134165610314390,"['3d91fa85', 'bbb51b95', 'bbb51b95', 'bbb51b95', '5d5de21c', '5d5de21c', '5d5de21c', 'd38aa58d', '46003790', 'd38aa58d', '46003790', 'd38aa58d', '46003790']"
blk_-2471244133540788638,"['bbb51b95', 'bbb51b95', '3d91fa85', 'bbb51b95', 'd38aa58d', '46003790', 'd38aa58d', '46003790', 'd38aa58d', '46003790', '5d5de21c', '5d5de21c', '5d5de21c', 'a333d363', '4dec0816']"
blk_-3651873091354079455,"['bbb51b95', '3d91fa85', 'bbb51b95', 'bbb51b95', 'd38aa58d', '46003790', 'd38aa58d', '46003790', 'd38aa58d', '46003790', '5d5de21c', '5d5de21c', '5d5de21c', '32777b38', '4dec0816']"
blk_3435294529840735832,"['3d91fa85', 'bbb51b95', 'bbb51b95', 'bbb51b95', '5d5de21c', '5d5de21c', 'd38aa58d', '46003790', 'd38aa58d', '46003790', '5d5de21c', 'd38aa58d', '46003790']"
blk_-869262873067600238,"['3d91fa85', 'bbb51b95', 'bbb51b95', 'bbb51b95', '5d5de21c', '5d5de21c', 'd38aa58d', '46003790', 'd38aa58d', '46003790', 'd38aa58d', '46003790', '5d5de21c']"
blk_-7208578904199417970,"['bbb51b95', '3d91fa85', 'bbb51b95', 'bbb51b95', 'd38aa58d', '46003790', 'd38aa58d', '46003790', 'd38aa58d', '46003790', '5d5de21c', '5d5de21c', '5d5de21c', 'a333d363']"
blk_1352827985028482066,"['bbb51b95', 'bbb51b95', 'bbb51b95', '3d91fa85', 'd38aa58d', '46003790', 'd38aa58d', '46003790', 'd38aa58d', '46003790', '5d5de21c', '5d5de21c', '5d5de21c']"
blk_-8969516948163219230,"['3d91fa85', 'bbb51b95', 'bbb51b95', 'bbb51b95', 'd38aa58d', '46003790', '5d5de21c', '5d5de21c', 'd38aa58d', '46003790', 'd38aa58d', '46003790', '5d5de21c', '4dec0816']"
blk_-7684166314810791119,"['bbb51b95', 'bbb51b95', 'bbb51b95', '3d91fa85', 'd38aa58d', '46003790', 'd38aa58d', '46003790', 'd38aa58d', '46003790', '5d5de21c', '5d5de21c', '5d5de21c']"
blk_-7727681224765025181,"['3d91fa85', 'bbb51b95', 'bbb51b95', 'bbb51b95', '5d5de21c', '5d5de21c', '5d5de21c', 'd38aa58d', '46003790', 'd38aa58d', '46003790', 'd38aa58d', '46003790']"
blk_6388705329122625627,"['bbb51b95', '3d91fa85', 'bbb51b95', 'bbb51b95', 'd38aa58d', '46003790', '5d5de21c', '5d5de21c', 'd38aa58d', '46003790', 'd38aa58d', '46003790', '5d5de21c']"
blk_-4325786781881737059,"['bbb51b95', 'bbb51b95', '3d91fa85', 'bbb51b95', 'd38aa58d', '46003790', 'd38aa58d', '46003790', '5d5de21c', 'd38aa58d', '46003790', '5d5de21c', '5d5de21c']"
blk_-7091357143931573952,"['3d91fa85', 'bbb51b95', 'bbb51b95', 'bbb51b95', '5d5de21c', '5d5de21c', '5d5de21c', 'd38aa58d', '46003790', 'd38aa58d', '46003790', 'd38aa58d', '46003790']"
blk_5500250656391071394,"['3d91fa85', 'bbb51b95', 'bbb51b95', 'bbb51b95', '5d5de21c', '5d5de21c', '5d5de21c', 'd38aa58d', '46003790', 'd38aa58d', '46003790', 'd38aa58d', '46003790', '32777b38']"
blk_8246159415238005682,"['3d91fa85', 'bbb51b95', 'bbb51b95', 'bbb51b95', '5d5de21c', '5d5de21c', '5d5de21c', 'd38aa58d', '46003790', 'd38aa58d', '46003790', 'd38aa58d', '46003790']"
blk_3318822925199933315,"['3d91fa85', 'bbb51b95', 'bbb51b95', 'bbb51b95', '5d5de21c', 'd38aa58d', '46003790', '5d5de21c', '5d5de21c', 'd38aa58d', '46003790', 'd38aa58d', '46003790', 'a333d363', '4dec0816', 'a333d363']"
blk_-6509149223434658281,"['bbb51b95', 'bbb51b95', '3d91fa85', 'bbb51b95', 'd38aa58d', '46003790', 'd38aa58d', 'd38aa58d', '46003790', '46003790', '5d5de21c', '5d5de21c', '5d5de21c']"
blk_6476554054500572327,"['3d91fa85', 'bbb51b95', 'bbb51b95', 'bbb51b95', '5d5de21c', '5d5de21c', '5d5de21c', 'd38aa58d', '46003790', 'd38aa58d', '46003790', 'd38aa58d', '46003790']"
blk_-9162656199001154940,"['bbb51b95', 'bbb51b95', '3d91fa85', 'bbb51b95', 'd38aa58d', '46003790', 'd38aa58d', '46003790', 'd38aa58d', '46003790', '5d5de21c', '5d5de21c', '5d5de21c', '32777b38', '32777b38']"
blk_-5053034316632810554,"['bbb51b95', 'bbb51b95', 'bbb51b95', '3d91fa85', 'd38aa58d', '46003790', 'd38aa58d', '46003790', 'd38aa58d', '46003790', '5d5de21c', '5d5de21c', '5d5de21c', '4dec0816']"
blk_1327437416586116573,"['bbb51b95', 'bbb51b95', '3d91fa85', 'bbb51b95', 'd38aa58d', '46003790', 'd38aa58d', '46003790', '5d5de21c', 'd38aa58d', '46003790', '5d5de21c', '5d5de21c']"
blk_9023106941425202397,"['bbb51b95', 'bbb51b95', 'bbb51b95', '3d91fa85', 'd38aa58d', '46003790', 'd38aa58d', '46003790', 'd38aa58d', '46003790', '5d5de21c', '5d5de21c', '5d5de21c']"
blk_-4784154126223441388,"['3d91fa85', 'bbb51b95', 'bbb51b95', 'bbb51b95', 'd38aa58d', '46003790', 'd38aa58d', '46003790', '5d5de21c', '5d5de21c', 'd38aa58d', '46003790', '5d5de21c']"
blk_-5437912913711861275,"['3d91fa85', 'bbb51b95', 'bbb51b95', 'bbb51b95', '5d5de21c', '5d5de21c', 'd38aa58d', '46003790', 'd38aa58d', '46003790', 'd38aa58d', '46003790', '5d5de21c']"
blk_-305989807197586053,"['3d91fa85', 'bbb51b95', 'bbb51b95', 'bbb51b95', 'd38aa58d', '46003790', 'd38aa58d', '46003790', 'd38aa58d', '46003790', '5d5de21c', '5d5de21c', '5d5de21c']"
blk_-7659879991437950840,"['bbb51b95', '3d91fa85', 'bbb51b95', 'bbb51b95', 'd38aa58d', '46003790', 'd38aa58d', '46003790', 'd38aa58d', '46003790', '5d5de21c', '5d5de21c', '5d5de21c']"
blk_-8920252856009591188,"['bbb51b95', '3d91fa85', 'bbb51b95', 'bbb51b95', 'd38aa58d', '46003790', 'd38aa58d', '46003790', '5d5de21c', 'd38aa58d', '46003790', '5d5de21c', '5d5de21c']"
blk_5860996617391060774,"['bbb51b95', 'bbb51b95', 'bbb51b95', '3d91fa85', 'd38aa58d', '46003790', 'd38aa58d', '46003790', 'd38aa58d', '46003790', '5d5de21c', '5d5de21c', '5d5de21c']"
blk_4910293697632317908,"['3d91fa85', 'bbb51b95', 'bbb51b95', 'bbb51b95', 'd38aa58d', '46003790', 'd38aa58d', '46003790', 'd38aa58d', '46003790', '5d5de21c', '5d5de21c', '5d5de21c', '32777b38', '32777b38']"
blk_-3086895124759974981,"['bbb51b95', '3d91fa85', 'bbb51b95', 'bbb51b95', 'd38aa58d', '46003790', 'd38aa58d', '46003790', '5d5de21c', '5d5de21c', 'd38aa58d', '46003790', '5d5de21c', 'a333d363', '4dec0816']"
blk_3180236394460738404,"['3d91fa85', 'bbb51b95', 'bbb51b95', 'bbb51b95', '5d5de21c', '5d5de21c', '5d5de21c', 'd38aa58d', '46003790', 'd38aa58d', '46003790', 'd38aa58d', '46003790']"
blk_-7971425620024127918,"['bbb51b95', 'bbb51b95', 'bbb51b95', '3d91fa85', 'd38aa58d', '46003790', 'd38aa58d', '46003790', 'd38aa58d', '46003790', '5d5de21c', '5d5de21c', '5d5de21c']"
blk_-260927778086109256,"['3d91fa85', 'bbb51b95', 'bbb51b95', 'bbb51b95', '5d5de21c', '5d5de21c', '5d5de21c', 'd38aa58d', '46003790', 'd38aa58d', '46003790', 'd38aa58d', '46003790', 'a333d363', 'a333d363', '4dec0816']"
blk_-6610214301202246472,"['3d91fa85', 'bbb51b95', 'bbb51b95', 'bbb51b95', 'd38aa58d', '46003790', 'd38aa58d', '46003790', 'd38aa58d', '46003790', '5d5de21c', '5d5de21c', '5d5de21c']"
blk_5071805019400663991,"['3d91fa85', 'bbb51b95', 'bbb51b95', 'bbb51b95', '5d5de21c', '46003790', '5d5de21c', '5d5de21c', 'd38aa58d', 'd38aa58d', '46003790', 'd38aa58d', '46003790', '32777b38']"
blk_581755387343005182,"['bbb51b95', 'bbb51b95', 'bbb51b95', '3d91fa85', 'd38aa58d', '46003790', 'd38aa58d', '46003790', 'd38aa58d', '46003790', '5d5de21c', '5d5de21c', '5d5de21c']"
blk_-758740242206817389,"['3d91fa85', 'bbb51b95', 'bbb51b95', 'bbb51b95', '5d5de21c', '5d5de21c', 'd38aa58d', '46003790', 'd38aa58d', '46003790', '5d5de21c', 'd38aa58d', '46003790']"
blk_-8408585389435091639,"['bbb51b95', 'bbb51b95', 'bbb51b95', '3d91fa85', 'd38aa58d', 'd38aa58d', '46003790', '46003790', 'd38aa58d', '46003790', '5d5de21c', '5d5de21c', '5d5de21c', '32777b38', '32777b38', '32777b38']"
blk_375996554434708488,"['bbb51b95', '3d91fa85', 'bbb51b95', 'bbb51b95', 'd38aa58d', '46003790', 'd38aa58d', '46003790', 'd38aa58d', '46003790', '5d5de21c', '5d5de21c', '5d5de21c']"
blk_4663880726283352680,"['3d91fa85', 'bbb51b95', 'bbb51b95', 'bbb51b95', 'd38aa58d', '46003790', 'd38aa58d', '46003790', 'd38aa58d', '46003790', '5d5de21c', '5d5de21c', '5d5de21c']"
blk_-8348351968879507073,"['3d91fa85', 'bbb51b95', 'bbb51b95', 'bbb51b95', 'd38aa58d', '46003790', 'd38aa58d', '46003790', 'd38aa58d', '46003790', '5d5de21c', '5d5de21c', '5d5de21c']"
blk_-6751046979607483435,"['bbb51b95', '3d91fa85', 'bbb51b95', 'bbb51b95', 'd38aa58d', '46003790', 'd38aa58d', '46003790', 'd38aa58d', '46003790', '5d5de21c', '5d5de21c', '5d5de21c']"
blk_3929451146385298732,"['bbb51b95', 'bbb51b95', '3d91fa85', 'bbb51b95', 'd38aa58d', '46003790', 'd38aa58d', '46003790', 'd38aa58d', '46003790', '5d5de21c', '5d5de21c', '5d5de21c', 'a333d363']"
blk_-2815567654307293737,"['bbb51b95', 'bbb51b95', '3d91fa85', 'bbb51b95', 'd38aa58d', '46003790', '5d5de21c', '5d5de21c', 'd38aa58d', '46003790', 'd38aa58d', '46003790', '5d5de21c']"
blk_-5544639888201191712,"['3d91fa85', 'bbb51b95', 'bbb51b95', 'bbb51b95', '5d5de21c', '5d5de21c', 'd38aa58d', '46003790', 'd38aa58d', '46003790', '5d5de21c', 'd38aa58d', '46003790']"
blk_-119397988244431775,"['bbb51b95', '3d91fa85', 'bbb51b95', 'bbb51b95', 'd38aa58d', '46003790', 'd38aa58d', '46003790', 'd38aa58d', '46003790', '5d5de21c', '5d5de21c', '5d5de21c']"
blk_-4484189008041452722,"['3d91fa85', 'bbb51b95', 'bbb51b95', 'bbb51b95', 'd38aa58d', '46003790', '5d5de21c', '5d5de21c', '5d5de21c', 'd38aa58d', '46003790', 'd38aa58d', '46003790']"
blk_-3158683893645518288,"['3d91fa85', 'bbb51b95', 'bbb51b95', 'bbb51b95', 'd38aa58d', '46003790', 'd38aa58d', '46003790', 'd38aa58d', '46003790', '5d5de21c', '5d5de21c', '5d5de21c']"
blk_469184661325122191,"['3d91fa85', 'bbb51b95', 'bbb51b95', 'bbb51b95', 'd38aa58d', '46003790', 'd38aa58d', '46003790', 'd38aa58d', '46003790', '5d5de21c', '5d5de21c', '5d5de21c']"
blk_-7502950091430569980,"['bbb51b95', 'bbb51b95', '3d91fa85', 'bbb51b95', 'd38aa58d', '46003790', 'd38aa58d', '46003790', 'd38aa58d', '46003790', '5d5de21c', '5d5de21c', '5d5de21c']"
blk_8556912423568769454,"['bbb51b95', 'bbb51b95', '3d91fa85', 'bbb51b95', 'd38aa58d', '46003790', 'd38aa58d', '46003790', 'd38aa58d', '46003790', '5d5de21c', '5d5de21c', '5d5de21c']"
blk_-818757189934301853,"['3d91fa85', 'bbb51b95', 'bbb51b95', 'bbb51b95', '5d5de21c', '5d5de21c', '5d5de21c', 'd38aa58d', '46003790', 'd38aa58d', '46003790', 'd38aa58d', '46003790', 'a333d363']"
blk_5772857497562003801,"['bbb51b95', '3d91fa85', 'bbb51b95', 'bbb51b95', 'd38aa58d', '46003790', 'd38aa58d', '46003790', '46003790', '5d5de21c', '5d5de21c', 'd38aa58d', '5d5de21c']"
blk_9159024295934691562,"['bbb51b95', 'bbb51b95', 'bbb51b95', '3d91fa85', 'd38aa58d', '46003790', 'd38aa58d', '46003790', '5d5de21c', '5d5de21c', 'd38aa58d', '46003790', '5d5de21c']"
blk_2127971165125584371,"['bbb51b95', 'bbb51b95', 'bbb51b95', '3d91fa85', 'd38aa58d', '46003790', 'd38aa58d', '46003790', '5d5de21c', '5d5de21c', 'd38aa58d', '46003790', '5d5de21c']"
blk_5410477551594353124,"['bbb51b95', 'bbb51b95', '3d91fa85', 'bbb51b95', 'd38aa58d', '46003790', 'd38aa58d', '46003790', 'd38aa58d', '46003790', '5d5de21c', '5d5de21c', '5d5de21c']"
blk_-6612790349153250921,"['bbb51b95', '3d91fa85', 'bbb51b95', 'bbb51b95', '46003790', 'd38aa58d', '46003790', 'd38aa58d', '46003790', '5d5de21c', 'd38aa58d', '5d5de21c', '5d5de21c']"
blk_-5535033278252708885,"['bbb51b95', 'bbb51b95', '3d91fa85', 'bbb51b95', 'd38aa58d', '46003790', 'd38aa58d', '46003790', 'd38aa58d', '46003790', '5d5de21c', '5d5de21c', '5d5de21c']"
blk_681293588384845,"['3d91fa85', 'bbb51b95', 'bbb51b95', 'bbb51b95', '5d5de21c', '5d5de21c', '5d5de21c', 'd38aa58d', '46003790', 'd38aa58d', '46003790', 'd38aa58d', '46003790']"
blk_484171545673547920,"['3d91fa85', 'bbb51b95', 'bbb51b95', 'bbb51b95', '5d5de21c', '5d5de21c', 'd38aa58d', '46003790', 'd38aa58d', '46003790', 'd38aa58d', '46003790', '5d5de21c']"
blk_-5915282917533887600,"['bbb51b95', '3d91fa85', 'bbb51b95', 'bbb51b95', 'd38aa58d', '46003790', 'd38aa58d', '46003790', 'd38aa58d', '46003790', '5d5de21c', '5d5de21c', '5d5de21c']"
blk_-8341533986574012665,"['bbb51b95', 'bbb51b95', '3d91fa85', 'bbb51b95', 'd38aa58d', '46003790', 'd38aa58d', '46003790', 'd38aa58d', '46003790', '5d5de21c', '5d5de21c', '5d5de21c']"
blk_729601506852293075,"['3d91fa85', 'bbb51b95', 'bbb51b95', 'bbb51b95', '5d5de21c', '5d5de21c', '5d5de21c', 'd38aa58d', '46003790', 'd38aa58d', '46003790', 'd38aa58d', '46003790']"
blk_3140031317558432851,"['bbb51b95', '3d91fa85', 'bbb51b95', 'bbb51b95', 'd38aa58d', '46003790', '5d5de21c', 'd38aa58d', '46003790', 'd38aa58d', '46003790', '5d5de21c', '5d5de21c']"
blk_5382343309520530237,"['3d91fa85', 'bbb51b95', 'bbb51b95', 'bbb51b95', '5d5de21c', '5d5de21c', 'd38aa58d', '46003790', 'd38aa58d', '46003790', 'd38aa58d', '46003790', '5d5de21c']"
blk_-94993347781380191,"['bbb51b95', '3d91fa85', 'bbb51b95', 'bbb51b95', 'd38aa58d', '46003790', 'd38aa58d', '46003790', 'd38aa58d', '46003790', '5d5de21c', '5d5de21c', '5d5de21c']"
blk_1486530069111275980,"['bbb51b95', 'bbb51b95', '3d91fa85', 'bbb51b95', 'd38aa58d', '46003790', 'd38aa58d', '46003790', 'd38aa58d', '46003790', '5d5de21c', '5d5de21c', '5d5de21c']"
blk_1225246266877081262,"['bbb51b95', 'bbb51b95', 'bbb51b95', '3d91fa85', 'd38aa58d', '46003790', '5d5de21c', 'd38aa58d', '46003790', 'd38aa58d', '46003790', '5d5de21c', '5d5de21c']"
blk_4673275777724114487,"['bbb51b95', '3d91fa85', 'bbb51b95', 'bbb51b95', 'd38aa58d', '46003790', 'd38aa58d', '46003790', 'd38aa58d', '46003790', '5d5de21c', '5d5de21c', '5d5de21c', 'a333d363']"
blk_-5631681454147966240,"['bbb51b95', 'bbb51b95', 'bbb51b95', '3d91fa85', 'd38aa58d', '46003790', 'd38aa58d', '46003790', 'd38aa58d', '46003790', '5d5de21c', '5d5de21c', '5d5de21c', '32777b38']"
blk_1744010334992643820,"['bbb51b95', 'bbb51b95', 'bbb51b95', '3d91fa85', 'd38aa58d', '46003790', 'd38aa58d', '46003790', 'd38aa58d', '46003790', '5d5de21c', '5d5de21c', '5d5de21c']"
blk_8668949559609406101,"['bbb51b95', 'bbb51b95', 'bbb51b95', '3d91fa85', '5d5de21c', 'd38aa58d', '46003790', 'd38aa58d', '46003790', 'd38aa58d', '46003790', '5d5de21c', '5d5de21c', '4dec0816']"
blk_344000575461253508,"['bbb51b95', 'bbb51b95', '3d91fa85', 'bbb51b95', 'd38aa58d', '46003790', 'd38aa58d', '46003790', 'd38aa58d', '46003790', '5d5de21c', '5d5de21c', '5d5de21c']"
blk_7323318401509362922,"['bbb51b95', 'bbb51b95', 'bbb51b95', '3d91fa85', 'd38aa58d', '46003790', 'd38aa58d', '46003790', 'd38aa58d', '46003790', '5d5de21c', '5d5de21c', '5d5de21c']"
blk_4104305274159886380,"['3d91fa85', 'bbb51b95', 'bbb51b95', 'bbb51b95', '5d5de21c', '5d5de21c', '5d5de21c', 'd38aa58d', 'd38aa58d', '46003790', '46003790', 'd38aa58d', '46003790', '4dec0816']"
blk_-1299325030912188614,"['bbb51b95', 'bbb51b95', '3d91fa85', 'bbb51b95', 'd38aa58d', '46003790', 'd38aa58d', 'd38aa58d', '46003790', '46003790', '5d5de21c', '5d5de21c', '5d5de21c', 'a333d363', '4dec0816']"
blk_-8363619018799948456,"['3d91fa85', 'bbb51b95', 'bbb51b95', 'bbb51b95', 'd38aa58d', '46003790', 'd38aa58d', '46003790', 'd38aa58d', '46003790', '5d5de21c', '5d5de21c', '5d5de21c']"
blk_-4498583345905990762,"['bbb51b95', 'bbb51b95', 'bbb51b95', '3d91fa85', 'd38aa58d', '46003790', 'd38aa58d', '46003790', '5d5de21c', '5d5de21c', 'd38aa58d', '46003790', '5d5de21c']"
blk_1083454560290161099,"['bbb51b95', '3d91fa85', 'bbb51b95', 'bbb51b95', '46003790', 'd38aa58d', '46003790', '5d5de21c', 'd38aa58d', 'd38aa58d', '46003790', '5d5de21c', '5d5de21c', '32777b38']"
blk_5094408399965467665,"['bbb51b95', '3d91fa85', 'bbb51b95', 'bbb51b95', 'd38aa58d', '46003790', 'd38aa58d', '46003790', '5d5de21c', 'd38aa58d', '46003790', '5d5de21c', '5d5de21c']"
blk_4238411551249090016,"['bbb51b95', 'bbb51b95', '3d91fa85', 'bbb51b95', 'd38aa58d', '46003790', 'd38aa58d', '46003790', 'd38aa58d', '46003790', '5d5de21c', '5d5de21c', '5d5de21c', 'd63ef163', 'd63ef163', 'd63ef163', 'dba996ef', 'dba996ef', 'dba996ef']"
blk_-4984232589585905493,"['3d91fa85', 'bbb51b95', 'bbb51b95', 'bbb51b95', '5d5de21c', '5d5de21c', '5d5de21c', 'd38aa58d', '46003790', 'd38aa58d', '46003790', 'd38aa58d', '46003790']"
blk_-6016442387761859962,"['3d91fa85', 'bbb51b95', 'bbb51b95', 'bbb51b95', '5d5de21c', '5d5de21c', '5d5de21c', 'd38aa58d', '46003790', 'd38aa58d', '46003790', 'd38aa58d', '46003790', 'a333d363', '4dec0816']"
blk_3493068387664433208,"['bbb51b95', '3d91fa85', 'bbb51b95', 'bbb51b95', 'd38aa58d', '46003790', 'd38aa58d', '46003790', 'd38aa58d', '46003790', '5d5de21c', '5d5de21c', '5d5de21c']"
blk_-8051434581784315392,"['3d91fa85', 'bbb51b95', 'bbb51b95', 'bbb51b95', '5d5de21c', '5d5de21c', '5d5de21c', 'd38aa58d', 'd38aa58d', '46003790', '46003790', 'd38aa58d', '46003790', 'a333d363', 'a333d363', '4dec0816']"
blk_5335446654170551956,"['bbb51b95', '3d91fa85', 'bbb51b95', 'bbb51b95', '5d5de21c', 'd38aa58d', '46003790', 'd38aa58d', '46003790', 'd38aa58d', '46003790', '5d5de21c', '5d5de21c', 'a333d363', '4dec0816', 'a333d363']"
blk_-1920545570398503422,"['3d91fa85', 'bbb51b95', 'bbb51b95', 'bbb51b95', 'd38aa58d', '46003790', '46003790', '5d5de21c', 'd38aa58d', 'd38aa58d', '46003790', '5d5de21c', '5d5de21c']"
blk_7575322275921832785,"['3d91fa85', 'bbb51b95', 'bbb51b95', 'bbb51b95', 'd38aa58d', '46003790', '5d5de21c', '5d5de21c', '5d5de21c', 'd38aa58d', '46003790', 'd38aa58d', '46003790']"
blk_-8596560887010506565,"['bbb51b95', '3d91fa85', 'bbb51b95', 'bbb51b95', 'd38aa58d', '46003790', 'd38aa58d', '46003790', 'd38aa58d', '46003790', '5d5de21c', '5d5de21c', '5d5de21c']"
blk_3463279800570089599,"['3d91fa85', 'bbb51b95', 'bbb51b95', 'bbb51b95', 'd38aa58d', '46003790', '5d5de21c', 'd38aa58d', '46003790', '5d5de21c', 'd38aa58d', '46003790', '5d5de21c', 'a333d363', 'a333d363']"
blk_-5742210751448140815,"['3d91fa85', 'bbb51b95', 'bbb51b95', 'bbb51b95', 'd38aa58d', '46003790', 'd38aa58d', '46003790', 'd38aa58d', '46003790', '5d5de21c', '5d5de21c', '5d5de21c']"
blk_-8842495107620338812,"['bbb51b95', '3d91fa85', 'bbb51b95', 'bbb51b95', 'd38aa58d', '46003790', 'd38aa58d', '46003790', 'd38aa58d', '46003790', '5d5de21c', '5d5de21c', '5d5de21c']"
blk_-3042343409476323945,"['bbb51b95', 'bbb51b95', 'bbb51b95', '3d91fa85', 'd38aa58d', '46003790', 'd38aa58d', '46003790', '5d5de21c', '5d5de21c', '5d5de21c', 'd38aa58d', '46003790', 'd63ef163', 'd63ef163', 'd63ef163', 'dba996ef', 'dba996ef', 'dba996ef']"
blk_7575910878683030207,"['bbb51b95', 'bbb51b95', '3d91fa85', 'bbb51b95', 'd38aa58d', '46003790', 'd38aa58d', '46003790', 'd38aa58d', '46003790', '5d5de21c', '5d5de21c', '5d5de21c', '32777b38', 'a333d363', '4dec0816', 'a333d363']"
blk_-3062332702832480348,"['3d91fa85', 'bbb51b95', 'bbb51b95', 'bbb51b95', '5d5de21c', 'd38aa58d', '46003790', '5d5de21c', '5d5de21c', 'd38aa58d', '46003790', 'd38aa58d', '46003790', 'a333d363', '4dec0816', 'a333d363']"
blk_-5491465015540555748,"['bbb51b95', 'bbb51b95', '3d91fa85', 'bbb51b95', 'd38aa58d', '46003790', '5d5de21c', 'd38aa58d', '46003790', 'd38aa58d', '46003790', '5d5de21c', '5d5de21c']"
blk_-7224961515409826783,"['bbb51b95', 'bbb51b95', 'bbb51b95', '3d91fa85', '46003790', 'd38aa58d', '46003790', 'd38aa58d', '46003790', 'd38aa58d', '5d5de21c', '5d5de21c', '5d5de21c', 'd63ef163', 'd63ef163', 'd63ef163', 'dba996ef', 'dba996ef', 'dba996ef']"
blk_-5158021308359949455,"['bbb51b95', 'bbb51b95', 'bbb51b95', '3d91fa85', 'd38aa58d', '46003790', 'd38aa58d', '46003790', 'd38aa58d', '46003790', '5d5de21c', '5d5de21c', '5d5de21c']"
blk_6721274036610872225,"['bbb51b95', 'bbb51b95', 'bbb51b95', '3d91fa85', '46003790', 'd38aa58d', '46003790', 'd38aa58d', '46003790', 'd38aa58d', '5d5de21c', '5d5de21c', '5d5de21c']"
blk_-8072162574731095102,"['bbb51b95', 'bbb51b95', '3d91fa85', 'bbb51b95', 'd38aa58d', '46003790', 'd38aa58d', '46003790', 'd38aa58d', '46003790', '5d5de21c', '5d5de21c', '5d5de21c']"
blk_127115745360206429,"['bbb51b95', '3d91fa85', 'bbb51b95', 'bbb51b95', 'd38aa58d', '46003790', '46003790', 'd38aa58d', '46003790', '5d5de21c', '5d5de21c', 'd38aa58d', '5d5de21c']"
blk_-7594066345421397364,"['bbb51b95', 'bbb51b95', '3d91fa85', 'bbb51b95', 'd38aa58d', '46003790', 'd38aa58d', '46003790', '5d5de21c', '5d5de21c', 'd38aa58d', '46003790', '5d5de21c']"
blk_7454524104754789566,"['bbb51b95', '3d91fa85', 'bbb51b95', 'bbb51b95', 'd38aa58d', '46003790', 'd38aa58d', '46003790', 'd38aa58d', '46003790', '5d5de21c', '5d5de21c', '5d5de21c', '32777b38']"
blk_-2417850556194280142,"['bbb51b95', 'bbb51b95', 'bbb51b95', '3d91fa85', 'd38aa58d', '46003790', '5d5de21c', 'd38aa58d', '46003790', 'd38aa58d', '46003790', '5d5de21c', '5d5de21c']"
blk_-2573758889055054700,"['3d91fa85', 'bbb51b95', 'bbb51b95', 'bbb51b95', '5d5de21c', '5d5de21c', '5d5de21c', 'd38aa58d', '46003790', 'd38aa58d', '46003790', 'd38aa58d', '46003790']"
blk_809874278508579676,"['3d91fa85', 'bbb51b95', 'bbb51b95', 'bbb51b95', '5d5de21c', '5d5de21c', '5d5de21c', 'd38aa58d', '46003790', 'd38aa58d', 'd38aa58d', '46003790', '46003790', 'a333d363', '4dec0816', 'a333d363', '32777b38']"
blk_-1017859523431030614,"['bbb51b95', 'bbb51b95', 'bbb51b95', '3d91fa85', 'd38aa58d', '46003790', 'd38aa58d', '46003790', 'd38aa58d', '46003790', '5d5de21c', '5d5de21c', '5d5de21c']"
blk_-732163891744033789,"['bbb51b95', 'bbb51b95', '3d91fa85', 'bbb51b95', 'd38aa58d', '46003790', 'd38aa58d', '46003790', 'd38aa58d', '46003790', '5d5de21c', '5d5de21c', '5d5de21c', 'a333d363']"
blk_-4972663833736302471,"['bbb51b95', 'bbb51b95', 'bbb51b95', '3d91fa85', 'd38aa58d', '46003790', 'd38aa58d', '46003790', 'd38aa58d', '46003790', '5d5de21c', '5d5de21c', '5d5de21c', 'd63ef163', 'd63ef163', 'd63ef163', 'dba996ef', 'dba996ef', 'dba996ef']"
blk_4844927006772029612,"['bbb51b95', '3d91fa85', 'bbb51b95', 'bbb51b95', '5d5de21c', '5d5de21c', '5d5de21c', 'd38aa58d', '46003790', 'd38aa58d', '46003790', 'd38aa58d', '46003790', 'a333d363', '4dec0816', 'a333d363']"
blk_6918081507126070602,"['bbb51b95', '3d91fa85', 'bbb51b95', 'bbb51b95', 'd38aa58d', '46003790', 'd38aa58d', '46003790', 'd38aa58d', '46003790', '5d5de21c', '5d5de21c', '5d5de21c', '32777b38', '32777b38', '32777b38', 'a333d363', 'a333d363', 'a333d363', 'a333d363', 'a333d363', 'a333d363', 'a333d363', 'a333d363', 'a333d363', 'a333d363', 'a333d363', '4dec0816', 'a333d363', 'a333d363', 'a333d363', 'a333d363']"
blk_4211004074913009905,"['3d91fa85', 'bbb51b95', 'bbb51b95', 'bbb51b95', '5d5de21c', 'd38aa58d', '46003790', 'd38aa58d', '46003790', '5d5de21c', 'd38aa58d', '46003790', '5d5de21c']"
blk_-6882279820241283631,"['bbb51b95', '3d91fa85', 'bbb51b95', 'bbb51b95', 'd38aa58d', '46003790', '46003790', 'd38aa58d', '46003790', '5d5de21c', '5d5de21c', 'd38aa58d', '5d5de21c']"
blk_-1951855354957647535,"['bbb51b95', '3d91fa85', 'bbb51b95', 'bbb51b95', 'd38aa58d', '46003790', 'd38aa58d', '46003790', 'd38aa58d', '46003790', '5d5de21c', '5d5de21c', '5d5de21c']"
blk_1417733935246563935,"['bbb51b95', '3d91fa85', 'bbb51b95', 'bbb51b95', '46003790', 'd38aa58d', '46003790', '5d5de21c', '5d5de21c', 'd38aa58d', 'd38aa58d', '46003790', '5d5de21c', '4dec0816']"
blk_3157353930253727418,"['bbb51b95', '3d91fa85', 'bbb51b95', 'bbb51b95', 'd38aa58d', '46003790', 'd38aa58d', '46003790', 'd38aa58d', '46003790', '5d5de21c', '5d5de21c', '5d5de21c']"
blk_-4651195250891174756,"['3d91fa85', 'bbb51b95', 'bbb51b95', 'bbb51b95', '5d5de21c', '5d5de21c', '5d5de21c', 'd38aa58d', '46003790', 'd38aa58d', '46003790', 'd38aa58d', '46003790', '32777b38', '32777b38']"
blk_-2588347292365416494,"['bbb51b95', '3d91fa85', 'bbb51b95', 'bbb51b95', 'd38aa58d', '46003790', 'd38aa58d', '46003790', 'd38aa58d', '46003790', '5d5de21c', '5d5de21c', '5d5de21c']"
blk_-2874717104069271462,"['bbb51b95', '3d91fa85', 'bbb51b95', 'bbb51b95', 'd38aa58d', '46003790', 'd38aa58d', '46003790', '5d5de21c', '5d5de21c', 'd38aa58d', '46003790', '5d5de21c']"
blk_8618054306518660351,"['bbb51b95', 'bbb51b95', '3d91fa85', 'bbb51b95', 'd38aa58d', '46003790', '5d5de21c', 'd38aa58d', '46003790', 'd38aa58d', '46003790', '5d5de21c', '5d5de21c']"
blk_-6302553978293214326,"['bbb51b95', 'bbb51b95', 'bbb51b95', '3d91fa85', 'd38aa58d', '46003790', 'd38aa58d', '46003790', 'd38aa58d', '46003790', '5d5de21c', '5d5de21c', '5d5de21c']"
blk_-5685404006875577961,"['3d91fa85', 'bbb51b95', 'bbb51b95', 'bbb51b95', '5d5de21c', '5d5de21c', 'd38aa58d', '46003790', 'd38aa58d', '46003790', '5d5de21c', 'd38aa58d', '46003790']"
blk_-285391931962608466,"['3d91fa85', 'bbb51b95', 'bbb51b95', 'bbb51b95', '5d5de21c', 'd38aa58d', '46003790', '5d5de21c', '5d5de21c', 'd38aa58d', '46003790', 'd38aa58d', '46003790', '32777b38']"
blk_-359402538530089049,"['bbb51b95', '3d91fa85', 'bbb51b95', 'bbb51b95', '46003790', '5d5de21c', 'd38aa58d', '46003790', 'd38aa58d', '46003790', 'd38aa58d', '5d5de21c', '5d5de21c']"
blk_-4615535795957682301,"['bbb51b95', '3d91fa85', 'bbb51b95', 'bbb51b95', 'd38aa58d', '46003790', 'd38aa58d', '46003790', 'd38aa58d', '46003790', '5d5de21c', '5d5de21c', '5d5de21c']"
blk_765817383157003380,"['3d91fa85', 'bbb51b95', 'bbb51b95', 'bbb51b95', '5d5de21c', '5d5de21c', '5d5de21c', 'd38aa58d', '46003790', '46003790', 'd38aa58d', '46003790', 'd38aa58d']"
blk_-454368544201900714,"['bbb51b95', '3d91fa85', 'bbb51b95', 'bbb51b95', 'd38aa58d', '46003790', 'd38aa58d', '46003790', '46003790', '5d5de21c', '5d5de21c', 'd38aa58d', '5d5de21c']"
blk_5931544315576627121,"['3d91fa85', 'bbb51b95', 'bbb51b95', 'bbb51b95', '5d5de21c', '5d5de21c', '5d5de21c', 'd38aa58d', '46003790', 'd38aa58d', '46003790', 'd38aa58d', '46003790']"
blk_6473369035479044822,"['bbb51b95', 'bbb51b95', 'bbb51b95', '3d91fa85', 'd38aa58d', '46003790', 'd38aa58d', '46003790', '5d5de21c', '5d5de21c', 'd38aa58d', '46003790', '5d5de21c']"
blk_1127142041996863321,"['3d91fa85', 'bbb51b95', 'bbb51b95', 'bbb51b95', 'd38aa58d', 'd38aa58d', 'd38aa58d', '46003790', '46003790', '46003790', '5d5de21c', '5d5de21c', '5d5de21c']"
blk_-6332684660792824810,"['bbb51b95', 'bbb51b95', '3d91fa85', 'bbb51b95', 'd38aa58d', '46003790', 'd38aa58d', '46003790', 'd38aa58d', '46003790', '5d5de21c', '5d5de21c', '5d5de21c']"
blk_6510761899762857482,"['3d91fa85', 'bbb51b95', 'bbb51b95', 'bbb51b95', '5d5de21c', '5d5de21c', '5d5de21c', 'd38aa58d', '46003790', 'd38aa58d', '46003790', 'd38aa58d', '46003790']"
blk_6299601060562277410,"['bbb51b95', 'bbb51b95', 'bbb51b95', '3d91fa85', 'd38aa58d', '46003790', 'd38aa58d', '46003790', 'd38aa58d', '46003790', '5d5de21c', '5d5de21c', '5d5de21c', '32777b38', '32777b38']"
blk_-6838019919518362845,"['bbb51b95', '3d91fa85', 'bbb51b95', 'bbb51b95', 'd38aa58d', '46003790', 'd38aa58d', '46003790', 'd38aa58d', '46003790', '5d5de21c', '5d5de21c', '5d5de21c', 'a333d363']"
blk_-458519228782014993,"['3d91fa85', 'bbb51b95', 'bbb51b95', 'bbb51b95', '5d5de21c', '5d5de21c', '5d5de21c', 'd38aa58d', '46003790', 'd38aa58d', '46003790', 'd38aa58d', '46003790', '32777b38']"
blk_7977698527417096830,"['bbb51b95', 'bbb51b95', 'bbb51b95', '3d91fa85', 'd38aa58d', '46003790', '5d5de21c', 'd38aa58d', '46003790', 'd38aa58d', '46003790', '5d5de21c', '5d5de21c']"
blk_8262147721855879288,"['bbb51b95', 'bbb51b95', '3d91fa85', 'bbb51b95', 'd38aa58d', '46003790', 'd38aa58d', '46003790', '5d5de21c', '5d5de21c', 'd38aa58d', '46003790', '5d5de21c']"
blk_99844426983941705,"['bbb51b95', 'bbb51b95', '3d91fa85', 'bbb51b95', 'd38aa58d', '46003790', 'd38aa58d', '46003790', 'd38aa58d', '46003790', '5d5de21c', '5d5de21c', '5d5de21c']"
blk_1498676582591730741,"['3d91fa85', 'bbb51b95', 'bbb51b95', 'bbb51b95', 'd38aa58d', '46003790', 'd38aa58d', '46003790', 'd38aa58d', '46003790', '5d5de21c', '5d5de21c', '5d5de21c', 'd63ef163', 'd63ef163', 'd63ef163', 'dba996ef', 'dba996ef', 'dba996ef']"
blk_-6213873729223213221,"['3d91fa85', 'bbb51b95', 'bbb51b95', 'bbb51b95', '5d5de21c', 'd38aa58d', '46003790', '5d5de21c', '5d5de21c', 'd38aa58d', '46003790', 'd38aa58d', '46003790', 'a333d363', '4dec0816', 'a333d363']"
blk_-5271546475009788207,"['bbb51b95', '3d91fa85', 'bbb51b95', 'bbb51b95', 'd38aa58d', '46003790', 'd38aa58d', '46003790', 'd38aa58d', '46003790', '5d5de21c', '5d5de21c', '5d5de21c']"
blk_-1362152561105025897,"['3d91fa85', 'bbb51b95', 'bbb51b95', 'bbb51b95', '5d5de21c', '5d5de21c', '5d5de21c', 'd38aa58d', '46003790', 'd38aa58d', '46003790', 'd38aa58d', '46003790']"
blk_-6649454058426325265,"['3d91fa85', 'bbb51b95', 'bbb51b95', 'bbb51b95', 'd38aa58d', '46003790', '5d5de21c', '5d5de21c', 'd38aa58d', '46003790', '5d5de21c', 'd38aa58d', '46003790']"
blk_-8034411937709671531,"['bbb51b95', '3d91fa85', 'bbb51b95', 'bbb51b95', 'd38aa58d', '46003790', '5d5de21c', 'd38aa58d', '46003790', 'd38aa58d', '46003790', '5d5de21c', '5d5de21c', '32777b38']"
blk_-971229343838364095,"['bbb51b95', 'bbb51b95', 'bbb51b95', '3d91fa85', '46003790', '5d5de21c', 'd38aa58d', '46003790', 'd38aa58d', 'd38aa58d', '46003790', '5d5de21c', '5d5de21c']"
blk_-4646749201964773469,"['3d91fa85', 'bbb51b95', 'bbb51b95', 'bbb51b95', '5d5de21c', '5d5de21c', 'd38aa58d', '46003790', 'd38aa58d', '46003790', 'd38aa58d', '46003790', '5d5de21c']"
blk_1206688170727111039,"['bbb51b95', '3d91fa85', 'bbb51b95', 'bbb51b95', 'd38aa58d', '46003790', 'd38aa58d', '46003790', 'd38aa58d', '46003790', '5d5de21c', '5d5de21c', '5d5de21c']"
blk_-6147654713300647541,"['3d91fa85', 'bbb51b95', 'bbb51b95', 'bbb51b95', '5d5de21c', '5d5de21c', '5d5de21c', 'd38aa58d', '46003790', 'd38aa58d', '46003790', 'd38aa58d', '46003790']"
blk_5242144242211399770,"['3d91fa85', 'bbb51b95', 'bbb51b95', 'bbb51b95', '5d5de21c', '5d5de21c', '5d5de21c', 'd38aa58d', '46003790', 'd38aa58d', '46003790', 'd38aa58d', '46003790', 'a333d363']"
blk_-9046080984520329216,"['bbb51b95', 'bbb51b95', '3d91fa85', 'bbb51b95', 'd38aa58d', '46003790', 'd38aa58d', '46003790', 'd38aa58d', '46003790', '5d5de21c', '5d5de21c', '5d5de21c']"
blk_-1916058035352472789,"['bbb51b95', 'bbb51b95', '3d91fa85', 'bbb51b95', 'd38aa58d', '46003790', 'd38aa58d', '46003790', 'd38aa58d', '46003790', '5d5de21c', '5d5de21c', '5d5de21c', '32777b38', '32777b38', '32777b38', 'a333d363', 'a333d363', 'a333d363', 'a333d363', 'a333d363', 'a333d363', 'a333d363', 'a333d363', 'a333d363', 'a333d363']"
blk_1182920735145240787,"['bbb51b95', '3d91fa85', 'bbb51b95', 'bbb51b95', 'd38aa58d', '46003790', 'd38aa58d', '46003790', 'd38aa58d', '46003790', '5d5de21c', '5d5de21c', '5d5de21c', 'a333d363', '4dec0816']"
blk_-5291597929337636678,"['bbb51b95', 'bbb51b95', '3d91fa85', 'bbb51b95', 'd38aa58d', '46003790', 'd38aa58d', '46003790', '46003790', '5d5de21c', 'd38aa58d', '5d5de21c', '5d5de21c', 'a333d363']"
blk_-9079070048223565429,"['bbb51b95', 'bbb51b95', 'bbb51b95', '3d91fa85', 'd38aa58d', '46003790', 'd38aa58d', '46003790', 'd38aa58d', '46003790', '5d5de21c', '5d5de21c', '5d5de21c']"
blk_7562532591351574457,"['3d91fa85', 'bbb51b95', 'bbb51b95', 'bbb51b95', '5d5de21c', 'd38aa58d', '46003790', 'd38aa58d', '46003790', '5d5de21c', '5d5de21c', 'd38aa58d', '46003790']"
blk_6265852810624326564,"['bbb51b95', '3d91fa85', 'bbb51b95', 'bbb51b95', 'd38aa58d', '46003790', 'd38aa58d', '46003790', '5d5de21c', '5d5de21c', 'd38aa58d', '46003790', '5d5de21c', 'd63ef163', 'd63ef163', 'd63ef163', 'dba996ef', 'dba996ef', 'dba996ef']"
blk_-6729464019663702471,"['3d91fa85', 'bbb51b95', 'bbb51b95', 'bbb51b95', '5d5de21c', '5d5de21c', '5d5de21c', 'd38aa58d', '46003790', 'd38aa58d', '46003790', 'd38aa58d', '46003790']"
blk_2259736787821038873,"['bbb51b95', 'bbb51b95', '3d91fa85', 'bbb51b95', 'd38aa58d', '46003790', 'd38aa58d', '46003790', '5d5de21c', '5d5de21c', 'd38aa58d', '46003790', '5d5de21c', '32777b38']"
blk_4539398883476465430,"['bbb51b95', 'bbb51b95', '3d91fa85', 'bbb51b95', 'd38aa58d', '46003790', 'd38aa58d', '46003790', 'd38aa58d', '46003790', '5d5de21c', '5d5de21c', '5d5de21c']"
blk_1159066649766882910,"['bbb51b95', '3d91fa85', 'bbb51b95', 'bbb51b95', 'd38aa58d', '46003790', '5d5de21c', 'd38aa58d', '46003790', 'd38aa58d', '46003790', '5d5de21c', '5d5de21c']"
blk_-9221427002516998032,"['bbb51b95', '3d91fa85', 'bbb51b95', 'bbb51b95', 'd38aa58d', '46003790', 'd38aa58d', '46003790', 'd38aa58d', '46003790', '5d5de21c', '5d5de21c', '5d5de21c', 'a333d363']"
blk_6997285586651549417,"['bbb51b95', '3d91fa85', 'bbb51b95', 'bbb51b95', 'd38aa58d', '46003790', 'd38aa58d', '46003790', 'd38aa58d', '46003790', '5d5de21c', '5d5de21c', '5d5de21c', 'a333d363', '4dec0816']"
blk_7220724529597256085,"['3d91fa85', 'bbb51b95', 'bbb51b95', 'bbb51b95', 'd38aa58d', '46003790', '5d5de21c', 'd38aa58d', '46003790', 'd38aa58d', '46003790', '5d5de21c', '5d5de21c', 'd63ef163', 'd63ef163', 'd63ef163', 'dba996ef', 'dba996ef', 'dba996ef']"
blk_3157347043104590404,"['bbb51b95', '3d91fa85', 'bbb51b95', 'bbb51b95', 'd38aa58d', '46003790', 'd38aa58d', '46003790', '5d5de21c', '5d5de21c', 'd38aa58d', '46003790', '5d5de21c', 'd63ef163', 'd63ef163', 'd63ef163', 'dba996ef', 'dba996ef', 'dba996ef']"
blk_4850272478444387686,"['bbb51b95', 'bbb51b95', 'bbb51b95', '3d91fa85', 'd38aa58d', '46003790', 'd38aa58d', '46003790', 'd38aa58d', '46003790', '5d5de21c', '5d5de21c', '5d5de21c']"
blk_4676867920898758978,"['3d91fa85', 'bbb51b95', 'bbb51b95', 'bbb51b95', '5d5de21c', '5d5de21c', '5d5de21c', 'd38aa58d', '46003790', 'd38aa58d', '46003790', 'd38aa58d', '46003790', '32777b38', '32777b38', '4dec0816']"
blk_-5291148346659373718,"['bbb51b95', 'bbb51b95', 'bbb51b95', '3d91fa85', 'd38aa58d', '46003790', 'd38aa58d', '46003790', 'd38aa58d', '46003790', '5d5de21c', '5d5de21c', '5d5de21c']"
blk_-2551027839944663753,"['bbb51b95', 'bbb51b95', '3d91fa85', 'bbb51b95', 'd38aa58d', '46003790', 'd38aa58d', '46003790', 'd38aa58d', '46003790', '5d5de21c', '5d5de21c', '5d5de21c']"
blk_8924141776615489191,"['bbb51b95', '3d91fa85', 'bbb51b95', 'bbb51b95', 'd38aa58d', '46003790', 'd38aa58d', 'd38aa58d', '46003790', '46003790', '5d5de21c', '5d5de21c', '5d5de21c']"
blk_-7029565485168679652,"['bbb51b95', '3d91fa85', 'bbb51b95', 'bbb51b95', 'd38aa58d', '46003790', 'd38aa58d', '46003790', 'd38aa58d', '46003790', '5d5de21c', '5d5de21c', '5d5de21c']"
blk_1389388510543546869,"['bbb51b95', 'bbb51b95', '3d91fa85', 'bbb51b95', '5d5de21c', '5d5de21c', 'd38aa58d', '46003790', 'd38aa58d', '46003790', 'd38aa58d', '46003790', '5d5de21c']"
blk_-3574696171433642120,"['3d91fa85', 'bbb51b95', 'bbb51b95', 'bbb51b95', '5d5de21c', 'd38aa58d', '46003790', '46003790', 'd38aa58d', '46003790', '5d5de21c', '5d5de21c', 'd38aa58d']"
blk_-6361404329838684880,"['bbb51b95', 'bbb51b95', '3d91fa85', 'bbb51b95', 'd38aa58d', '46003790', 'd38aa58d', '46003790', 'd38aa58d', '46003790', '5d5de21c', '5d5de21c', '5d5de21c']"
blk_698714653531093734,"['bbb51b95', 'bbb51b95', 'bbb51b95', '3d91fa85', 'd38aa58d', '46003790', 'd38aa58d', '46003790', 'd38aa58d', '46003790', '5d5de21c', '5d5de21c', '5d5de21c', '4dec0816']"
blk_-8794319349427025391,"['bbb51b95', 'bbb51b95', 'bbb51b95', '3d91fa85', 'd38aa58d', '46003790', 'd38aa58d', '46003790', 'd38aa58d', '46003790', '5d5de21c', '5d5de21c', '5d5de21c']"
blk_-4544181555775959942,"['3d91fa85', 'bbb51b95', 'bbb51b95', 'bbb51b95', '5d5de21c', '5d5de21c', '5d5de21c', 'd38aa58d', '46003790', 'd38aa58d', '46003790', 'd38aa58d', '46003790']"
blk_439711161289476820,"['3d91fa85', 'bbb51b95', 'bbb51b95', 'bbb51b95', '5d5de21c', '5d5de21c', '5d5de21c', 'd38aa58d', '46003790', 'd38aa58d', '46003790', 'd38aa58d', '46003790', 'a333d363']"
blk_1177403829917568569,"['bbb51b95', 'bbb51b95', 'bbb51b95', '3d91fa85', 'd38aa58d', '46003790', 'd38aa58d', '46003790', 'd38aa58d', '46003790', '5d5de21c', '5d5de21c', '5d5de21c']"
blk_-4974385501486779585,"['3d91fa85', 'bbb51b95', 'bbb51b95', 'bbb51b95', '5d5de21c', '5d5de21c', '5d5de21c', 'd38aa58d', '46003790', 'd38aa58d', '46003790', 'd38aa58d', '46003790']"
blk_2469689119699068840,"['bbb51b95', '3d91fa85', 'bbb51b95', 'bbb51b95', '46003790', '5d5de21c', 'd38aa58d', 'd38aa58d', '46003790', 'd38aa58d', '46003790', '5d5de21c', '5d5de21c', '32777b38']"
blk_4912701224958239164,"['bbb51b95', '3d91fa85', 'bbb51b95', 'bbb51b95', 'd38aa58d', '46003790', '5d5de21c', '5d5de21c', 'd38aa58d', '46003790', 'd38aa58d', '46003790', '5d5de21c', '32777b38', '32777b38', 'a333d363', 'a333d363', '4dec0816']"
blk_1878863002280360502,"['bbb51b95', 'bbb51b95', '3d91fa85', 'bbb51b95', 'd38aa58d', '46003790', 'd38aa58d', '46003790', 'd38aa58d', '46003790', '5d5de21c', '5d5de21c', '5d5de21c']"
blk_-3135709401659567626,"['3d91fa85', 'bbb51b95', 'bbb51b95', 'bbb51b95', '5d5de21c', '5d5de21c', '5d5de21c', 'd38aa58d', '46003790', 'd38aa58d', '46003790', 'd38aa58d', '46003790', 'a333d363']"
blk_4995618491429666605,"['3d91fa85', 'bbb51b95', 'bbb51b95', 'bbb51b95', '5d5de21c', '5d5de21c', '5d5de21c', 'd38aa58d', '46003790', 'd38aa58d', '46003790', 'd38aa58d', '46003790', '4dec0816']"
blk_2912732363095595893,"['bbb51b95', '3d91fa85', 'bbb51b95', 'bbb51b95', 'd38aa58d', '46003790', 'd38aa58d', '46003790', 'd38aa58d', '46003790', '5d5de21c', '5d5de21c', '5d5de21c', '32777b38', '32777b38', '32777b38', 'a333d363']"
blk_-5654706286939480585,"['3d91fa85', 'bbb51b95', 'bbb51b95', 'bbb51b95', '5d5de21c', '5d5de21c', 'd38aa58d', '46003790', 'd38aa58d', '46003790', '5d5de21c', 'd38aa58d', '46003790']"
blk_-3363760693389666193,"['bbb51b95', '3d91fa85', 'bbb51b95', 'bbb51b95', 'd38aa58d', '46003790', 'd38aa58d', '46003790', 'd38aa58d', '46003790', '5d5de21c', '5d5de21c', '5d5de21c']"
blk_54173788101069706,"['bbb51b95', '3d91fa85', 'bbb51b95', 'bbb51b95', 'd38aa58d', '46003790', 'd38aa58d', '46003790', '5d5de21c', '5d5de21c', 'd38aa58d', '46003790', '5d5de21c']"
blk_-3082283035951018578,"['3d91fa85', 'bbb51b95', 'bbb51b95', 'bbb51b95', '5d5de21c', 'd38aa58d', '46003790', 'd38aa58d', '46003790', '5d5de21c', '5d5de21c', 'd38aa58d', '46003790']"
blk_-6434954603363772818,"['3d91fa85', 'bbb51b95', 'bbb51b95', 'bbb51b95', '5d5de21c', '5d5de21c', 'd38aa58d', '46003790', 'd38aa58d', '46003790', '5d5de21c', 'd38aa58d', '46003790']"
blk_884795992092976926,"['bbb51b95', '3d91fa85', 'bbb51b95', 'bbb51b95', 'd38aa58d', '46003790', 'd38aa58d', '46003790', 'd38aa58d', '46003790', '5d5de21c', '5d5de21c', '5d5de21c']"
blk_1333821273853439042,"['bbb51b95', 'bbb51b95', 'bbb51b95', '3d91fa85', '46003790', '5d5de21c', 'd38aa58d', 'd38aa58d', '46003790', 'd38aa58d', '46003790', '5d5de21c', '5d5de21c']"
blk_-8384631880141929515,"['bbb51b95', 'bbb51b95', '3d91fa85', 'bbb51b95', 'd38aa58d', '46003790', 'd38aa58d', '46003790', 'd38aa58d', '46003790', '5d5de21c', '5d5de21c', '5d5de21c', '4dec0816']"
blk_1933985274398354967,"['bbb51b95', '3d91fa85', 'bbb51b95', 'bbb51b95', 'd38aa58d', '46003790', 'd38aa58d', '46003790', 'd38aa58d', '46003790', '5d5de21c', '5d5de21c', '5d5de21c']"
blk_5071904310863341018,"['3d91fa85', 'bbb51b95', 'bbb51b95', 'bbb51b95', '5d5de21c', '5d5de21c', '5d5de21c', 'd38aa58d', '46003790', 'd38aa58d', '46003790', 'd38aa58d', '46003790']"
blk_3357919352308720568,"['bbb51b95', '3d91fa85', 'bbb51b95', 'bbb51b95', 'd38aa58d', '46003790', 'd38aa58d', '46003790', 'd38aa58d', '46003790', '5d5de21c', '5d5de21c', '5d5de21c']"
blk_-2983481749155087856,"['bbb51b95', '3d91fa85', 'bbb51b95', 'bbb51b95', 'd38aa58d', '46003790', 'd38aa58d', '46003790', 'd38aa58d', '46003790', '5d5de21c', '5d5de21c', '5d5de21c', '32777b38', '32777b38', '32777b38', 'a333d363', 'a333d363', 'a333d363', 'a333d363', 'a333d363', 'a333d363', 'a333d363', 'a333d363', 'a333d363', 'a333d363', '4dec0816', 'a333d363', 'a333d363', 'a333d363', 'a333d363', 'a333d363']"
blk_1736638535216345596,"['bbb51b95', 'bbb51b95', 'bbb51b95', '3d91fa85', 'd38aa58d', '46003790', 'd38aa58d', '46003790', 'd38aa58d', '46003790', '5d5de21c', '5d5de21c', '5d5de21c']"
blk_1902012328798916088,"['bbb51b95', '3d91fa85', 'bbb51b95', 'bbb51b95', 'd38aa58d', '46003790', 'd38aa58d', '46003790', '5d5de21c', '5d5de21c', 'd38aa58d', '46003790', '5d5de21c']"
blk_-6231707776135892065,"['3d91fa85', 'bbb51b95', 'bbb51b95', 'bbb51b95', '46003790', '5d5de21c', '5d5de21c', '5d5de21c', 'd38aa58d', '46003790', 'd38aa58d', '46003790', 'd38aa58d', 'a333d363', 'a333d363', '4dec0816']"
blk_-8781374373653572171,"['bbb51b95', 'bbb51b95', 'bbb51b95', '3d91fa85', 'd38aa58d', '46003790', 'd38aa58d', '46003790', 'd38aa58d', '46003790', '5d5de21c', '5d5de21c', '5d5de21c']"
blk_1652947310937781316,"['bbb51b95', '3d91fa85', 'bbb51b95', 'bbb51b95', 'd38aa58d', '46003790', 'd38aa58d', '46003790', 'd38aa58d', '46003790', '5d5de21c', '5d5de21c', '5d5de21c', 'a333d363', '4dec0816']"
blk_1400825992791868039,"['bbb51b95', '3d91fa85', 'bbb51b95', 'bbb51b95', 'd38aa58d', '46003790', 'd38aa58d', '46003790', '5d5de21c', '5d5de21c', 'd38aa58d', '46003790', '5d5de21c']"
blk_8565157409636468075,"['3d91fa85', 'bbb51b95', 'bbb51b95', 'bbb51b95', '5d5de21c', '5d5de21c', '5d5de21c', 'd38aa58d', '46003790', 'd38aa58d', '46003790', 'd38aa58d', '46003790']"
blk_-7117820570693268712,"['bbb51b95', 'bbb51b95', 'bbb51b95', '3d91fa85', 'd38aa58d', '46003790', 'd38aa58d', '46003790', 'd38aa58d', '46003790', '5d5de21c', '5d5de21c', '5d5de21c']"
blk_-457546720481673768,"['3d91fa85', 'bbb51b95', 'bbb51b95', 'bbb51b95', '5d5de21c', '5d5de21c', '5d5de21c', 'd38aa58d', '46003790', 'd38aa58d', '46003790', 'd38aa58d', '46003790']"
blk_-372159079592360858,"['bbb51b95', 'bbb51b95', '3d91fa85', 'bbb51b95', 'd38aa58d', '46003790', 'd38aa58d', '46003790', '5d5de21c', 'd38aa58d', '46003790', '5d5de21c', '5d5de21c']"
blk_7258604104043333799,"['3d91fa85', 'bbb51b95', 'bbb51b95', 'bbb51b95', 'd38aa58d', '46003790', 'd38aa58d', '46003790', 'd38aa58d', '46003790', '5d5de21c', '5d5de21c', '5d5de21c', 'd63ef163', 'd63ef163', 'd63ef163', 'dba996ef', 'dba996ef', 'dba996ef']"
blk_489169157920072718,"['3d91fa85', 'bbb51b95', 'bbb51b95', 'bbb51b95', '5d5de21c', '5d5de21c', 'd38aa58d', '46003790', 'd38aa58d', '46003790', 'd38aa58d', '46003790', '5d5de21c', 'a333d363', '4dec0816', 'a333d363']"
blk_1445658732061331250,"['3d91fa85', 'bbb51b95', 'bbb51b95', 'bbb51b95', '5d5de21c', '5d5de21c', '5d5de21c', 'd38aa58d', '46003790', 'd38aa58d', '46003790', 'd38aa58d', '46003790', 'a333d363', 'a333d363', '4dec0816']"
blk_-1823600077888353198,"['3d91fa85', 'bbb51b95', 'bbb51b95', 'bbb51b95', 'd38aa58d', '46003790', '5d5de21c', 'd38aa58d', '46003790', 'd38aa58d', '46003790', '5d5de21c', '5d5de21c']"
blk_8052538446411114184,"['3d91fa85', 'bbb51b95', 'bbb51b95', 'bbb51b95', '5d5de21c', '5d5de21c', '5d5de21c', 'd38aa58d', '46003790', 'd38aa58d', '46003790', 'd38aa58d', '46003790']"
blk_-7267604718294890187,"['3d91fa85', 'bbb51b95', 'bbb51b95', 'bbb51b95', '5d5de21c', '5d5de21c', '5d5de21c', 'd38aa58d', '46003790', 'd38aa58d', '46003790', 'd38aa58d', '46003790']"
blk_6819273521357702330,"['bbb51b95', '3d91fa85', 'bbb51b95', 'bbb51b95', 'd38aa58d', '46003790', 'd38aa58d', '46003790', 'd38aa58d', '46003790', '5d5de21c', '5d5de21c', '5d5de21c']"
blk_-482464121753269616,"['3d91fa85', 'bbb51b95', 'bbb51b95', 'bbb51b95', '5d5de21c', '5d5de21c', '5d5de21c', 'd38aa58d', '46003790', 'd38aa58d', 'd38aa58d', '46003790', '46003790']"
blk_-7579522974556990286,"['bbb51b95', 'bbb51b95', '3d91fa85', 'bbb51b95', 'd38aa58d', '46003790', 'd38aa58d', '46003790', 'd38aa58d', '46003790', '5d5de21c', '5d5de21c', '5d5de21c', '4dec0816']"
blk_5520923312569785453,"['bbb51b95', 'bbb51b95', 'bbb51b95', '3d91fa85', 'd38aa58d', '46003790', 'd38aa58d', '46003790', 'd38aa58d', '46003790', '5d5de21c', '5d5de21c', '5d5de21c']"
blk_1071416747092900886,"['bbb51b95', 'bbb51b95', '3d91fa85', 'bbb51b95', 'd38aa58d', '46003790', 'd38aa58d', '46003790', '5d5de21c', '5d5de21c', 'd38aa58d', '46003790', '5d5de21c']"
blk_808913473644342835,"['3d91fa85', 'bbb51b95', 'bbb51b95', 'bbb51b95', '5d5de21c', '5d5de21c', '5d5de21c', 'd38aa58d', '46003790', 'd38aa58d', '46003790', 'd38aa58d', '46003790', '32777b38', '32777b38']"
blk_157140825543354850,"['bbb51b95', 'bbb51b95', '3d91fa85', 'bbb51b95', 'd38aa58d', '46003790', '5d5de21c', 'd38aa58d', '46003790', 'd38aa58d', '46003790', '5d5de21c', '5d5de21c']"
blk_8501383296774207076,"['bbb51b95', 'bbb51b95', '3d91fa85', 'bbb51b95', 'd38aa58d', '46003790', 'd38aa58d', '46003790', '5d5de21c', 'd38aa58d', '46003790', '5d5de21c', '5d5de21c']"
blk_4542865482675472099,"['bbb51b95', 'bbb51b95', 'bbb51b95', '3d91fa85', 'd38aa58d', '46003790', 'd38aa58d', '46003790', 'd38aa58d', '46003790', '5d5de21c', '5d5de21c', '5d5de21c', 'a333d363']"
blk_-2539725043544273439,"['bbb51b95', '3d91fa85', 'bbb51b95', 'bbb51b95', 'd38aa58d', '46003790', 'd38aa58d', '46003790', 'd38aa58d', '46003790', '5d5de21c', '5d5de21c', '5d5de21c']"
blk_1996031061530730181,"['bbb51b95', '3d91fa85', 'bbb51b95', 'bbb51b95', 'd38aa58d', '46003790', 'd38aa58d', '46003790', 'd38aa58d', '46003790', '5d5de21c', '5d5de21c', '5d5de21c']"
blk_-3938063505364989723,"['3d91fa85', 'bbb51b95', 'bbb51b95', 'bbb51b95', '5d5de21c', '5d5de21c', 'd38aa58d', '46003790', '5d5de21c', 'd38aa58d', '46003790', 'd38aa58d', '46003790', 'a333d363', 'a333d363', '4dec0816']"
blk_6887084966590348466,"['bbb51b95', 'bbb51b95', 'bbb51b95', '3d91fa85', 'd38aa58d', '46003790', 'd38aa58d', '46003790', 'd38aa58d', '46003790', '5d5de21c', '5d5de21c', '5d5de21c']"
blk_-5792649610415332012,"['3d91fa85', 'bbb51b95', 'bbb51b95', 'bbb51b95', 'd38aa58d', '46003790', 'd38aa58d', '46003790', 'd38aa58d', '46003790', '5d5de21c', '5d5de21c', '5d5de21c']"
blk_-2498550565162355724,"['3d91fa85', 'bbb51b95', 'bbb51b95', 'bbb51b95', '5d5de21c', '5d5de21c', 'd38aa58d', '46003790', 'd38aa58d', '46003790', 'd38aa58d', '46003790', '5d5de21c']"
blk_-1383961564027144201,"['bbb51b95', 'bbb51b95', 'bbb51b95', '3d91fa85', 'd38aa58d', '46003790', 'd38aa58d', '46003790', '5d5de21c', '5d5de21c', 'd38aa58d', '46003790', '5d5de21c']"
blk_4456320396391470401,"['bbb51b95', '3d91fa85', 'bbb51b95', 'bbb51b95', 'd38aa58d', '46003790', 'd38aa58d', '46003790', 'd38aa58d', '46003790', '5d5de21c', '5d5de21c', '5d5de21c']"
blk_-2014502455838362686,"['bbb51b95', '3d91fa85', 'bbb51b95', 'bbb51b95', 'd38aa58d', '46003790', 'd38aa58d', '46003790', 'd38aa58d', '46003790', '5d5de21c', '5d5de21c', '5d5de21c']"
blk_8748289243409165057,"['bbb51b95', '3d91fa85', 'bbb51b95', 'bbb51b95', 'd38aa58d', '46003790', 'd38aa58d', '46003790', 'd38aa58d', '46003790', '5d5de21c', '5d5de21c', '5d5de21c']"
blk_-3006534890902789271,"['bbb51b95', 'bbb51b95', 'bbb51b95', '3d91fa85', 'd38aa58d', '46003790', 'd38aa58d', '46003790', 'd38aa58d', '46003790', '5d5de21c', '5d5de21c', '5d5de21c']"
blk_830837187219329243,"['bbb51b95', 'bbb51b95', '3d91fa85', 'bbb51b95', 'd38aa58d', '46003790', 'd38aa58d', '46003790', 'd38aa58d', '46003790', '5d5de21c', '5d5de21c', '5d5de21c', 'd63ef163', 'd63ef163', 'd63ef163', 'dba996ef', 'dba996ef', 'dba996ef']"
blk_6816482356332864596,"['bbb51b95', 'bbb51b95', 'bbb51b95', '3d91fa85', 'd38aa58d', '46003790', '5d5de21c', 'd38aa58d', '46003790', 'd38aa58d', '46003790', '5d5de21c', '5d5de21c']"
blk_892845631963879272,"['bbb51b95', '3d91fa85', 'bbb51b95', 'bbb51b95', 'd38aa58d', '46003790', 'd38aa58d', '46003790', 'd38aa58d', '46003790', '5d5de21c', '5d5de21c', '5d5de21c']"
blk_-8577190675839922684,"['bbb51b95', 'bbb51b95', 'bbb51b95', '3d91fa85', '5d5de21c', 'd38aa58d', '46003790', 'd38aa58d', '46003790', 'd38aa58d', '46003790', '5d5de21c', '5d5de21c', '32777b38']"
blk_1338455096402330789,"['3d91fa85', 'bbb51b95', 'bbb51b95', 'bbb51b95', '5d5de21c', '5d5de21c', 'd38aa58d', '46003790', '46003790', 'd38aa58d', '46003790', '5d5de21c', 'd38aa58d']"
blk_-65606802992611431,"['bbb51b95', 'bbb51b95', 'bbb51b95', '3d91fa85', 'd38aa58d', '46003790', 'd38aa58d', '46003790', '5d5de21c', '5d5de21c', 'd38aa58d', '46003790', '5d5de21c', '32777b38', '32777b38', '32777b38', 'a333d363', 'a333d363', '4dec0816']"
blk_7220834129836728109,"['bbb51b95', 'bbb51b95', '3d91fa85', 'bbb51b95', 'd38aa58d', '46003790', 'd38aa58d', '46003790', 'd38aa58d', '46003790', '5d5de21c', '5d5de21c', '5d5de21c']"
blk_3473415328990796760,"['bbb51b95', 'bbb51b95', 'bbb51b95', '3d91fa85', 'd38aa58d', '46003790', 'd38aa58d', '46003790', 'd38aa58d', '46003790', '5d5de21c', '5d5de21c', '5d5de21c']"
blk_-1541170030404358988,"['3d91fa85', 'bbb51b95', 'bbb51b95', 'bbb51b95', '5d5de21c', '5d5de21c', '5d5de21c', 'd38aa58d', '46003790', 'd38aa58d', '46003790', 'd38aa58d', '46003790', '32777b38']"
blk_3311148882436241762,"['bbb51b95', '3d91fa85', 'bbb51b95', 'bbb51b95', 'd38aa58d', '46003790', 'd38aa58d', '46003790', 'd38aa58d', '46003790', '5d5de21c', '5d5de21c', '5d5de21c']"
blk_-1467747514959011946,"['bbb51b95', 'bbb51b95', 'bbb51b95', '3d91fa85', 'd38aa58d', '46003790', 'd38aa58d', '46003790', 'd38aa58d', '46003790', '5d5de21c', '5d5de21c', '5d5de21c']"
blk_-4606074977975170541,"['bbb51b95', 'bbb51b95', '3d91fa85', 'bbb51b95', 'd38aa58d', '46003790', 'd38aa58d', '46003790', '5d5de21c', '5d5de21c', 'd38aa58d', '46003790', '5d5de21c', 'd63ef163', 'd63ef163', 'd63ef163', 'dba996ef', 'dba996ef', 'dba996ef']"
blk_4963858790233267569,"['bbb51b95', 'bbb51b95', 'bbb51b95', '3d91fa85', 'd38aa58d', '46003790', 'd38aa58d', '46003790', 'd38aa58d', '46003790', '5d5de21c', '5d5de21c', '5d5de21c']"
blk_5820750944318268349,"['3d91fa85', 'bbb51b95', 'bbb51b95', 'bbb51b95', '5d5de21c', 'd38aa58d', '46003790', 'd38aa58d', '46003790', '5d5de21c', '5d5de21c', 'd38aa58d', '46003790']"
blk_4158322197837997788,"['bbb51b95', 'bbb51b95', 'bbb51b95', '3d91fa85', 'd38aa58d', '46003790', 'd38aa58d', '46003790', 'd38aa58d', '46003790', '5d5de21c', '5d5de21c', '5d5de21c']"
blk_-4908135057482873061,"['3d91fa85', 'bbb51b95', 'bbb51b95', 'bbb51b95', '5d5de21c', '5d5de21c', '5d5de21c', 'd38aa58d', '46003790', 'd38aa58d', '46003790', 'd38aa58d', '46003790']"
blk_783009179559529617,"['bbb51b95', 'bbb51b95', '3d91fa85', 'bbb51b95', 'd38aa58d', '46003790', 'd38aa58d', '46003790', 'd38aa58d', '46003790', '5d5de21c', '5d5de21c', '5d5de21c']"
blk_8680973736961957088,"['3d91fa85', 'bbb51b95', 'bbb51b95', 'bbb51b95', '5d5de21c', '5d5de21c', '5d5de21c', 'd38aa58d', '46003790', 'd38aa58d', '46003790', 'd38aa58d', '46003790']"
blk_-1984522839075557715,"['3d91fa85', 'bbb51b95', 'bbb51b95', 'bbb51b95', '5d5de21c', '5d5de21c', '46003790', 'd38aa58d', '46003790', '5d5de21c', 'd38aa58d', '46003790', 'd38aa58d', 'a333d363']"
blk_6001341990117116029,"['bbb51b95', 'bbb51b95', '3d91fa85', 'bbb51b95', 'd38aa58d', '46003790', 'd38aa58d', '46003790', 'd38aa58d', '46003790', '5d5de21c', '5d5de21c', '5d5de21c']"
blk_8736003013825514414,"['3d91fa85', 'bbb51b95', 'bbb51b95', 'bbb51b95', '5d5de21c', '5d5de21c', '5d5de21c', 'd38aa58d', '46003790', 'd38aa58d', '46003790', 'd38aa58d', '46003790', 'a333d363', '4dec0816', 'a333d363']"
blk_-4309280423174037990,"['bbb51b95', 'bbb51b95', '3d91fa85', 'bbb51b95', 'd38aa58d', '46003790', '5d5de21c', 'd38aa58d', '46003790', 'd38aa58d', '46003790', '5d5de21c', '5d5de21c', '32777b38', '32777b38', '32777b38', 'a333d363', 'a333d363', 'a333d363', 'a333d363', 'a333d363', 'a333d363', 'a333d363', 'a333d363', 'a333d363', '4dec0816', 'a333d363', 'a333d363', 'a333d363', 'a333d363', 'a333d363', 'a333d363']"
blk_-6992670252147969462,"['3d91fa85', 'bbb51b95', 'bbb51b95', 'bbb51b95', '5d5de21c', 'd38aa58d', '46003790', '5d5de21c', '5d5de21c', 'd38aa58d', '46003790', 'd38aa58d', '46003790']"
blk_3378864165733590794,"['3d91fa85', 'bbb51b95', 'bbb51b95', 'bbb51b95', 'd38aa58d', '46003790', 'd38aa58d', '46003790', 'd38aa58d', '46003790', '5d5de21c', '5d5de21c', '5d5de21c']"
blk_1743295754261971770,"['bbb51b95', 'bbb51b95', '3d91fa85', 'bbb51b95', 'd38aa58d', '46003790', 'd38aa58d', '46003790', 'd38aa58d', '46003790', '5d5de21c', '5d5de21c', '5d5de21c']"
blk_-3191829932853822162,"['bbb51b95', 'bbb51b95', 'bbb51b95', '3d91fa85', 'd38aa58d', '46003790', '46003790', '5d5de21c', '5d5de21c', 'd38aa58d', 'd38aa58d', '46003790', '5d5de21c']"
blk_7487583713815829893,"['3d91fa85', 'bbb51b95', 'bbb51b95', 'bbb51b95', '5d5de21c', '5d5de21c', '5d5de21c', 'd38aa58d', '46003790', 'd38aa58d', '46003790', 'd38aa58d', '46003790', '32777b38']"
blk_-3901171193985872487,"['bbb51b95', '3d91fa85', 'bbb51b95', 'bbb51b95', 'd38aa58d', '46003790', 'd38aa58d', '46003790', 'd38aa58d', '46003790', '5d5de21c', '5d5de21c', '5d5de21c', '32777b38', '32777b38', '32777b38', 'a333d363']"
blk_6125075066708818832,"['bbb51b95', 'bbb51b95', 'bbb51b95', '3d91fa85', 'd38aa58d', '46003790', 'd38aa58d', '46003790', 'd38aa58d', '46003790', '5d5de21c', '5d5de21c', '5d5de21c']"
blk_501609200163724350,"['bbb51b95', 'bbb51b95', 'bbb51b95', '3d91fa85', 'd38aa58d', '46003790', 'd38aa58d', '46003790', '5d5de21c', '5d5de21c', 'd38aa58d', '46003790', '5d5de21c']"
blk_-7620148613388312181,"['3d91fa85', 'bbb51b95', 'bbb51b95', 'bbb51b95', '5d5de21c', '5d5de21c', '5d5de21c', 'd38aa58d', '46003790', 'd38aa58d', '46003790', 'd38aa58d', '46003790', 'a333d363', '4dec0816']"
blk_5528813554348630451,"['bbb51b95', 'bbb51b95', 'bbb51b95', '3d91fa85', '46003790', 'd38aa58d', '46003790', 'd38aa58d', 'd38aa58d', '46003790', '5d5de21c', '5d5de21c', '5d5de21c']"
blk_-4895774520130582740,"['3d91fa85', 'bbb51b95', 'bbb51b95', 'bbb51b95', '5d5de21c', '5d5de21c', 'd38aa58d', '46003790', 'd38aa58d', '46003790', '5d5de21c', 'd38aa58d', '46003790']"
blk_-7977670027842438889,"['bbb51b95', 'bbb51b95', '3d91fa85', 'bbb51b95', 'd38aa58d', '46003790', 'd38aa58d', '46003790', 'd38aa58d', '46003790', '5d5de21c', '5d5de21c', '5d5de21c']"
blk_-4419890609008597867,"['3d91fa85', 'bbb51b95', 'bbb51b95', 'bbb51b95', '46003790', 'd38aa58d', '46003790', 'd38aa58d', '5d5de21c', '5d5de21c', 'd38aa58d', '46003790', '5d5de21c']"
blk_7669025898329642377,"['bbb51b95', 'bbb51b95', '3d91fa85', 'bbb51b95', 'd38aa58d', '46003790', 'd38aa58d', '46003790', '5d5de21c', '5d5de21c', '5d5de21c', 'd38aa58d', '46003790']"
blk_6561892874663562951,"['3d91fa85', 'bbb51b95', 'bbb51b95', 'bbb51b95', '5d5de21c', '5d5de21c', '5d5de21c', 'd38aa58d', '46003790', 'd38aa58d', '46003790', 'd38aa58d', '46003790', '32777b38', '32777b38', 'a333d363']"
